This is pdfTeX, Version 3.141592653-2.6-1.40.26 (TeX Live 2024) (preloaded format=pdflatex 2024.12.3)  18 DEC 2024 14:17
entering extended mode
 \write18 enabled.
 file:line:error style messages enabled.
 %&-line parsing enabled.
**"/Users/ashoksaravanan/Coding/ScribeLec/server/output/CS 243/lectures/15L2-SA
T/notes.tex"

(/Users/ashoksaravanan/Coding/ScribeLec/server/output/CS 243/lectures/15L2-SAT/
notes.tex
LaTeX2e <2023-11-01> patch level 1
L3 programming layer <2024-02-20>
(/usr/local/texlive/2024/texmf-dist/tex/latex/base/article.cls
Document Class: article 2023/05/17 v1.4n Standard LaTeX document class
(/usr/local/texlive/2024/texmf-dist/tex/latex/base/size10.clo
File: size10.clo 2023/05/17 v1.4n Standard LaTeX file (size option)
)
\c@part=\count188
\c@section=\count189
\c@subsection=\count190
\c@subsubsection=\count191
\c@paragraph=\count192
\c@subparagraph=\count193
\c@figure=\count194
\c@table=\count195
\abovecaptionskip=\skip48
\belowcaptionskip=\skip49
\bibindent=\dimen140
)
(/usr/local/texlive/2024/texmf-dist/tex/latex/base/fontenc.sty
Package: fontenc 2021/04/29 v2.0v Standard LaTeX package
)
(/usr/local/texlive/2024/texmf-dist/tex/latex/base/inputenc.sty
Package: inputenc 2021/02/14 v1.3d Input encoding file
\inpenc@prehook=\toks17
\inpenc@posthook=\toks18
)
(/usr/local/texlive/2024/texmf-dist/tex/latex/lm/lmodern.sty
Package: lmodern 2015/05/01 v1.6.1 Latin Modern Fonts
LaTeX Font Info:    Overwriting symbol font `operators' in version `normal'
(Font)                  OT1/cmr/m/n --> OT1/lmr/m/n on input line 22.
LaTeX Font Info:    Overwriting symbol font `letters' in version `normal'
(Font)                  OML/cmm/m/it --> OML/lmm/m/it on input line 23.
LaTeX Font Info:    Overwriting symbol font `symbols' in version `normal'
(Font)                  OMS/cmsy/m/n --> OMS/lmsy/m/n on input line 24.
LaTeX Font Info:    Overwriting symbol font `largesymbols' in version `normal'
(Font)                  OMX/cmex/m/n --> OMX/lmex/m/n on input line 25.
LaTeX Font Info:    Overwriting symbol font `operators' in version `bold'
(Font)                  OT1/cmr/bx/n --> OT1/lmr/bx/n on input line 26.
LaTeX Font Info:    Overwriting symbol font `letters' in version `bold'
(Font)                  OML/cmm/b/it --> OML/lmm/b/it on input line 27.
LaTeX Font Info:    Overwriting symbol font `symbols' in version `bold'
(Font)                  OMS/cmsy/b/n --> OMS/lmsy/b/n on input line 28.
LaTeX Font Info:    Overwriting symbol font `largesymbols' in version `bold'
(Font)                  OMX/cmex/m/n --> OMX/lmex/m/n on input line 29.
LaTeX Font Info:    Overwriting math alphabet `\mathbf' in version `normal'
(Font)                  OT1/cmr/bx/n --> OT1/lmr/bx/n on input line 31.
LaTeX Font Info:    Overwriting math alphabet `\mathsf' in version `normal'
(Font)                  OT1/cmss/m/n --> OT1/lmss/m/n on input line 32.
LaTeX Font Info:    Overwriting math alphabet `\mathit' in version `normal'
(Font)                  OT1/cmr/m/it --> OT1/lmr/m/it on input line 33.
LaTeX Font Info:    Overwriting math alphabet `\mathtt' in version `normal'
(Font)                  OT1/cmtt/m/n --> OT1/lmtt/m/n on input line 34.
LaTeX Font Info:    Overwriting math alphabet `\mathbf' in version `bold'
(Font)                  OT1/cmr/bx/n --> OT1/lmr/bx/n on input line 35.
LaTeX Font Info:    Overwriting math alphabet `\mathsf' in version `bold'
(Font)                  OT1/cmss/bx/n --> OT1/lmss/bx/n on input line 36.
LaTeX Font Info:    Overwriting math alphabet `\mathit' in version `bold'
(Font)                  OT1/cmr/bx/it --> OT1/lmr/bx/it on input line 37.
LaTeX Font Info:    Overwriting math alphabet `\mathtt' in version `bold'
(Font)                  OT1/cmtt/m/n --> OT1/lmtt/m/n on input line 38.
)
(/usr/local/texlive/2024/texmf-dist/tex/latex/base/textcomp.sty
Package: textcomp 2020/02/02 v2.0n Standard LaTeX package
)
(/usr/local/texlive/2024/texmf-dist/tex/latex/lastpage/lastpage.sty
Package: lastpage 2023/10/14 v2.0e lastpage: 2.09 or 2e? (HMM)

(/usr/local/texlive/2024/texmf-dist/tex/latex/lastpage/lastpage2e.sty
Package: lastpage2e 2023/10/14 v2.0e Decide which 2e lastpage version to use (H
MM)

(/usr/local/texlive/2024/texmf-dist/tex/latex/lastpage/lastpagemodern.sty
Package: lastpagemodern 2023-10-14 v2.0e Refers to last page's name (HMM; JPG)
\c@lastpagecount=\count196
) 
)) (/usr/local/texlive/2024/texmf-dist/tex/latex/geometry/geometry.sty
Package: geometry 2020/01/02 v5.9 Page Geometry

(/usr/local/texlive/2024/texmf-dist/tex/latex/graphics/keyval.sty
Package: keyval 2022/05/29 v1.15 key=value parser (DPC)
\KV@toks@=\toks19
)
(/usr/local/texlive/2024/texmf-dist/tex/generic/iftex/ifvtex.sty
Package: ifvtex 2019/10/25 v1.7 ifvtex legacy package. Use iftex instead.

(/usr/local/texlive/2024/texmf-dist/tex/generic/iftex/iftex.sty
Package: iftex 2022/02/03 v1.0f TeX engine tests
))
\Gm@cnth=\count197
\Gm@cntv=\count198
\c@Gm@tempcnt=\count199
\Gm@bindingoffset=\dimen141
\Gm@wd@mp=\dimen142
\Gm@odd@mp=\dimen143
\Gm@even@mp=\dimen144
\Gm@layoutwidth=\dimen145
\Gm@layoutheight=\dimen146
\Gm@layouthoffset=\dimen147
\Gm@layoutvoffset=\dimen148
\Gm@dimlist=\toks20
)
(/usr/local/texlive/2024/texmf-dist/tex/latex/hyperref/hyperref.sty
Package: hyperref 2024-01-20 v7.01h Hypertext links for LaTeX

(/usr/local/texlive/2024/texmf-dist/tex/latex/kvsetkeys/kvsetkeys.sty
Package: kvsetkeys 2022-10-05 v1.19 Key value parser (HO)
)
(/usr/local/texlive/2024/texmf-dist/tex/generic/kvdefinekeys/kvdefinekeys.sty
Package: kvdefinekeys 2019-12-19 v1.6 Define keys (HO)
)
(/usr/local/texlive/2024/texmf-dist/tex/generic/pdfescape/pdfescape.sty
Package: pdfescape 2019/12/09 v1.15 Implements pdfTeX's escape features (HO)

(/usr/local/texlive/2024/texmf-dist/tex/generic/ltxcmds/ltxcmds.sty
Package: ltxcmds 2023-12-04 v1.26 LaTeX kernel commands for general use (HO)
)
(/usr/local/texlive/2024/texmf-dist/tex/generic/pdftexcmds/pdftexcmds.sty
Package: pdftexcmds 2020-06-27 v0.33 Utility functions of pdfTeX for LuaTeX (HO
)

(/usr/local/texlive/2024/texmf-dist/tex/generic/infwarerr/infwarerr.sty
Package: infwarerr 2019/12/03 v1.5 Providing info/warning/error messages (HO)
)
Package pdftexcmds Info: \pdf@primitive is available.
Package pdftexcmds Info: \pdf@ifprimitive is available.
Package pdftexcmds Info: \pdfdraftmode found.
))
(/usr/local/texlive/2024/texmf-dist/tex/latex/hycolor/hycolor.sty
Package: hycolor 2020-01-27 v1.10 Color options for hyperref/bookmark (HO)
)
(/usr/local/texlive/2024/texmf-dist/tex/latex/auxhook/auxhook.sty
Package: auxhook 2019-12-17 v1.6 Hooks for auxiliary files (HO)
)
(/usr/local/texlive/2024/texmf-dist/tex/latex/hyperref/nameref.sty
Package: nameref 2023-11-26 v2.56 Cross-referencing by name of section

(/usr/local/texlive/2024/texmf-dist/tex/latex/refcount/refcount.sty
Package: refcount 2019/12/15 v3.6 Data extraction from label references (HO)
)
(/usr/local/texlive/2024/texmf-dist/tex/generic/gettitlestring/gettitlestring.s
ty
Package: gettitlestring 2019/12/15 v1.6 Cleanup title references (HO)
 (/usr/local/texlive/2024/texmf-dist/tex/latex/kvoptions/kvoptions.sty
Package: kvoptions 2022-06-15 v3.15 Key value format for package options (HO)
))
\c@section@level=\count266
)
(/usr/local/texlive/2024/texmf-dist/tex/latex/etoolbox/etoolbox.sty
Package: etoolbox 2020/10/05 v2.5k e-TeX tools for LaTeX (JAW)
\etb@tempcnta=\count267
)
\@linkdim=\dimen149
\Hy@linkcounter=\count268
\Hy@pagecounter=\count269

(/usr/local/texlive/2024/texmf-dist/tex/latex/hyperref/pd1enc.def
File: pd1enc.def 2024-01-20 v7.01h Hyperref: PDFDocEncoding definition (HO)
Now handling font encoding PD1 ...
... no UTF-8 mapping file for font encoding PD1
)
(/usr/local/texlive/2024/texmf-dist/tex/generic/intcalc/intcalc.sty
Package: intcalc 2019/12/15 v1.3 Expandable calculations with integers (HO)
)
\Hy@SavedSpaceFactor=\count270

(/usr/local/texlive/2024/texmf-dist/tex/latex/hyperref/puenc.def
File: puenc.def 2024-01-20 v7.01h Hyperref: PDF Unicode definition (HO)
Now handling font encoding PU ...
... no UTF-8 mapping file for font encoding PU
)
Package hyperref Info: Hyper figures OFF on input line 4179.
Package hyperref Info: Link nesting OFF on input line 4184.
Package hyperref Info: Hyper index ON on input line 4187.
Package hyperref Info: Plain pages OFF on input line 4194.
Package hyperref Info: Backreferencing OFF on input line 4199.
Package hyperref Info: Implicit mode ON; LaTeX internals redefined.
Package hyperref Info: Bookmarks ON on input line 4446.
\c@Hy@tempcnt=\count271

(/usr/local/texlive/2024/texmf-dist/tex/latex/url/url.sty
\Urlmuskip=\muskip16
Package: url 2013/09/16  ver 3.4  Verb mode for urls, etc.
)
LaTeX Info: Redefining \url on input line 4784.
\XeTeXLinkMargin=\dimen150

(/usr/local/texlive/2024/texmf-dist/tex/generic/bitset/bitset.sty
Package: bitset 2019/12/09 v1.3 Handle bit-vector datatype (HO)

(/usr/local/texlive/2024/texmf-dist/tex/generic/bigintcalc/bigintcalc.sty
Package: bigintcalc 2019/12/15 v1.5 Expandable calculations on big integers (HO
)
))
\Fld@menulength=\count272
\Field@Width=\dimen151
\Fld@charsize=\dimen152
Package hyperref Info: Hyper figures OFF on input line 6063.
Package hyperref Info: Link nesting OFF on input line 6068.
Package hyperref Info: Hyper index ON on input line 6071.
Package hyperref Info: backreferencing OFF on input line 6078.
Package hyperref Info: Link coloring OFF on input line 6083.
Package hyperref Info: Link coloring with OCG OFF on input line 6088.
Package hyperref Info: PDF/A mode OFF on input line 6093.

(/usr/local/texlive/2024/texmf-dist/tex/latex/base/atbegshi-ltx.sty
Package: atbegshi-ltx 2021/01/10 v1.0c Emulation of the original atbegshi
package with kernel methods
)
\Hy@abspage=\count273
\c@Item=\count274
\c@Hfootnote=\count275
)
Package hyperref Info: Driver (autodetected): hpdftex.

(/usr/local/texlive/2024/texmf-dist/tex/latex/hyperref/hpdftex.def
File: hpdftex.def 2024-01-20 v7.01h Hyperref driver for pdfTeX

(/usr/local/texlive/2024/texmf-dist/tex/latex/base/atveryend-ltx.sty
Package: atveryend-ltx 2020/08/19 v1.0a Emulation of the original atveryend pac
kage
with kernel methods
)
\Fld@listcount=\count276
\c@bookmark@seq@number=\count277

(/usr/local/texlive/2024/texmf-dist/tex/latex/rerunfilecheck/rerunfilecheck.sty
Package: rerunfilecheck 2022-07-10 v1.10 Rerun checks for auxiliary files (HO)

(/usr/local/texlive/2024/texmf-dist/tex/generic/uniquecounter/uniquecounter.sty
Package: uniquecounter 2019/12/15 v1.4 Provide unlimited unique counter (HO)
)
Package uniquecounter Info: New unique counter `rerunfilecheck' on input line 2
85.
)
\Hy@SectionHShift=\skip50
) (/usr/local/texlive/2024/texmf-dist/tex/latex/enumitem/enumitem.sty
Package: enumitem 2019/06/20 v3.9 Customized lists
\labelindent=\skip51
\enit@outerparindent=\dimen153
\enit@toks=\toks21
\enit@inbox=\box51
\enit@count@id=\count278
\enitdp@description=\count279
)
(/usr/local/texlive/2024/texmf-dist/tex/latex/fancyhdr/fancyhdr.sty
Package: fancyhdr 2022/11/09 v4.1 Extensive control of page headers and footers

\f@nch@headwidth=\skip52
\f@nch@O@elh=\skip53
\f@nch@O@erh=\skip54
\f@nch@O@olh=\skip55
\f@nch@O@orh=\skip56
\f@nch@O@elf=\skip57
\f@nch@O@erf=\skip58
\f@nch@O@olf=\skip59
\f@nch@O@orf=\skip60
)
(/usr/local/texlive/2024/texmf-dist/tex/latex/xcolor/xcolor.sty
Package: xcolor 2023/11/15 v3.01 LaTeX color extensions (UK)

(/usr/local/texlive/2024/texmf-dist/tex/latex/graphics-cfg/color.cfg
File: color.cfg 2016/01/02 v1.6 sample color configuration
)
Package xcolor Info: Driver file: pdftex.def on input line 274.

(/usr/local/texlive/2024/texmf-dist/tex/latex/graphics-def/pdftex.def
File: pdftex.def 2022/09/22 v1.2b Graphics/color driver for pdftex
)
(/usr/local/texlive/2024/texmf-dist/tex/latex/graphics/mathcolor.ltx)
Package xcolor Info: Model `cmy' substituted by `cmy0' on input line 1350.
Package xcolor Info: Model `hsb' substituted by `rgb' on input line 1354.
Package xcolor Info: Model `RGB' extended on input line 1366.
Package xcolor Info: Model `HTML' substituted by `rgb' on input line 1368.
Package xcolor Info: Model `Hsb' substituted by `hsb' on input line 1369.
Package xcolor Info: Model `tHsb' substituted by `hsb' on input line 1370.
Package xcolor Info: Model `HSB' substituted by `hsb' on input line 1371.
Package xcolor Info: Model `Gray' substituted by `gray' on input line 1372.
Package xcolor Info: Model `wave' substituted by `hsb' on input line 1373.
)
(/usr/local/texlive/2024/texmf-dist/tex/latex/breakurl/breakurl.sty
Package: breakurl 2013/04/10 v1.40 Breakable hyperref URLs

(/usr/local/texlive/2024/texmf-dist/tex/latex/xkeyval/xkeyval.sty
Package: xkeyval 2022/06/16 v2.9 package option processing (HA)

(/usr/local/texlive/2024/texmf-dist/tex/generic/xkeyval/xkeyval.tex
(/usr/local/texlive/2024/texmf-dist/tex/generic/xkeyval/xkvutils.tex
\XKV@toks=\toks22
\XKV@tempa@toks=\toks23
)
\XKV@depth=\count280
File: xkeyval.tex 2014/12/03 v2.7a key=value parser (HA)
))
(/usr/local/texlive/2024/texmf-dist/tex/generic/iftex/ifpdf.sty
Package: ifpdf 2019/10/25 v3.4 ifpdf legacy package. Use iftex instead.
)

Package breakurl Warning: You are using breakurl while processing via pdflatex.

(breakurl)                \burl will be just a synonym of \url.
(breakurl)                 on input line 48.

) (/usr/local/texlive/2024/texmf-dist/tex/latex/amsmath/amsmath.sty
Package: amsmath 2023/05/13 v2.17o AMS math features
\@mathmargin=\skip61

For additional information on amsmath, use the `?' option.
(/usr/local/texlive/2024/texmf-dist/tex/latex/amsmath/amstext.sty
Package: amstext 2021/08/26 v2.01 AMS text

(/usr/local/texlive/2024/texmf-dist/tex/latex/amsmath/amsgen.sty
File: amsgen.sty 1999/11/30 v2.0 generic functions
\@emptytoks=\toks24
\ex@=\dimen154
))
(/usr/local/texlive/2024/texmf-dist/tex/latex/amsmath/amsbsy.sty
Package: amsbsy 1999/11/29 v1.2d Bold Symbols
\pmbraise@=\dimen155
)
(/usr/local/texlive/2024/texmf-dist/tex/latex/amsmath/amsopn.sty
Package: amsopn 2022/04/08 v2.04 operator names
)
\inf@bad=\count281
LaTeX Info: Redefining \frac on input line 234.
\uproot@=\count282
\leftroot@=\count283
LaTeX Info: Redefining \overline on input line 399.
LaTeX Info: Redefining \colon on input line 410.
\classnum@=\count284
\DOTSCASE@=\count285
LaTeX Info: Redefining \ldots on input line 496.
LaTeX Info: Redefining \dots on input line 499.
LaTeX Info: Redefining \cdots on input line 620.
\Mathstrutbox@=\box52
\strutbox@=\box53
LaTeX Info: Redefining \big on input line 722.
LaTeX Info: Redefining \Big on input line 723.
LaTeX Info: Redefining \bigg on input line 724.
LaTeX Info: Redefining \Bigg on input line 725.
\big@size=\dimen156
LaTeX Font Info:    Redeclaring font encoding OML on input line 743.
LaTeX Font Info:    Redeclaring font encoding OMS on input line 744.
\macc@depth=\count286
LaTeX Info: Redefining \bmod on input line 905.
LaTeX Info: Redefining \pmod on input line 910.
LaTeX Info: Redefining \smash on input line 940.
LaTeX Info: Redefining \relbar on input line 970.
LaTeX Info: Redefining \Relbar on input line 971.
\c@MaxMatrixCols=\count287
\dotsspace@=\muskip17
\c@parentequation=\count288
\dspbrk@lvl=\count289
\tag@help=\toks25
\row@=\count290
\column@=\count291
\maxfields@=\count292
\andhelp@=\toks26
\eqnshift@=\dimen157
\alignsep@=\dimen158
\tagshift@=\dimen159
\tagwidth@=\dimen160
\totwidth@=\dimen161
\lineht@=\dimen162
\@envbody=\toks27
\multlinegap=\skip62
\multlinetaggap=\skip63
\mathdisplay@stack=\toks28
LaTeX Info: Redefining \[ on input line 2953.
LaTeX Info: Redefining \] on input line 2954.
)
(/usr/local/texlive/2024/texmf-dist/tex/latex/amsfonts/amssymb.sty
Package: amssymb 2013/01/14 v3.01 AMS font symbols

(/usr/local/texlive/2024/texmf-dist/tex/latex/amsfonts/amsfonts.sty
Package: amsfonts 2013/01/14 v3.01 Basic AMSFonts support
\symAMSa=\mathgroup4
\symAMSb=\mathgroup5
LaTeX Font Info:    Redeclaring math symbol \hbar on input line 98.
LaTeX Font Info:    Overwriting math alphabet `\mathfrak' in version `bold'
(Font)                  U/euf/m/n --> U/euf/b/n on input line 106.
))
(/usr/local/texlive/2024/texmf-dist/tex/latex/mathtools/mathtools.sty
Package: mathtools 2024/03/11 v1.30 mathematical typesetting tools

(/usr/local/texlive/2024/texmf-dist/tex/latex/tools/calc.sty
Package: calc 2023/07/08 v4.3 Infix arithmetic (KKT,FJ)
\calc@Acount=\count293
\calc@Bcount=\count294
\calc@Adimen=\dimen163
\calc@Bdimen=\dimen164
\calc@Askip=\skip64
\calc@Bskip=\skip65
LaTeX Info: Redefining \setlength on input line 80.
LaTeX Info: Redefining \addtolength on input line 81.
\calc@Ccount=\count295
\calc@Cskip=\skip66
)
(/usr/local/texlive/2024/texmf-dist/tex/latex/mathtools/mhsetup.sty
Package: mhsetup 2021/03/18 v1.4 programming setup (MH)
)
\g_MT_multlinerow_int=\count296
\l_MT_multwidth_dim=\dimen165
\origjot=\skip67
\l_MT_shortvdotswithinadjustabove_dim=\dimen166
\l_MT_shortvdotswithinadjustbelow_dim=\dimen167
\l_MT_above_intertext_sep=\dimen168
\l_MT_below_intertext_sep=\dimen169
\l_MT_above_shortintertext_sep=\dimen170
\l_MT_below_shortintertext_sep=\dimen171
\xmathstrut@box=\box54
\xmathstrut@dim=\dimen172
)
(/usr/local/texlive/2024/texmf-dist/tex/latex/amscls/amsthm.sty
Package: amsthm 2020/05/29 v2.20.6
\thm@style=\toks29
\thm@bodyfont=\toks30
\thm@headfont=\toks31
\thm@notefont=\toks32
\thm@headpunct=\toks33
\thm@preskip=\skip68
\thm@postskip=\skip69
\thm@headsep=\skip70
\dth@everypar=\toks34
)
(/usr/local/texlive/2024/texmf-dist/tex/latex/thmtools/thmtools.sty
Package: thmtools 2023/05/04 v0.76
\thmt@toks=\toks35
\c@thmt@dummyctr=\count297

(/usr/local/texlive/2024/texmf-dist/tex/latex/thmtools/thm-patch.sty
Package: thm-patch 2023/05/04 v0.76

(/usr/local/texlive/2024/texmf-dist/tex/latex/thmtools/parseargs.sty
Package: parseargs 2023/05/04 v0.76
\@parsespec=\toks36
))
(/usr/local/texlive/2024/texmf-dist/tex/latex/thmtools/thm-kv.sty
Package: thm-kv 2023/05/04 v0.76
Package thm-kv Info: Theorem names will be uppercased on input line 42.
Package thm-kv Info: kvsetkeys patch (v1.16 or later) on input line 158.
)
(/usr/local/texlive/2024/texmf-dist/tex/latex/thmtools/thm-autoref.sty
Package: thm-autoref 2023/05/04 v0.76

(/usr/local/texlive/2024/texmf-dist/tex/latex/thmtools/aliasctr.sty
Package: aliasctr 2023/05/04 v0.76
))
(/usr/local/texlive/2024/texmf-dist/tex/latex/thmtools/thm-listof.sty
Package: thm-listof 2023/05/04 v0.76
)
(/usr/local/texlive/2024/texmf-dist/tex/latex/thmtools/thm-restate.sty
Package: thm-restate 2023/05/04 v0.76
)
(/usr/local/texlive/2024/texmf-dist/tex/latex/thmtools/thm-amsthm.sty
Package: thm-amsthm 2023/05/04 v0.76
\thmt@style@headstyle=\toks37
))
(/usr/local/texlive/2024/texmf-dist/tex/latex/float/float.sty
Package: float 2001/11/08 v1.3d Float enhancements (AL)
\c@float@type=\count298
\float@exts=\toks38
\float@box=\box55
\@float@everytoks=\toks39
\@floatcapt=\box56
)
(/usr/local/texlive/2024/texmf-dist/tex/latex/caption/subcaption.sty
Package: subcaption 2023/07/28 v1.6b Sub-captions (AR)

(/usr/local/texlive/2024/texmf-dist/tex/latex/caption/caption.sty
Package: caption 2023/08/05 v3.6o Customizing captions (AR)

(/usr/local/texlive/2024/texmf-dist/tex/latex/caption/caption3.sty
Package: caption3 2023/07/31 v2.4d caption3 kernel (AR)
\caption@tempdima=\dimen173
\captionmargin=\dimen174
\caption@leftmargin=\dimen175
\caption@rightmargin=\dimen176
\caption@width=\dimen177
\caption@indent=\dimen178
\caption@parindent=\dimen179
\caption@hangindent=\dimen180
Package caption Info: Standard document class detected.
)
\c@caption@flags=\count299
\c@continuedfloat=\count300
Package caption Info: float package is loaded.
Package caption Info: hyperref package is loaded.
)
Package caption Info: New subtype `subfigure' on input line 238.
\c@subfigure=\count301
Package caption Info: New subtype `subtable' on input line 238.
\c@subtable=\count302
)
Package hyperref Info: Option `colorlinks' set `true' on input line 33.
Package hyperref Info: Option `breaklinks' set `true' on input line 33.


Package hyperref Warning: Option `bookmarks' has already been used,
(hyperref)                setting the option has no effect on input line 33.


(/usr/local/texlive/2024/texmf-dist/tex/latex/newunicodechar/newunicodechar.sty
Package: newunicodechar 2018/04/08 v1.2 Defining Unicode characters
)
LaTeX Font Info:    Trying to load font information for T1+lmr on input line 68
.
 (/usr/local/texlive/2024/texmf-dist/tex/latex/lm/t1lmr.fd
File: t1lmr.fd 2015/05/01 v1.6.1 Font defs for Latin Modern
)
(/usr/local/texlive/2024/texmf-dist/tex/latex/l3backend/l3backend-pdftex.def
File: l3backend-pdftex.def 2024-02-20 L3 backend support: PDF output (pdfTeX)
\l__color_backend_stack_int=\count303
\l__pdf_internal_box=\box57
)
(_logs/notes.aux)
\openout1 = `notes.aux'.

LaTeX Font Info:    Checking defaults for OML/cmm/m/it on input line 68.
LaTeX Font Info:    ... okay on input line 68.
LaTeX Font Info:    Checking defaults for OMS/cmsy/m/n on input line 68.
LaTeX Font Info:    ... okay on input line 68.
LaTeX Font Info:    Checking defaults for OT1/cmr/m/n on input line 68.
LaTeX Font Info:    ... okay on input line 68.
LaTeX Font Info:    Checking defaults for T1/cmr/m/n on input line 68.
LaTeX Font Info:    ... okay on input line 68.
LaTeX Font Info:    Checking defaults for TS1/cmr/m/n on input line 68.
LaTeX Font Info:    ... okay on input line 68.
LaTeX Font Info:    Checking defaults for OMX/cmex/m/n on input line 68.
LaTeX Font Info:    ... okay on input line 68.
LaTeX Font Info:    Checking defaults for U/cmr/m/n on input line 68.
LaTeX Font Info:    ... okay on input line 68.
LaTeX Font Info:    Checking defaults for PD1/pdf/m/n on input line 68.
LaTeX Font Info:    ... okay on input line 68.
LaTeX Font Info:    Checking defaults for PU/pdf/m/n on input line 68.
LaTeX Font Info:    ... okay on input line 68.

*geometry* driver: auto-detecting
*geometry* detected driver: pdftex
*geometry* verbose mode - [ preamble ] result:
* driver: pdftex
* paper: <default>
* layout: <same size as paper>
* layoutoffset:(h,v)=(0.0pt,0.0pt)
* modes: 
* h-part:(L,W,R)=(72.26999pt, 469.75502pt, 72.26999pt)
* v-part:(T,H,B)=(72.26999pt, 650.43001pt, 72.26999pt)
* \paperwidth=614.295pt
* \paperheight=794.96999pt
* \textwidth=469.75502pt
* \textheight=650.43001pt
* \oddsidemargin=0.0pt
* \evensidemargin=0.0pt
* \topmargin=-39.0pt
* \headheight=14.0pt
* \headsep=25.0pt
* \topskip=10.0pt
* \footskip=30.0pt
* \marginparwidth=65.0pt
* \marginparsep=11.0pt
* \columnsep=10.0pt
* \skip\footins=9.0pt plus 4.0pt minus 2.0pt
* \hoffset=0.0pt
* \voffset=0.0pt
* \mag=1000
* \@twocolumnfalse
* \@twosidefalse
* \@mparswitchfalse
* \@reversemarginfalse
* (1in=72.27pt=25.4mm, 1cm=28.453pt)

Package hyperref Info: Link coloring ON on input line 68.
\@outlinefile=\write3
\openout3 = `notes.out'.

(/usr/local/texlive/2024/texmf-dist/tex/context/base/mkii/supp-pdf.mkii
[Loading MPS to PDF converter (version 2006.09.02).]
\scratchcounter=\count304
\scratchdimen=\dimen181
\scratchbox=\box58
\nofMPsegments=\count305
\nofMParguments=\count306
\everyMPshowfont=\toks40
\MPscratchCnt=\count307
\MPscratchDim=\dimen182
\MPnumerator=\count308
\makeMPintoPDFobject=\count309
\everyMPtoPDFconversion=\toks41
) (/usr/local/texlive/2024/texmf-dist/tex/latex/graphics/graphicx.sty
Package: graphicx 2021/09/16 v1.2d Enhanced LaTeX Graphics (DPC,SPQR)

(/usr/local/texlive/2024/texmf-dist/tex/latex/graphics/graphics.sty
Package: graphics 2022/03/10 v1.4e Standard LaTeX Graphics (DPC,SPQR)

(/usr/local/texlive/2024/texmf-dist/tex/latex/graphics/trig.sty
Package: trig 2021/08/11 v1.11 sin cos tan (DPC)
)
(/usr/local/texlive/2024/texmf-dist/tex/latex/graphics-cfg/graphics.cfg
File: graphics.cfg 2016/06/04 v1.11 sample graphics configuration
)
Package graphics Info: Driver file: pdftex.def on input line 107.
)
\Gin@req@height=\dimen183
\Gin@req@width=\dimen184
)
Package caption Info: Begin \AtBeginDocument code.
Package caption Info: End \AtBeginDocument code.
LaTeX Font Info:    Trying to load font information for OT1+lmr on input line 7
1.

(/usr/local/texlive/2024/texmf-dist/tex/latex/lm/ot1lmr.fd
File: ot1lmr.fd 2015/05/01 v1.6.1 Font defs for Latin Modern
)
LaTeX Font Info:    Trying to load font information for OML+lmm on input line 7
1.

(/usr/local/texlive/2024/texmf-dist/tex/latex/lm/omllmm.fd
File: omllmm.fd 2015/05/01 v1.6.1 Font defs for Latin Modern
)
LaTeX Font Info:    Trying to load font information for OMS+lmsy on input line 
71.

(/usr/local/texlive/2024/texmf-dist/tex/latex/lm/omslmsy.fd
File: omslmsy.fd 2015/05/01 v1.6.1 Font defs for Latin Modern
)
LaTeX Font Info:    Trying to load font information for OMX+lmex on input line 
71.

(/usr/local/texlive/2024/texmf-dist/tex/latex/lm/omxlmex.fd
File: omxlmex.fd 2015/05/01 v1.6.1 Font defs for Latin Modern
)
LaTeX Font Info:    External font `lmex10' loaded for size
(Font)              <12> on input line 71.
LaTeX Font Info:    External font `lmex10' loaded for size
(Font)              <8> on input line 71.
LaTeX Font Info:    External font `lmex10' loaded for size
(Font)              <6> on input line 71.
LaTeX Font Info:    Trying to load font information for U+msa on input line 71.


(/usr/local/texlive/2024/texmf-dist/tex/latex/amsfonts/umsa.fd
File: umsa.fd 2013/01/14 v3.01 AMS symbols A
)
LaTeX Font Info:    Trying to load font information for U+msb on input line 71.


(/usr/local/texlive/2024/texmf-dist/tex/latex/amsfonts/umsb.fd
File: umsb.fd 2013/01/14 v3.01 AMS symbols B
) [1

{/usr/local/texlive/2024/texmf-var/fonts/map/pdftex/updmap/pdftex.map}{/usr/loc
al/texlive/2024/texmf-dist/fonts/enc/dvips/lm/lm-ec.enc}] [2]
LaTeX Font Info:    Trying to load font information for TS1+lmr on input line 1
14.

(/usr/local/texlive/2024/texmf-dist/tex/latex/lm/ts1lmr.fd
File: ts1lmr.fd 2015/05/01 v1.6.1 Font defs for Latin Modern
)
LaTeX Font Info:    External font `lmex10' loaded for size
(Font)              <10> on input line 114.
LaTeX Font Info:    External font `lmex10' loaded for size
(Font)              <7> on input line 114.
LaTeX Font Info:    External font `lmex10' loaded for size
(Font)              <5> on input line 114.
</Users/ashoksaravanan/Coding/ScribeLec/server/output/CS 243/lectures/15L2-SAT/
figures/3.1.png, id=29, 65.24374pt x 43.16125pt>
File: /Users/ashoksaravanan/Coding/ScribeLec/server/output/CS 243/lectures/15L2
-SAT/figures/3.1.png Graphic file (type png)
<use /Users/ashoksaravanan/Coding/ScribeLec/server/output/CS 243/lectures/15L2-
SAT/figures/3.1.png>
Package pdftex.def Info: /Users/ashoksaravanan/Coding/ScribeLec/server/output/C
S 243/lectures/15L2-SAT/figures/3.1.png  used on input line 136.
(pdftex.def)             Requested size: 70.46037pt x 46.61278pt.
</Users/ashoksaravanan/Coding/ScribeLec/server/output/CS 243/lectures/15L2-SAT/
figures/3.2.png, id=30, 57.21375pt x 47.17625pt>
File: /Users/ashoksaravanan/Coding/ScribeLec/server/output/CS 243/lectures/15L2
-SAT/figures/3.2.png Graphic file (type png)
<use /Users/ashoksaravanan/Coding/ScribeLec/server/output/CS 243/lectures/15L2-
SAT/figures/3.2.png>
Package pdftex.def Info: /Users/ashoksaravanan/Coding/ScribeLec/server/output/C
S 243/lectures/15L2-SAT/figures/3.2.png  used on input line 142.
(pdftex.def)             Requested size: 70.46037pt x 58.10127pt.
</Users/ashoksaravanan/Coding/ScribeLec/server/output/CS 243/lectures/15L2-SAT/
figures/3.3.png, id=31, 50.1875pt x 40.15pt>
File: /Users/ashoksaravanan/Coding/ScribeLec/server/output/CS 243/lectures/15L2
-SAT/figures/3.3.png Graphic file (type png)
<use /Users/ashoksaravanan/Coding/ScribeLec/server/output/CS 243/lectures/15L2-
SAT/figures/3.3.png>
Package pdftex.def Info: /Users/ashoksaravanan/Coding/ScribeLec/server/output/C
S 243/lectures/15L2-SAT/figures/3.3.png  used on input line 148.
(pdftex.def)             Requested size: 70.46037pt x 56.37685pt.
</Users/ashoksaravanan/Coding/ScribeLec/server/output/CS 243/lectures/15L2-SAT/
figures/3.4.png, id=32, 60.225pt x 49.18375pt>
File: /Users/ashoksaravanan/Coding/ScribeLec/server/output/CS 243/lectures/15L2
-SAT/figures/3.4.png Graphic file (type png)
<use /Users/ashoksaravanan/Coding/ScribeLec/server/output/CS 243/lectures/15L2-
SAT/figures/3.4.png>
Package pdftex.def Info: /Users/ashoksaravanan/Coding/ScribeLec/server/output/C
S 243/lectures/15L2-SAT/figures/3.4.png  used on input line 154.
(pdftex.def)             Requested size: 70.46037pt x 57.54773pt.
 [3{/usr/local/texlive/2024/texmf-dist/fonts/enc/dvips/lm/lm-mathsy.enc} </User
s/ashoksaravanan/Coding/ScribeLec/server/output/CS 243/lectures/15L2-SAT/figure
s/3.1.png (PNG copy)> </Users/ashoksaravanan/Coding/ScribeLec/server/output/CS 
243/lectures/15L2-SAT/figures/3.2.png (PNG copy)> </Users/ashoksaravanan/Coding
/ScribeLec/server/output/CS 243/lectures/15L2-SAT/figures/3.3.png (PNG copy)> <
/Users/ashoksaravanan/Coding/ScribeLec/server/output/CS 243/lectures/15L2-SAT/f
igures/3.4.png (PNG copy)>]

/Users/ashoksaravanan/Coding/ScribeLec/server/output/CS 243/lectures/15L2-SAT/n
otes.tex:169: LaTeX Error: Environment tikzpicture undefined.

See the LaTeX manual or LaTeX Companion for explanation.
Type  H <return>  for immediate help.
 ...                                              
                                                  
l.169 \begin{tikzpicture}
                         
Your command was ignored.
Type  I <command> <return>  to replace it with another command,
or  <return>  to continue without it.


/Users/ashoksaravanan/Coding/ScribeLec/server/output/CS 243/lectures/15L2-SAT/n
otes.tex:170: LaTeX Error: Environment axis undefined.

See the LaTeX manual or LaTeX Companion for explanation.
Type  H <return>  for immediate help.
 ...                                              
                                                  
l.170 \begin{axis}
                  [
Your command was ignored.
Type  I <command> <return>  to replace it with another command,
or  <return>  to continue without it.

/Users/ashoksaravanan/Coding/ScribeLec/server/output/CS 243/lectures/15L2-SAT/n
otes.tex:179: Missing $ inserted.
<inserted text> 
                $
l.179     ytick={10^
                    0, 10^3, 10^4, 10^7, 10^10, 10^15, 10^20},
I've inserted a begin-math/end-math symbol since I think
you left one out. Proceed, with fingers crossed.

/Users/ashoksaravanan/Coding/ScribeLec/server/output/CS 243/lectures/15L2-SAT/n
otes.tex:179: Extra }, or forgotten $.
l.179 ...0, 10^3, 10^4, 10^7, 10^10, 10^15, 10^20}
                                                  ,
I've deleted a group-closing symbol because it seems to be
spurious, as in `$x}$'. But perhaps the } is legitimate and
you forgot something else, as in `\hbox{$x}'. In such cases
the way to recover is to insert both the forgotten and the
deleted material, e.g., by typing `I$}'.

/Users/ashoksaravanan/Coding/ScribeLec/server/output/CS 243/lectures/15L2-SAT/n
otes.tex:184: Undefined control sequence.
l.184 \addplot
              [domain=1:1000000, samples=100] {x^2};
The control sequence at the end of the top line
of your error message was never \def'ed. If you have
misspelled it (e.g., `\hobx'), type `I' and the correct
spelling (e.g., `I\hbox'). Otherwise just continue,
and I'll forget about whatever was undefined.

/Users/ashoksaravanan/Coding/ScribeLec/server/output/CS 243/lectures/15L2-SAT/n
otes.tex:185: Undefined control sequence.
l.185 \addlegendentry
                     {Exponential Growth};
The control sequence at the end of the top line
of your error message was never \def'ed. If you have
misspelled it (e.g., `\hobx'), type `I' and the correct
spelling (e.g., `I\hbox'). Otherwise just continue,
and I'll forget about whatever was undefined.

/Users/ashoksaravanan/Coding/ScribeLec/server/output/CS 243/lectures/15L2-SAT/n
otes.tex:186: Undefined control sequence.
l.186 \addplot
               coordinates {
The control sequence at the end of the top line
of your error message was never \def'ed. If you have
misspelled it (e.g., `\hobx'), type `I' and the correct
spelling (e.g., `I\hbox'). Otherwise just continue,
and I'll forget about whatever was undefined.

/Users/ashoksaravanan/Coding/ScribeLec/server/output/CS 243/lectures/15L2-SAT/n
otes.tex:191: Undefined control sequence.
l.191 \addlegendentry
                     {Case Complexity};
The control sequence at the end of the top line
of your error message was never \def'ed. If you have
misspelled it (e.g., `\hobx'), type `I' and the correct
spelling (e.g., `I\hbox'). Otherwise just continue,
and I'll forget about whatever was undefined.

/Users/ashoksaravanan/Coding/ScribeLec/server/output/CS 243/lectures/15L2-SAT/n
otes.tex:192: Undefined control sequence.
l.192 \node
           [anchor=north west] at (axis cs:100, 10^3) {100};
The control sequence at the end of the top line
of your error message was never \def'ed. If you have
misspelled it (e.g., `\hobx'), type `I' and the correct
spelling (e.g., `I\hbox'). Otherwise just continue,
and I'll forget about whatever was undefined.

/Users/ashoksaravanan/Coding/ScribeLec/server/output/CS 243/lectures/15L2-SAT/n
otes.tex:193: Undefined control sequence.
l.193 \node
           [anchor=north west] at (axis cs:10000, 10^7) {10K};
The control sequence at the end of the top line
of your error message was never \def'ed. If you have
misspelled it (e.g., `\hobx'), type `I' and the correct
spelling (e.g., `I\hbox'). Otherwise just continue,
and I'll forget about whatever was undefined.

/Users/ashoksaravanan/Coding/ScribeLec/server/output/CS 243/lectures/15L2-SAT/n
otes.tex:194: Undefined control sequence.
l.194 \node
           [anchor=north west] at (axis cs:100000, 10^10) {100K};
The control sequence at the end of the top line
of your error message was never \def'ed. If you have
misspelled it (e.g., `\hobx'), type `I' and the correct
spelling (e.g., `I\hbox'). Otherwise just continue,
and I'll forget about whatever was undefined.

/Users/ashoksaravanan/Coding/ScribeLec/server/output/CS 243/lectures/15L2-SAT/n
otes.tex:195: Undefined control sequence.
l.195 \node
           [anchor=north west] at (axis cs:1000000, 10^15) {1M};
The control sequence at the end of the top line
of your error message was never \def'ed. If you have
misspelled it (e.g., `\hobx'), type `I' and the correct
spelling (e.g., `I\hbox'). Otherwise just continue,
and I'll forget about whatever was undefined.

/Users/ashoksaravanan/Coding/ScribeLec/server/output/CS 243/lectures/15L2-SAT/n
otes.tex:196: Undefined control sequence.
l.196 \node
           [anchor=north west] at (axis cs:100, 10^3) {Car repair diagnosis};
The control sequence at the end of the top line
of your error message was never \def'ed. If you have
misspelled it (e.g., `\hobx'), type `I' and the correct
spelling (e.g., `I\hbox'). Otherwise just continue,
and I'll forget about whatever was undefined.

/Users/ashoksaravanan/Coding/ScribeLec/server/output/CS 243/lectures/15L2-SAT/n
otes.tex:197: Undefined control sequence.
l.197 \node
           [anchor=north west] at (axis cs:10000, 10^7) {Deep space mission ...
The control sequence at the end of the top line
of your error message was never \def'ed. If you have
misspelled it (e.g., `\hobx'), type `I' and the correct
spelling (e.g., `I\hbox'). Otherwise just continue,
and I'll forget about whatever was undefined.

/Users/ashoksaravanan/Coding/ScribeLec/server/output/CS 243/lectures/15L2-SAT/n
otes.tex:198: Undefined control sequence.
l.198 \node
           [anchor=north west] at (axis cs:100000, 10^10) {Chess (20 steps d...
The control sequence at the end of the top line
of your error message was never \def'ed. If you have
misspelled it (e.g., `\hobx'), type `I' and the correct
spelling (e.g., `I\hbox'). Otherwise just continue,
and I'll forget about whatever was undefined.

/Users/ashoksaravanan/Coding/ScribeLec/server/output/CS 243/lectures/15L2-SAT/n
otes.tex:199: Undefined control sequence.
l.199 \node
           [anchor=north west] at (axis cs:1000000, 10^15) {Military Logisti...
The control sequence at the end of the top line
of your error message was never \def'ed. If you have
misspelled it (e.g., `\hobx'), type `I' and the correct
spelling (e.g., `I\hbox'). Otherwise just continue,
and I'll forget about whatever was undefined.

/Users/ashoksaravanan/Coding/ScribeLec/server/output/CS 243/lectures/15L2-SAT/n
otes.tex:200: Undefined control sequence.
l.200 \node
           [anchor=north west] at (axis cs:1000000, 10^15) {VLSI Verification};
The control sequence at the end of the top line
of your error message was never \def'ed. If you have
misspelled it (e.g., `\hobx'), type `I' and the correct
spelling (e.g., `I\hbox'). Otherwise just continue,
and I'll forget about whatever was undefined.

/Users/ashoksaravanan/Coding/ScribeLec/server/output/CS 243/lectures/15L2-SAT/n
otes.tex:201: Undefined control sequence.
l.201 \node
           [anchor=north west] at (axis cs:1000000, 10^15) {War Gaming};
The control sequence at the end of the top line
of your error message was never \def'ed. If you have
misspelled it (e.g., `\hobx'), type `I' and the correct
spelling (e.g., `I\hbox'). Otherwise just continue,
and I'll forget about whatever was undefined.


/Users/ashoksaravanan/Coding/ScribeLec/server/output/CS 243/lectures/15L2-SAT/n
otes.tex:202: LaTeX Error: \begin{document} ended by \end{axis}.

See the LaTeX manual or LaTeX Companion for explanation.
Type  H <return>  for immediate help.
 ...                                              
                                                  
l.202 \end{axis}
                
Your command was ignored.
Type  I <command> <return>  to replace it with another command,
or  <return>  to continue without it.

/Users/ashoksaravanan/Coding/ScribeLec/server/output/CS 243/lectures/15L2-SAT/n
otes.tex:202: Missing $ inserted.
<inserted text> 
                $
l.202 \end{axis}
                
I've inserted something that you may have forgotten.
(See the <inserted text> above.)
With luck, this will get me unwedged. But if you
really didn't forget anything, try typing `2' now; then
my insertion and my current dilemma will both disappear.

/Users/ashoksaravanan/Coding/ScribeLec/server/output/CS 243/lectures/15L2-SAT/n
otes.tex:202: Missing } inserted.
<inserted text> 
                }
l.202 \end{axis}
                
I've inserted something that you may have forgotten.
(See the <inserted text> above.)
With luck, this will get me unwedged. But if you
really didn't forget anything, try typing `2' now; then
my insertion and my current dilemma will both disappear.


/Users/ashoksaravanan/Coding/ScribeLec/server/output/CS 243/lectures/15L2-SAT/n
otes.tex:203: LaTeX Error: \begin{document} ended by \end{tikzpicture}.

See the LaTeX manual or LaTeX Companion for explanation.
Type  H <return>  for immediate help.
 ...                                              
                                                  
l.203 \end{tikzpicture}
                       
Your command was ignored.
Type  I <command> <return>  to replace it with another command,
or  <return>  to continue without it.


Overfull \hbox (11.06519pt too wide) in paragraph at lines 170--204
[]\T1/lmr/m/n/10 [ ti-tle=Exponential Com-plex-ity Growth, xla-bel=Exponential 
Com-plex-ity, yla-bel=Case com-plex-ity, xmin=0,
 []


Overfull \hbox (264.22086pt too wide) in paragraph at lines 170--204
\OML/lmm/m/it/10 true; xmajorgrids \OT1/lmr/m/n/10 = \OML/lmm/m/it/10 true; \OT
1/lmr/m/n/10 ][\OML/lmm/m/it/10 domain \OT1/lmr/m/n/10 = 1 : 1000000\OML/lmm/m/
it/10 ; samples \OT1/lmr/m/n/10 = 100][]; []; \OML/lmm/m/it/10 coordinates[]\OT
1/lmr/m/n/10 ; []; [\OML/lmm/m/it/10 anchor \OT1/lmr/m/n/10 =
 []


Overfull \hbox (42.87514pt too wide) in paragraph at lines 170--204
\OML/lmm/m/it/10 northwest\OT1/lmr/m/n/10 ]\OML/lmm/m/it/10 at\OT1/lmr/m/n/10 (
\OML/lmm/m/it/10 axiscs \OT1/lmr/m/n/10 : 100\OML/lmm/m/it/10 ; \OT1/lmr/m/n/10
 10[])[]; [\OML/lmm/m/it/10 anchor \OT1/lmr/m/n/10 = \OML/lmm/m/it/10 northwest
\OT1/lmr/m/n/10 ]\OML/lmm/m/it/10 at\OT1/lmr/m/n/10 (\OML/lmm/m/it/10 axiscs \O
T1/lmr/m/n/10 : 10000\OML/lmm/m/it/10 ; \OT1/lmr/m/n/10 10[])[]; [\OML/lmm/m/it
/10 anchor \OT1/lmr/m/n/10 = \OML/lmm/m/it/10 northwest\OT1/lmr/m/n/10 ]\OML/lm
m/m/it/10 at\OT1/lmr/m/n/10 (\OML/lmm/m/it/10 axiscs \OT1/lmr/m/n/10 :
 []


Overfull \hbox (16.84433pt too wide) in paragraph at lines 170--204
\OT1/lmr/m/n/10 100\OML/lmm/m/it/10 ; \OT1/lmr/m/n/10 10[])[]; [\OML/lmm/m/it/1
0 anchor \OT1/lmr/m/n/10 = \OML/lmm/m/it/10 northwest\OT1/lmr/m/n/10 ]\OML/lmm/
m/it/10 at\OT1/lmr/m/n/10 (\OML/lmm/m/it/10 axiscs \OT1/lmr/m/n/10 : 10000\OML/
lmm/m/it/10 ; \OT1/lmr/m/n/10 10[])[]; [\OML/lmm/m/it/10 anchor \OT1/lmr/m/n/10
 =
 []


Overfull \hbox (114.67752pt too wide) in paragraph at lines 170--204
\OML/lmm/m/it/10 northwest\OT1/lmr/m/n/10 ]\OML/lmm/m/it/10 at\OT1/lmr/m/n/10 (
\OML/lmm/m/it/10 axiscs \OT1/lmr/m/n/10 : 100000\OML/lmm/m/it/10 ; \OT1/lmr/m/n
/10 10[]0)[]; [\OML/lmm/m/it/10 anchor \OT1/lmr/m/n/10 = \OML/lmm/m/it/10 north
west\OT1/lmr/m/n/10 ]\OML/lmm/m/it/10 at\OT1/lmr/m/n/10 (\OML/lmm/m/it/10 axisc
s \OT1/lmr/m/n/10 : 1000000\OML/lmm/m/it/10 ; \OT1/lmr/m/n/10 10[]5)[]; [\OML/l
mm/m/it/10 anchor \OT1/lmr/m/n/10 =
 []


Overfull \hbox (47.20822pt too wide) in paragraph at lines 170--204
\OML/lmm/m/it/10 northwest\OT1/lmr/m/n/10 ]\OML/lmm/m/it/10 at\OT1/lmr/m/n/10 (
\OML/lmm/m/it/10 axiscs \OT1/lmr/m/n/10 : 1000000\OML/lmm/m/it/10 ; \OT1/lmr/m/
n/10 10[]5)[]; [\OML/lmm/m/it/10 anchor \OT1/lmr/m/n/10 = \OML/lmm/m/it/10 nort
hwest\OT1/lmr/m/n/10 ]\OML/lmm/m/it/10 at\OT1/lmr/m/n/10 (\OML/lmm/m/it/10 axis
cs \OT1/lmr/m/n/10 : 1000000\OML/lmm/m/it/10 ; \OT1/lmr/m/n/10 10[]5)[];$
 []


Underfull \hbox (badness 10000) in paragraph at lines 170--204

 []

</Users/ashoksaravanan/Coding/ScribeLec/server/output/CS 243/lectures/15L2-SAT/
figures/4.1.png, id=44, 73.27374pt x 60.225pt>
File: /Users/ashoksaravanan/Coding/ScribeLec/server/output/CS 243/lectures/15L2
-SAT/figures/4.1.png Graphic file (type png)
<use /Users/ashoksaravanan/Coding/ScribeLec/server/output/CS 243/lectures/15L2-
SAT/figures/4.1.png>
Package pdftex.def Info: /Users/ashoksaravanan/Coding/ScribeLec/server/output/C
S 243/lectures/15L2-SAT/figures/4.1.png  used on input line 218.
(pdftex.def)             Requested size: 70.46037pt x 57.91182pt.
</Users/ashoksaravanan/Coding/ScribeLec/server/output/CS 243/lectures/15L2-SAT/
figures/4.2.png, id=45, 82.3075pt x 64.24pt>
File: /Users/ashoksaravanan/Coding/ScribeLec/server/output/CS 243/lectures/15L2
-SAT/figures/4.2.png Graphic file (type png)
<use /Users/ashoksaravanan/Coding/ScribeLec/server/output/CS 243/lectures/15L2-
SAT/figures/4.2.png>
Package pdftex.def Info: /Users/ashoksaravanan/Coding/ScribeLec/server/output/C
S 243/lectures/15L2-SAT/figures/4.2.png  used on input line 224.
(pdftex.def)             Requested size: 70.46037pt x 54.99437pt.
</Users/ashoksaravanan/Coding/ScribeLec/server/output/CS 243/lectures/15L2-SAT/
figures/4.3.png, id=46, 81.30376pt x 57.21375pt>
File: /Users/ashoksaravanan/Coding/ScribeLec/server/output/CS 243/lectures/15L2
-SAT/figures/4.3.png Graphic file (type png)
<use /Users/ashoksaravanan/Coding/ScribeLec/server/output/CS 243/lectures/15L2-
SAT/figures/4.3.png>
Package pdftex.def Info: /Users/ashoksaravanan/Coding/ScribeLec/server/output/C
S 243/lectures/15L2-SAT/figures/4.3.png  used on input line 230.
(pdftex.def)             Requested size: 70.46037pt x 49.58698pt.
</Users/ashoksaravanan/Coding/ScribeLec/server/output/CS 243/lectures/15L2-SAT/
figures/4.4.png, id=47, 82.3075pt x 75.28125pt>
File: /Users/ashoksaravanan/Coding/ScribeLec/server/output/CS 243/lectures/15L2
-SAT/figures/4.4.png Graphic file (type png)
<use /Users/ashoksaravanan/Coding/ScribeLec/server/output/CS 243/lectures/15L2-
SAT/figures/4.4.png>
Package pdftex.def Info: /Users/ashoksaravanan/Coding/ScribeLec/server/output/C
S 243/lectures/15L2-SAT/figures/4.4.png  used on input line 236.
(pdftex.def)             Requested size: 70.46037pt x 64.44653pt.
</Users/ashoksaravanan/Coding/ScribeLec/server/output/CS 243/lectures/15L2-SAT/
figures/4.5.png, id=48, 100.375pt x 69.25874pt>
File: /Users/ashoksaravanan/Coding/ScribeLec/server/output/CS 243/lectures/15L2
-SAT/figures/4.5.png Graphic file (type png)
<use /Users/ashoksaravanan/Coding/ScribeLec/server/output/CS 243/lectures/15L2-
SAT/figures/4.5.png>
Package pdftex.def Info: /Users/ashoksaravanan/Coding/ScribeLec/server/output/C
S 243/lectures/15L2-SAT/figures/4.5.png  used on input line 242.
(pdftex.def)             Requested size: 70.46037pt x 48.62027pt.
[4{/usr/local/texlive/2024/texmf-dist/fonts/enc/dvips/lm/lm-rm.enc}{/usr/local/
texlive/2024/texmf-dist/fonts/enc/dvips/lm/lm-mathit.enc} </Users/ashoksaravana
n/Coding/ScribeLec/server/output/CS 243/lectures/15L2-SAT/figures/4.1.png (PNG 
copy)> </Users/ashoksaravanan/Coding/ScribeLec/server/output/CS 243/lectures/15
L2-SAT/figures/4.2.png (PNG copy)> </Users/ashoksaravanan/Coding/ScribeLec/serv
er/output/CS 243/lectures/15L2-SAT/figures/4.3.png (PNG copy)> </Users/ashoksar
avanan/Coding/ScribeLec/server/output/CS 243/lectures/15L2-SAT/figures/4.4.png 
(PNG copy)> </Users/ashoksaravanan/Coding/ScribeLec/server/output/CS 243/lectur
es/15L2-SAT/figures/4.5.png (PNG copy)>] [5{/usr/local/texlive/2024/texmf-dist/
fonts/enc/dvips/lm/lm-ts1.enc}] [6] [7] [8] [9] [10]
/Users/ashoksaravanan/Coding/ScribeLec/server/output/CS 243/lectures/15L2-SAT/n
otes.tex:376: Misplaced alignment tab character &.
l.376     \item Make &
                       2000-5000 decisions/second \\
I can't figure out why you would want to use a tab mark
here. If you just want an ampersand, the remedy is
simple: Just type `I\&' now. But if some right brace
up above has ended a previous alignment prematurely,
you're probably due for more error messages, and you
might try typing `S' now just to see what is salvageable.


Underfull \hbox (badness 10000) in paragraph at lines 376--377

 []

/Users/ashoksaravanan/Coding/ScribeLec/server/output/CS 243/lectures/15L2-SAT/n
otes.tex:377: Misplaced alignment tab character &.
l.377     \item Deduce &
                         600-1000 conflicts/second \\
I can't figure out why you would want to use a tab mark
here. If you just want an ampersand, the remedy is
simple: Just type `I\&' now. But if some right brace
up above has ended a previous alignment prematurely,
you're probably due for more error messages, and you
might try typing `S' now just to see what is salvageable.


Underfull \hbox (badness 10000) in paragraph at lines 377--378

 []

/Users/ashoksaravanan/Coding/ScribeLec/server/output/CS 243/lectures/15L2-SAT/n
otes.tex:378: Misplaced alignment tab character &.
l.378     \item Learn &
                        600-1000 clauses/second (\#clauses grows rapidly) \\
I can't figure out why you would want to use a tab mark
here. If you just want an ampersand, the remedy is
simple: Just type `I\&' now. But if some right brace
up above has ended a previous alignment prematurely,
you're probably due for more error messages, and you
might try typing `S' now just to see what is salvageable.


Underfull \hbox (badness 10000) in paragraph at lines 378--379

 []

/Users/ashoksaravanan/Coding/ScribeLec/server/output/CS 243/lectures/15L2-SAT/n
otes.tex:379: Misplaced alignment tab character &.
l.379     \item Restart &
                          every 1-2 seconds (aggressive restarts)
I can't figure out why you would want to use a tab mark
here. If you just want an ampersand, the remedy is
simple: Just type `I\&' now. But if some right brace
up above has ended a previous alignment prematurely,
you're probably due for more error messages, and you
might try typing `S' now just to see what is salvageable.

/Users/ashoksaravanan/Coding/ScribeLec/server/output/CS 243/lectures/15L2-SAT/n
otes.tex:383: You can't use `macro parameter character #' in horizontal mode.
l.383 ...value of 170,000 variables. The phrase "#
                                                  clauses grows rapidly" sug...
Sorry, but I'm not programmed to handle this case;
I'll just pretend that you didn't ask for it.
If you're in the wrong mode, you might be able to
return to the right one by typing `I}' or `I$' or `I\par'.

[11] [12] [13] [14] [15] [16] [17]
/Users/ashoksaravanan/Coding/ScribeLec/server/output/CS 243/lectures/15L2-SAT/n
otes.tex:590: Missing $ inserted.
<inserted text> 
                $
l.590 ...ents a recursive algorithm called `Naive_
                                                  SAT` for solving the Satis...
I've inserted a begin-math/end-math symbol since I think
you left one out. Proceed, with fingers crossed.

/Users/ashoksaravanan/Coding/ScribeLec/server/output/CS 243/lectures/15L2-SAT/n
otes.tex:590: Missing $ inserted.
<inserted text> 
                $
l.590 ...e input is a propositional formula ($\phi
                                                  $) defined over a set of v...
I've inserted a begin-math/end-math symbol since I think
you left one out. Proceed, with fingers crossed.

/Users/ashoksaravanan/Coding/ScribeLec/server/output/CS 243/lectures/15L2-SAT/n
otes.tex:590: Missing $ inserted.
<inserted text> 
                $
l.590 ...atisfies the formula $\phi$.  The `Naive_
                                                  SAT` function recursively ...
I've inserted a begin-math/end-math symbol since I think
you left one out. Proceed, with fingers crossed.

/Users/ashoksaravanan/Coding/ScribeLec/server/output/CS 243/lectures/15L2-SAT/n
otes.tex:590: Missing $ inserted.
<inserted text> 
                $
l.590 ...e_SAT` with the simplified formula ($\phi
                                                  |_p$) and the updated assi...
I've inserted a begin-math/end-math symbol since I think
you left one out. Proceed, with fingers crossed.

/Users/ashoksaravanan/Coding/ScribeLec/server/output/CS 243/lectures/15L2-SAT/n
otes.tex:590: Missing $ inserted.
<inserted text> 
                $
l.590 ... to false and recursively calling `Naive_
                                                  SAT` with the simplified f...
I've inserted a begin-math/end-math symbol since I think
you left one out. Proceed, with fingers crossed.

/Users/ashoksaravanan/Coding/ScribeLec/server/output/CS 243/lectures/15L2-SAT/n
otes.tex:590: Missing $ inserted.
<inserted text> 
                $
l.590 ...e_SAT` with the simplified formula ($\phi
                                                  |_{\neg p}$) and the updat...
I've inserted a begin-math/end-math symbol since I think
you left one out. Proceed, with fingers crossed.


Overfull \hbox (139.3511pt too wide) in paragraph at lines 590--591
\T1/lmr/m/n/10 This slide presents a re-cur-sive al-go-rithm called `Naive$[]\O
ML/lmm/m/it/10 AT\OT1/lmr/m/n/10 `\OML/lmm/m/it/10 forsolvingtheSatisfiability\
OT1/lmr/m/n/10 (\OML/lmm/m/it/10 SAT\OT1/lmr/m/n/10 )\OML/lmm/m/it/10 problem:T
heinputisapropositionalformula\OT1/lmr/m/n/10 ($$\OML/lmm/m/it/10 $\T1/lmr/m/n
/10 )
 []


Overfull \hbox (829.49048pt too wide) in paragraph at lines 590--591
\T1/lmr/m/n/10 `Naive$[]\OML/lmm/m/it/10 AT\OT1/lmr/m/n/10 `\OML/lmm/m/it/10 fu
nctionrecursivelyexplorespossibleassignments:Itfirstchecksiftheformulaisalready
triviallysatisfiable\OT1/lmr/m/n/10 (\OML/lmm/m/it/10 everyclausehasatruelitera
l\OT1/lmr/m/n/10 )\OML/lmm/m/it/10 orunsatisfiable\OT1/lmr/m/n/10 (\OML/lmm/m/i
t/10 everyclausehasallfalseliterals\OT1/lmr/m/n/10 )\OML/lmm/m/it/10 :Ifneither
oftheseconditionsholds; itselectsanunassignedvariable\OT1/lmr/m/n/10 ($\T1/lmr/
m/n/10 p$\OT1/lmr/m/n/10 )\OML/lmm/m/it/10 andexplorestwopossibilities \OT1/lmr
/m/n/10 :
 []


Overfull \hbox (2.87111pt too wide) in paragraph at lines 590--591
\OML/lmm/m/it/10 assigning$\T1/lmr/m/n/10 p$\OML/lmm/m/it/10 totrueandrecursive
lycalling\OT1/lmr/m/n/10 `\OML/lmm/m/it/10 Naive[]AT\OT1/lmr/m/n/10 `\OML/lmm/m
/it/10 withthesimplifiedformula\OT1/lmr/m/n/10 ($$\OML/lmm/m/it/10 \OMS/lmsy/m
/n/10 j[]$\T1/lmr/m/n/10 ) and the up-dated as-sign-
 []

</Users/ashoksaravanan/Coding/ScribeLec/server/output/CS 243/lectures/15L2-SAT/
figures/18.1.png, id=184, 609.27625pt x 469.755pt>
File: /Users/ashoksaravanan/Coding/ScribeLec/server/output/CS 243/lectures/15L2
-SAT/figures/18.1.png Graphic file (type png)
<use /Users/ashoksaravanan/Coding/ScribeLec/server/output/CS 243/lectures/15L2-
SAT/figures/18.1.png>
Package pdftex.def Info: /Users/ashoksaravanan/Coding/ScribeLec/server/output/C
S 243/lectures/15L2-SAT/figures/18.1.png  used on input line 596.
(pdftex.def)             Requested size: 70.46037pt x 54.32532pt.
[18 </Users/ashoksaravanan/Coding/ScribeLec/server/output/CS 243/lectures/15L2-
SAT/figures/18.1.png (PNG copy)>] [19] [20]
</Users/ashoksaravanan/Coding/ScribeLec/server/output/CS 243/lectures/15L2-SAT/
figures/21.1.png, id=213, 599.23875pt x 449.68pt>
File: /Users/ashoksaravanan/Coding/ScribeLec/server/output/CS 243/lectures/15L2
-SAT/figures/21.1.png Graphic file (type png)
<use /Users/ashoksaravanan/Coding/ScribeLec/server/output/CS 243/lectures/15L2-
SAT/figures/21.1.png>
Package pdftex.def Info: /Users/ashoksaravanan/Coding/ScribeLec/server/output/C
S 243/lectures/15L2-SAT/figures/21.1.png  used on input line 685.
(pdftex.def)             Requested size: 70.46037pt x 52.86827pt.
 [21 </Users/ashoksaravanan/Coding/ScribeLec/server/output/CS 243/lectures/15L2
-SAT/figures/21.1.png (PNG copy)>]
</Users/ashoksaravanan/Coding/ScribeLec/server/output/CS 243/lectures/15L2-SAT/
figures/22.1.png, id=223, 601.24625pt x 376.40625pt>
File: /Users/ashoksaravanan/Coding/ScribeLec/server/output/CS 243/lectures/15L2
-SAT/figures/22.1.png Graphic file (type png)
<use /Users/ashoksaravanan/Coding/ScribeLec/server/output/CS 243/lectures/15L2-
SAT/figures/22.1.png>
Package pdftex.def Info: /Users/ashoksaravanan/Coding/ScribeLec/server/output/C
S 243/lectures/15L2-SAT/figures/22.1.png  used on input line 716.
(pdftex.def)             Requested size: 70.46037pt x 44.10999pt.

[22 </Users/ashoksaravanan/Coding/ScribeLec/server/output/CS 243/lectures/15L2-
SAT/figures/22.1.png (PNG copy)>]
</Users/ashoksaravanan/Coding/ScribeLec/server/output/CS 243/lectures/15L2-SAT/
figures/23.1.png, id=233, 601.24625pt x 306.14375pt>
File: /Users/ashoksaravanan/Coding/ScribeLec/server/output/CS 243/lectures/15L2
-SAT/figures/23.1.png Graphic file (type png)
<use /Users/ashoksaravanan/Coding/ScribeLec/server/output/CS 243/lectures/15L2-
SAT/figures/23.1.png>
Package pdftex.def Info: /Users/ashoksaravanan/Coding/ScribeLec/server/output/C
S 243/lectures/15L2-SAT/figures/23.1.png  used on input line 734.
(pdftex.def)             Requested size: 70.46037pt x 35.87613pt.
 [23 </Users/ashoksaravanan/Coding/ScribeLec/server/output/CS 243/lectures/15L2
-SAT/figures/23.1.png (PNG copy)>]
</Users/ashoksaravanan/Coding/ScribeLec/server/output/CS 243/lectures/15L2-SAT/
figures/24.1.png, id=243, 601.24625pt x 306.14375pt>
File: /Users/ashoksaravanan/Coding/ScribeLec/server/output/CS 243/lectures/15L2
-SAT/figures/24.1.png Graphic file (type png)
<use /Users/ashoksaravanan/Coding/ScribeLec/server/output/CS 243/lectures/15L2-
SAT/figures/24.1.png>
Package pdftex.def Info: /Users/ashoksaravanan/Coding/ScribeLec/server/output/C
S 243/lectures/15L2-SAT/figures/24.1.png  used on input line 752.
(pdftex.def)             Requested size: 70.46037pt x 35.87613pt.
</Users/ashoksaravanan/Coding/ScribeLec/server/output/CS 243/lectures/15L2-SAT/
figures/24.2.png, id=244, 601.24625pt x 398.48875pt>
File: /Users/ashoksaravanan/Coding/ScribeLec/server/output/CS 243/lectures/15L2
-SAT/figures/24.2.png Graphic file (type png)
<use /Users/ashoksaravanan/Coding/ScribeLec/server/output/CS 243/lectures/15L2-
SAT/figures/24.2.png>
Package pdftex.def Info: /Users/ashoksaravanan/Coding/ScribeLec/server/output/C
S 243/lectures/15L2-SAT/figures/24.2.png  used on input line 758.
(pdftex.def)             Requested size: 70.46037pt x 46.69778pt.
 [24 </Users/ashoksaravanan/Coding/ScribeLec/server/output/CS 243/lectures/15L2
-SAT/figures/24.1.png (PNG copy)> </Users/ashoksaravanan/Coding/ScribeLec/serve
r/output/CS 243/lectures/15L2-SAT/figures/24.2.png (PNG copy)>]

/Users/ashoksaravanan/Coding/ScribeLec/server/output/CS 243/lectures/15L2-SAT/n
otes.tex:782: LaTeX Error: Environment tikzpicture undefined.

See the LaTeX manual or LaTeX Companion for explanation.
Type  H <return>  for immediate help.
 ...                                              
                                                  
l.782 \begin{tikzpicture}
                         [node distance=1cm]
Your command was ignored.
Type  I <command> <return>  to replace it with another command,
or  <return>  to continue without it.

/Users/ashoksaravanan/Coding/ScribeLec/server/output/CS 243/lectures/15L2-SAT/n
otes.tex:783: Undefined control sequence.
l.783     \node
               [circle, draw, fill=lightgray!20] (root) {0};
The control sequence at the end of the top line
of your error message was never \def'ed. If you have
misspelled it (e.g., `\hobx'), type `I' and the correct
spelling (e.g., `I\hbox'). Otherwise just continue,
and I'll forget about whatever was undefined.

/Users/ashoksaravanan/Coding/ScribeLec/server/output/CS 243/lectures/15L2-SAT/n
otes.tex:784: Undefined control sequence.
l.784     \node
               [circle, draw, fill=lightgray!20, right of=root] (a) {a};
The control sequence at the end of the top line
of your error message was never \def'ed. If you have
misspelled it (e.g., `\hobx'), type `I' and the correct
spelling (e.g., `I\hbox'). Otherwise just continue,
and I'll forget about whatever was undefined.

/Users/ashoksaravanan/Coding/ScribeLec/server/output/CS 243/lectures/15L2-SAT/n
otes.tex:785: Undefined control sequence.
l.785     \node
               [circle, draw, fill=lightgray!20, below of=a] (b) {b};
The control sequence at the end of the top line
of your error message was never \def'ed. If you have
misspelled it (e.g., `\hobx'), type `I' and the correct
spelling (e.g., `I\hbox'). Otherwise just continue,
and I'll forget about whatever was undefined.

/Users/ashoksaravanan/Coding/ScribeLec/server/output/CS 243/lectures/15L2-SAT/n
otes.tex:786: Undefined control sequence.
l.786     \node
               [circle, draw, fill=lightgray!20, below of=b] (c) {c};
The control sequence at the end of the top line
of your error message was never \def'ed. If you have
misspelled it (e.g., `\hobx'), type `I' and the correct
spelling (e.g., `I\hbox'). Otherwise just continue,
and I'll forget about whatever was undefined.

/Users/ashoksaravanan/Coding/ScribeLec/server/output/CS 243/lectures/15L2-SAT/n
otes.tex:787: Undefined control sequence.
l.787     \draw
               [->] (root) -- (a);
The control sequence at the end of the top line
of your error message was never \def'ed. If you have
misspelled it (e.g., `\hobx'), type `I' and the correct
spelling (e.g., `I\hbox'). Otherwise just continue,
and I'll forget about whatever was undefined.

/Users/ashoksaravanan/Coding/ScribeLec/server/output/CS 243/lectures/15L2-SAT/n
otes.tex:788: Undefined control sequence.
l.788     \draw
               [->] (a) -- (b);
The control sequence at the end of the top line
of your error message was never \def'ed. If you have
misspelled it (e.g., `\hobx'), type `I' and the correct
spelling (e.g., `I\hbox'). Otherwise just continue,
and I'll forget about whatever was undefined.

/Users/ashoksaravanan/Coding/ScribeLec/server/output/CS 243/lectures/15L2-SAT/n
otes.tex:789: Undefined control sequence.
l.789     \draw
               [->] (b) -- (c);
The control sequence at the end of the top line
of your error message was never \def'ed. If you have
misspelled it (e.g., `\hobx'), type `I' and the correct
spelling (e.g., `I\hbox'). Otherwise just continue,
and I'll forget about whatever was undefined.

/Users/ashoksaravanan/Coding/ScribeLec/server/output/CS 243/lectures/15L2-SAT/n
otes.tex:790: Undefined control sequence.
l.790     \node
               [below of=c, xshift=1cm] {0};
The control sequence at the end of the top line
of your error message was never \def'ed. If you have
misspelled it (e.g., `\hobx'), type `I' and the correct
spelling (e.g., `I\hbox'). Otherwise just continue,
and I'll forget about whatever was undefined.

/Users/ashoksaravanan/Coding/ScribeLec/server/output/CS 243/lectures/15L2-SAT/n
otes.tex:791: Undefined control sequence.
l.791     \node
               [below of=c, xshift=1cm] {0};
The control sequence at the end of the top line
of your error message was never \def'ed. If you have
misspelled it (e.g., `\hobx'), type `I' and the correct
spelling (e.g., `I\hbox'). Otherwise just continue,
and I'll forget about whatever was undefined.

/Users/ashoksaravanan/Coding/ScribeLec/server/output/CS 243/lectures/15L2-SAT/n
otes.tex:792: Undefined control sequence.
l.792     \node
               [below of=c, xshift=1cm] {0};
The control sequence at the end of the top line
of your error message was never \def'ed. If you have
misspelled it (e.g., `\hobx'), type `I' and the correct
spelling (e.g., `I\hbox'). Otherwise just continue,
and I'll forget about whatever was undefined.

/Users/ashoksaravanan/Coding/ScribeLec/server/output/CS 243/lectures/15L2-SAT/n
otes.tex:793: Undefined control sequence.
l.793     \node
               [below of=c, xshift=1cm, red, rectangle, minimum width=1cm, m...
The control sequence at the end of the top line
of your error message was never \def'ed. If you have
misspelled it (e.g., `\hobx'), type `I' and the correct
spelling (e.g., `I\hbox'). Otherwise just continue,
and I'll forget about whatever was undefined.

/Users/ashoksaravanan/Coding/ScribeLec/server/output/CS 243/lectures/15L2-SAT/n
otes.tex:794: Undefined control sequence.
l.794     \node
               [below right of=c, yshift=-0.5cm] {← Backtrack};
The control sequence at the end of the top line
of your error message was never \def'ed. If you have
misspelled it (e.g., `\hobx'), type `I' and the correct
spelling (e.g., `I\hbox'). Otherwise just continue,
and I'll forget about whatever was undefined.


/Users/ashoksaravanan/Coding/ScribeLec/server/output/CS 243/lectures/15L2-SAT/n
otes.tex:795: LaTeX Error: \begin{document} ended by \end{tikzpicture}.

See the LaTeX manual or LaTeX Companion for explanation.
Type  H <return>  for immediate help.
 ...                                              
                                                  
l.795 \end{tikzpicture}
                       
Your command was ignored.
Type  I <command> <return>  to replace it with another command,
or  <return>  to continue without it.


Overfull \hbox (1.19936pt too wide) in paragraph at lines 782--797
[]\T1/lmr/m/n/10 [node dis-tance=1cm] [cir-cle, draw, fill=lightgray!20] (root)
 0; [cir-cle, draw, fill=lightgray!20, right of=root]
 []

</Users/ashoksaravanan/Coding/ScribeLec/server/output/CS 243/lectures/15L2-SAT/
figures/25.1.png, id=254, 601.24625pt x 306.14375pt>
File: /Users/ashoksaravanan/Coding/ScribeLec/server/output/CS 243/lectures/15L2
-SAT/figures/25.1.png Graphic file (type png)
<use /Users/ashoksaravanan/Coding/ScribeLec/server/output/CS 243/lectures/15L2-
SAT/figures/25.1.png>
Package pdftex.def Info: /Users/ashoksaravanan/Coding/ScribeLec/server/output/C
S 243/lectures/15L2-SAT/figures/25.1.png  used on input line 804.
(pdftex.def)             Requested size: 70.46037pt x 35.87613pt.
</Users/ashoksaravanan/Coding/ScribeLec/server/output/CS 243/lectures/15L2-SAT/
figures/25.2.png, id=255, 601.24625pt x 377.41pt>
File: /Users/ashoksaravanan/Coding/ScribeLec/server/output/CS 243/lectures/15L2
-SAT/figures/25.2.png Graphic file (type png)
<use /Users/ashoksaravanan/Coding/ScribeLec/server/output/CS 243/lectures/15L2-
SAT/figures/25.2.png>
Package pdftex.def Info: /Users/ashoksaravanan/Coding/ScribeLec/server/output/C
S 243/lectures/15L2-SAT/figures/25.2.png  used on input line 810.
(pdftex.def)             Requested size: 70.46037pt x 44.22762pt.
[25 </Users/ashoksaravanan/Coding/ScribeLec/server/output/CS 243/lectures/15L2-
SAT/figures/25.1.png (PNG copy)> </Users/ashoksaravanan/Coding/ScribeLec/server
/output/CS 243/lectures/15L2-SAT/figures/25.2.png (PNG copy)>]

/Users/ashoksaravanan/Coding/ScribeLec/server/output/CS 243/lectures/15L2-SAT/n
otes.tex:834: LaTeX Error: Environment tikzpicture undefined.

See the LaTeX manual or LaTeX Companion for explanation.
Type  H <return>  for immediate help.
 ...                                              
                                                  
l.834 \begin{tikzpicture}
                         [node distance=1cm]
Your command was ignored.
Type  I <command> <return>  to replace it with another command,
or  <return>  to continue without it.

/Users/ashoksaravanan/Coding/ScribeLec/server/output/CS 243/lectures/15L2-SAT/n
otes.tex:835: Undefined control sequence.
l.835     \node
               [circle, draw, fill=lightgray!20] (root) {0};
The control sequence at the end of the top line
of your error message was never \def'ed. If you have
misspelled it (e.g., `\hobx'), type `I' and the correct
spelling (e.g., `I\hbox'). Otherwise just continue,
and I'll forget about whatever was undefined.

/Users/ashoksaravanan/Coding/ScribeLec/server/output/CS 243/lectures/15L2-SAT/n
otes.tex:836: Undefined control sequence.
l.836     \node
               [circle, draw, fill=lightgray!20, right of=root] (a) {a};
The control sequence at the end of the top line
of your error message was never \def'ed. If you have
misspelled it (e.g., `\hobx'), type `I' and the correct
spelling (e.g., `I\hbox'). Otherwise just continue,
and I'll forget about whatever was undefined.

/Users/ashoksaravanan/Coding/ScribeLec/server/output/CS 243/lectures/15L2-SAT/n
otes.tex:837: Undefined control sequence.
l.837     \node
               [circle, draw, fill=lightgray!20, below left of=a] (b) {b};
The control sequence at the end of the top line
of your error message was never \def'ed. If you have
misspelled it (e.g., `\hobx'), type `I' and the correct
spelling (e.g., `I\hbox'). Otherwise just continue,
and I'll forget about whatever was undefined.

/Users/ashoksaravanan/Coding/ScribeLec/server/output/CS 243/lectures/15L2-SAT/n
otes.tex:838: Undefined control sequence.
l.838     \node
               [circle, draw, fill=lightgray!20, below of=b] (c) {c};
The control sequence at the end of the top line
of your error message was never \def'ed. If you have
misspelled it (e.g., `\hobx'), type `I' and the correct
spelling (e.g., `I\hbox'). Otherwise just continue,
and I'll forget about whatever was undefined.

/Users/ashoksaravanan/Coding/ScribeLec/server/output/CS 243/lectures/15L2-SAT/n
otes.tex:839: Undefined control sequence.
l.839     \draw
               [->] (root) -- (a);
The control sequence at the end of the top line
of your error message was never \def'ed. If you have
misspelled it (e.g., `\hobx'), type `I' and the correct
spelling (e.g., `I\hbox'). Otherwise just continue,
and I'll forget about whatever was undefined.

/Users/ashoksaravanan/Coding/ScribeLec/server/output/CS 243/lectures/15L2-SAT/n
otes.tex:840: Undefined control sequence.
l.840     \draw
               [->] (a) -- (b);
The control sequence at the end of the top line
of your error message was never \def'ed. If you have
misspelled it (e.g., `\hobx'), type `I' and the correct
spelling (e.g., `I\hbox'). Otherwise just continue,
and I'll forget about whatever was undefined.

/Users/ashoksaravanan/Coding/ScribeLec/server/output/CS 243/lectures/15L2-SAT/n
otes.tex:841: Undefined control sequence.
l.841     \draw
               [->] (b) -- (c);
The control sequence at the end of the top line
of your error message was never \def'ed. If you have
misspelled it (e.g., `\hobx'), type `I' and the correct
spelling (e.g., `I\hbox'). Otherwise just continue,
and I'll forget about whatever was undefined.

/Users/ashoksaravanan/Coding/ScribeLec/server/output/CS 243/lectures/15L2-SAT/n
otes.tex:842: Undefined control sequence.
l.842     \node
               [below of=c, xshift=0.5cm, yshift=-0.5cm] {0};
The control sequence at the end of the top line
of your error message was never \def'ed. If you have
misspelled it (e.g., `\hobx'), type `I' and the correct
spelling (e.g., `I\hbox'). Otherwise just continue,
and I'll forget about whatever was undefined.

/Users/ashoksaravanan/Coding/ScribeLec/server/output/CS 243/lectures/15L2-SAT/n
otes.tex:843: Undefined control sequence.
l.843     \node
               [below of=c, xshift=0.5cm, yshift=-0.5cm, red, rectangle, min...
The control sequence at the end of the top line
of your error message was never \def'ed. If you have
misspelled it (e.g., `\hobx'), type `I' and the correct
spelling (e.g., `I\hbox'). Otherwise just continue,
and I'll forget about whatever was undefined.

/Users/ashoksaravanan/Coding/ScribeLec/server/output/CS 243/lectures/15L2-SAT/n
otes.tex:844: Undefined control sequence.
l.844     \node
               [below right of=c, yshift=-0.5cm, xshift=0.5cm] {1};
The control sequence at the end of the top line
of your error message was never \def'ed. If you have
misspelled it (e.g., `\hobx'), type `I' and the correct
spelling (e.g., `I\hbox'). Otherwise just continue,
and I'll forget about whatever was undefined.

/Users/ashoksaravanan/Coding/ScribeLec/server/output/CS 243/lectures/15L2-SAT/n
otes.tex:845: Undefined control sequence.
l.845     \node
               [below right of=c, yshift=-0.5cm, xshift=1.5cm] {← Forced D...
The control sequence at the end of the top line
of your error message was never \def'ed. If you have
misspelled it (e.g., `\hobx'), type `I' and the correct
spelling (e.g., `I\hbox'). Otherwise just continue,
and I'll forget about whatever was undefined.

/Users/ashoksaravanan/Coding/ScribeLec/server/output/CS 243/lectures/15L2-SAT/n
otes.tex:846: Undefined control sequence.
l.846     \node
               [below right of=c, yshift=-1.5cm, xshift=1.5cm, circle, draw,...
The control sequence at the end of the top line
of your error message was never \def'ed. If you have
misspelled it (e.g., `\hobx'), type `I' and the correct
spelling (e.g., `I\hbox'). Otherwise just continue,
and I'll forget about whatever was undefined.

/Users/ashoksaravanan/Coding/ScribeLec/server/output/CS 243/lectures/15L2-SAT/n
otes.tex:847: Undefined control sequence.
l.847     \node
               [below right of=c, yshift=-1.5cm, xshift=2.5cm, circle, draw,...
The control sequence at the end of the top line
of your error message was never \def'ed. If you have
misspelled it (e.g., `\hobx'), type `I' and the correct
spelling (e.g., `I\hbox'). Otherwise just continue,
and I'll forget about whatever was undefined.

/Users/ashoksaravanan/Coding/ScribeLec/server/output/CS 243/lectures/15L2-SAT/n
otes.tex:848: Undefined control sequence.
l.848     \node
               [below right of=d1, xshift=-1cm] {Conflict!};
The control sequence at the end of the top line
of your error message was never \def'ed. If you have
misspelled it (e.g., `\hobx'), type `I' and the correct
spelling (e.g., `I\hbox'). Otherwise just continue,
and I'll forget about whatever was undefined.

/Users/ashoksaravanan/Coding/ScribeLec/server/output/CS 243/lectures/15L2-SAT/n
otes.tex:849: Undefined control sequence.
l.849     \draw
               [->] (c) -- (a0);
The control sequence at the end of the top line
of your error message was never \def'ed. If you have
misspelled it (e.g., `\hobx'), type `I' and the correct
spelling (e.g., `I\hbox'). Otherwise just continue,
and I'll forget about whatever was undefined.

/Users/ashoksaravanan/Coding/ScribeLec/server/output/CS 243/lectures/15L2-SAT/n
otes.tex:850: Undefined control sequence.
l.850     \draw
               [->] (c) -- (d1);
The control sequence at the end of the top line
of your error message was never \def'ed. If you have
misspelled it (e.g., `\hobx'), type `I' and the correct
spelling (e.g., `I\hbox'). Otherwise just continue,
and I'll forget about whatever was undefined.

/Users/ashoksaravanan/Coding/ScribeLec/server/output/CS 243/lectures/15L2-SAT/n
otes.tex:851: Undefined control sequence.
l.851     \node
               [below right of=a0, xshift=-0.5cm] {(a + c + d)};
The control sequence at the end of the top line
of your error message was never \def'ed. If you have
misspelled it (e.g., `\hobx'), type `I' and the correct
spelling (e.g., `I\hbox'). Otherwise just continue,
and I'll forget about whatever was undefined.

/Users/ashoksaravanan/Coding/ScribeLec/server/output/CS 243/lectures/15L2-SAT/n
otes.tex:852: Undefined control sequence.
l.852     \node
               [below right of=d1, xshift=-0.5cm] {(a + c + d')};
The control sequence at the end of the top line
of your error message was never \def'ed. If you have
misspelled it (e.g., `\hobx'), type `I' and the correct
spelling (e.g., `I\hbox'). Otherwise just continue,
and I'll forget about whatever was undefined.


/Users/ashoksaravanan/Coding/ScribeLec/server/output/CS 243/lectures/15L2-SAT/n
otes.tex:853: LaTeX Error: \begin{document} ended by \end{tikzpicture}.

See the LaTeX manual or LaTeX Companion for explanation.
Type  H <return>  for immediate help.
 ...                                              
                                                  
l.853 \end{tikzpicture}
                       
Your command was ignored.
Type  I <command> <return>  to replace it with another command,
or  <return>  to continue without it.


Overfull \hbox (1.19936pt too wide) in paragraph at lines 834--855
[]\T1/lmr/m/n/10 [node dis-tance=1cm] [cir-cle, draw, fill=lightgray!20] (root)
 0; [cir-cle, draw, fill=lightgray!20, right of=root]
 []

</Users/ashoksaravanan/Coding/ScribeLec/server/output/CS 243/lectures/15L2-SAT/
figures/26.1.png, id=267, 601.24625pt x 306.14375pt>
File: /Users/ashoksaravanan/Coding/ScribeLec/server/output/CS 243/lectures/15L2
-SAT/figures/26.1.png Graphic file (type png)
<use /Users/ashoksaravanan/Coding/ScribeLec/server/output/CS 243/lectures/15L2-
SAT/figures/26.1.png>
Package pdftex.def Info: /Users/ashoksaravanan/Coding/ScribeLec/server/output/C
S 243/lectures/15L2-SAT/figures/26.1.png  used on input line 862.
(pdftex.def)             Requested size: 70.46037pt x 35.87613pt.
</Users/ashoksaravanan/Coding/ScribeLec/server/output/CS 243/lectures/15L2-SAT/
figures/26.2.png, id=268, 601.24625pt x 377.41pt>
File: /Users/ashoksaravanan/Coding/ScribeLec/server/output/CS 243/lectures/15L2
-SAT/figures/26.2.png Graphic file (type png)
<use /Users/ashoksaravanan/Coding/ScribeLec/server/output/CS 243/lectures/15L2-
SAT/figures/26.2.png>
Package pdftex.def Info: /Users/ashoksaravanan/Coding/ScribeLec/server/output/C
S 243/lectures/15L2-SAT/figures/26.2.png  used on input line 868.
(pdftex.def)             Requested size: 70.46037pt x 44.22762pt.
</Users/ashoksaravanan/Coding/ScribeLec/server/output/CS 243/lectures/15L2-SAT/
figures/26.3.png, id=269, 601.24625pt x 389.455pt>
File: /Users/ashoksaravanan/Coding/ScribeLec/server/output/CS 243/lectures/15L2
-SAT/figures/26.3.png Graphic file (type png)
<use /Users/ashoksaravanan/Coding/ScribeLec/server/output/CS 243/lectures/15L2-
SAT/figures/26.3.png>
Package pdftex.def Info: /Users/ashoksaravanan/Coding/ScribeLec/server/output/C
S 243/lectures/15L2-SAT/figures/26.3.png  used on input line 874.
(pdftex.def)             Requested size: 70.46037pt x 45.63914pt.
[26 </Users/ashoksaravanan/Coding/ScribeLec/server/output/CS 243/lectures/15L2-
SAT/figures/26.1.png (PNG copy)> </Users/ashoksaravanan/Coding/ScribeLec/server
/output/CS 243/lectures/15L2-SAT/figures/26.2.png (PNG copy)> </Users/ashoksara
vanan/Coding/ScribeLec/server/output/CS 243/lectures/15L2-SAT/figures/26.3.png 
(PNG copy)>]

/Users/ashoksaravanan/Coding/ScribeLec/server/output/CS 243/lectures/15L2-SAT/n
otes.tex:898: LaTeX Error: Environment tikzpicture undefined.

See the LaTeX manual or LaTeX Companion for explanation.
Type  H <return>  for immediate help.
 ...                                              
                                                  
l.898 \begin{tikzpicture}
                         [node distance=1cm]
Your command was ignored.
Type  I <command> <return>  to replace it with another command,
or  <return>  to continue without it.

/Users/ashoksaravanan/Coding/ScribeLec/server/output/CS 243/lectures/15L2-SAT/n
otes.tex:899: Undefined control sequence.
l.899     \node
               [circle, draw, fill=lightgray!20] (root) {};
The control sequence at the end of the top line
of your error message was never \def'ed. If you have
misspelled it (e.g., `\hobx'), type `I' and the correct
spelling (e.g., `I\hbox'). Otherwise just continue,
and I'll forget about whatever was undefined.

/Users/ashoksaravanan/Coding/ScribeLec/server/output/CS 243/lectures/15L2-SAT/n
otes.tex:900: Undefined control sequence.
l.900     \node
               [circle, draw, fill=lightgray!20, right of=root] (a) {$a$};
The control sequence at the end of the top line
of your error message was never \def'ed. If you have
misspelled it (e.g., `\hobx'), type `I' and the correct
spelling (e.g., `I\hbox'). Otherwise just continue,
and I'll forget about whatever was undefined.

/Users/ashoksaravanan/Coding/ScribeLec/server/output/CS 243/lectures/15L2-SAT/n
otes.tex:901: Undefined control sequence.
l.901     \node
               [circle, draw, fill=lightgray!20, below left of=a] (b) {$b$};
The control sequence at the end of the top line
of your error message was never \def'ed. If you have
misspelled it (e.g., `\hobx'), type `I' and the correct
spelling (e.g., `I\hbox'). Otherwise just continue,
and I'll forget about whatever was undefined.

/Users/ashoksaravanan/Coding/ScribeLec/server/output/CS 243/lectures/15L2-SAT/n
otes.tex:902: Undefined control sequence.
l.902     \node
               [circle, draw, fill=lightgray!20, below of=b] (c) {$c$};
The control sequence at the end of the top line
of your error message was never \def'ed. If you have
misspelled it (e.g., `\hobx'), type `I' and the correct
spelling (e.g., `I\hbox'). Otherwise just continue,
and I'll forget about whatever was undefined.

/Users/ashoksaravanan/Coding/ScribeLec/server/output/CS 243/lectures/15L2-SAT/n
otes.tex:903: Undefined control sequence.
l.903     \draw
               [->] (root) -- (a) node[midway, left] {0};
The control sequence at the end of the top line
of your error message was never \def'ed. If you have
misspelled it (e.g., `\hobx'), type `I' and the correct
spelling (e.g., `I\hbox'). Otherwise just continue,
and I'll forget about whatever was undefined.

/Users/ashoksaravanan/Coding/ScribeLec/server/output/CS 243/lectures/15L2-SAT/n
otes.tex:904: Undefined control sequence.
l.904     \draw
               [->] (a) -- (b) node[midway, left] {0};
The control sequence at the end of the top line
of your error message was never \def'ed. If you have
misspelled it (e.g., `\hobx'), type `I' and the correct
spelling (e.g., `I\hbox'). Otherwise just continue,
and I'll forget about whatever was undefined.

/Users/ashoksaravanan/Coding/ScribeLec/server/output/CS 243/lectures/15L2-SAT/n
otes.tex:905: Undefined control sequence.
l.905     \draw
               [->] (b) -- (c) node[midway, left] {0};
The control sequence at the end of the top line
of your error message was never \def'ed. If you have
misspelled it (e.g., `\hobx'), type `I' and the correct
spelling (e.g., `I\hbox'). Otherwise just continue,
and I'll forget about whatever was undefined.

/Users/ashoksaravanan/Coding/ScribeLec/server/output/CS 243/lectures/15L2-SAT/n
otes.tex:906: Undefined control sequence.
l.906     \draw
               [->, blue] (b) -- (c) node[midway, right] {1 $\leftarrow$ For...
The control sequence at the end of the top line
of your error message was never \def'ed. If you have
misspelled it (e.g., `\hobx'), type `I' and the correct
spelling (e.g., `I\hbox'). Otherwise just continue,
and I'll forget about whatever was undefined.

/Users/ashoksaravanan/Coding/ScribeLec/server/output/CS 243/lectures/15L2-SAT/n
otes.tex:907: Undefined control sequence.
l.907     \node
               [below of=c, xshift=0.5cm, yshift=-0.5cm] {0};
The control sequence at the end of the top line
of your error message was never \def'ed. If you have
misspelled it (e.g., `\hobx'), type `I' and the correct
spelling (e.g., `I\hbox'). Otherwise just continue,
and I'll forget about whatever was undefined.

/Users/ashoksaravanan/Coding/ScribeLec/server/output/CS 243/lectures/15L2-SAT/n
otes.tex:908: Undefined control sequence.
l.908     \node
               [below of=c, xshift=0.5cm, yshift=-0.5cm, red, rectangle, min...
The control sequence at the end of the top line
of your error message was never \def'ed. If you have
misspelled it (e.g., `\hobx'), type `I' and the correct
spelling (e.g., `I\hbox'). Otherwise just continue,
and I'll forget about whatever was undefined.

/Users/ashoksaravanan/Coding/ScribeLec/server/output/CS 243/lectures/15L2-SAT/n
otes.tex:909: Undefined control sequence.
l.909     \node
               [below of=c, xshift=1.5cm, yshift=-0.5cm] {1};
The control sequence at the end of the top line
of your error message was never \def'ed. If you have
misspelled it (e.g., `\hobx'), type `I' and the correct
spelling (e.g., `I\hbox'). Otherwise just continue,
and I'll forget about whatever was undefined.


/Users/ashoksaravanan/Coding/ScribeLec/server/output/CS 243/lectures/15L2-SAT/n
otes.tex:910: LaTeX Error: \begin{document} ended by \end{tikzpicture}.

See the LaTeX manual or LaTeX Companion for explanation.
Type  H <return>  for immediate help.
 ...                                              
                                                  
l.910 \end{tikzpicture}
                       
Your command was ignored.
Type  I <command> <return>  to replace it with another command,
or  <return>  to continue without it.

</Users/ashoksaravanan/Coding/ScribeLec/server/output/CS 243/lectures/15L2-SAT/
figures/27.1.png, id=279, 601.24625pt x 306.14375pt>
File: /Users/ashoksaravanan/Coding/ScribeLec/server/output/CS 243/lectures/15L2
-SAT/figures/27.1.png Graphic file (type png)
<use /Users/ashoksaravanan/Coding/ScribeLec/server/output/CS 243/lectures/15L2-
SAT/figures/27.1.png>
Package pdftex.def Info: /Users/ashoksaravanan/Coding/ScribeLec/server/output/C
S 243/lectures/15L2-SAT/figures/27.1.png  used on input line 919.
(pdftex.def)             Requested size: 70.46037pt x 35.87613pt.
</Users/ashoksaravanan/Coding/ScribeLec/server/output/CS 243/lectures/15L2-SAT/
figures/27.2.png, id=280, 602.25pt x 339.2675pt>
File: /Users/ashoksaravanan/Coding/ScribeLec/server/output/CS 243/lectures/15L2
-SAT/figures/27.2.png Graphic file (type png)
<use /Users/ashoksaravanan/Coding/ScribeLec/server/output/CS 243/lectures/15L2-
SAT/figures/27.2.png>
Package pdftex.def Info: /Users/ashoksaravanan/Coding/ScribeLec/server/output/C
S 243/lectures/15L2-SAT/figures/27.2.png  used on input line 925.
(pdftex.def)             Requested size: 70.46037pt x 39.6905pt.
[27 </Users/ashoksaravanan/Coding/ScribeLec/server/output/CS 243/lectures/15L2-
SAT/figures/27.1.png (PNG copy)> </Users/ashoksaravanan/Coding/ScribeLec/server
/output/CS 243/lectures/15L2-SAT/figures/27.2.png (PNG copy)>]

/Users/ashoksaravanan/Coding/ScribeLec/server/output/CS 243/lectures/15L2-SAT/n
otes.tex:949: LaTeX Error: Environment tikzpicture undefined.

See the LaTeX manual or LaTeX Companion for explanation.
Type  H <return>  for immediate help.
 ...                                              
                                                  
l.949 \begin{tikzpicture}
                         [node distance=1cm]
Your command was ignored.
Type  I <command> <return>  to replace it with another command,
or  <return>  to continue without it.

/Users/ashoksaravanan/Coding/ScribeLec/server/output/CS 243/lectures/15L2-SAT/n
otes.tex:950: Undefined control sequence.
l.950     \node
               [circle, draw, fill=lightgray!20] (root) {};
The control sequence at the end of the top line
of your error message was never \def'ed. If you have
misspelled it (e.g., `\hobx'), type `I' and the correct
spelling (e.g., `I\hbox'). Otherwise just continue,
and I'll forget about whatever was undefined.

/Users/ashoksaravanan/Coding/ScribeLec/server/output/CS 243/lectures/15L2-SAT/n
otes.tex:951: Undefined control sequence.
l.951     \node
               [circle, draw, fill=lightgray!20, right of=root] (a) {$a$};
The control sequence at the end of the top line
of your error message was never \def'ed. If you have
misspelled it (e.g., `\hobx'), type `I' and the correct
spelling (e.g., `I\hbox'). Otherwise just continue,
and I'll forget about whatever was undefined.

/Users/ashoksaravanan/Coding/ScribeLec/server/output/CS 243/lectures/15L2-SAT/n
otes.tex:952: Undefined control sequence.
l.952     \node
               [circle, draw, fill=lightgray!20, below left of=a] (b) {$b$};
The control sequence at the end of the top line
of your error message was never \def'ed. If you have
misspelled it (e.g., `\hobx'), type `I' and the correct
spelling (e.g., `I\hbox'). Otherwise just continue,
and I'll forget about whatever was undefined.

/Users/ashoksaravanan/Coding/ScribeLec/server/output/CS 243/lectures/15L2-SAT/n
otes.tex:953: Undefined control sequence.
l.953     \node
               [circle, draw, fill=lightgray!20, below of=b] (c) {$c$};
The control sequence at the end of the top line
of your error message was never \def'ed. If you have
misspelled it (e.g., `\hobx'), type `I' and the correct
spelling (e.g., `I\hbox'). Otherwise just continue,
and I'll forget about whatever was undefined.

/Users/ashoksaravanan/Coding/ScribeLec/server/output/CS 243/lectures/15L2-SAT/n
otes.tex:954: Undefined control sequence.
l.954     \draw
               [->] (root) -- (a) node[midway, left] {0};
The control sequence at the end of the top line
of your error message was never \def'ed. If you have
misspelled it (e.g., `\hobx'), type `I' and the correct
spelling (e.g., `I\hbox'). Otherwise just continue,
and I'll forget about whatever was undefined.

/Users/ashoksaravanan/Coding/ScribeLec/server/output/CS 243/lectures/15L2-SAT/n
otes.tex:955: Undefined control sequence.
l.955     \draw
               [->] (a) -- (b) node[midway, left] {0};
The control sequence at the end of the top line
of your error message was never \def'ed. If you have
misspelled it (e.g., `\hobx'), type `I' and the correct
spelling (e.g., `I\hbox'). Otherwise just continue,
and I'll forget about whatever was undefined.

/Users/ashoksaravanan/Coding/ScribeLec/server/output/CS 243/lectures/15L2-SAT/n
otes.tex:956: Undefined control sequence.
l.956     \draw
               [->] (b) -- (c) node[midway, left] {0};
The control sequence at the end of the top line
of your error message was never \def'ed. If you have
misspelled it (e.g., `\hobx'), type `I' and the correct
spelling (e.g., `I\hbox'). Otherwise just continue,
and I'll forget about whatever was undefined.

/Users/ashoksaravanan/Coding/ScribeLec/server/output/CS 243/lectures/15L2-SAT/n
otes.tex:957: Undefined control sequence.
l.957     \node
               [circle, draw, fill=lightgray!20, below of=c, xshift=1cm] (c1...
The control sequence at the end of the top line
of your error message was never \def'ed. If you have
misspelled it (e.g., `\hobx'), type `I' and the correct
spelling (e.g., `I\hbox'). Otherwise just continue,
and I'll forget about whatever was undefined.

/Users/ashoksaravanan/Coding/ScribeLec/server/output/CS 243/lectures/15L2-SAT/n
otes.tex:958: Undefined control sequence.
l.958     \draw
               [->] (c) -- (c1) node[midway, right] {1};
The control sequence at the end of the top line
of your error message was never \def'ed. If you have
misspelled it (e.g., `\hobx'), type `I' and the correct
spelling (e.g., `I\hbox'). Otherwise just continue,
and I'll forget about whatever was undefined.

/Users/ashoksaravanan/Coding/ScribeLec/server/output/CS 243/lectures/15L2-SAT/n
otes.tex:959: Undefined control sequence.
l.959     \node
               [rectangle, draw, fill=red!50, below of=c, xshift=0.5cm] {};
The control sequence at the end of the top line
of your error message was never \def'ed. If you have
misspelled it (e.g., `\hobx'), type `I' and the correct
spelling (e.g., `I\hbox'). Otherwise just continue,
and I'll forget about whatever was undefined.

/Users/ashoksaravanan/Coding/ScribeLec/server/output/CS 243/lectures/15L2-SAT/n
otes.tex:960: Undefined control sequence.
l.960     \node
               [below right of=c1, xshift=0.5cm] {0};
The control sequence at the end of the top line
of your error message was never \def'ed. If you have
misspelled it (e.g., `\hobx'), type `I' and the correct
spelling (e.g., `I\hbox'). Otherwise just continue,
and I'll forget about whatever was undefined.

/Users/ashoksaravanan/Coding/ScribeLec/server/output/CS 243/lectures/15L2-SAT/n
otes.tex:961: Undefined control sequence.
l.961     \node
               [below right of=c1, xshift=1.5cm] {$a=0$};
The control sequence at the end of the top line
of your error message was never \def'ed. If you have
misspelled it (e.g., `\hobx'), type `I' and the correct
spelling (e.g., `I\hbox'). Otherwise just continue,
and I'll forget about whatever was undefined.

/Users/ashoksaravanan/Coding/ScribeLec/server/output/CS 243/lectures/15L2-SAT/n
otes.tex:962: Undefined control sequence.
l.962     \node
               [below right of=c1, xshift=1.5cm, yshift=-0.5cm] {(a + c + d)};
The control sequence at the end of the top line
of your error message was never \def'ed. If you have
misspelled it (e.g., `\hobx'), type `I' and the correct
spelling (e.g., `I\hbox'). Otherwise just continue,
and I'll forget about whatever was undefined.

/Users/ashoksaravanan/Coding/ScribeLec/server/output/CS 243/lectures/15L2-SAT/n
otes.tex:963: Undefined control sequence.
l.963     \node
               [below right of=c1, xshift=2.5cm] {$d=1$};
The control sequence at the end of the top line
of your error message was never \def'ed. If you have
misspelled it (e.g., `\hobx'), type `I' and the correct
spelling (e.g., `I\hbox'). Otherwise just continue,
and I'll forget about whatever was undefined.

/Users/ashoksaravanan/Coding/ScribeLec/server/output/CS 243/lectures/15L2-SAT/n
otes.tex:964: Undefined control sequence.
l.964     \node
               [below right of=c1, xshift=2.5cm, yshift=-0.5cm] {(a + c + d')};
The control sequence at the end of the top line
of your error message was never \def'ed. If you have
misspelled it (e.g., `\hobx'), type `I' and the correct
spelling (e.g., `I\hbox'). Otherwise just continue,
and I'll forget about whatever was undefined.

/Users/ashoksaravanan/Coding/ScribeLec/server/output/CS 243/lectures/15L2-SAT/n
otes.tex:965: Undefined control sequence.
l.965     \node
               [below right of=c1, xshift=2.5cm, yshift=-1cm, red] {Conflict!};
The control sequence at the end of the top line
of your error message was never \def'ed. If you have
misspelled it (e.g., `\hobx'), type `I' and the correct
spelling (e.g., `I\hbox'). Otherwise just continue,
and I'll forget about whatever was undefined.


/Users/ashoksaravanan/Coding/ScribeLec/server/output/CS 243/lectures/15L2-SAT/n
otes.tex:966: LaTeX Error: \begin{document} ended by \end{tikzpicture}.

See the LaTeX manual or LaTeX Companion for explanation.
Type  H <return>  for immediate help.
 ...                                              
                                                  
l.966 \end{tikzpicture}
                       
Your command was ignored.
Type  I <command> <return>  to replace it with another command,
or  <return>  to continue without it.

</Users/ashoksaravanan/Coding/ScribeLec/server/output/CS 243/lectures/15L2-SAT/
figures/28.1.png, id=290, 601.24625pt x 306.14375pt>
File: /Users/ashoksaravanan/Coding/ScribeLec/server/output/CS 243/lectures/15L2
-SAT/figures/28.1.png Graphic file (type png)
<use /Users/ashoksaravanan/Coding/ScribeLec/server/output/CS 243/lectures/15L2-
SAT/figures/28.1.png>
Package pdftex.def Info: /Users/ashoksaravanan/Coding/ScribeLec/server/output/C
S 243/lectures/15L2-SAT/figures/28.1.png  used on input line 975.
(pdftex.def)             Requested size: 70.46037pt x 35.87613pt.
</Users/ashoksaravanan/Coding/ScribeLec/server/output/CS 243/lectures/15L2-SAT/
figures/28.2.png, id=291, 602.25pt x 339.2675pt>
File: /Users/ashoksaravanan/Coding/ScribeLec/server/output/CS 243/lectures/15L2
-SAT/figures/28.2.png Graphic file (type png)
<use /Users/ashoksaravanan/Coding/ScribeLec/server/output/CS 243/lectures/15L2-
SAT/figures/28.2.png>
Package pdftex.def Info: /Users/ashoksaravanan/Coding/ScribeLec/server/output/C
S 243/lectures/15L2-SAT/figures/28.2.png  used on input line 981.
(pdftex.def)             Requested size: 70.46037pt x 39.6905pt.
</Users/ashoksaravanan/Coding/ScribeLec/server/output/CS 243/lectures/15L2-SAT/
figures/28.3.png, id=292, 602.25pt x 394.47375pt>
File: /Users/ashoksaravanan/Coding/ScribeLec/server/output/CS 243/lectures/15L2
-SAT/figures/28.3.png Graphic file (type png)
<use /Users/ashoksaravanan/Coding/ScribeLec/server/output/CS 243/lectures/15L2-
SAT/figures/28.3.png>
Package pdftex.def Info: /Users/ashoksaravanan/Coding/ScribeLec/server/output/C
S 243/lectures/15L2-SAT/figures/28.3.png  used on input line 987.
(pdftex.def)             Requested size: 70.46037pt x 46.14902pt.
[28 </Users/ashoksaravanan/Coding/ScribeLec/server/output/CS 243/lectures/15L2-
SAT/figures/28.1.png (PNG copy)> </Users/ashoksaravanan/Coding/ScribeLec/server
/output/CS 243/lectures/15L2-SAT/figures/28.2.png (PNG copy)> </Users/ashoksara
vanan/Coding/ScribeLec/server/output/CS 243/lectures/15L2-SAT/figures/28.3.png 
(PNG copy)>]

/Users/ashoksaravanan/Coding/ScribeLec/server/output/CS 243/lectures/15L2-SAT/n
otes.tex:1011: LaTeX Error: Environment tikzpicture undefined.

See the LaTeX manual or LaTeX Companion for explanation.
Type  H <return>  for immediate help.
 ...                                              
                                                  
l.1011 \begin{tikzpicture}
                          [node distance=1cm]
Your command was ignored.
Type  I <command> <return>  to replace it with another command,
or  <return>  to continue without it.

/Users/ashoksaravanan/Coding/ScribeLec/server/output/CS 243/lectures/15L2-SAT/n
otes.tex:1012: Undefined control sequence.
l.1012     \node
                [circle, draw, fill=lightgray!20] (root) {};
The control sequence at the end of the top line
of your error message was never \def'ed. If you have
misspelled it (e.g., `\hobx'), type `I' and the correct
spelling (e.g., `I\hbox'). Otherwise just continue,
and I'll forget about whatever was undefined.

/Users/ashoksaravanan/Coding/ScribeLec/server/output/CS 243/lectures/15L2-SAT/n
otes.tex:1013: Undefined control sequence.
l.1013     \node
                [circle, draw, fill=lightgray!20, right of=root] (a) {$a$};
The control sequence at the end of the top line
of your error message was never \def'ed. If you have
misspelled it (e.g., `\hobx'), type `I' and the correct
spelling (e.g., `I\hbox'). Otherwise just continue,
and I'll forget about whatever was undefined.

/Users/ashoksaravanan/Coding/ScribeLec/server/output/CS 243/lectures/15L2-SAT/n
otes.tex:1014: Undefined control sequence.
l.1014     \node
                [circle, draw, fill=lightgray!20, below left of=a] (b) {$b$};
The control sequence at the end of the top line
of your error message was never \def'ed. If you have
misspelled it (e.g., `\hobx'), type `I' and the correct
spelling (e.g., `I\hbox'). Otherwise just continue,
and I'll forget about whatever was undefined.

/Users/ashoksaravanan/Coding/ScribeLec/server/output/CS 243/lectures/15L2-SAT/n
otes.tex:1015: Undefined control sequence.
l.1015     \node
                [circle, draw, fill=lightgray!20, below of=b] (c) {$c$};
The control sequence at the end of the top line
of your error message was never \def'ed. If you have
misspelled it (e.g., `\hobx'), type `I' and the correct
spelling (e.g., `I\hbox'). Otherwise just continue,
and I'll forget about whatever was undefined.

/Users/ashoksaravanan/Coding/ScribeLec/server/output/CS 243/lectures/15L2-SAT/n
otes.tex:1016: Undefined control sequence.
l.1016     \draw
                [->] (root) -- (a) node[midway, left] {0};
The control sequence at the end of the top line
of your error message was never \def'ed. If you have
misspelled it (e.g., `\hobx'), type `I' and the correct
spelling (e.g., `I\hbox'). Otherwise just continue,
and I'll forget about whatever was undefined.

/Users/ashoksaravanan/Coding/ScribeLec/server/output/CS 243/lectures/15L2-SAT/n
otes.tex:1017: Undefined control sequence.
l.1017     \draw
                [->] (a) -- (b) node[midway, left] {0};
The control sequence at the end of the top line
of your error message was never \def'ed. If you have
misspelled it (e.g., `\hobx'), type `I' and the correct
spelling (e.g., `I\hbox'). Otherwise just continue,
and I'll forget about whatever was undefined.

/Users/ashoksaravanan/Coding/ScribeLec/server/output/CS 243/lectures/15L2-SAT/n
otes.tex:1018: Undefined control sequence.
l.1018     \draw
                [->] (b) -- (c) node[midway, left] {0};
The control sequence at the end of the top line
of your error message was never \def'ed. If you have
misspelled it (e.g., `\hobx'), type `I' and the correct
spelling (e.g., `I\hbox'). Otherwise just continue,
and I'll forget about whatever was undefined.

/Users/ashoksaravanan/Coding/ScribeLec/server/output/CS 243/lectures/15L2-SAT/n
otes.tex:1019: Undefined control sequence.
l.1019     \draw
                [->, blue] (c) -- node[midway, right] {1 $\leftarrow$ Forced...
The control sequence at the end of the top line
of your error message was never \def'ed. If you have
misspelled it (e.g., `\hobx'), type `I' and the correct
spelling (e.g., `I\hbox'). Otherwise just continue,
and I'll forget about whatever was undefined.

/Users/ashoksaravanan/Coding/ScribeLec/server/output/CS 243/lectures/15L2-SAT/n
otes.tex:1020: Undefined control sequence.
l.1020     \node
                [circle, draw, fill=lightgray!20, below of=c1] (c0) {$c$};
The control sequence at the end of the top line
of your error message was never \def'ed. If you have
misspelled it (e.g., `\hobx'), type `I' and the correct
spelling (e.g., `I\hbox'). Otherwise just continue,
and I'll forget about whatever was undefined.

/Users/ashoksaravanan/Coding/ScribeLec/server/output/CS 243/lectures/15L2-SAT/n
otes.tex:1021: Undefined control sequence.
l.1021     \draw
                [->] (c1) -- (c0) node[midway, right] {0};
The control sequence at the end of the top line
of your error message was never \def'ed. If you have
misspelled it (e.g., `\hobx'), type `I' and the correct
spelling (e.g., `I\hbox'). Otherwise just continue,
and I'll forget about whatever was undefined.

/Users/ashoksaravanan/Coding/ScribeLec/server/output/CS 243/lectures/15L2-SAT/n
otes.tex:1022: Undefined control sequence.
l.1022     \node
                [rectangle, draw, fill=red!50, below of=c0, xshift=0.5cm] {};
The control sequence at the end of the top line
of your error message was never \def'ed. If you have
misspelled it (e.g., `\hobx'), type `I' and the correct
spelling (e.g., `I\hbox'). Otherwise just continue,
and I'll forget about whatever was undefined.

/Users/ashoksaravanan/Coding/ScribeLec/server/output/CS 243/lectures/15L2-SAT/n
otes.tex:1023: Undefined control sequence.
l.1023     \node
                [below right of=c0, xshift=0.5cm] {0};
The control sequence at the end of the top line
of your error message was never \def'ed. If you have
misspelled it (e.g., `\hobx'), type `I' and the correct
spelling (e.g., `I\hbox'). Otherwise just continue,
and I'll forget about whatever was undefined.

/Users/ashoksaravanan/Coding/ScribeLec/server/output/CS 243/lectures/15L2-SAT/n
otes.tex:1024: Undefined control sequence.
l.1024     \node
                [below right of=c0, xshift=1.5cm] {$a=0$};
The control sequence at the end of the top line
of your error message was never \def'ed. If you have
misspelled it (e.g., `\hobx'), type `I' and the correct
spelling (e.g., `I\hbox'). Otherwise just continue,
and I'll forget about whatever was undefined.

/Users/ashoksaravanan/Coding/ScribeLec/server/output/CS 243/lectures/15L2-SAT/n
otes.tex:1025: Undefined control sequence.
l.1025     \node
                [below right of=c0, xshift=1.5cm, yshift=-0.5cm] {(a + c + d)};
The control sequence at the end of the top line
of your error message was never \def'ed. If you have
misspelled it (e.g., `\hobx'), type `I' and the correct
spelling (e.g., `I\hbox'). Otherwise just continue,
and I'll forget about whatever was undefined.

/Users/ashoksaravanan/Coding/ScribeLec/server/output/CS 243/lectures/15L2-SAT/n
otes.tex:1026: Undefined control sequence.
l.1026     \node
                [below right of=c0, xshift=2.5cm] {$d=1$};
The control sequence at the end of the top line
of your error message was never \def'ed. If you have
misspelled it (e.g., `\hobx'), type `I' and the correct
spelling (e.g., `I\hbox'). Otherwise just continue,
and I'll forget about whatever was undefined.

/Users/ashoksaravanan/Coding/ScribeLec/server/output/CS 243/lectures/15L2-SAT/n
otes.tex:1027: Undefined control sequence.
l.1027     \node
                [below right of=c0, xshift=2.5cm, yshift=-0.5cm] {(a + c + d...
The control sequence at the end of the top line
of your error message was never \def'ed. If you have
misspelled it (e.g., `\hobx'), type `I' and the correct
spelling (e.g., `I\hbox'). Otherwise just continue,
and I'll forget about whatever was undefined.

/Users/ashoksaravanan/Coding/ScribeLec/server/output/CS 243/lectures/15L2-SAT/n
otes.tex:1028: Undefined control sequence.
l.1028     \node
                [below right of=c0, xshift=2.5cm, yshift=-1cm, red] {Conflic...
The control sequence at the end of the top line
of your error message was never \def'ed. If you have
misspelled it (e.g., `\hobx'), type `I' and the correct
spelling (e.g., `I\hbox'). Otherwise just continue,
and I'll forget about whatever was undefined.


/Users/ashoksaravanan/Coding/ScribeLec/server/output/CS 243/lectures/15L2-SAT/n
otes.tex:1029: LaTeX Error: \begin{document} ended by \end{tikzpicture}.

See the LaTeX manual or LaTeX Companion for explanation.
Type  H <return>  for immediate help.
 ...                                              
                                                  
l.1029 \end{tikzpicture}
                        
Your command was ignored.
Type  I <command> <return>  to replace it with another command,
or  <return>  to continue without it.

</Users/ashoksaravanan/Coding/ScribeLec/server/output/CS 243/lectures/15L2-SAT/
figures/29.1.png, id=302, 601.24625pt x 306.14375pt>
File: /Users/ashoksaravanan/Coding/ScribeLec/server/output/CS 243/lectures/15L2
-SAT/figures/29.1.png Graphic file (type png)
<use /Users/ashoksaravanan/Coding/ScribeLec/server/output/CS 243/lectures/15L2-
SAT/figures/29.1.png>
Package pdftex.def Info: /Users/ashoksaravanan/Coding/ScribeLec/server/output/C
S 243/lectures/15L2-SAT/figures/29.1.png  used on input line 1038.
(pdftex.def)             Requested size: 70.46037pt x 35.87613pt.
</Users/ashoksaravanan/Coding/ScribeLec/server/output/CS 243/lectures/15L2-SAT/
figures/29.2.png, id=303, 602.25pt x 339.2675pt>
File: /Users/ashoksaravanan/Coding/ScribeLec/server/output/CS 243/lectures/15L2
-SAT/figures/29.2.png Graphic file (type png)
<use /Users/ashoksaravanan/Coding/ScribeLec/server/output/CS 243/lectures/15L2-
SAT/figures/29.2.png>
Package pdftex.def Info: /Users/ashoksaravanan/Coding/ScribeLec/server/output/C
S 243/lectures/15L2-SAT/figures/29.2.png  used on input line 1044.
(pdftex.def)             Requested size: 70.46037pt x 39.6905pt.
</Users/ashoksaravanan/Coding/ScribeLec/server/output/CS 243/lectures/15L2-SAT/
figures/29.3.png, id=304, 603.25375pt x 385.44pt>
File: /Users/ashoksaravanan/Coding/ScribeLec/server/output/CS 243/lectures/15L2
-SAT/figures/29.3.png Graphic file (type png)
<use /Users/ashoksaravanan/Coding/ScribeLec/server/output/CS 243/lectures/15L2-
SAT/figures/29.3.png>
Package pdftex.def Info: /Users/ashoksaravanan/Coding/ScribeLec/server/output/C
S 243/lectures/15L2-SAT/figures/29.3.png  used on input line 1050.
(pdftex.def)             Requested size: 70.46037pt x 45.01572pt.
[29 </Users/ashoksaravanan/Coding/ScribeLec/server/output/CS 243/lectures/15L2-
SAT/figures/29.1.png (PNG copy)> </Users/ashoksaravanan/Coding/ScribeLec/server
/output/CS 243/lectures/15L2-SAT/figures/29.2.png (PNG copy)> </Users/ashoksara
vanan/Coding/ScribeLec/server/output/CS 243/lectures/15L2-SAT/figures/29.3.png 
(PNG copy)>]
</Users/ashoksaravanan/Coding/ScribeLec/server/output/CS 243/lectures/15L2-SAT/
figures/30.1.png, id=314, 601.24625pt x 306.14375pt>
File: /Users/ashoksaravanan/Coding/ScribeLec/server/output/CS 243/lectures/15L2
-SAT/figures/30.1.png Graphic file (type png)
<use /Users/ashoksaravanan/Coding/ScribeLec/server/output/CS 243/lectures/15L2-
SAT/figures/30.1.png>
Package pdftex.def Info: /Users/ashoksaravanan/Coding/ScribeLec/server/output/C
S 243/lectures/15L2-SAT/figures/30.1.png  used on input line 1068.
(pdftex.def)             Requested size: 70.46037pt x 35.87613pt.
</Users/ashoksaravanan/Coding/ScribeLec/server/output/CS 243/lectures/15L2-SAT/
figures/30.2.png, id=315, 602.25pt x 339.2675pt>
File: /Users/ashoksaravanan/Coding/ScribeLec/server/output/CS 243/lectures/15L2
-SAT/figures/30.2.png Graphic file (type png)
<use /Users/ashoksaravanan/Coding/ScribeLec/server/output/CS 243/lectures/15L2-
SAT/figures/30.2.png>
Package pdftex.def Info: /Users/ashoksaravanan/Coding/ScribeLec/server/output/C
S 243/lectures/15L2-SAT/figures/30.2.png  used on input line 1074.
(pdftex.def)             Requested size: 70.46037pt x 39.6905pt.
</Users/ashoksaravanan/Coding/ScribeLec/server/output/CS 243/lectures/15L2-SAT/
figures/30.3.png, id=316, 603.25375pt x 385.44pt>
File: /Users/ashoksaravanan/Coding/ScribeLec/server/output/CS 243/lectures/15L2
-SAT/figures/30.3.png Graphic file (type png)
<use /Users/ashoksaravanan/Coding/ScribeLec/server/output/CS 243/lectures/15L2-
SAT/figures/30.3.png>
Package pdftex.def Info: /Users/ashoksaravanan/Coding/ScribeLec/server/output/C
S 243/lectures/15L2-SAT/figures/30.3.png  used on input line 1080.
(pdftex.def)             Requested size: 70.46037pt x 45.01572pt.
</Users/ashoksaravanan/Coding/ScribeLec/server/output/CS 243/lectures/15L2-SAT/
figures/30.4.png, id=317, 602.25pt x 383.4325pt>
File: /Users/ashoksaravanan/Coding/ScribeLec/server/output/CS 243/lectures/15L2
-SAT/figures/30.4.png Graphic file (type png)
<use /Users/ashoksaravanan/Coding/ScribeLec/server/output/CS 243/lectures/15L2-
SAT/figures/30.4.png>
Package pdftex.def Info: /Users/ashoksaravanan/Coding/ScribeLec/server/output/C
S 243/lectures/15L2-SAT/figures/30.4.png  used on input line 1086.
(pdftex.def)             Requested size: 70.46037pt x 44.85732pt.
 [30 </Users/ashoksaravanan/Coding/ScribeLec/server/output/CS 243/lectures/15L2
-SAT/figures/30.1.png (PNG copy)> </Users/ashoksaravanan/Coding/ScribeLec/serve
r/output/CS 243/lectures/15L2-SAT/figures/30.2.png (PNG copy)> </Users/ashoksar
avanan/Coding/ScribeLec/server/output/CS 243/lectures/15L2-SAT/figures/30.3.png
 (PNG copy)> </Users/ashoksaravanan/Coding/ScribeLec/server/output/CS 243/lectu
res/15L2-SAT/figures/30.4.png (PNG copy)>]

/Users/ashoksaravanan/Coding/ScribeLec/server/output/CS 243/lectures/15L2-SAT/n
otes.tex:1111: LaTeX Error: Environment tikzpicture undefined.

See the LaTeX manual or LaTeX Companion for explanation.
Type  H <return>  for immediate help.
 ...                                              
                                                  
l.1111 \begin{tikzpicture}
                          [node distance=1cm]
Your command was ignored.
Type  I <command> <return>  to replace it with another command,
or  <return>  to continue without it.

/Users/ashoksaravanan/Coding/ScribeLec/server/output/CS 243/lectures/15L2-SAT/n
otes.tex:1112: Undefined control sequence.
l.1112     \node
                [circle, draw, fill=lightgray!20] (root) {};
The control sequence at the end of the top line
of your error message was never \def'ed. If you have
misspelled it (e.g., `\hobx'), type `I' and the correct
spelling (e.g., `I\hbox'). Otherwise just continue,
and I'll forget about whatever was undefined.

/Users/ashoksaravanan/Coding/ScribeLec/server/output/CS 243/lectures/15L2-SAT/n
otes.tex:1113: Undefined control sequence.
l.1113     \node
                [circle, draw, fill=lightgray!20, right of=root] (a) {$a$};
The control sequence at the end of the top line
of your error message was never \def'ed. If you have
misspelled it (e.g., `\hobx'), type `I' and the correct
spelling (e.g., `I\hbox'). Otherwise just continue,
and I'll forget about whatever was undefined.

/Users/ashoksaravanan/Coding/ScribeLec/server/output/CS 243/lectures/15L2-SAT/n
otes.tex:1114: Undefined control sequence.
l.1114     \node
                [circle, draw, fill=lightgray!20, below left of=a] (b) {$b$};
The control sequence at the end of the top line
of your error message was never \def'ed. If you have
misspelled it (e.g., `\hobx'), type `I' and the correct
spelling (e.g., `I\hbox'). Otherwise just continue,
and I'll forget about whatever was undefined.

/Users/ashoksaravanan/Coding/ScribeLec/server/output/CS 243/lectures/15L2-SAT/n
otes.tex:1115: Undefined control sequence.
l.1115     \node
                [circle, draw, fill=lightgray!20, below of=b] (c) {$c$};
The control sequence at the end of the top line
of your error message was never \def'ed. If you have
misspelled it (e.g., `\hobx'), type `I' and the correct
spelling (e.g., `I\hbox'). Otherwise just continue,
and I'll forget about whatever was undefined.

/Users/ashoksaravanan/Coding/ScribeLec/server/output/CS 243/lectures/15L2-SAT/n
otes.tex:1116: Undefined control sequence.
l.1116     \node
                [circle, draw, fill=lightgray!20, below right of=a] (b1) {$b$};
The control sequence at the end of the top line
of your error message was never \def'ed. If you have
misspelled it (e.g., `\hobx'), type `I' and the correct
spelling (e.g., `I\hbox'). Otherwise just continue,
and I'll forget about whatever was undefined.

/Users/ashoksaravanan/Coding/ScribeLec/server/output/CS 243/lectures/15L2-SAT/n
otes.tex:1117: Undefined control sequence.
l.1117     \node
                [circle, draw, fill=lightgray!20, below of=c] (c1) {$c$};
The control sequence at the end of the top line
of your error message was never \def'ed. If you have
misspelled it (e.g., `\hobx'), type `I' and the correct
spelling (e.g., `I\hbox'). Otherwise just continue,
and I'll forget about whatever was undefined.

/Users/ashoksaravanan/Coding/ScribeLec/server/output/CS 243/lectures/15L2-SAT/n
otes.tex:1118: Undefined control sequence.
l.1118     \draw
                [->] (root) -- (a) node[midway, left] {0};
The control sequence at the end of the top line
of your error message was never \def'ed. If you have
misspelled it (e.g., `\hobx'), type `I' and the correct
spelling (e.g., `I\hbox'). Otherwise just continue,
and I'll forget about whatever was undefined.

/Users/ashoksaravanan/Coding/ScribeLec/server/output/CS 243/lectures/15L2-SAT/n
otes.tex:1119: Undefined control sequence.
l.1119     \draw
                [->] (a) -- (b) node[midway, left] {0};
The control sequence at the end of the top line
of your error message was never \def'ed. If you have
misspelled it (e.g., `\hobx'), type `I' and the correct
spelling (e.g., `I\hbox'). Otherwise just continue,
and I'll forget about whatever was undefined.

/Users/ashoksaravanan/Coding/ScribeLec/server/output/CS 243/lectures/15L2-SAT/n
otes.tex:1120: Undefined control sequence.
l.1120     \draw
                [->] (b) -- (c) node[midway, left] {0};
The control sequence at the end of the top line
of your error message was never \def'ed. If you have
misspelled it (e.g., `\hobx'), type `I' and the correct
spelling (e.g., `I\hbox'). Otherwise just continue,
and I'll forget about whatever was undefined.

/Users/ashoksaravanan/Coding/ScribeLec/server/output/CS 243/lectures/15L2-SAT/n
otes.tex:1121: Undefined control sequence.
l.1121     \draw
                [->] (a) -- (b1) node[midway, right] {1};
The control sequence at the end of the top line
of your error message was never \def'ed. If you have
misspelled it (e.g., `\hobx'), type `I' and the correct
spelling (e.g., `I\hbox'). Otherwise just continue,
and I'll forget about whatever was undefined.

/Users/ashoksaravanan/Coding/ScribeLec/server/output/CS 243/lectures/15L2-SAT/n
otes.tex:1122: Undefined control sequence.
l.1122     \draw
                [->] (c) -- (c1) node[midway, right] {1};
The control sequence at the end of the top line
of your error message was never \def'ed. If you have
misspelled it (e.g., `\hobx'), type `I' and the correct
spelling (e.g., `I\hbox'). Otherwise just continue,
and I'll forget about whatever was undefined.

/Users/ashoksaravanan/Coding/ScribeLec/server/output/CS 243/lectures/15L2-SAT/n
otes.tex:1123: Undefined control sequence.
l.1123     \node
                [rectangle, draw, fill=red!50, below of=c, xshift=0.5cm] {};
The control sequence at the end of the top line
of your error message was never \def'ed. If you have
misspelled it (e.g., `\hobx'), type `I' and the correct
spelling (e.g., `I\hbox'). Otherwise just continue,
and I'll forget about whatever was undefined.

/Users/ashoksaravanan/Coding/ScribeLec/server/output/CS 243/lectures/15L2-SAT/n
otes.tex:1124: Undefined control sequence.
l.1124     \node
                [rectangle, draw, fill=red!50, below of=c1, xshift=0.5cm] {};
The control sequence at the end of the top line
of your error message was never \def'ed. If you have
misspelled it (e.g., `\hobx'), type `I' and the correct
spelling (e.g., `I\hbox'). Otherwise just continue,
and I'll forget about whatever was undefined.

/Users/ashoksaravanan/Coding/ScribeLec/server/output/CS 243/lectures/15L2-SAT/n
otes.tex:1125: Undefined control sequence.
l.1125     \node
                [rectangle, draw, fill=green!50, below right of=c1, xshift=1...
The control sequence at the end of the top line
of your error message was never \def'ed. If you have
misspelled it (e.g., `\hobx'), type `I' and the correct
spelling (e.g., `I\hbox'). Otherwise just continue,
and I'll forget about whatever was undefined.

/Users/ashoksaravanan/Coding/ScribeLec/server/output/CS 243/lectures/15L2-SAT/n
otes.tex:1126: Undefined control sequence.
l.1126     \node
                [below right of=c1, xshift=1.5cm] {$\models$ SAT};
The control sequence at the end of the top line
of your error message was never \def'ed. If you have
misspelled it (e.g., `\hobx'), type `I' and the correct
spelling (e.g., `I\hbox'). Otherwise just continue,
and I'll forget about whatever was undefined.

/Users/ashoksaravanan/Coding/ScribeLec/server/output/CS 243/lectures/15L2-SAT/n
otes.tex:1127: Undefined control sequence.
l.1127     \node
                [below left of=c, xshift=0.5cm] {(a'+b+c)};
The control sequence at the end of the top line
of your error message was never \def'ed. If you have
misspelled it (e.g., `\hobx'), type `I' and the correct
spelling (e.g., `I\hbox'). Otherwise just continue,
and I'll forget about whatever was undefined.

/Users/ashoksaravanan/Coding/ScribeLec/server/output/CS 243/lectures/15L2-SAT/n
otes.tex:1128: Undefined control sequence.
l.1128     \node
                [below right of=c, xshift=0.5cm] {(a+c+d)};
The control sequence at the end of the top line
of your error message was never \def'ed. If you have
misspelled it (e.g., `\hobx'), type `I' and the correct
spelling (e.g., `I\hbox'). Otherwise just continue,
and I'll forget about whatever was undefined.

/Users/ashoksaravanan/Coding/ScribeLec/server/output/CS 243/lectures/15L2-SAT/n
otes.tex:1129: Undefined control sequence.
l.1129     \node
                [below right of=c1, xshift=0.5cm] {(b'+c'+d)};
The control sequence at the end of the top line
of your error message was never \def'ed. If you have
misspelled it (e.g., `\hobx'), type `I' and the correct
spelling (e.g., `I\hbox'). Otherwise just continue,
and I'll forget about whatever was undefined.

/Users/ashoksaravanan/Coding/ScribeLec/server/output/CS 243/lectures/15L2-SAT/n
otes.tex:1130: Undefined control sequence.
l.1130     \node
                [below left of=b, xshift=-0.5cm] {$a=1$};
The control sequence at the end of the top line
of your error message was never \def'ed. If you have
misspelled it (e.g., `\hobx'), type `I' and the correct
spelling (e.g., `I\hbox'). Otherwise just continue,
and I'll forget about whatever was undefined.

/Users/ashoksaravanan/Coding/ScribeLec/server/output/CS 243/lectures/15L2-SAT/n
otes.tex:1131: Undefined control sequence.
l.1131     \node
                [below right of=b, xshift=0.5cm] {$c=1$};
The control sequence at the end of the top line
of your error message was never \def'ed. If you have
misspelled it (e.g., `\hobx'), type `I' and the correct
spelling (e.g., `I\hbox'). Otherwise just continue,
and I'll forget about whatever was undefined.

/Users/ashoksaravanan/Coding/ScribeLec/server/output/CS 243/lectures/15L2-SAT/n
otes.tex:1132: Undefined control sequence.
l.1132     \node
                [below right of=b1, xshift=0.5cm] {$d=1$};
The control sequence at the end of the top line
of your error message was never \def'ed. If you have
misspelled it (e.g., `\hobx'), type `I' and the correct
spelling (e.g., `I\hbox'). Otherwise just continue,
and I'll forget about whatever was undefined.

/Users/ashoksaravanan/Coding/ScribeLec/server/output/CS 243/lectures/15L2-SAT/n
otes.tex:1133: Undefined control sequence.
l.1133     \node
                [below left of=b, xshift=-1cm] {$b=1$};
The control sequence at the end of the top line
of your error message was never \def'ed. If you have
misspelled it (e.g., `\hobx'), type `I' and the correct
spelling (e.g., `I\hbox'). Otherwise just continue,
and I'll forget about whatever was undefined.


/Users/ashoksaravanan/Coding/ScribeLec/server/output/CS 243/lectures/15L2-SAT/n
otes.tex:1134: LaTeX Error: \begin{document} ended by \end{tikzpicture}.

See the LaTeX manual or LaTeX Companion for explanation.
Type  H <return>  for immediate help.
 ...                                              
                                                  
l.1134 \end{tikzpicture}
                        
Your command was ignored.
Type  I <command> <return>  to replace it with another command,
or  <return>  to continue without it.

</Users/ashoksaravanan/Coding/ScribeLec/server/output/CS 243/lectures/15L2-SAT/
figures/31.1.png, id=327, 601.24625pt x 306.14375pt>
File: /Users/ashoksaravanan/Coding/ScribeLec/server/output/CS 243/lectures/15L2
-SAT/figures/31.1.png Graphic file (type png)
<use /Users/ashoksaravanan/Coding/ScribeLec/server/output/CS 243/lectures/15L2-
SAT/figures/31.1.png>
Package pdftex.def Info: /Users/ashoksaravanan/Coding/ScribeLec/server/output/C
S 243/lectures/15L2-SAT/figures/31.1.png  used on input line 1143.
(pdftex.def)             Requested size: 70.46037pt x 35.87613pt.
</Users/ashoksaravanan/Coding/ScribeLec/server/output/CS 243/lectures/15L2-SAT/
figures/31.2.png, id=328, 602.25pt x 339.2675pt>
File: /Users/ashoksaravanan/Coding/ScribeLec/server/output/CS 243/lectures/15L2
-SAT/figures/31.2.png Graphic file (type png)
<use /Users/ashoksaravanan/Coding/ScribeLec/server/output/CS 243/lectures/15L2-
SAT/figures/31.2.png>
Package pdftex.def Info: /Users/ashoksaravanan/Coding/ScribeLec/server/output/C
S 243/lectures/15L2-SAT/figures/31.2.png  used on input line 1149.
(pdftex.def)             Requested size: 70.46037pt x 39.6905pt.
</Users/ashoksaravanan/Coding/ScribeLec/server/output/CS 243/lectures/15L2-SAT/
figures/31.3.png, id=329, 603.25375pt x 385.44pt>
File: /Users/ashoksaravanan/Coding/ScribeLec/server/output/CS 243/lectures/15L2
-SAT/figures/31.3.png Graphic file (type png)
<use /Users/ashoksaravanan/Coding/ScribeLec/server/output/CS 243/lectures/15L2-
SAT/figures/31.3.png>
Package pdftex.def Info: /Users/ashoksaravanan/Coding/ScribeLec/server/output/C
S 243/lectures/15L2-SAT/figures/31.3.png  used on input line 1155.
(pdftex.def)             Requested size: 70.46037pt x 45.01572pt.
</Users/ashoksaravanan/Coding/ScribeLec/server/output/CS 243/lectures/15L2-SAT/
figures/31.4.png, id=330, 602.25pt x 383.4325pt>
File: /Users/ashoksaravanan/Coding/ScribeLec/server/output/CS 243/lectures/15L2
-SAT/figures/31.4.png Graphic file (type png)
<use /Users/ashoksaravanan/Coding/ScribeLec/server/output/CS 243/lectures/15L2-
SAT/figures/31.4.png>
Package pdftex.def Info: /Users/ashoksaravanan/Coding/ScribeLec/server/output/C
S 243/lectures/15L2-SAT/figures/31.4.png  used on input line 1161.
(pdftex.def)             Requested size: 70.46037pt x 44.85732pt.
</Users/ashoksaravanan/Coding/ScribeLec/server/output/CS 243/lectures/15L2-SAT/
figures/31.5.png, id=331, 603.25375pt x 407.5225pt>
File: /Users/ashoksaravanan/Coding/ScribeLec/server/output/CS 243/lectures/15L2
-SAT/figures/31.5.png Graphic file (type png)
<use /Users/ashoksaravanan/Coding/ScribeLec/server/output/CS 243/lectures/15L2-
SAT/figures/31.5.png>
Package pdftex.def Info: /Users/ashoksaravanan/Coding/ScribeLec/server/output/C
S 243/lectures/15L2-SAT/figures/31.5.png  used on input line 1167.
(pdftex.def)             Requested size: 70.46037pt x 47.59474pt.
[31 </Users/ashoksaravanan/Coding/ScribeLec/server/output/CS 243/lectures/15L2-
SAT/figures/31.1.png (PNG copy)> </Users/ashoksaravanan/Coding/ScribeLec/server
/output/CS 243/lectures/15L2-SAT/figures/31.2.png (PNG copy)> </Users/ashoksara
vanan/Coding/ScribeLec/server/output/CS 243/lectures/15L2-SAT/figures/31.3.png 
(PNG copy)> </Users/ashoksaravanan/Coding/ScribeLec/server/output/CS 243/lectur
es/15L2-SAT/figures/31.4.png (PNG copy)> </Users/ashoksaravanan/Coding/ScribeLe
c/server/output/CS 243/lectures/15L2-SAT/figures/31.5.png (PNG copy)>] [32]

/Users/ashoksaravanan/Coding/ScribeLec/server/output/CS 243/lectures/15L2-SAT/n
otes.tex:1210: LaTeX Error: Environment tikzpicture undefined.

See the LaTeX manual or LaTeX Companion for explanation.
Type  H <return>  for immediate help.
 ...                                              
                                                  
l.1210 \begin{tikzpicture}
                          [node distance=1cm]
Your command was ignored.
Type  I <command> <return>  to replace it with another command,
or  <return>  to continue without it.

/Users/ashoksaravanan/Coding/ScribeLec/server/output/CS 243/lectures/15L2-SAT/n
otes.tex:1211: Undefined control sequence.
l.1211     \node
                [circle, draw, fill=lightgray!20] (a) {$a$};
The control sequence at the end of the top line
of your error message was never \def'ed. If you have
misspelled it (e.g., `\hobx'), type `I' and the correct
spelling (e.g., `I\hbox'). Otherwise just continue,
and I'll forget about whatever was undefined.

/Users/ashoksaravanan/Coding/ScribeLec/server/output/CS 243/lectures/15L2-SAT/n
otes.tex:1212: Undefined control sequence.
l.1212     \node
                [circle, draw, fill=lightgray!20, below left of=a] (b) {$b$};
The control sequence at the end of the top line
of your error message was never \def'ed. If you have
misspelled it (e.g., `\hobx'), type `I' and the correct
spelling (e.g., `I\hbox'). Otherwise just continue,
and I'll forget about whatever was undefined.

/Users/ashoksaravanan/Coding/ScribeLec/server/output/CS 243/lectures/15L2-SAT/n
otes.tex:1213: Undefined control sequence.
l.1213     \node
                [circle, draw, fill=lightgray!20, below of=b] (c) {$c$};
The control sequence at the end of the top line
of your error message was never \def'ed. If you have
misspelled it (e.g., `\hobx'), type `I' and the correct
spelling (e.g., `I\hbox'). Otherwise just continue,
and I'll forget about whatever was undefined.

/Users/ashoksaravanan/Coding/ScribeLec/server/output/CS 243/lectures/15L2-SAT/n
otes.tex:1214: Undefined control sequence.
l.1214     \node
                [circle, draw, fill=red!50, below of=c] (conflict) {};
The control sequence at the end of the top line
of your error message was never \def'ed. If you have
misspelled it (e.g., `\hobx'), type `I' and the correct
spelling (e.g., `I\hbox'). Otherwise just continue,
and I'll forget about whatever was undefined.

/Users/ashoksaravanan/Coding/ScribeLec/server/output/CS 243/lectures/15L2-SAT/n
otes.tex:1215: Undefined control sequence.
l.1215     \node
                [circle, draw, fill=lightgray!20, right of=conflict, xshift=...
The control sequence at the end of the top line
of your error message was never \def'ed. If you have
misspelled it (e.g., `\hobx'), type `I' and the correct
spelling (e.g., `I\hbox'). Otherwise just continue,
and I'll forget about whatever was undefined.

/Users/ashoksaravanan/Coding/ScribeLec/server/output/CS 243/lectures/15L2-SAT/n
otes.tex:1215: Missing $ inserted.
<inserted text> 
                $
l.1215 ...20, right of=conflict, xshift=1.5cm] (a_
                                                  eq_0) {$a=0$};
I've inserted a begin-math/end-math symbol since I think
you left one out. Proceed, with fingers crossed.

/Users/ashoksaravanan/Coding/ScribeLec/server/output/CS 243/lectures/15L2-SAT/n
otes.tex:1215: Missing } inserted.
<inserted text> 
                }
l.1215 ...t of=conflict, xshift=1.5cm] (a_eq_0) {$
                                                  a=0$};
I've inserted something that you may have forgotten.
(See the <inserted text> above.)
With luck, this will get me unwedged. But if you
really didn't forget anything, try typing `2' now; then
my insertion and my current dilemma will both disappear.

/Users/ashoksaravanan/Coding/ScribeLec/server/output/CS 243/lectures/15L2-SAT/n
otes.tex:1215: Extra }, or forgotten $.
<recently read> }
                 
l.1215 ...conflict, xshift=1.5cm] (a_eq_0) {$a=0$}
                                                  ;
I've deleted a group-closing symbol because it seems to be
spurious, as in `$x}$'. But perhaps the } is legitimate and
you forgot something else, as in `\hbox{$x}'. In such cases
the way to recover is to insert both the forgotten and the
deleted material, e.g., by typing `I$}'.

/Users/ashoksaravanan/Coding/ScribeLec/server/output/CS 243/lectures/15L2-SAT/n
otes.tex:1216: Undefined control sequence.
l.1216     \node
                [circle, draw, fill=lightgray!20, right of=a_eq_0, xshift=1....
The control sequence at the end of the top line
of your error message was never \def'ed. If you have
misspelled it (e.g., `\hobx'), type `I' and the correct
spelling (e.g., `I\hbox'). Otherwise just continue,
and I'll forget about whatever was undefined.

/Users/ashoksaravanan/Coding/ScribeLec/server/output/CS 243/lectures/15L2-SAT/n
otes.tex:1216: Missing } inserted.
<inserted text> 
                }
l.1216 ...ght of=a_eq_0, xshift=1.5cm] (d_eq_1) {$
                                                  d=1$};
I've inserted something that you may have forgotten.
(See the <inserted text> above.)
With luck, this will get me unwedged. But if you
really didn't forget anything, try typing `2' now; then
my insertion and my current dilemma will both disappear.

/Users/ashoksaravanan/Coding/ScribeLec/server/output/CS 243/lectures/15L2-SAT/n
otes.tex:1216: Extra }, or forgotten $.
<recently read> }
                 
l.1216 ...f=a_eq_0, xshift=1.5cm] (d_eq_1) {$d=1$}
                                                  ;
I've deleted a group-closing symbol because it seems to be
spurious, as in `$x}$'. But perhaps the } is legitimate and
you forgot something else, as in `\hbox{$x}'. In such cases
the way to recover is to insert both the forgotten and the
deleted material, e.g., by typing `I$}'.

/Users/ashoksaravanan/Coding/ScribeLec/server/output/CS 243/lectures/15L2-SAT/n
otes.tex:1217: Undefined control sequence.
l.1217     \draw
                [->] (a) -- (b) node[midway, left] {0};
The control sequence at the end of the top line
of your error message was never \def'ed. If you have
misspelled it (e.g., `\hobx'), type `I' and the correct
spelling (e.g., `I\hbox'). Otherwise just continue,
and I'll forget about whatever was undefined.

/Users/ashoksaravanan/Coding/ScribeLec/server/output/CS 243/lectures/15L2-SAT/n
otes.tex:1218: Undefined control sequence.
l.1218     \draw
                [->] (b) -- (c) node[midway, left] {0};
The control sequence at the end of the top line
of your error message was never \def'ed. If you have
misspelled it (e.g., `\hobx'), type `I' and the correct
spelling (e.g., `I\hbox'). Otherwise just continue,
and I'll forget about whatever was undefined.

/Users/ashoksaravanan/Coding/ScribeLec/server/output/CS 243/lectures/15L2-SAT/n
otes.tex:1219: Undefined control sequence.
l.1219     \draw
                [->] (conflict) -- (a_eq_0) node[midway, left] {(a + c + d)};
The control sequence at the end of the top line
of your error message was never \def'ed. If you have
misspelled it (e.g., `\hobx'), type `I' and the correct
spelling (e.g., `I\hbox'). Otherwise just continue,
and I'll forget about whatever was undefined.

/Users/ashoksaravanan/Coding/ScribeLec/server/output/CS 243/lectures/15L2-SAT/n
otes.tex:1220: Undefined control sequence.
l.1220     \draw
                [->] (conflict) -- (d_eq_1) node[midway, right] {(a + c + d')};
The control sequence at the end of the top line
of your error message was never \def'ed. If you have
misspelled it (e.g., `\hobx'), type `I' and the correct
spelling (e.g., `I\hbox'). Otherwise just continue,
and I'll forget about whatever was undefined.

/Users/ashoksaravanan/Coding/ScribeLec/server/output/CS 243/lectures/15L2-SAT/n
otes.tex:1221: Undefined control sequence.
l.1221     \node
                [below of=conflict, xshift=0.75cm] {Conflict!};
The control sequence at the end of the top line
of your error message was never \def'ed. If you have
misspelled it (e.g., `\hobx'), type `I' and the correct
spelling (e.g., `I\hbox'). Otherwise just continue,
and I'll forget about whatever was undefined.

/Users/ashoksaravanan/Coding/ScribeLec/server/output/CS 243/lectures/15L2-SAT/n
otes.tex:1222: Undefined control sequence.
l.1222     \node
                [below left of=conflict, xshift=-0.75cm] {c=0};
The control sequence at the end of the top line
of your error message was never \def'ed. If you have
misspelled it (e.g., `\hobx'), type `I' and the correct
spelling (e.g., `I\hbox'). Otherwise just continue,
and I'll forget about whatever was undefined.

/Users/ashoksaravanan/Coding/ScribeLec/server/output/CS 243/lectures/15L2-SAT/n
otes.tex:1223: Undefined control sequence.
l.1223     \node
                [below right of=conflict, xshift=0.75cm] {d=0};
The control sequence at the end of the top line
of your error message was never \def'ed. If you have
misspelled it (e.g., `\hobx'), type `I' and the correct
spelling (e.g., `I\hbox'). Otherwise just continue,
and I'll forget about whatever was undefined.


/Users/ashoksaravanan/Coding/ScribeLec/server/output/CS 243/lectures/15L2-SAT/n
otes.tex:1224: LaTeX Error: \begin{document} ended by \end{tikzpicture}.

See the LaTeX manual or LaTeX Companion for explanation.
Type  H <return>  for immediate help.
 ...                                              
                                                  
l.1224 \end{tikzpicture}
                        
Your command was ignored.
Type  I <command> <return>  to replace it with another command,
or  <return>  to continue without it.

/Users/ashoksaravanan/Coding/ScribeLec/server/output/CS 243/lectures/15L2-SAT/n
otes.tex:1224: Missing $ inserted.
<inserted text> 
                $
l.1224 \end{tikzpicture}
                        
I've inserted something that you may have forgotten.
(See the <inserted text> above.)
With luck, this will get me unwedged. But if you
really didn't forget anything, try typing `2' now; then
my insertion and my current dilemma will both disappear.


Overfull \hbox (27.37294pt too wide) in paragraph at lines 1210--1225
\T1/lmr/m/n/10 cle, draw, fill=lightgray!20, right of=conflict, xshift=1.5cm] (
a$[]\OML/lmm/m/it/10 q[]\OT1/lmr/m/n/10 )[]$\T1/lmr/m/n/10 a=0$\OT1/lmr/m/n/10 
; [\OML/lmm/m/it/10 circle; draw; fill \OT1/lmr/m/n/10 = \OML/lmm/m/it/10 light
gray\OT1/lmr/m/n/10 !20\OML/lmm/m/it/10 ; rightof \OT1/lmr/m/n/10 =
 []


Overfull \hbox (8.93486pt too wide) in paragraph at lines 1210--1225
\OML/lmm/m/it/10 a[]q[]; xshift \OT1/lmr/m/n/10 = 1\OML/lmm/m/it/10 :\OT1/lmr/m
/n/10 5\OML/lmm/m/it/10 cm\OT1/lmr/m/n/10 ](\OML/lmm/m/it/10 d[]q[]\OT1/lmr/m/n
/10 )[]$\T1/lmr/m/n/10 d=1$\OT1/lmr/m/n/10 ; [\OMS/lmsy/m/n/10   \OML/lmm/m/it/
10 >\OT1/lmr/m/n/10 ](\OML/lmm/m/it/10 a\OT1/lmr/m/n/10 ) \OMS/lmsy/m/n/10    \
OT1/lmr/m/n/10 (\OML/lmm/m/it/10 b\OT1/lmr/m/n/10 )\OML/lmm/m/it/10 node\OT1/lm
r/m/n/10 [\OML/lmm/m/it/10 midway; left\OT1/lmr/m/n/10 ]0; [\OMS/lmsy/m/n/10   
\OML/lmm/m/it/10 >\OT1/lmr/m/n/10 ](\OML/lmm/m/it/10 b\OT1/lmr/m/n/10 ) \OMS/lm
sy/m/n/10    \OT1/lmr/m/n/10 (\OML/lmm/m/it/10 c\OT1/lmr/m/n/10 )\OML/lmm/m/it/
10 node\OT1/lmr/m/n/10 [\OML/lmm/m/it/10 midway; left\OT1/lmr/m/n/10 ]0; [\OMS/
lmsy/m/n/10   \OML/lmm/m/it/10 >
 []


Overfull \hbox (54.4636pt too wide) in paragraph at lines 1210--1225
\OT1/lmr/m/n/10 ](\OML/lmm/m/it/10 conflict\OT1/lmr/m/n/10 ) \OMS/lmsy/m/n/10  
  \OT1/lmr/m/n/10 (\OML/lmm/m/it/10 a[]q[]\OT1/lmr/m/n/10 )\OML/lmm/m/it/10 nod
e\OT1/lmr/m/n/10 [\OML/lmm/m/it/10 midway; left\OT1/lmr/m/n/10 ][]; [\OMS/lmsy/
m/n/10   \OML/lmm/m/it/10 >\OT1/lmr/m/n/10 ](\OML/lmm/m/it/10 conflict\OT1/lmr/
m/n/10 ) \OMS/lmsy/m/n/10    \OT1/lmr/m/n/10 (\OML/lmm/m/it/10 d[]q[]\OT1/lmr/m
/n/10 )\OML/lmm/m/it/10 node\OT1/lmr/m/n/10 [\OML/lmm/m/it/10 midway; right\OT1
/lmr/m/n/10 ][]; [\OML/lmm/m/it/10 belowof \OT1/lmr/m/n/10 =
 []


/Users/ashoksaravanan/Coding/ScribeLec/server/output/CS 243/lectures/15L2-SAT/n
otes.tex:1226: LaTeX Error: \begin{document} ended by \end{tikzpicture}.

See the LaTeX manual or LaTeX Companion for explanation.
Type  H <return>  for immediate help.
 ...                                              
                                                  
l.1226 \end{tikzpicture}
                        
Your command was ignored.
Type  I <command> <return>  to replace it with another command,
or  <return>  to continue without it.

/Users/ashoksaravanan/Coding/ScribeLec/server/output/CS 243/lectures/15L2-SAT/n
otes.tex:1226: Extra \endgroup.
<recently read> \endgroup 
                          
l.1226 \end{tikzpicture}
                        
Things are pretty mixed up, but I think the worst is over.

</Users/ashoksaravanan/Coding/ScribeLec/server/output/CS 243/lectures/15L2-SAT/
figures/33.1.png, id=351, 601.24625pt x 306.14375pt>
File: /Users/ashoksaravanan/Coding/ScribeLec/server/output/CS 243/lectures/15L2
-SAT/figures/33.1.png Graphic file (type png)
<use /Users/ashoksaravanan/Coding/ScribeLec/server/output/CS 243/lectures/15L2-
SAT/figures/33.1.png>
Package pdftex.def Info: /Users/ashoksaravanan/Coding/ScribeLec/server/output/C
S 243/lectures/15L2-SAT/figures/33.1.png  used on input line 1235.
(pdftex.def)             Requested size: 70.46037pt x 35.87613pt.
</Users/ashoksaravanan/Coding/ScribeLec/server/output/CS 243/lectures/15L2-SAT/
figures/33.2.png, id=352, 601.24625pt x 398.48875pt>
File: /Users/ashoksaravanan/Coding/ScribeLec/server/output/CS 243/lectures/15L2
-SAT/figures/33.2.png Graphic file (type png)
<use /Users/ashoksaravanan/Coding/ScribeLec/server/output/CS 243/lectures/15L2-
SAT/figures/33.2.png>
Package pdftex.def Info: /Users/ashoksaravanan/Coding/ScribeLec/server/output/C
S 243/lectures/15L2-SAT/figures/33.2.png  used on input line 1241.
(pdftex.def)             Requested size: 70.46037pt x 46.69778pt.
[33 </Users/ashoksaravanan/Coding/ScribeLec/server/output/CS 243/lectures/15L2-
SAT/figures/33.1.png (PNG copy)> </Users/ashoksaravanan/Coding/ScribeLec/server
/output/CS 243/lectures/15L2-SAT/figures/33.2.png (PNG copy)>]

/Users/ashoksaravanan/Coding/ScribeLec/server/output/CS 243/lectures/15L2-SAT/n
otes.tex:1266: LaTeX Error: Environment tikzpicture undefined.

See the LaTeX manual or LaTeX Companion for explanation.
Type  H <return>  for immediate help.
 ...                                              
                                                  
l.1266 \begin{tikzpicture}
                          [node distance=1cm]
Your command was ignored.
Type  I <command> <return>  to replace it with another command,
or  <return>  to continue without it.

/Users/ashoksaravanan/Coding/ScribeLec/server/output/CS 243/lectures/15L2-SAT/n
otes.tex:1267: Undefined control sequence.
l.1267     \node
                [circle, draw, fill=lightgray!20] (a) {$a$};
The control sequence at the end of the top line
of your error message was never \def'ed. If you have
misspelled it (e.g., `\hobx'), type `I' and the correct
spelling (e.g., `I\hbox'). Otherwise just continue,
and I'll forget about whatever was undefined.

/Users/ashoksaravanan/Coding/ScribeLec/server/output/CS 243/lectures/15L2-SAT/n
otes.tex:1268: Undefined control sequence.
l.1268     \node
                [circle, draw, fill=lightgray!20, below left of=a] (b) {$b$};
The control sequence at the end of the top line
of your error message was never \def'ed. If you have
misspelled it (e.g., `\hobx'), type `I' and the correct
spelling (e.g., `I\hbox'). Otherwise just continue,
and I'll forget about whatever was undefined.

/Users/ashoksaravanan/Coding/ScribeLec/server/output/CS 243/lectures/15L2-SAT/n
otes.tex:1269: Undefined control sequence.
l.1269     \node
                [circle, draw, fill=lightgray!20, below of=b] (c) {$c$};
The control sequence at the end of the top line
of your error message was never \def'ed. If you have
misspelled it (e.g., `\hobx'), type `I' and the correct
spelling (e.g., `I\hbox'). Otherwise just continue,
and I'll forget about whatever was undefined.

/Users/ashoksaravanan/Coding/ScribeLec/server/output/CS 243/lectures/15L2-SAT/n
otes.tex:1270: Undefined control sequence.
l.1270     \node
                [circle, draw, fill=red!50, below of=c] (conflict) {};
The control sequence at the end of the top line
of your error message was never \def'ed. If you have
misspelled it (e.g., `\hobx'), type `I' and the correct
spelling (e.g., `I\hbox'). Otherwise just continue,
and I'll forget about whatever was undefined.

/Users/ashoksaravanan/Coding/ScribeLec/server/output/CS 243/lectures/15L2-SAT/n
otes.tex:1271: Undefined control sequence.
l.1271     \node
                [circle, draw, fill=lightgray!20, right of=conflict, xshift=...
The control sequence at the end of the top line
of your error message was never \def'ed. If you have
misspelled it (e.g., `\hobx'), type `I' and the correct
spelling (e.g., `I\hbox'). Otherwise just continue,
and I'll forget about whatever was undefined.

/Users/ashoksaravanan/Coding/ScribeLec/server/output/CS 243/lectures/15L2-SAT/n
otes.tex:1271: Missing $ inserted.
<inserted text> 
                $
l.1271 ...nflict, xshift=1.5cm, yshift=-0.5cm] (a_
                                                  eq_0) {$a=0$};
I've inserted a begin-math/end-math symbol since I think
you left one out. Proceed, with fingers crossed.

/Users/ashoksaravanan/Coding/ScribeLec/server/output/CS 243/lectures/15L2-SAT/n
otes.tex:1271: Missing } inserted.
<inserted text> 
                }
l.1271 ...xshift=1.5cm, yshift=-0.5cm] (a_eq_0) {$
                                                  a=0$};
I've inserted something that you may have forgotten.
(See the <inserted text> above.)
With luck, this will get me unwedged. But if you
really didn't forget anything, try typing `2' now; then
my insertion and my current dilemma will both disappear.

/Users/ashoksaravanan/Coding/ScribeLec/server/output/CS 243/lectures/15L2-SAT/n
otes.tex:1271: Extra }, or forgotten $.
<recently read> }
                 
l.1271 ...t=1.5cm, yshift=-0.5cm] (a_eq_0) {$a=0$}
                                                  ;
I've deleted a group-closing symbol because it seems to be
spurious, as in `$x}$'. But perhaps the } is legitimate and
you forgot something else, as in `\hbox{$x}'. In such cases
the way to recover is to insert both the forgotten and the
deleted material, e.g., by typing `I$}'.

/Users/ashoksaravanan/Coding/ScribeLec/server/output/CS 243/lectures/15L2-SAT/n
otes.tex:1272: Undefined control sequence.
l.1272     \node
                [circle, draw, fill=lightgray!20, right of=a_eq_0, xshift=1....
The control sequence at the end of the top line
of your error message was never \def'ed. If you have
misspelled it (e.g., `\hobx'), type `I' and the correct
spelling (e.g., `I\hbox'). Otherwise just continue,
and I'll forget about whatever was undefined.

/Users/ashoksaravanan/Coding/ScribeLec/server/output/CS 243/lectures/15L2-SAT/n
otes.tex:1272: Missing } inserted.
<inserted text> 
                }
l.1272 ...xshift=1.5cm, yshift=-0.5cm] (d_eq_1) {$
                                                  d=1$};
I've inserted something that you may have forgotten.
(See the <inserted text> above.)
With luck, this will get me unwedged. But if you
really didn't forget anything, try typing `2' now; then
my insertion and my current dilemma will both disappear.

/Users/ashoksaravanan/Coding/ScribeLec/server/output/CS 243/lectures/15L2-SAT/n
otes.tex:1272: Extra }, or forgotten $.
<recently read> }
                 
l.1272 ...t=1.5cm, yshift=-0.5cm] (d_eq_1) {$d=1$}
                                                  ;
I've deleted a group-closing symbol because it seems to be
spurious, as in `$x}$'. But perhaps the } is legitimate and
you forgot something else, as in `\hbox{$x}'. In such cases
the way to recover is to insert both the forgotten and the
deleted material, e.g., by typing `I$}'.

/Users/ashoksaravanan/Coding/ScribeLec/server/output/CS 243/lectures/15L2-SAT/n
otes.tex:1273: Undefined control sequence.
l.1273     \draw
                [->] (a) -- (b) node[midway, left] {0};
The control sequence at the end of the top line
of your error message was never \def'ed. If you have
misspelled it (e.g., `\hobx'), type `I' and the correct
spelling (e.g., `I\hbox'). Otherwise just continue,
and I'll forget about whatever was undefined.

/Users/ashoksaravanan/Coding/ScribeLec/server/output/CS 243/lectures/15L2-SAT/n
otes.tex:1274: Undefined control sequence.
l.1274     \draw
                [->] (b) -- (c) node[midway, left] {0};
The control sequence at the end of the top line
of your error message was never \def'ed. If you have
misspelled it (e.g., `\hobx'), type `I' and the correct
spelling (e.g., `I\hbox'). Otherwise just continue,
and I'll forget about whatever was undefined.

/Users/ashoksaravanan/Coding/ScribeLec/server/output/CS 243/lectures/15L2-SAT/n
otes.tex:1275: Undefined control sequence.
l.1275     \draw
                [->] (conflict) -- (a_eq_0) node[midway, left] {(a + c + d)};
The control sequence at the end of the top line
of your error message was never \def'ed. If you have
misspelled it (e.g., `\hobx'), type `I' and the correct
spelling (e.g., `I\hbox'). Otherwise just continue,
and I'll forget about whatever was undefined.

/Users/ashoksaravanan/Coding/ScribeLec/server/output/CS 243/lectures/15L2-SAT/n
otes.tex:1276: Undefined control sequence.
l.1276     \draw
                [->] (conflict) -- (d_eq_1) node[midway, right] {(a + c + d')};
The control sequence at the end of the top line
of your error message was never \def'ed. If you have
misspelled it (e.g., `\hobx'), type `I' and the correct
spelling (e.g., `I\hbox'). Otherwise just continue,
and I'll forget about whatever was undefined.

/Users/ashoksaravanan/Coding/ScribeLec/server/output/CS 243/lectures/15L2-SAT/n
otes.tex:1277: Undefined control sequence.
l.1277     \node
                [below of=conflict, xshift=0.75cm] {Conflict!};
The control sequence at the end of the top line
of your error message was never \def'ed. If you have
misspelled it (e.g., `\hobx'), type `I' and the correct
spelling (e.g., `I\hbox'). Otherwise just continue,
and I'll forget about whatever was undefined.

/Users/ashoksaravanan/Coding/ScribeLec/server/output/CS 243/lectures/15L2-SAT/n
otes.tex:1278: Undefined control sequence.
l.1278     \node
                [below left of=conflict, xshift=-0.75cm] {c=0};
The control sequence at the end of the top line
of your error message was never \def'ed. If you have
misspelled it (e.g., `\hobx'), type `I' and the correct
spelling (e.g., `I\hbox'). Otherwise just continue,
and I'll forget about whatever was undefined.

/Users/ashoksaravanan/Coding/ScribeLec/server/output/CS 243/lectures/15L2-SAT/n
otes.tex:1279: Undefined control sequence.
l.1279     \node
                [below right of=conflict, xshift=0.75cm] {d=0};
The control sequence at the end of the top line
of your error message was never \def'ed. If you have
misspelled it (e.g., `\hobx'), type `I' and the correct
spelling (e.g., `I\hbox'). Otherwise just continue,
and I'll forget about whatever was undefined.

/Users/ashoksaravanan/Coding/ScribeLec/server/output/CS 243/lectures/15L2-SAT/n
otes.tex:1280: Undefined control sequence.
l.1280     \node
                [below right of=conflict, xshift=2.5cm, yshift=-1cm] {¬a∨...
The control sequence at the end of the top line
of your error message was never \def'ed. If you have
misspelled it (e.g., `\hobx'), type `I' and the correct
spelling (e.g., `I\hbox'). Otherwise just continue,
and I'll forget about whatever was undefined.


LaTeX Warning: Command \textlnot invalid in math mode on input line 1280.


LaTeX Warning: Command \textlnot invalid in math mode on input line 1280.


/Users/ashoksaravanan/Coding/ScribeLec/server/output/CS 243/lectures/15L2-SAT/n
otes.tex:1280: LaTeX Error: Unicode character ∨ (U+2228)
               not set up for use with LaTeX.

See the LaTeX manual or LaTeX Companion for explanation.
Type  H <return>  for immediate help.
 ...                                              
                                                  
l.1280 ...lict, xshift=2.5cm, yshift=-1cm] {¬a∨
                                                  ¬c};
You may provide a definition with
\DeclareUnicodeCharacter 


LaTeX Warning: Command \textlnot invalid in math mode on input line 1280.


LaTeX Warning: Command \textlnot invalid in math mode on input line 1280.


/Users/ashoksaravanan/Coding/ScribeLec/server/output/CS 243/lectures/15L2-SAT/n
otes.tex:1281: LaTeX Error: \begin{document} ended by \end{tikzpicture}.

See the LaTeX manual or LaTeX Companion for explanation.
Type  H <return>  for immediate help.
 ...                                              
                                                  
l.1281 \end{tikzpicture}
                        
Your command was ignored.
Type  I <command> <return>  to replace it with another command,
or  <return>  to continue without it.

/Users/ashoksaravanan/Coding/ScribeLec/server/output/CS 243/lectures/15L2-SAT/n
otes.tex:1281: Missing $ inserted.
<inserted text> 
                $
l.1281 \end{tikzpicture}
                        
I've inserted something that you may have forgotten.
(See the <inserted text> above.)
With luck, this will get me unwedged. But if you
really didn't forget anything, try typing `2' now; then
my insertion and my current dilemma will both disappear.


Overfull \hbox (38.1173pt too wide) in paragraph at lines 1266--1282
\OML/lmm/m/it/10 lightgray\OT1/lmr/m/n/10 !20\OML/lmm/m/it/10 ; rightof \OT1/lm
r/m/n/10 = \OML/lmm/m/it/10 a[]q[]; xshift \OT1/lmr/m/n/10 = 1\OML/lmm/m/it/10 
:\OT1/lmr/m/n/10 5\OML/lmm/m/it/10 cm; yshift \OT1/lmr/m/n/10 = \OMS/lmsy/m/n/1
0  \OT1/lmr/m/n/10 0\OML/lmm/m/it/10 :\OT1/lmr/m/n/10 5\OML/lmm/m/it/10 cm\OT1/
lmr/m/n/10 ](\OML/lmm/m/it/10 d[]q[]\OT1/lmr/m/n/10 )[]$\T1/lmr/m/n/10 d=1$\OT1
/lmr/m/n/10 ; [\OMS/lmsy/m/n/10   \OML/lmm/m/it/10 >\OT1/lmr/m/n/10 ](\OML/lmm/
m/it/10 a\OT1/lmr/m/n/10 ) \OMS/lmsy/m/n/10    \OT1/lmr/m/n/10 (\OML/lmm/m/it/1
0 b\OT1/lmr/m/n/10 )\OML/lmm/m/it/10 node\OT1/lmr/m/n/10 [\OML/lmm/m/it/10 midw
ay; left\OT1/lmr/m/n/10 ]0; [\OMS/lmsy/m/n/10   \OML/lmm/m/it/10 >
 []


Overfull \hbox (53.95343pt too wide) in paragraph at lines 1266--1282
\OML/lmm/m/it/10 conflict; xshift \OT1/lmr/m/n/10 = \OMS/lmsy/m/n/10  \OT1/lmr/
m/n/10 0\OML/lmm/m/it/10 :\OT1/lmr/m/n/10 75\OML/lmm/m/it/10 cm\OT1/lmr/m/n/10 
][]; [\OML/lmm/m/it/10 belowrightof \OT1/lmr/m/n/10 = \OML/lmm/m/it/10 conflict
; xshift \OT1/lmr/m/n/10 = 0\OML/lmm/m/it/10 :\OT1/lmr/m/n/10 75\OML/lmm/m/it/1
0 cm\OT1/lmr/m/n/10 ][]; [\OML/lmm/m/it/10 belowrightof \OT1/lmr/m/n/10 = \OML/
lmm/m/it/10 conflict; xshift \OT1/lmr/m/n/10 =
 []


/Users/ashoksaravanan/Coding/ScribeLec/server/output/CS 243/lectures/15L2-SAT/n
otes.tex:1283: LaTeX Error: \begin{document} ended by \end{tikzpicture}.

See the LaTeX manual or LaTeX Companion for explanation.
Type  H <return>  for immediate help.
 ...                                              
                                                  
l.1283 \end{tikzpicture}
                        
Your command was ignored.
Type  I <command> <return>  to replace it with another command,
or  <return>  to continue without it.

/Users/ashoksaravanan/Coding/ScribeLec/server/output/CS 243/lectures/15L2-SAT/n
otes.tex:1283: Extra \endgroup.
<recently read> \endgroup 
                          
l.1283 \end{tikzpicture}
                        
Things are pretty mixed up, but I think the worst is over.


/Users/ashoksaravanan/Coding/ScribeLec/server/output/CS 243/lectures/15L2-SAT/n
otes.tex:1286: LaTeX Error: Unicode character ∨ (U+2228)
               not set up for use with LaTeX.

See the LaTeX manual or LaTeX Companion for explanation.
Type  H <return>  for immediate help.
 ...                                              
                                                  
l.1286 ... in the conflict.  The new clause ¬a∨
                                                  ¬c is shown below the con...

You may provide a definition with
\DeclareUnicodeCharacter 


/Users/ashoksaravanan/Coding/ScribeLec/server/output/CS 243/lectures/15L2-SAT/n
otes.tex:1286: LaTeX Error: Unicode character ∨ (U+2228)
               not set up for use with LaTeX.

See the LaTeX manual or LaTeX Companion for explanation.
Type  H <return>  for immediate help.
 ...                                              
                                                  
l.1286 ...he search process. The new clause ¬a∨
                                                  ¬c is added to the origin...

You may provide a definition with
\DeclareUnicodeCharacter 

</Users/ashoksaravanan/Coding/ScribeLec/server/output/CS 243/lectures/15L2-SAT/
figures/34.1.png, id=362, 601.24625pt x 306.14375pt>
File: /Users/ashoksaravanan/Coding/ScribeLec/server/output/CS 243/lectures/15L2
-SAT/figures/34.1.png Graphic file (type png)
<use /Users/ashoksaravanan/Coding/ScribeLec/server/output/CS 243/lectures/15L2-
SAT/figures/34.1.png>
Package pdftex.def Info: /Users/ashoksaravanan/Coding/ScribeLec/server/output/C
S 243/lectures/15L2-SAT/figures/34.1.png  used on input line 1292.
(pdftex.def)             Requested size: 70.46037pt x 35.87613pt.
</Users/ashoksaravanan/Coding/ScribeLec/server/output/CS 243/lectures/15L2-SAT/
figures/34.2.png, id=363, 601.24625pt x 398.48875pt>
File: /Users/ashoksaravanan/Coding/ScribeLec/server/output/CS 243/lectures/15L2
-SAT/figures/34.2.png Graphic file (type png)
<use /Users/ashoksaravanan/Coding/ScribeLec/server/output/CS 243/lectures/15L2-
SAT/figures/34.2.png>
Package pdftex.def Info: /Users/ashoksaravanan/Coding/ScribeLec/server/output/C
S 243/lectures/15L2-SAT/figures/34.2.png  used on input line 1298.
(pdftex.def)             Requested size: 70.46037pt x 46.69778pt.
[34 </Users/ashoksaravanan/Coding/ScribeLec/server/output/CS 243/lectures/15L2-
SAT/figures/34.1.png (PNG copy)> </Users/ashoksaravanan/Coding/ScribeLec/server
/output/CS 243/lectures/15L2-SAT/figures/34.2.png (PNG copy)>]

/Users/ashoksaravanan/Coding/ScribeLec/server/output/CS 243/lectures/15L2-SAT/n
otes.tex:1325: LaTeX Error: Environment tikzpicture undefined.

See the LaTeX manual or LaTeX Companion for explanation.
Type  H <return>  for immediate help.
 ...                                              
                                                  
l.1325 \begin{tikzpicture}
                          [node distance=1.5cm]
Your command was ignored.
Type  I <command> <return>  to replace it with another command,
or  <return>  to continue without it.

/Users/ashoksaravanan/Coding/ScribeLec/server/output/CS 243/lectures/15L2-SAT/n
otes.tex:1326: Undefined control sequence.
l.1326     \node
                [draw, circle] (p) {¬p};
The control sequence at the end of the top line
of your error message was never \def'ed. If you have
misspelled it (e.g., `\hobx'), type `I' and the correct
spelling (e.g., `I\hbox'). Otherwise just continue,
and I'll forget about whatever was undefined.

/Users/ashoksaravanan/Coding/ScribeLec/server/output/CS 243/lectures/15L2-SAT/n
otes.tex:1327: Undefined control sequence.
l.1327     \node
                [draw, circle, right of=p] (q) {¬q};
The control sequence at the end of the top line
of your error message was never \def'ed. If you have
misspelled it (e.g., `\hobx'), type `I' and the correct
spelling (e.g., `I\hbox'). Otherwise just continue,
and I'll forget about whatever was undefined.

/Users/ashoksaravanan/Coding/ScribeLec/server/output/CS 243/lectures/15L2-SAT/n
otes.tex:1328: Undefined control sequence.
l.1328     \node
                [draw, circle, right of=q] (a) {a};
The control sequence at the end of the top line
of your error message was never \def'ed. If you have
misspelled it (e.g., `\hobx'), type `I' and the correct
spelling (e.g., `I\hbox'). Otherwise just continue,
and I'll forget about whatever was undefined.

/Users/ashoksaravanan/Coding/ScribeLec/server/output/CS 243/lectures/15L2-SAT/n
otes.tex:1329: Undefined control sequence.
l.1329     \node
                [draw, circle, right of=a] (x1) {¬x1};
The control sequence at the end of the top line
of your error message was never \def'ed. If you have
misspelled it (e.g., `\hobx'), type `I' and the correct
spelling (e.g., `I\hbox'). Otherwise just continue,
and I'll forget about whatever was undefined.

/Users/ashoksaravanan/Coding/ScribeLec/server/output/CS 243/lectures/15L2-SAT/n
otes.tex:1330: Undefined control sequence.
l.1330     \node
                [draw, circle, right of=x1] (x2) {¬x2};
The control sequence at the end of the top line
of your error message was never \def'ed. If you have
misspelled it (e.g., `\hobx'), type `I' and the correct
spelling (e.g., `I\hbox'). Otherwise just continue,
and I'll forget about whatever was undefined.

/Users/ashoksaravanan/Coding/ScribeLec/server/output/CS 243/lectures/15L2-SAT/n
otes.tex:1331: Undefined control sequence.
l.1331     \node
                [draw, circle, right of=x2] (x3) {¬x3};
The control sequence at the end of the top line
of your error message was never \def'ed. If you have
misspelled it (e.g., `\hobx'), type `I' and the correct
spelling (e.g., `I\hbox'). Otherwise just continue,
and I'll forget about whatever was undefined.

/Users/ashoksaravanan/Coding/ScribeLec/server/output/CS 243/lectures/15L2-SAT/n
otes.tex:1332: Undefined control sequence.
l.1332     \node
                [draw, circle, above right of=x1] (y) {y};
The control sequence at the end of the top line
of your error message was never \def'ed. If you have
misspelled it (e.g., `\hobx'), type `I' and the correct
spelling (e.g., `I\hbox'). Otherwise just continue,
and I'll forget about whatever was undefined.

/Users/ashoksaravanan/Coding/ScribeLec/server/output/CS 243/lectures/15L2-SAT/n
otes.tex:1333: Undefined control sequence.
l.1333     \node
                [draw, circle, below right of=x3] (ny) {¬y};
The control sequence at the end of the top line
of your error message was never \def'ed. If you have
misspelled it (e.g., `\hobx'), type `I' and the correct
spelling (e.g., `I\hbox'). Otherwise just continue,
and I'll forget about whatever was undefined.

/Users/ashoksaravanan/Coding/ScribeLec/server/output/CS 243/lectures/15L2-SAT/n
otes.tex:1334: Undefined control sequence.
l.1334     \node
                [draw, circle, below right of=y] (false) {false};
The control sequence at the end of the top line
of your error message was never \def'ed. If you have
misspelled it (e.g., `\hobx'), type `I' and the correct
spelling (e.g., `I\hbox'). Otherwise just continue,
and I'll forget about whatever was undefined.

/Users/ashoksaravanan/Coding/ScribeLec/server/output/CS 243/lectures/15L2-SAT/n
otes.tex:1335: Undefined control sequence.
l.1335     \draw
                [->] (p) -- (q);
The control sequence at the end of the top line
of your error message was never \def'ed. If you have
misspelled it (e.g., `\hobx'), type `I' and the correct
spelling (e.g., `I\hbox'). Otherwise just continue,
and I'll forget about whatever was undefined.

/Users/ashoksaravanan/Coding/ScribeLec/server/output/CS 243/lectures/15L2-SAT/n
otes.tex:1336: Undefined control sequence.
l.1336     \draw
                [->] (q) -- (a);
The control sequence at the end of the top line
of your error message was never \def'ed. If you have
misspelled it (e.g., `\hobx'), type `I' and the correct
spelling (e.g., `I\hbox'). Otherwise just continue,
and I'll forget about whatever was undefined.

/Users/ashoksaravanan/Coding/ScribeLec/server/output/CS 243/lectures/15L2-SAT/n
otes.tex:1337: Undefined control sequence.
l.1337     \draw
                [->] (a) -- (x1);
The control sequence at the end of the top line
of your error message was never \def'ed. If you have
misspelled it (e.g., `\hobx'), type `I' and the correct
spelling (e.g., `I\hbox'). Otherwise just continue,
and I'll forget about whatever was undefined.

/Users/ashoksaravanan/Coding/ScribeLec/server/output/CS 243/lectures/15L2-SAT/n
otes.tex:1338: Undefined control sequence.
l.1338     \draw
                [->] (x1) -- (x2);
The control sequence at the end of the top line
of your error message was never \def'ed. If you have
misspelled it (e.g., `\hobx'), type `I' and the correct
spelling (e.g., `I\hbox'). Otherwise just continue,
and I'll forget about whatever was undefined.

/Users/ashoksaravanan/Coding/ScribeLec/server/output/CS 243/lectures/15L2-SAT/n
otes.tex:1339: Undefined control sequence.
l.1339     \draw
                [->] (x1) -- (x3);
The control sequence at the end of the top line
of your error message was never \def'ed. If you have
misspelled it (e.g., `\hobx'), type `I' and the correct
spelling (e.g., `I\hbox'). Otherwise just continue,
and I'll forget about whatever was undefined.

/Users/ashoksaravanan/Coding/ScribeLec/server/output/CS 243/lectures/15L2-SAT/n
otes.tex:1340: Undefined control sequence.
l.1340     \draw
                [->] (x2) -- (y);
The control sequence at the end of the top line
of your error message was never \def'ed. If you have
misspelled it (e.g., `\hobx'), type `I' and the correct
spelling (e.g., `I\hbox'). Otherwise just continue,
and I'll forget about whatever was undefined.

/Users/ashoksaravanan/Coding/ScribeLec/server/output/CS 243/lectures/15L2-SAT/n
otes.tex:1341: Undefined control sequence.
l.1341     \draw
                [->] (x3) -- (ny);
The control sequence at the end of the top line
of your error message was never \def'ed. If you have
misspelled it (e.g., `\hobx'), type `I' and the correct
spelling (e.g., `I\hbox'). Otherwise just continue,
and I'll forget about whatever was undefined.

/Users/ashoksaravanan/Coding/ScribeLec/server/output/CS 243/lectures/15L2-SAT/n
otes.tex:1342: Undefined control sequence.
l.1342     \draw
                [->] (y) -- (false);
The control sequence at the end of the top line
of your error message was never \def'ed. If you have
misspelled it (e.g., `\hobx'), type `I' and the correct
spelling (e.g., `I\hbox'). Otherwise just continue,
and I'll forget about whatever was undefined.

/Users/ashoksaravanan/Coding/ScribeLec/server/output/CS 243/lectures/15L2-SAT/n
otes.tex:1343: Undefined control sequence.
l.1343     \node
                [below left of=p, xshift=-0.5cm] {¬p};
The control sequence at the end of the top line
of your error message was never \def'ed. If you have
misspelled it (e.g., `\hobx'), type `I' and the correct
spelling (e.g., `I\hbox'). Otherwise just continue,
and I'll forget about whatever was undefined.

/Users/ashoksaravanan/Coding/ScribeLec/server/output/CS 243/lectures/15L2-SAT/n
otes.tex:1344: Undefined control sequence.
l.1344     \node
                [below left of=q, xshift=-0.5cm] {¬q};
The control sequence at the end of the top line
of your error message was never \def'ed. If you have
misspelled it (e.g., `\hobx'), type `I' and the correct
spelling (e.g., `I\hbox'). Otherwise just continue,
and I'll forget about whatever was undefined.

/Users/ashoksaravanan/Coding/ScribeLec/server/output/CS 243/lectures/15L2-SAT/n
otes.tex:1345: Undefined control sequence.
l.1345     \node
                [below left of=a, xshift=-0.5cm] {a};
The control sequence at the end of the top line
of your error message was never \def'ed. If you have
misspelled it (e.g., `\hobx'), type `I' and the correct
spelling (e.g., `I\hbox'). Otherwise just continue,
and I'll forget about whatever was undefined.

/Users/ashoksaravanan/Coding/ScribeLec/server/output/CS 243/lectures/15L2-SAT/n
otes.tex:1346: Undefined control sequence.
l.1346     \node
                [below left of=x1, xshift=-0.5cm] {¬x1};
The control sequence at the end of the top line
of your error message was never \def'ed. If you have
misspelled it (e.g., `\hobx'), type `I' and the correct
spelling (e.g., `I\hbox'). Otherwise just continue,
and I'll forget about whatever was undefined.

/Users/ashoksaravanan/Coding/ScribeLec/server/output/CS 243/lectures/15L2-SAT/n
otes.tex:1347: Undefined control sequence.
l.1347     \node
                [below left of=x2, xshift=-0.5cm] {¬x2};
The control sequence at the end of the top line
of your error message was never \def'ed. If you have
misspelled it (e.g., `\hobx'), type `I' and the correct
spelling (e.g., `I\hbox'). Otherwise just continue,
and I'll forget about whatever was undefined.

/Users/ashoksaravanan/Coding/ScribeLec/server/output/CS 243/lectures/15L2-SAT/n
otes.tex:1348: Undefined control sequence.
l.1348     \node
                [below left of=x3, xshift=-0.5cm] {¬x3};
The control sequence at the end of the top line
of your error message was never \def'ed. If you have
misspelled it (e.g., `\hobx'), type `I' and the correct
spelling (e.g., `I\hbox'). Otherwise just continue,
and I'll forget about whatever was undefined.

/Users/ashoksaravanan/Coding/ScribeLec/server/output/CS 243/lectures/15L2-SAT/n
otes.tex:1349: Undefined control sequence.
l.1349     \node
                [below left of=y, xshift=-0.5cm] {y};
The control sequence at the end of the top line
of your error message was never \def'ed. If you have
misspelled it (e.g., `\hobx'), type `I' and the correct
spelling (e.g., `I\hbox'). Otherwise just continue,
and I'll forget about whatever was undefined.

/Users/ashoksaravanan/Coding/ScribeLec/server/output/CS 243/lectures/15L2-SAT/n
otes.tex:1350: Undefined control sequence.
l.1350     \node
                [below left of=ny, xshift=-0.5cm] {¬y};
The control sequence at the end of the top line
of your error message was never \def'ed. If you have
misspelled it (e.g., `\hobx'), type `I' and the correct
spelling (e.g., `I\hbox'). Otherwise just continue,
and I'll forget about whatever was undefined.

/Users/ashoksaravanan/Coding/ScribeLec/server/output/CS 243/lectures/15L2-SAT/n
otes.tex:1351: Undefined control sequence.
l.1351     \node
                [below left of=false, xshift=-0.5cm] {false};
The control sequence at the end of the top line
of your error message was never \def'ed. If you have
misspelled it (e.g., `\hobx'), type `I' and the correct
spelling (e.g., `I\hbox'). Otherwise just continue,
and I'll forget about whatever was undefined.

/Users/ashoksaravanan/Coding/ScribeLec/server/output/CS 243/lectures/15L2-SAT/n
otes.tex:1352: Undefined control sequence.
l.1352     \node
                [below left of=x1, xshift=1.5cm] {t};
The control sequence at the end of the top line
of your error message was never \def'ed. If you have
misspelled it (e.g., `\hobx'), type `I' and the correct
spelling (e.g., `I\hbox'). Otherwise just continue,
and I'll forget about whatever was undefined.

/Users/ashoksaravanan/Coding/ScribeLec/server/output/CS 243/lectures/15L2-SAT/n
otes.tex:1353: Undefined control sequence.
l.1353     \node
                [below left of=x1, xshift=2.5cm] {¬t};
The control sequence at the end of the top line
of your error message was never \def'ed. If you have
misspelled it (e.g., `\hobx'), type `I' and the correct
spelling (e.g., `I\hbox'). Otherwise just continue,
and I'll forget about whatever was undefined.

/Users/ashoksaravanan/Coding/ScribeLec/server/output/CS 243/lectures/15L2-SAT/n
otes.tex:1354: Undefined control sequence.
l.1354     \node
                [below left of=x1, xshift=0.5cm, yshift=-1cm] {Reason = a cu...
The control sequence at the end of the top line
of your error message was never \def'ed. If you have
misspelled it (e.g., `\hobx'), type `I' and the correct
spelling (e.g., `I\hbox'). Otherwise just continue,
and I'll forget about whatever was undefined.

/Users/ashoksaravanan/Coding/ScribeLec/server/output/CS 243/lectures/15L2-SAT/n
otes.tex:1355: Undefined control sequence.
l.1355     \node
                [below left of=x1, xshift=0.5cm, yshift=-1.5cm] {implication...
The control sequence at the end of the top line
of your error message was never \def'ed. If you have
misspelled it (e.g., `\hobx'), type `I' and the correct
spelling (e.g., `I\hbox'). Otherwise just continue,
and I'll forget about whatever was undefined.

/Users/ashoksaravanan/Coding/ScribeLec/server/output/CS 243/lectures/15L2-SAT/n
otes.tex:1356: Undefined control sequence.
l.1356     \node
                [below left of=x1, xshift=0.5cm, yshift=-2cm] {1-UIP scheme};
The control sequence at the end of the top line
of your error message was never \def'ed. If you have
misspelled it (e.g., `\hobx'), type `I' and the correct
spelling (e.g., `I\hbox'). Otherwise just continue,
and I'll forget about whatever was undefined.

/Users/ashoksaravanan/Coding/ScribeLec/server/output/CS 243/lectures/15L2-SAT/n
otes.tex:1357: Undefined control sequence.
l.1357     \node
                [below left of=x1, xshift=0.5cm, yshift=-2.5cm] {b};
The control sequence at the end of the top line
of your error message was never \def'ed. If you have
misspelled it (e.g., `\hobx'), type `I' and the correct
spelling (e.g., `I\hbox'). Otherwise just continue,
and I'll forget about whatever was undefined.


/Users/ashoksaravanan/Coding/ScribeLec/server/output/CS 243/lectures/15L2-SAT/n
otes.tex:1358: LaTeX Error: \begin{document} ended by \end{tikzpicture}.

See the LaTeX manual or LaTeX Companion for explanation.
Type  H <return>  for immediate help.
 ...                                              
                                                  
l.1358 \end{tikzpicture}
                        
Your command was ignored.
Type  I <command> <return>  to replace it with another command,
or  <return>  to continue without it.

[35] [36] [37] [38]
/Users/ashoksaravanan/Coding/ScribeLec/server/output/CS 243/lectures/15L2-SAT/n
otes.tex:1438: Undefined control sequence.
\enit@enditemize ->\enit@after 
                               \endlist \ifx \enit@series \relax \else \ifnu...
l.1438 \end{itemize}
                    
The control sequence at the end of the top line
of your error message was never \def'ed. If you have
misspelled it (e.g., `\hobx'), type `I' and the correct
spelling (e.g., `I\hbox'). Otherwise just continue,
and I'll forget about whatever was undefined.

/Users/ashoksaravanan/Coding/ScribeLec/server/output/CS 243/lectures/15L2-SAT/n
otes.tex:1438: Undefined control sequence.
\enit@enditemize ...x \else \ifnum \enit@resuming 
                                                  =\@ne \enit@setresumekeys ...
l.1438 \end{itemize}
                    
The control sequence at the end of the top line
of your error message was never \def'ed. If you have
misspelled it (e.g., `\hobx'), type `I' and the correct
spelling (e.g., `I\hbox'). Otherwise just continue,
and I'll forget about whatever was undefined.

/Users/ashoksaravanan/Coding/ScribeLec/server/output/CS 243/lectures/15L2-SAT/n
otes.tex:1438: Missing number, treated as zero.
<to be read again> 
                   =
l.1438 \end{itemize}
                    
A number should have been here; I inserted `0'.
(If you can't figure out why I needed to see a number,
look up `weird error' in the index to The TeXbook.)

/Users/ashoksaravanan/Coding/ScribeLec/server/output/CS 243/lectures/15L2-SAT/n
otes.tex:1438: Undefined control sequence.
\enit@setresumekeys ...xpandafter {\enit@savekeys 
                                                  }\xdef \enit@afterlist {#2...
l.1438 \end{itemize}
                    
The control sequence at the end of the top line
of your error message was never \def'ed. If you have
misspelled it (e.g., `\hobx'), type `I' and the correct
spelling (e.g., `I\hbox'). Otherwise just continue,
and I'll forget about whatever was undefined.

/Users/ashoksaravanan/Coding/ScribeLec/server/output/CS 243/lectures/15L2-SAT/n
otes.tex:1438: Undefined control sequence.
\enit@setresumekeys ...it@toks }\ifnum \enit@type 
                                                  =\z@ #3\def \enit@noexcs {...
l.1438 \end{itemize}
                    
The control sequence at the end of the top line
of your error message was never \def'ed. If you have
misspelled it (e.g., `\hobx'), type `I' and the correct
spelling (e.g., `I\hbox'). Otherwise just continue,
and I'll forget about whatever was undefined.

/Users/ashoksaravanan/Coding/ScribeLec/server/output/CS 243/lectures/15L2-SAT/n
otes.tex:1438: Missing number, treated as zero.
<to be read again> 
                   =
l.1438 \end{itemize}
                    
A number should have been here; I inserted `0'.
(If you can't figure out why I needed to see a number,
look up `weird error' in the index to The TeXbook.)

/Users/ashoksaravanan/Coding/ScribeLec/server/output/CS 243/lectures/15L2-SAT/n
otes.tex:1438: Undefined control sequence.
<argument> enit@resume@series@\enit@series 
                                           
l.1438 \end{itemize}
                    
The control sequence at the end of the top line
of your error message was never \def'ed. If you have
misspelled it (e.g., `\hobx'), type `I' and the correct
spelling (e.g., `I\hbox'). Otherwise just continue,
and I'll forget about whatever was undefined.

/Users/ashoksaravanan/Coding/ScribeLec/server/output/CS 243/lectures/15L2-SAT/n
otes.tex:1438: Undefined control sequence.
\enit@setresumekeys ...me@#1}{\csname c@\@listctr 
                                                  \endcsname \the \csname c@...
l.1438 \end{itemize}
                    
The control sequence at the end of the top line
of your error message was never \def'ed. If you have
misspelled it (e.g., `\hobx'), type `I' and the correct
spelling (e.g., `I\hbox'). Otherwise just continue,
and I'll forget about whatever was undefined.

/Users/ashoksaravanan/Coding/ScribeLec/server/output/CS 243/lectures/15L2-SAT/n
otes.tex:1438: Undefined control sequence.
\enit@setresumekeys ...e \the \csname c@\@listctr 
                                                  \endcsname }\fi }
l.1438 \end{itemize}
                    
The control sequence at the end of the top line
of your error message was never \def'ed. If you have
misspelled it (e.g., `\hobx'), type `I' and the correct
spelling (e.g., `I\hbox'). Otherwise just continue,
and I'll forget about whatever was undefined.

/Users/ashoksaravanan/Coding/ScribeLec/server/output/CS 243/lectures/15L2-SAT/n
otes.tex:1438: You can't use `\relax' after \the.
<recently read> \c@ 
                    
l.1438 \end{itemize}
                    
I'm forgetting what you said and using zero instead.

/Users/ashoksaravanan/Coding/ScribeLec/server/output/CS 243/lectures/15L2-SAT/n
otes.tex:1438: Undefined control sequence.
\enit@enditemize ...ist \fi \ifnum \enit@resuming 
                                                  =\thr@@ \enit@setresumekey...
l.1438 \end{itemize}
                    
The control sequence at the end of the top line
of your error message was never \def'ed. If you have
misspelled it (e.g., `\hobx'), type `I' and the correct
spelling (e.g., `I\hbox'). Otherwise just continue,
and I'll forget about whatever was undefined.

/Users/ashoksaravanan/Coding/ScribeLec/server/output/CS 243/lectures/15L2-SAT/n
otes.tex:1438: Missing number, treated as zero.
<to be read again> 
                   =
l.1438 \end{itemize}
                    
A number should have been here; I inserted `0'.
(If you can't figure out why I needed to see a number,
look up `weird error' in the index to The TeXbook.)

/Users/ashoksaravanan/Coding/ScribeLec/server/output/CS 243/lectures/15L2-SAT/n
otes.tex:1438: Undefined control sequence.
\enit@setresumekeys ...xpandafter {\enit@savekeys 
                                                  }\xdef \enit@afterlist {#2...
l.1438 \end{itemize}
                    
The control sequence at the end of the top line
of your error message was never \def'ed. If you have
misspelled it (e.g., `\hobx'), type `I' and the correct
spelling (e.g., `I\hbox'). Otherwise just continue,
and I'll forget about whatever was undefined.

/Users/ashoksaravanan/Coding/ScribeLec/server/output/CS 243/lectures/15L2-SAT/n
otes.tex:1438: Undefined control sequence.
\enit@setresumekeys ...it@toks }\ifnum \enit@type 
                                                  =\z@ #3\def \enit@noexcs {...
l.1438 \end{itemize}
                    
The control sequence at the end of the top line
of your error message was never \def'ed. If you have
misspelled it (e.g., `\hobx'), type `I' and the correct
spelling (e.g., `I\hbox'). Otherwise just continue,
and I'll forget about whatever was undefined.

/Users/ashoksaravanan/Coding/ScribeLec/server/output/CS 243/lectures/15L2-SAT/n
otes.tex:1438: Missing number, treated as zero.
<to be read again> 
                   =
l.1438 \end{itemize}
                    
A number should have been here; I inserted `0'.
(If you can't figure out why I needed to see a number,
look up `weird error' in the index to The TeXbook.)

/Users/ashoksaravanan/Coding/ScribeLec/server/output/CS 243/lectures/15L2-SAT/n
otes.tex:1438: Undefined control sequence.
\enit@setresumekeys ...me@#1}{\csname c@\@listctr 
                                                  \endcsname \the \csname c@...
l.1438 \end{itemize}
                    
The control sequence at the end of the top line
of your error message was never \def'ed. If you have
misspelled it (e.g., `\hobx'), type `I' and the correct
spelling (e.g., `I\hbox'). Otherwise just continue,
and I'll forget about whatever was undefined.

/Users/ashoksaravanan/Coding/ScribeLec/server/output/CS 243/lectures/15L2-SAT/n
otes.tex:1438: Undefined control sequence.
\enit@setresumekeys ...e \the \csname c@\@listctr 
                                                  \endcsname }\fi }
l.1438 \end{itemize}
                    
The control sequence at the end of the top line
of your error message was never \def'ed. If you have
misspelled it (e.g., `\hobx'), type `I' and the correct
spelling (e.g., `I\hbox'). Otherwise just continue,
and I'll forget about whatever was undefined.

/Users/ashoksaravanan/Coding/ScribeLec/server/output/CS 243/lectures/15L2-SAT/n
otes.tex:1438: You can't use `\relax' after \the.
<recently read> \c@ 
                    
l.1438 \end{itemize}
                    
I'm forgetting what you said and using zero instead.


/Users/ashoksaravanan/Coding/ScribeLec/server/output/CS 243/lectures/15L2-SAT/n
otes.tex:1438: LaTeX Error: \begin{document} ended by \end{itemize}.

See the LaTeX manual or LaTeX Companion for explanation.
Type  H <return>  for immediate help.
 ...                                              
                                                  
l.1438 \end{itemize}
                    
Your command was ignored.
Type  I <command> <return>  to replace it with another command,
or  <return>  to continue without it.

/Users/ashoksaravanan/Coding/ScribeLec/server/output/CS 243/lectures/15L2-SAT/n
otes.tex:1438: Extra \endgroup.
<recently read> \endgroup 
                          
l.1438 \end{itemize}
                    
Things are pretty mixed up, but I think the worst is over.

</Users/ashoksaravanan/Coding/ScribeLec/server/output/CS 243/lectures/15L2-SAT/
figures/38.1.png, id=406, 65.24374pt x 43.16125pt>
File: /Users/ashoksaravanan/Coding/ScribeLec/server/output/CS 243/lectures/15L2
-SAT/figures/38.1.png Graphic file (type png)
<use /Users/ashoksaravanan/Coding/ScribeLec/server/output/CS 243/lectures/15L2-
SAT/figures/38.1.png>
Package pdftex.def Info: /Users/ashoksaravanan/Coding/ScribeLec/server/output/C
S 243/lectures/15L2-SAT/figures/38.1.png  used on input line 1447.
(pdftex.def)             Requested size: 70.46037pt x 46.61278pt.
</Users/ashoksaravanan/Coding/ScribeLec/server/output/CS 243/lectures/15L2-SAT/
figures/38.2.png, id=407, 57.21375pt x 47.17625pt>
File: /Users/ashoksaravanan/Coding/ScribeLec/server/output/CS 243/lectures/15L2
-SAT/figures/38.2.png Graphic file (type png)
<use /Users/ashoksaravanan/Coding/ScribeLec/server/output/CS 243/lectures/15L2-
SAT/figures/38.2.png>
Package pdftex.def Info: /Users/ashoksaravanan/Coding/ScribeLec/server/output/C
S 243/lectures/15L2-SAT/figures/38.2.png  used on input line 1453.
(pdftex.def)             Requested size: 70.46037pt x 58.10127pt.
</Users/ashoksaravanan/Coding/ScribeLec/server/output/CS 243/lectures/15L2-SAT/
figures/38.3.png, id=408, 50.1875pt x 40.15pt>
File: /Users/ashoksaravanan/Coding/ScribeLec/server/output/CS 243/lectures/15L2
-SAT/figures/38.3.png Graphic file (type png)
<use /Users/ashoksaravanan/Coding/ScribeLec/server/output/CS 243/lectures/15L2-
SAT/figures/38.3.png>
Package pdftex.def Info: /Users/ashoksaravanan/Coding/ScribeLec/server/output/C
S 243/lectures/15L2-SAT/figures/38.3.png  used on input line 1459.
(pdftex.def)             Requested size: 70.46037pt x 56.37685pt.
</Users/ashoksaravanan/Coding/ScribeLec/server/output/CS 243/lectures/15L2-SAT/
figures/38.4.png, id=409, 60.225pt x 49.18375pt>
File: /Users/ashoksaravanan/Coding/ScribeLec/server/output/CS 243/lectures/15L2
-SAT/figures/38.4.png Graphic file (type png)
<use /Users/ashoksaravanan/Coding/ScribeLec/server/output/CS 243/lectures/15L2-
SAT/figures/38.4.png>
Package pdftex.def Info: /Users/ashoksaravanan/Coding/ScribeLec/server/output/C
S 243/lectures/15L2-SAT/figures/38.4.png  used on input line 1465.
(pdftex.def)             Requested size: 70.46037pt x 57.54773pt.
[39 </Users/ashoksaravanan/Coding/ScribeLec/server/output/CS 243/lectures/15L2-
SAT/figures/38.1.png (PNG copy)> </Users/ashoksaravanan/Coding/ScribeLec/server
/output/CS 243/lectures/15L2-SAT/figures/38.2.png (PNG copy)> </Users/ashoksara
vanan/Coding/ScribeLec/server/output/CS 243/lectures/15L2-SAT/figures/38.3.png 
(PNG copy)> </Users/ashoksaravanan/Coding/ScribeLec/server/output/CS 243/lectur
es/15L2-SAT/figures/38.4.png (PNG copy)>]

/Users/ashoksaravanan/Coding/ScribeLec/server/output/CS 243/lectures/15L2-SAT/n
otes.tex:1480: LaTeX Error: Environment tikzpicture undefined.

See the LaTeX manual or LaTeX Companion for explanation.
Type  H <return>  for immediate help.
 ...                                              
                                                  
l.1480 \begin{tikzpicture}
                          
Your command was ignored.
Type  I <command> <return>  to replace it with another command,
or  <return>  to continue without it.


/Users/ashoksaravanan/Coding/ScribeLec/server/output/CS 243/lectures/15L2-SAT/n
otes.tex:1481: LaTeX Error: Environment axis undefined.

See the LaTeX manual or LaTeX Companion for explanation.
Type  H <return>  for immediate help.
 ...                                              
                                                  
l.1481 \begin{axis}
                   [
Your command was ignored.
Type  I <command> <return>  to replace it with another command,
or  <return>  to continue without it.

/Users/ashoksaravanan/Coding/ScribeLec/server/output/CS 243/lectures/15L2-SAT/n
otes.tex:1490: Missing $ inserted.
<inserted text> 
                $
l.1490     ytick={10^
                     0, 10^3, 10^4, 10^7, 10^10, 10^15, 10^20},
I've inserted a begin-math/end-math symbol since I think
you left one out. Proceed, with fingers crossed.

/Users/ashoksaravanan/Coding/ScribeLec/server/output/CS 243/lectures/15L2-SAT/n
otes.tex:1490: Extra }, or forgotten $.
l.1490 ..., 10^3, 10^4, 10^7, 10^10, 10^15, 10^20}
                                                  ,
I've deleted a group-closing symbol because it seems to be
spurious, as in `$x}$'. But perhaps the } is legitimate and
you forgot something else, as in `\hbox{$x}'. In such cases
the way to recover is to insert both the forgotten and the
deleted material, e.g., by typing `I$}'.

/Users/ashoksaravanan/Coding/ScribeLec/server/output/CS 243/lectures/15L2-SAT/n
otes.tex:1495: Missing $ inserted.
<inserted text> 
                $
l.1495 
       
I've inserted a begin-math/end-math symbol since I think
you left one out. Proceed, with fingers crossed.


Overfull \hbox (11.06519pt too wide) in paragraph at lines 1481--1495
[]\T1/lmr/m/n/10 [ ti-tle=Exponential Com-plex-ity Growth, xla-bel=Exponential 
Com-plex-ity, yla-bel=Case com-plex-ity, xmin=0,
 []

/Users/ashoksaravanan/Coding/ScribeLec/server/output/CS 243/lectures/15L2-SAT/n
otes.tex:1496: Undefined control sequence.
l.1496 \addplot
               [domain=1:1000000, samples=100, color=blue, thick] {x};
The control sequence at the end of the top line
of your error message was never \def'ed. If you have
misspelled it (e.g., `\hobx'), type `I' and the correct
spelling (e.g., `I\hbox'). Otherwise just continue,
and I'll forget about whatever was undefined.

/Users/ashoksaravanan/Coding/ScribeLec/server/output/CS 243/lectures/15L2-SAT/n
otes.tex:1497: Undefined control sequence.
l.1497 \addlegendentry
                      {Exponential Complexity};
The control sequence at the end of the top line
of your error message was never \def'ed. If you have
misspelled it (e.g., `\hobx'), type `I' and the correct
spelling (e.g., `I\hbox'). Otherwise just continue,
and I'll forget about whatever was undefined.

/Users/ashoksaravanan/Coding/ScribeLec/server/output/CS 243/lectures/15L2-SAT/n
otes.tex:1499: Undefined control sequence.
l.1499 \addplot
               [only marks, mark=*, mark size=2pt, color=red] coordinates {
The control sequence at the end of the top line
of your error message was never \def'ed. If you have
misspelled it (e.g., `\hobx'), type `I' and the correct
spelling (e.g., `I\hbox'). Otherwise just continue,
and I'll forget about whatever was undefined.

/Users/ashoksaravanan/Coding/ScribeLec/server/output/CS 243/lectures/15L2-SAT/n
otes.tex:1500: Missing $ inserted.
<inserted text> 
                $
l.1500 (100, 10^
                3)
I've inserted a begin-math/end-math symbol since I think
you left one out. Proceed, with fingers crossed.

/Users/ashoksaravanan/Coding/ScribeLec/server/output/CS 243/lectures/15L2-SAT/n
otes.tex:1505: Extra }, or forgotten $.
l.1505 }
        ;
I've deleted a group-closing symbol because it seems to be
spurious, as in `$x}$'. But perhaps the } is legitimate and
you forgot something else, as in `\hbox{$x}'. In such cases
the way to recover is to insert both the forgotten and the
deleted material, e.g., by typing `I$}'.

/Users/ashoksaravanan/Coding/ScribeLec/server/output/CS 243/lectures/15L2-SAT/n
otes.tex:1506: Undefined control sequence.
l.1506 \addlegendentry
                      {Case Complexity};
The control sequence at the end of the top line
of your error message was never \def'ed. If you have
misspelled it (e.g., `\hobx'), type `I' and the correct
spelling (e.g., `I\hbox'). Otherwise just continue,
and I'll forget about whatever was undefined.

/Users/ashoksaravanan/Coding/ScribeLec/server/output/CS 243/lectures/15L2-SAT/n
otes.tex:1507: Missing $ inserted.
<inserted text> 
                $
l.1507 
       
I've inserted a begin-math/end-math symbol since I think
you left one out. Proceed, with fingers crossed.


Overfull \hbox (162.39307pt too wide) in paragraph at lines 1499--1507
[]\T1/lmr/m/n/10 [only marks, mark=*, mark size=2pt, color=red] co-or-di-nates 
 (100, 10$[]\OT1/lmr/m/n/10 )(1000\OML/lmm/m/it/10 ; \OT1/lmr/m/n/10 10[])(1000
0\OML/lmm/m/it/10 ; \OT1/lmr/m/n/10 10[])(100000\OML/lmm/m/it/10 ; \OT1/lmr/m/n
/10 10[]0)(1000000\OML/lmm/m/it/10 ; \OT1/lmr/m/n/10 10[]5); [];$ 
 []

/Users/ashoksaravanan/Coding/ScribeLec/server/output/CS 243/lectures/15L2-SAT/n
otes.tex:1508: Undefined control sequence.
l.1508 \node
            [anchor=north west] at (axis cs:100, 10^3) {100};
The control sequence at the end of the top line
of your error message was never \def'ed. If you have
misspelled it (e.g., `\hobx'), type `I' and the correct
spelling (e.g., `I\hbox'). Otherwise just continue,
and I'll forget about whatever was undefined.

/Users/ashoksaravanan/Coding/ScribeLec/server/output/CS 243/lectures/15L2-SAT/n
otes.tex:1508: Missing $ inserted.
<inserted text> 
                $
l.1508 ...[anchor=north west] at (axis cs:100, 10^
                                                  3) {100};
I've inserted a begin-math/end-math symbol since I think
you left one out. Proceed, with fingers crossed.

/Users/ashoksaravanan/Coding/ScribeLec/server/output/CS 243/lectures/15L2-SAT/n
otes.tex:1509: Undefined control sequence.
l.1509 \node
            [anchor=north west] at (axis cs:1000, 10^4) {10K};
The control sequence at the end of the top line
of your error message was never \def'ed. If you have
misspelled it (e.g., `\hobx'), type `I' and the correct
spelling (e.g., `I\hbox'). Otherwise just continue,
and I'll forget about whatever was undefined.

/Users/ashoksaravanan/Coding/ScribeLec/server/output/CS 243/lectures/15L2-SAT/n
otes.tex:1510: Undefined control sequence.
l.1510 \node
            [anchor=north west] at (axis cs:10000, 10^7) {100K};
The control sequence at the end of the top line
of your error message was never \def'ed. If you have
misspelled it (e.g., `\hobx'), type `I' and the correct
spelling (e.g., `I\hbox'). Otherwise just continue,
and I'll forget about whatever was undefined.

/Users/ashoksaravanan/Coding/ScribeLec/server/output/CS 243/lectures/15L2-SAT/n
otes.tex:1511: Undefined control sequence.
l.1511 \node
            [anchor=north west] at (axis cs:100000, 10^10) {1M};
The control sequence at the end of the top line
of your error message was never \def'ed. If you have
misspelled it (e.g., `\hobx'), type `I' and the correct
spelling (e.g., `I\hbox'). Otherwise just continue,
and I'll forget about whatever was undefined.

/Users/ashoksaravanan/Coding/ScribeLec/server/output/CS 243/lectures/15L2-SAT/n
otes.tex:1512: Undefined control sequence.
l.1512 \node
            [anchor=north west] at (axis cs:1000000, 10^15) {10^15};
The control sequence at the end of the top line
of your error message was never \def'ed. If you have
misspelled it (e.g., `\hobx'), type `I' and the correct
spelling (e.g., `I\hbox'). Otherwise just continue,
and I'll forget about whatever was undefined.

/Users/ashoksaravanan/Coding/ScribeLec/server/output/CS 243/lectures/15L2-SAT/n
otes.tex:1513: Missing $ inserted.
<inserted text> 
                $
l.1513 
       
I've inserted a begin-math/end-math symbol since I think
you left one out. Proceed, with fingers crossed.


Overfull \hbox (68.6668pt too wide) in paragraph at lines 1508--1513
\OML/lmm/m/it/10 northwest\OT1/lmr/m/n/10 ]\OML/lmm/m/it/10 at\OT1/lmr/m/n/10 (
\OML/lmm/m/it/10 axiscs \OT1/lmr/m/n/10 : 10000\OML/lmm/m/it/10 ; \OT1/lmr/m/n/
10 10[])[]; [\OML/lmm/m/it/10 anchor \OT1/lmr/m/n/10 = \OML/lmm/m/it/10 northwe
st\OT1/lmr/m/n/10 ]\OML/lmm/m/it/10 at\OT1/lmr/m/n/10 (\OML/lmm/m/it/10 axiscs 
\OT1/lmr/m/n/10 : 100000\OML/lmm/m/it/10 ; \OT1/lmr/m/n/10 10[]0)[]; [\OML/lmm/
m/it/10 anchor \OT1/lmr/m/n/10 = \OML/lmm/m/it/10 northwest\OT1/lmr/m/n/10 ]\OM
L/lmm/m/it/10 at\OT1/lmr/m/n/10 (\OML/lmm/m/it/10 axiscs \OT1/lmr/m/n/10 :
 []

/Users/ashoksaravanan/Coding/ScribeLec/server/output/CS 243/lectures/15L2-SAT/n
otes.tex:1514: Undefined control sequence.
l.1514 \node
            [anchor=south west] at (axis cs:100, 10^3) {Car repair diagnosis};
The control sequence at the end of the top line
of your error message was never \def'ed. If you have
misspelled it (e.g., `\hobx'), type `I' and the correct
spelling (e.g., `I\hbox'). Otherwise just continue,
and I'll forget about whatever was undefined.

/Users/ashoksaravanan/Coding/ScribeLec/server/output/CS 243/lectures/15L2-SAT/n
otes.tex:1514: Missing $ inserted.
<inserted text> 
                $
l.1514 ...[anchor=south west] at (axis cs:100, 10^
                                                  3) {Car repair diagnosis};
I've inserted a begin-math/end-math symbol since I think
you left one out. Proceed, with fingers crossed.

/Users/ashoksaravanan/Coding/ScribeLec/server/output/CS 243/lectures/15L2-SAT/n
otes.tex:1515: Undefined control sequence.
l.1515 \node
            [anchor=south west] at (axis cs:1000, 10^4) {Deep space mission ...
The control sequence at the end of the top line
of your error message was never \def'ed. If you have
misspelled it (e.g., `\hobx'), type `I' and the correct
spelling (e.g., `I\hbox'). Otherwise just continue,
and I'll forget about whatever was undefined.

/Users/ashoksaravanan/Coding/ScribeLec/server/output/CS 243/lectures/15L2-SAT/n
otes.tex:1516: Undefined control sequence.
l.1516 \node
            [anchor=south west] at (axis cs:10000, 10^7) {Chess (20 steps de...
The control sequence at the end of the top line
of your error message was never \def'ed. If you have
misspelled it (e.g., `\hobx'), type `I' and the correct
spelling (e.g., `I\hbox'). Otherwise just continue,
and I'll forget about whatever was undefined.

/Users/ashoksaravanan/Coding/ScribeLec/server/output/CS 243/lectures/15L2-SAT/n
otes.tex:1517: Undefined control sequence.
l.1517 \node
            [anchor=south west] at (axis cs:100000, 10^10) {Military Logisti...
The control sequence at the end of the top line
of your error message was never \def'ed. If you have
misspelled it (e.g., `\hobx'), type `I' and the correct
spelling (e.g., `I\hbox'). Otherwise just continue,
and I'll forget about whatever was undefined.

/Users/ashoksaravanan/Coding/ScribeLec/server/output/CS 243/lectures/15L2-SAT/n
otes.tex:1518: Undefined control sequence.
l.1518 \node
            [anchor=south west] at (axis cs:1000000, 10^15) {VLSI Verificati...
The control sequence at the end of the top line
of your error message was never \def'ed. If you have
misspelled it (e.g., `\hobx'), type `I' and the correct
spelling (e.g., `I\hbox'). Otherwise just continue,
and I'll forget about whatever was undefined.

/Users/ashoksaravanan/Coding/ScribeLec/server/output/CS 243/lectures/15L2-SAT/n
otes.tex:1519: Undefined control sequence.
l.1519 \node
            [anchor=south west] at (axis cs:1000000, 10^15) {War Gaming};
The control sequence at the end of the top line
of your error message was never \def'ed. If you have
misspelled it (e.g., `\hobx'), type `I' and the correct
spelling (e.g., `I\hbox'). Otherwise just continue,
and I'll forget about whatever was undefined.

/Users/ashoksaravanan/Coding/ScribeLec/server/output/CS 243/lectures/15L2-SAT/n
otes.tex:1520: Missing $ inserted.
<inserted text> 
                $
l.1520 
       
I've inserted a begin-math/end-math symbol since I think
you left one out. Proceed, with fingers crossed.


Overfull \hbox (162.7709pt too wide) in paragraph at lines 1514--1520
[]\T1/lmr/m/n/10 [anchor=south west] at (axis cs:100, 10$[]\OT1/lmr/m/n/10 )[];
 [\OML/lmm/m/it/10 anchor \OT1/lmr/m/n/10 = \OML/lmm/m/it/10 southwest\OT1/lmr/
m/n/10 ]\OML/lmm/m/it/10 at\OT1/lmr/m/n/10 (\OML/lmm/m/it/10 axiscs \OT1/lmr/m/
n/10 : 1000\OML/lmm/m/it/10 ; \OT1/lmr/m/n/10 10[])[]; [\OML/lmm/m/it/10 anchor
 \OT1/lmr/m/n/10 =
 []


Overfull \hbox (98.91824pt too wide) in paragraph at lines 1514--1520
\OML/lmm/m/it/10 southwest\OT1/lmr/m/n/10 ]\OML/lmm/m/it/10 at\OT1/lmr/m/n/10 (
\OML/lmm/m/it/10 axiscs \OT1/lmr/m/n/10 : 10000\OML/lmm/m/it/10 ; \OT1/lmr/m/n/
10 10[])[]; [\OML/lmm/m/it/10 anchor \OT1/lmr/m/n/10 = \OML/lmm/m/it/10 southwe
st\OT1/lmr/m/n/10 ]\OML/lmm/m/it/10 at\OT1/lmr/m/n/10 (\OML/lmm/m/it/10 axiscs 
\OT1/lmr/m/n/10 : 100000\OML/lmm/m/it/10 ; \OT1/lmr/m/n/10 10[]0)[]; [\OML/lmm/
m/it/10 anchor \OT1/lmr/m/n/10 =
 []


Overfull \hbox (46.44894pt too wide) in paragraph at lines 1514--1520
\OML/lmm/m/it/10 southwest\OT1/lmr/m/n/10 ]\OML/lmm/m/it/10 at\OT1/lmr/m/n/10 (
\OML/lmm/m/it/10 axiscs \OT1/lmr/m/n/10 : 1000000\OML/lmm/m/it/10 ; \OT1/lmr/m/
n/10 10[]5)[]; [\OML/lmm/m/it/10 anchor \OT1/lmr/m/n/10 = \OML/lmm/m/it/10 sout
hwest\OT1/lmr/m/n/10 ]\OML/lmm/m/it/10 at\OT1/lmr/m/n/10 (\OML/lmm/m/it/10 axis
cs \OT1/lmr/m/n/10 : 1000000\OML/lmm/m/it/10 ; \OT1/lmr/m/n/10 10[]5)[];$ 
 []

/Users/ashoksaravanan/Coding/ScribeLec/server/output/CS 243/lectures/15L2-SAT/n
otes.tex:1521: Undefined control sequence.
l.1521 \node
            [anchor=north west] at (axis cs:100, 10^3) {100};
The control sequence at the end of the top line
of your error message was never \def'ed. If you have
misspelled it (e.g., `\hobx'), type `I' and the correct
spelling (e.g., `I\hbox'). Otherwise just continue,
and I'll forget about whatever was undefined.

/Users/ashoksaravanan/Coding/ScribeLec/server/output/CS 243/lectures/15L2-SAT/n
otes.tex:1521: Missing $ inserted.
<inserted text> 
                $
l.1521 ...[anchor=north west] at (axis cs:100, 10^
                                                  3) {100};
I've inserted a begin-math/end-math symbol since I think
you left one out. Proceed, with fingers crossed.

/Users/ashoksaravanan/Coding/ScribeLec/server/output/CS 243/lectures/15L2-SAT/n
otes.tex:1522: Undefined control sequence.
l.1522 \node
            [anchor=north west] at (axis cs:1000, 10^4) {10K};
The control sequence at the end of the top line
of your error message was never \def'ed. If you have
misspelled it (e.g., `\hobx'), type `I' and the correct
spelling (e.g., `I\hbox'). Otherwise just continue,
and I'll forget about whatever was undefined.

/Users/ashoksaravanan/Coding/ScribeLec/server/output/CS 243/lectures/15L2-SAT/n
otes.tex:1523: Undefined control sequence.
l.1523 \node
            [anchor=north west] at (axis cs:10000, 10^7) {100K};
The control sequence at the end of the top line
of your error message was never \def'ed. If you have
misspelled it (e.g., `\hobx'), type `I' and the correct
spelling (e.g., `I\hbox'). Otherwise just continue,
and I'll forget about whatever was undefined.

/Users/ashoksaravanan/Coding/ScribeLec/server/output/CS 243/lectures/15L2-SAT/n
otes.tex:1524: Undefined control sequence.
l.1524 \node
            [anchor=north west] at (axis cs:100000, 10^10) {1M};
The control sequence at the end of the top line
of your error message was never \def'ed. If you have
misspelled it (e.g., `\hobx'), type `I' and the correct
spelling (e.g., `I\hbox'). Otherwise just continue,
and I'll forget about whatever was undefined.

/Users/ashoksaravanan/Coding/ScribeLec/server/output/CS 243/lectures/15L2-SAT/n
otes.tex:1525: Undefined control sequence.
l.1525 \node
            [anchor=north west] at (axis cs:1000000, 10^15) {10^15};
The control sequence at the end of the top line
of your error message was never \def'ed. If you have
misspelled it (e.g., `\hobx'), type `I' and the correct
spelling (e.g., `I\hbox'). Otherwise just continue,
and I'll forget about whatever was undefined.

/Users/ashoksaravanan/Coding/ScribeLec/server/output/CS 243/lectures/15L2-SAT/n
otes.tex:1526: Missing $ inserted.
<inserted text> 
                $
l.1526 
       
I've inserted a begin-math/end-math symbol since I think
you left one out. Proceed, with fingers crossed.


Overfull \hbox (68.6668pt too wide) in paragraph at lines 1521--1526
\OML/lmm/m/it/10 northwest\OT1/lmr/m/n/10 ]\OML/lmm/m/it/10 at\OT1/lmr/m/n/10 (
\OML/lmm/m/it/10 axiscs \OT1/lmr/m/n/10 : 10000\OML/lmm/m/it/10 ; \OT1/lmr/m/n/
10 10[])[]; [\OML/lmm/m/it/10 anchor \OT1/lmr/m/n/10 = \OML/lmm/m/it/10 northwe
st\OT1/lmr/m/n/10 ]\OML/lmm/m/it/10 at\OT1/lmr/m/n/10 (\OML/lmm/m/it/10 axiscs 
\OT1/lmr/m/n/10 : 100000\OML/lmm/m/it/10 ; \OT1/lmr/m/n/10 10[]0)[]; [\OML/lmm/
m/it/10 anchor \OT1/lmr/m/n/10 = \OML/lmm/m/it/10 northwest\OT1/lmr/m/n/10 ]\OM
L/lmm/m/it/10 at\OT1/lmr/m/n/10 (\OML/lmm/m/it/10 axiscs \OT1/lmr/m/n/10 :
 []


/Users/ashoksaravanan/Coding/ScribeLec/server/output/CS 243/lectures/15L2-SAT/n
otes.tex:1527: LaTeX Error: \begin{document} ended by \end{axis}.

See the LaTeX manual or LaTeX Companion for explanation.
Type  H <return>  for immediate help.
 ...                                              
                                                  
l.1527 \end{axis}
                 
Your command was ignored.
Type  I <command> <return>  to replace it with another command,
or  <return>  to continue without it.

/Users/ashoksaravanan/Coding/ScribeLec/server/output/CS 243/lectures/15L2-SAT/n
otes.tex:1527: Missing } inserted.
<inserted text> 
                }
l.1527 \end{axis}
                 
I've inserted something that you may have forgotten.
(See the <inserted text> above.)
With luck, this will get me unwedged. But if you
really didn't forget anything, try typing `2' now; then
my insertion and my current dilemma will both disappear.

/Users/ashoksaravanan/Coding/ScribeLec/server/output/CS 243/lectures/15L2-SAT/n
otes.tex:1527: Missing } inserted.
<inserted text> 
                }
l.1527 \end{axis}
                 
I've inserted something that you may have forgotten.
(See the <inserted text> above.)
With luck, this will get me unwedged. But if you
really didn't forget anything, try typing `2' now; then
my insertion and my current dilemma will both disappear.


/Users/ashoksaravanan/Coding/ScribeLec/server/output/CS 243/lectures/15L2-SAT/n
otes.tex:1528: LaTeX Error: \begin{document} ended by \end{tikzpicture}.

See the LaTeX manual or LaTeX Companion for explanation.
Type  H <return>  for immediate help.
 ...                                              
                                                  
l.1528 \end{tikzpicture}
                        
Your command was ignored.
Type  I <command> <return>  to replace it with another command,
or  <return>  to continue without it.

/Users/ashoksaravanan/Coding/ScribeLec/server/output/CS 243/lectures/15L2-SAT/n
otes.tex:1538: Undefined control sequence.
\enit@enditemize ->\enit@after 
                               \endlist \ifx \enit@series \relax \else \ifnu...
l.1538 \end{itemize}
                    
The control sequence at the end of the top line
of your error message was never \def'ed. If you have
misspelled it (e.g., `\hobx'), type `I' and the correct
spelling (e.g., `I\hbox'). Otherwise just continue,
and I'll forget about whatever was undefined.

/Users/ashoksaravanan/Coding/ScribeLec/server/output/CS 243/lectures/15L2-SAT/n
otes.tex:1538: Undefined control sequence.
\enit@enditemize ...x \else \ifnum \enit@resuming 
                                                  =\@ne \enit@setresumekeys ...
l.1538 \end{itemize}
                    
The control sequence at the end of the top line
of your error message was never \def'ed. If you have
misspelled it (e.g., `\hobx'), type `I' and the correct
spelling (e.g., `I\hbox'). Otherwise just continue,
and I'll forget about whatever was undefined.

/Users/ashoksaravanan/Coding/ScribeLec/server/output/CS 243/lectures/15L2-SAT/n
otes.tex:1538: Missing number, treated as zero.
<to be read again> 
                   =
l.1538 \end{itemize}
                    
A number should have been here; I inserted `0'.
(If you can't figure out why I needed to see a number,
look up `weird error' in the index to The TeXbook.)

/Users/ashoksaravanan/Coding/ScribeLec/server/output/CS 243/lectures/15L2-SAT/n
otes.tex:1538: Undefined control sequence.
\enit@setresumekeys ...xpandafter {\enit@savekeys 
                                                  }\xdef \enit@afterlist {#2...
l.1538 \end{itemize}
                    
The control sequence at the end of the top line
of your error message was never \def'ed. If you have
misspelled it (e.g., `\hobx'), type `I' and the correct
spelling (e.g., `I\hbox'). Otherwise just continue,
and I'll forget about whatever was undefined.

/Users/ashoksaravanan/Coding/ScribeLec/server/output/CS 243/lectures/15L2-SAT/n
otes.tex:1538: Undefined control sequence.
\enit@setresumekeys ...it@toks }\ifnum \enit@type 
                                                  =\z@ #3\def \enit@noexcs {...
l.1538 \end{itemize}
                    
The control sequence at the end of the top line
of your error message was never \def'ed. If you have
misspelled it (e.g., `\hobx'), type `I' and the correct
spelling (e.g., `I\hbox'). Otherwise just continue,
and I'll forget about whatever was undefined.

/Users/ashoksaravanan/Coding/ScribeLec/server/output/CS 243/lectures/15L2-SAT/n
otes.tex:1538: Missing number, treated as zero.
<to be read again> 
                   =
l.1538 \end{itemize}
                    
A number should have been here; I inserted `0'.
(If you can't figure out why I needed to see a number,
look up `weird error' in the index to The TeXbook.)

/Users/ashoksaravanan/Coding/ScribeLec/server/output/CS 243/lectures/15L2-SAT/n
otes.tex:1538: Undefined control sequence.
<argument> enit@resume@series@\enit@series 
                                           
l.1538 \end{itemize}
                    
The control sequence at the end of the top line
of your error message was never \def'ed. If you have
misspelled it (e.g., `\hobx'), type `I' and the correct
spelling (e.g., `I\hbox'). Otherwise just continue,
and I'll forget about whatever was undefined.

/Users/ashoksaravanan/Coding/ScribeLec/server/output/CS 243/lectures/15L2-SAT/n
otes.tex:1538: Undefined control sequence.
\enit@setresumekeys ...me@#1}{\csname c@\@listctr 
                                                  \endcsname \the \csname c@...
l.1538 \end{itemize}
                    
The control sequence at the end of the top line
of your error message was never \def'ed. If you have
misspelled it (e.g., `\hobx'), type `I' and the correct
spelling (e.g., `I\hbox'). Otherwise just continue,
and I'll forget about whatever was undefined.

/Users/ashoksaravanan/Coding/ScribeLec/server/output/CS 243/lectures/15L2-SAT/n
otes.tex:1538: Undefined control sequence.
\enit@setresumekeys ...e \the \csname c@\@listctr 
                                                  \endcsname }\fi }
l.1538 \end{itemize}
                    
The control sequence at the end of the top line
of your error message was never \def'ed. If you have
misspelled it (e.g., `\hobx'), type `I' and the correct
spelling (e.g., `I\hbox'). Otherwise just continue,
and I'll forget about whatever was undefined.

/Users/ashoksaravanan/Coding/ScribeLec/server/output/CS 243/lectures/15L2-SAT/n
otes.tex:1538: You can't use `\relax' after \the.
<recently read> \c@ 
                    
l.1538 \end{itemize}
                    
I'm forgetting what you said and using zero instead.

/Users/ashoksaravanan/Coding/ScribeLec/server/output/CS 243/lectures/15L2-SAT/n
otes.tex:1538: Undefined control sequence.
\enit@enditemize ...ist \fi \ifnum \enit@resuming 
                                                  =\thr@@ \enit@setresumekey...
l.1538 \end{itemize}
                    
The control sequence at the end of the top line
of your error message was never \def'ed. If you have
misspelled it (e.g., `\hobx'), type `I' and the correct
spelling (e.g., `I\hbox'). Otherwise just continue,
and I'll forget about whatever was undefined.

/Users/ashoksaravanan/Coding/ScribeLec/server/output/CS 243/lectures/15L2-SAT/n
otes.tex:1538: Missing number, treated as zero.
<to be read again> 
                   =
l.1538 \end{itemize}
                    
A number should have been here; I inserted `0'.
(If you can't figure out why I needed to see a number,
look up `weird error' in the index to The TeXbook.)

/Users/ashoksaravanan/Coding/ScribeLec/server/output/CS 243/lectures/15L2-SAT/n
otes.tex:1538: Undefined control sequence.
\enit@setresumekeys ...xpandafter {\enit@savekeys 
                                                  }\xdef \enit@afterlist {#2...
l.1538 \end{itemize}
                    
The control sequence at the end of the top line
of your error message was never \def'ed. If you have
misspelled it (e.g., `\hobx'), type `I' and the correct
spelling (e.g., `I\hbox'). Otherwise just continue,
and I'll forget about whatever was undefined.

/Users/ashoksaravanan/Coding/ScribeLec/server/output/CS 243/lectures/15L2-SAT/n
otes.tex:1538: Undefined control sequence.
\enit@setresumekeys ...it@toks }\ifnum \enit@type 
                                                  =\z@ #3\def \enit@noexcs {...
l.1538 \end{itemize}
                    
The control sequence at the end of the top line
of your error message was never \def'ed. If you have
misspelled it (e.g., `\hobx'), type `I' and the correct
spelling (e.g., `I\hbox'). Otherwise just continue,
and I'll forget about whatever was undefined.

/Users/ashoksaravanan/Coding/ScribeLec/server/output/CS 243/lectures/15L2-SAT/n
otes.tex:1538: Missing number, treated as zero.
<to be read again> 
                   =
l.1538 \end{itemize}
                    
A number should have been here; I inserted `0'.
(If you can't figure out why I needed to see a number,
look up `weird error' in the index to The TeXbook.)

/Users/ashoksaravanan/Coding/ScribeLec/server/output/CS 243/lectures/15L2-SAT/n
otes.tex:1538: Undefined control sequence.
\enit@setresumekeys ...me@#1}{\csname c@\@listctr 
                                                  \endcsname \the \csname c@...
l.1538 \end{itemize}
                    
The control sequence at the end of the top line
of your error message was never \def'ed. If you have
misspelled it (e.g., `\hobx'), type `I' and the correct
spelling (e.g., `I\hbox'). Otherwise just continue,
and I'll forget about whatever was undefined.

/Users/ashoksaravanan/Coding/ScribeLec/server/output/CS 243/lectures/15L2-SAT/n
otes.tex:1538: Undefined control sequence.
\enit@setresumekeys ...e \the \csname c@\@listctr 
                                                  \endcsname }\fi }
l.1538 \end{itemize}
                    
The control sequence at the end of the top line
of your error message was never \def'ed. If you have
misspelled it (e.g., `\hobx'), type `I' and the correct
spelling (e.g., `I\hbox'). Otherwise just continue,
and I'll forget about whatever was undefined.

/Users/ashoksaravanan/Coding/ScribeLec/server/output/CS 243/lectures/15L2-SAT/n
otes.tex:1538: You can't use `\relax' after \the.
<recently read> \c@ 
                    
l.1538 \end{itemize}
                    
I'm forgetting what you said and using zero instead.


/Users/ashoksaravanan/Coding/ScribeLec/server/output/CS 243/lectures/15L2-SAT/n
otes.tex:1538: LaTeX Error: \begin{document} ended by \end{itemize}.

See the LaTeX manual or LaTeX Companion for explanation.
Type  H <return>  for immediate help.
 ...                                              
                                                  
l.1538 \end{itemize}
                    
Your command was ignored.
Type  I <command> <return>  to replace it with another command,
or  <return>  to continue without it.

/Users/ashoksaravanan/Coding/ScribeLec/server/output/CS 243/lectures/15L2-SAT/n
otes.tex:1538: Extra \endgroup.
<recently read> \endgroup 
                          
l.1538 \end{itemize}
                    
Things are pretty mixed up, but I think the worst is over.

</Users/ashoksaravanan/Coding/ScribeLec/server/output/CS 243/lectures/15L2-SAT/
figures/39.1.png, id=419, 73.27374pt x 60.225pt>
File: /Users/ashoksaravanan/Coding/ScribeLec/server/output/CS 243/lectures/15L2
-SAT/figures/39.1.png Graphic file (type png)
<use /Users/ashoksaravanan/Coding/ScribeLec/server/output/CS 243/lectures/15L2-
SAT/figures/39.1.png>
Package pdftex.def Info: /Users/ashoksaravanan/Coding/ScribeLec/server/output/C
S 243/lectures/15L2-SAT/figures/39.1.png  used on input line 1547.
(pdftex.def)             Requested size: 70.46037pt x 57.91182pt.
</Users/ashoksaravanan/Coding/ScribeLec/server/output/CS 243/lectures/15L2-SAT/
figures/39.2.png, id=420, 82.3075pt x 64.24pt>
File: /Users/ashoksaravanan/Coding/ScribeLec/server/output/CS 243/lectures/15L2
-SAT/figures/39.2.png Graphic file (type png)
<use /Users/ashoksaravanan/Coding/ScribeLec/server/output/CS 243/lectures/15L2-
SAT/figures/39.2.png>
Package pdftex.def Info: /Users/ashoksaravanan/Coding/ScribeLec/server/output/C
S 243/lectures/15L2-SAT/figures/39.2.png  used on input line 1553.
(pdftex.def)             Requested size: 70.46037pt x 54.99437pt.
</Users/ashoksaravanan/Coding/ScribeLec/server/output/CS 243/lectures/15L2-SAT/
figures/39.3.png, id=421, 81.30376pt x 57.21375pt>
File: /Users/ashoksaravanan/Coding/ScribeLec/server/output/CS 243/lectures/15L2
-SAT/figures/39.3.png Graphic file (type png)
<use /Users/ashoksaravanan/Coding/ScribeLec/server/output/CS 243/lectures/15L2-
SAT/figures/39.3.png>
Package pdftex.def Info: /Users/ashoksaravanan/Coding/ScribeLec/server/output/C
S 243/lectures/15L2-SAT/figures/39.3.png  used on input line 1559.
(pdftex.def)             Requested size: 70.46037pt x 49.58698pt.
</Users/ashoksaravanan/Coding/ScribeLec/server/output/CS 243/lectures/15L2-SAT/
figures/39.4.png, id=422, 82.3075pt x 75.28125pt>
File: /Users/ashoksaravanan/Coding/ScribeLec/server/output/CS 243/lectures/15L2
-SAT/figures/39.4.png Graphic file (type png)
<use /Users/ashoksaravanan/Coding/ScribeLec/server/output/CS 243/lectures/15L2-
SAT/figures/39.4.png>
Package pdftex.def Info: /Users/ashoksaravanan/Coding/ScribeLec/server/output/C
S 243/lectures/15L2-SAT/figures/39.4.png  used on input line 1565.
(pdftex.def)             Requested size: 70.46037pt x 64.44653pt.
</Users/ashoksaravanan/Coding/ScribeLec/server/output/CS 243/lectures/15L2-SAT/
figures/39.5.png, id=423, 100.375pt x 69.25874pt>
File: /Users/ashoksaravanan/Coding/ScribeLec/server/output/CS 243/lectures/15L2
-SAT/figures/39.5.png Graphic file (type png)
<use /Users/ashoksaravanan/Coding/ScribeLec/server/output/CS 243/lectures/15L2-
SAT/figures/39.5.png>
Package pdftex.def Info: /Users/ashoksaravanan/Coding/ScribeLec/server/output/C
S 243/lectures/15L2-SAT/figures/39.5.png  used on input line 1571.
(pdftex.def)             Requested size: 70.46037pt x 48.62027pt.
[40 </Users/ashoksaravanan/Coding/ScribeLec/server/output/CS 243/lectures/15L2-
SAT/figures/39.1.png (PNG copy)> </Users/ashoksaravanan/Coding/ScribeLec/server
/output/CS 243/lectures/15L2-SAT/figures/39.2.png (PNG copy)> </Users/ashoksara
vanan/Coding/ScribeLec/server/output/CS 243/lectures/15L2-SAT/figures/39.3.png 
(PNG copy)> </Users/ashoksaravanan/Coding/ScribeLec/server/output/CS 243/lectur
es/15L2-SAT/figures/39.4.png (PNG copy)> </Users/ashoksaravanan/Coding/ScribeLe
c/server/output/CS 243/lectures/15L2-SAT/figures/39.5.png (PNG copy)>]
</Users/ashoksaravanan/Coding/ScribeLec/server/output/CS 243/lectures/15L2-SAT/
figures/40.1.png, id=433, 250.9375pt x 341.275pt>
File: /Users/ashoksaravanan/Coding/ScribeLec/server/output/CS 243/lectures/15L2
-SAT/figures/40.1.png Graphic file (type png)
<use /Users/ashoksaravanan/Coding/ScribeLec/server/output/CS 243/lectures/15L2-
SAT/figures/40.1.png>
Package pdftex.def Info: /Users/ashoksaravanan/Coding/ScribeLec/server/output/C
S 243/lectures/15L2-SAT/figures/40.1.png  used on input line 1589.
(pdftex.def)             Requested size: 70.46037pt x 95.82712pt.
 [41 </Users/ashoksaravanan/Coding/ScribeLec/server/output/CS 243/lectures/15L2
-SAT/figures/40.1.png (PNG copy)>]

/Users/ashoksaravanan/Coding/ScribeLec/server/output/CS 243/lectures/15L2-SAT/n
otes.tex:1610: LaTeX Error: Environment tikzpicture undefined.

See the LaTeX manual or LaTeX Companion for explanation.
Type  H <return>  for immediate help.
 ...                                              
                                                  
l.1610 \begin{tikzpicture}
                          [node distance=2cm]
Your command was ignored.
Type  I <command> <return>  to replace it with another command,
or  <return>  to continue without it.

/Users/ashoksaravanan/Coding/ScribeLec/server/output/CS 243/lectures/15L2-SAT/n
otes.tex:1611: Undefined control sequence.
l.1611 \node
             (hamiltonian) {Hamiltonian \\ path problem};
The control sequence at the end of the top line
of your error message was never \def'ed. If you have
misspelled it (e.g., `\hobx'), type `I' and the correct
spelling (e.g., `I\hbox'). Otherwise just continue,
and I'll forget about whatever was undefined.

/Users/ashoksaravanan/Coding/ScribeLec/server/output/CS 243/lectures/15L2-SAT/n
otes.tex:1612: Undefined control sequence.
l.1612 \node
            [right of=hamiltonian] (encode) {Encode the problem \\ as a SAT ...
The control sequence at the end of the top line
of your error message was never \def'ed. If you have
misspelled it (e.g., `\hobx'), type `I' and the correct
spelling (e.g., `I\hbox'). Otherwise just continue,
and I'll forget about whatever was undefined.

/Users/ashoksaravanan/Coding/ScribeLec/server/output/CS 243/lectures/15L2-SAT/n
otes.tex:1613: Undefined control sequence.
l.1613 \node
            [right of=encode] (sat_instance) {SAT \\ instance};
The control sequence at the end of the top line
of your error message was never \def'ed. If you have
misspelled it (e.g., `\hobx'), type `I' and the correct
spelling (e.g., `I\hbox'). Otherwise just continue,
and I'll forget about whatever was undefined.

/Users/ashoksaravanan/Coding/ScribeLec/server/output/CS 243/lectures/15L2-SAT/n
otes.tex:1613: Missing $ inserted.
<inserted text> 
                $
l.1613 \node[right of=encode] (sat_
                                   instance) {SAT \\ instance};
I've inserted a begin-math/end-math symbol since I think
you left one out. Proceed, with fingers crossed.

/Users/ashoksaravanan/Coding/ScribeLec/server/output/CS 243/lectures/15L2-SAT/n
otes.tex:1614: Undefined control sequence.
l.1614 \node
            [right of=sat_instance] (sat_solver) {SAT Solver};
The control sequence at the end of the top line
of your error message was never \def'ed. If you have
misspelled it (e.g., `\hobx'), type `I' and the correct
spelling (e.g., `I\hbox'). Otherwise just continue,
and I'll forget about whatever was undefined.

/Users/ashoksaravanan/Coding/ScribeLec/server/output/CS 243/lectures/15L2-SAT/n
otes.tex:1615: Undefined control sequence.
l.1615 \node
            [right of=sat_solver] (variable_assignments) {Variable \\ assign...
The control sequence at the end of the top line
of your error message was never \def'ed. If you have
misspelled it (e.g., `\hobx'), type `I' and the correct
spelling (e.g., `I\hbox'). Otherwise just continue,
and I'll forget about whatever was undefined.

/Users/ashoksaravanan/Coding/ScribeLec/server/output/CS 243/lectures/15L2-SAT/n
otes.tex:1616: Undefined control sequence.
l.1616 \node
            [right of=variable_assignments] (decode) {Decode path from \\ as...
The control sequence at the end of the top line
of your error message was never \def'ed. If you have
misspelled it (e.g., `\hobx'), type `I' and the correct
spelling (e.g., `I\hbox'). Otherwise just continue,
and I'll forget about whatever was undefined.

/Users/ashoksaravanan/Coding/ScribeLec/server/output/CS 243/lectures/15L2-SAT/n
otes.tex:1617: Undefined control sequence.
l.1617 \node
            [right of=decode] (hamiltonian_path) {Hamiltonian \\ path};
The control sequence at the end of the top line
of your error message was never \def'ed. If you have
misspelled it (e.g., `\hobx'), type `I' and the correct
spelling (e.g., `I\hbox'). Otherwise just continue,
and I'll forget about whatever was undefined.

/Users/ashoksaravanan/Coding/ScribeLec/server/output/CS 243/lectures/15L2-SAT/n
otes.tex:1618: Missing $ inserted.
<inserted text> 
                $
l.1618 
       
I've inserted a begin-math/end-math symbol since I think
you left one out. Proceed, with fingers crossed.


Overfull \hbox (64.62381pt too wide) in paragraph at lines 1610--1618
\T1/lmr/m/n/10 as a SAT in-stance; [right of=encode] (sat$[]\OML/lmm/m/it/10 ns
tance\OT1/lmr/m/n/10 )[]; [\OML/lmm/m/it/10 rightof \OT1/lmr/m/n/10 = \OML/lmm/
m/it/10 sat[]nstance\OT1/lmr/m/n/10 ](\OML/lmm/m/it/10 sat[]olver\OT1/lmr/m/n/1
0 )[]; [\OML/lmm/m/it/10 rightof \OT1/lmr/m/n/10 =
 []


Overfull \hbox (140.93562pt too wide) in paragraph at lines 1610--1618
\OML/lmm/m/it/10 sat[]olver\OT1/lmr/m/n/10 ](\OML/lmm/m/it/10 variable[]ssignme
nts\OT1/lmr/m/n/10 )[]; [\OML/lmm/m/it/10 rightof \OT1/lmr/m/n/10 = \OML/lmm/m/
it/10 variable[]ssignments\OT1/lmr/m/n/10 ](\OML/lmm/m/it/10 decode\OT1/lmr/m/n
/10 )[]; [\OML/lmm/m/it/10 rightof \OT1/lmr/m/n/10 =
 []

/Users/ashoksaravanan/Coding/ScribeLec/server/output/CS 243/lectures/15L2-SAT/n
otes.tex:1619: Undefined control sequence.
l.1619 \draw
            [->] (hamiltonian) -- (encode);
The control sequence at the end of the top line
of your error message was never \def'ed. If you have
misspelled it (e.g., `\hobx'), type `I' and the correct
spelling (e.g., `I\hbox'). Otherwise just continue,
and I'll forget about whatever was undefined.

/Users/ashoksaravanan/Coding/ScribeLec/server/output/CS 243/lectures/15L2-SAT/n
otes.tex:1620: Undefined control sequence.
l.1620 \draw
            [->] (encode) -- (sat_instance);
The control sequence at the end of the top line
of your error message was never \def'ed. If you have
misspelled it (e.g., `\hobx'), type `I' and the correct
spelling (e.g., `I\hbox'). Otherwise just continue,
and I'll forget about whatever was undefined.

/Users/ashoksaravanan/Coding/ScribeLec/server/output/CS 243/lectures/15L2-SAT/n
otes.tex:1620: Missing $ inserted.
<inserted text> 
                $
l.1620 \draw[->] (encode) -- (sat_
                                  instance);
I've inserted a begin-math/end-math symbol since I think
you left one out. Proceed, with fingers crossed.

/Users/ashoksaravanan/Coding/ScribeLec/server/output/CS 243/lectures/15L2-SAT/n
otes.tex:1621: Undefined control sequence.
l.1621 \draw
            [->] (sat_instance) -- (sat_solver);
The control sequence at the end of the top line
of your error message was never \def'ed. If you have
misspelled it (e.g., `\hobx'), type `I' and the correct
spelling (e.g., `I\hbox'). Otherwise just continue,
and I'll forget about whatever was undefined.

/Users/ashoksaravanan/Coding/ScribeLec/server/output/CS 243/lectures/15L2-SAT/n
otes.tex:1622: Undefined control sequence.
l.1622 \draw
            [->] (sat_solver) -- (variable_assignments);
The control sequence at the end of the top line
of your error message was never \def'ed. If you have
misspelled it (e.g., `\hobx'), type `I' and the correct
spelling (e.g., `I\hbox'). Otherwise just continue,
and I'll forget about whatever was undefined.

/Users/ashoksaravanan/Coding/ScribeLec/server/output/CS 243/lectures/15L2-SAT/n
otes.tex:1623: Undefined control sequence.
l.1623 \draw
            [->] (variable_assignments) -- (decode);
The control sequence at the end of the top line
of your error message was never \def'ed. If you have
misspelled it (e.g., `\hobx'), type `I' and the correct
spelling (e.g., `I\hbox'). Otherwise just continue,
and I'll forget about whatever was undefined.

/Users/ashoksaravanan/Coding/ScribeLec/server/output/CS 243/lectures/15L2-SAT/n
otes.tex:1624: Undefined control sequence.
l.1624 \draw
            [->] (decode) -- (hamiltonian_path);
The control sequence at the end of the top line
of your error message was never \def'ed. If you have
misspelled it (e.g., `\hobx'), type `I' and the correct
spelling (e.g., `I\hbox'). Otherwise just continue,
and I'll forget about whatever was undefined.


/Users/ashoksaravanan/Coding/ScribeLec/server/output/CS 243/lectures/15L2-SAT/n
otes.tex:1625: LaTeX Error: \begin{document} ended by \end{tikzpicture}.

See the LaTeX manual or LaTeX Companion for explanation.
Type  H <return>  for immediate help.
 ...                                              
                                                  
l.1625 \end{tikzpicture}
                        
Your command was ignored.
Type  I <command> <return>  to replace it with another command,
or  <return>  to continue without it.

/Users/ashoksaravanan/Coding/ScribeLec/server/output/CS 243/lectures/15L2-SAT/n
otes.tex:1625: Missing $ inserted.
<inserted text> 
                $
l.1625 \end{tikzpicture}
                        
I've inserted something that you may have forgotten.
(See the <inserted text> above.)
With luck, this will get me unwedged. But if you
really didn't forget anything, try typing `2' now; then
my insertion and my current dilemma will both disappear.


/Users/ashoksaravanan/Coding/ScribeLec/server/output/CS 243/lectures/15L2-SAT/n
otes.tex:1626: LaTeX Error: \begin{document} ended by \end{latex}.

See the LaTeX manual or LaTeX Companion for explanation.
Type  H <return>  for immediate help.
 ...                                              
                                                  
l.1626 \end{latex}
                  
Your command was ignored.
Type  I <command> <return>  to replace it with another command,
or  <return>  to continue without it.

/Users/ashoksaravanan/Coding/ScribeLec/server/output/CS 243/lectures/15L2-SAT/n
otes.tex:1626: Extra \endgroup.
<recently read> \endgroup 
                          
l.1626 \end{latex}
                  
Things are pretty mixed up, but I think the worst is over.


Overfull \hbox (44.49591pt too wide) in paragraph at lines 1619--1628
\OT1/lmr/m/n/10 ](\OML/lmm/m/it/10 sat[]olver\OT1/lmr/m/n/10 ) \OMS/lmsy/m/n/10
    \OT1/lmr/m/n/10 (\OML/lmm/m/it/10 variable[]ssignments\OT1/lmr/m/n/10 ); [\
OMS/lmsy/m/n/10   \OML/lmm/m/it/10 >\OT1/lmr/m/n/10 ](\OML/lmm/m/it/10 variable
[]ssignments\OT1/lmr/m/n/10 ) \OMS/lmsy/m/n/10    \OT1/lmr/m/n/10 (\OML/lmm/m/i
t/10 decode\OT1/lmr/m/n/10 ); [\OMS/lmsy/m/n/10   \OML/lmm/m/it/10 >\OT1/lmr/m/
n/10 ](\OML/lmm/m/it/10 decode\OT1/lmr/m/n/10 ) \OMS/lmsy/m/n/10    \OT1/lmr/m/
n/10 (\OML/lmm/m/it/10 hamiltonian[]ath\OT1/lmr/m/n/10 );$
 []


Underfull \hbox (badness 10000) in paragraph at lines 1619--1628

 []

</Users/ashoksaravanan/Coding/ScribeLec/server/output/CS 243/lectures/15L2-SAT/
figures/41.1.png, id=443, 912.40875pt x 77.28876pt>
File: /Users/ashoksaravanan/Coding/ScribeLec/server/output/CS 243/lectures/15L2
-SAT/figures/41.1.png Graphic file (type png)
<use /Users/ashoksaravanan/Coding/ScribeLec/server/output/CS 243/lectures/15L2-
SAT/figures/41.1.png>
Package pdftex.def Info: /Users/ashoksaravanan/Coding/ScribeLec/server/output/C
S 243/lectures/15L2-SAT/figures/41.1.png  used on input line 1635.
(pdftex.def)             Requested size: 70.46037pt x 5.96858pt.
[42 </Users/ashoksaravanan/Coding/ScribeLec/server/output/CS 243/lectures/15L2-
SAT/figures/41.1.png (PNG copy)>]

/Users/ashoksaravanan/Coding/ScribeLec/server/output/CS 243/lectures/15L2-SAT/n
otes.tex:1662: LaTeX Error: Environment tikzpicture undefined.

See the LaTeX manual or LaTeX Companion for explanation.
Type  H <return>  for immediate help.
 ...                                              
                                                  
l.1662 \begin{tikzpicture}
                          
Your command was ignored.
Type  I <command> <return>  to replace it with another command,
or  <return>  to continue without it.

/Users/ashoksaravanan/Coding/ScribeLec/server/output/CS 243/lectures/15L2-SAT/n
otes.tex:1663: Undefined control sequence.
l.1663 \node
            [draw, circle, fill=red!50, minimum size=1cm] (1) at (0, 3) {1};
The control sequence at the end of the top line
of your error message was never \def'ed. If you have
misspelled it (e.g., `\hobx'), type `I' and the correct
spelling (e.g., `I\hbox'). Otherwise just continue,
and I'll forget about whatever was undefined.

/Users/ashoksaravanan/Coding/ScribeLec/server/output/CS 243/lectures/15L2-SAT/n
otes.tex:1664: Undefined control sequence.
l.1664 \node
            [draw, circle, fill=red!50, minimum size=1cm] (2) at (1, 2) {2};
The control sequence at the end of the top line
of your error message was never \def'ed. If you have
misspelled it (e.g., `\hobx'), type `I' and the correct
spelling (e.g., `I\hbox'). Otherwise just continue,
and I'll forget about whatever was undefined.

/Users/ashoksaravanan/Coding/ScribeLec/server/output/CS 243/lectures/15L2-SAT/n
otes.tex:1665: Undefined control sequence.
l.1665 \node
            [draw, circle, fill=red!50, minimum size=1cm] (3) at (2, 2) {3};
The control sequence at the end of the top line
of your error message was never \def'ed. If you have
misspelled it (e.g., `\hobx'), type `I' and the correct
spelling (e.g., `I\hbox'). Otherwise just continue,
and I'll forget about whatever was undefined.

/Users/ashoksaravanan/Coding/ScribeLec/server/output/CS 243/lectures/15L2-SAT/n
otes.tex:1666: Undefined control sequence.
l.1666 \node
            [draw, circle, fill=red!50, minimum size=1cm] (4) at (1, 1) {4};
The control sequence at the end of the top line
of your error message was never \def'ed. If you have
misspelled it (e.g., `\hobx'), type `I' and the correct
spelling (e.g., `I\hbox'). Otherwise just continue,
and I'll forget about whatever was undefined.

/Users/ashoksaravanan/Coding/ScribeLec/server/output/CS 243/lectures/15L2-SAT/n
otes.tex:1667: Undefined control sequence.
l.1667 \node
            [draw, circle, fill=red!50, minimum size=1cm] (5) at (2, 1) {5};
The control sequence at the end of the top line
of your error message was never \def'ed. If you have
misspelled it (e.g., `\hobx'), type `I' and the correct
spelling (e.g., `I\hbox'). Otherwise just continue,
and I'll forget about whatever was undefined.


Overfull \hbox (0.7799pt too wide) in paragraph at lines 1663--1668
[]\T1/lmr/m/n/10 [draw, cir-cle, fill=red!50, min-i-mum size=1cm] (1) at (0, 3)
 1; [draw, cir-cle, fill=red!50, min-i-mum size=1cm]
 []

/Users/ashoksaravanan/Coding/ScribeLec/server/output/CS 243/lectures/15L2-SAT/n
otes.tex:1669: Undefined control sequence.
l.1669 \draw
            [->] (1) -- (2) node[midway, above] {1};
The control sequence at the end of the top line
of your error message was never \def'ed. If you have
misspelled it (e.g., `\hobx'), type `I' and the correct
spelling (e.g., `I\hbox'). Otherwise just continue,
and I'll forget about whatever was undefined.

/Users/ashoksaravanan/Coding/ScribeLec/server/output/CS 243/lectures/15L2-SAT/n
otes.tex:1670: Undefined control sequence.
l.1670 \draw
            [->] (2) -- (3) node[midway, above] {2};
The control sequence at the end of the top line
of your error message was never \def'ed. If you have
misspelled it (e.g., `\hobx'), type `I' and the correct
spelling (e.g., `I\hbox'). Otherwise just continue,
and I'll forget about whatever was undefined.

/Users/ashoksaravanan/Coding/ScribeLec/server/output/CS 243/lectures/15L2-SAT/n
otes.tex:1671: Undefined control sequence.
l.1671 \draw
            [->] (2) -- (4) node[midway, below] {6};
The control sequence at the end of the top line
of your error message was never \def'ed. If you have
misspelled it (e.g., `\hobx'), type `I' and the correct
spelling (e.g., `I\hbox'). Otherwise just continue,
and I'll forget about whatever was undefined.

/Users/ashoksaravanan/Coding/ScribeLec/server/output/CS 243/lectures/15L2-SAT/n
otes.tex:1672: Undefined control sequence.
l.1672 \draw
            [->] (3) -- (4) node[midway, below] {4};
The control sequence at the end of the top line
of your error message was never \def'ed. If you have
misspelled it (e.g., `\hobx'), type `I' and the correct
spelling (e.g., `I\hbox'). Otherwise just continue,
and I'll forget about whatever was undefined.

/Users/ashoksaravanan/Coding/ScribeLec/server/output/CS 243/lectures/15L2-SAT/n
otes.tex:1673: Undefined control sequence.
l.1673 \draw
            [->] (3) -- (5) node[midway, below] {5};
The control sequence at the end of the top line
of your error message was never \def'ed. If you have
misspelled it (e.g., `\hobx'), type `I' and the correct
spelling (e.g., `I\hbox'). Otherwise just continue,
and I'll forget about whatever was undefined.

/Users/ashoksaravanan/Coding/ScribeLec/server/output/CS 243/lectures/15L2-SAT/n
otes.tex:1674: Undefined control sequence.
l.1674 \draw
            [->] (4) -- (5) node[midway, below] {4};
The control sequence at the end of the top line
of your error message was never \def'ed. If you have
misspelled it (e.g., `\hobx'), type `I' and the correct
spelling (e.g., `I\hbox'). Otherwise just continue,
and I'll forget about whatever was undefined.


/Users/ashoksaravanan/Coding/ScribeLec/server/output/CS 243/lectures/15L2-SAT/n
otes.tex:1675: LaTeX Error: \begin{document} ended by \end{tikzpicture}.

See the LaTeX manual or LaTeX Companion for explanation.
Type  H <return>  for immediate help.
 ...                                              
                                                  
l.1675 \end{tikzpicture}
                        
Your command was ignored.
Type  I <command> <return>  to replace it with another command,
or  <return>  to continue without it.


/Users/ashoksaravanan/Coding/ScribeLec/server/output/CS 243/lectures/15L2-SAT/n
otes.tex:1676: LaTeX Error: \begin{document} ended by \end{latex}.

See the LaTeX manual or LaTeX Companion for explanation.
Type  H <return>  for immediate help.
 ...                                              
                                                  
l.1676 \end{latex}
                  
Your command was ignored.
Type  I <command> <return>  to replace it with another command,
or  <return>  to continue without it.

/Users/ashoksaravanan/Coding/ScribeLec/server/output/CS 243/lectures/15L2-SAT/n
otes.tex:1676: Extra \endgroup.
<recently read> \endgroup 
                          
l.1676 \end{latex}
                  
Things are pretty mixed up, but I think the worst is over.

</Users/ashoksaravanan/Coding/ScribeLec/server/output/CS 243/lectures/15L2-SAT/
figures/42.1.png, id=453, 180.675pt x 245.91875pt>
File: /Users/ashoksaravanan/Coding/ScribeLec/server/output/CS 243/lectures/15L2
-SAT/figures/42.1.png Graphic file (type png)
<use /Users/ashoksaravanan/Coding/ScribeLec/server/output/CS 243/lectures/15L2-
SAT/figures/42.1.png>
Package pdftex.def Info: /Users/ashoksaravanan/Coding/ScribeLec/server/output/C
S 243/lectures/15L2-SAT/figures/42.1.png  used on input line 1685.
(pdftex.def)             Requested size: 70.46037pt x 95.90416pt.
[43 </Users/ashoksaravanan/Coding/ScribeLec/server/output/CS 243/lectures/15L2-
SAT/figures/42.1.png (PNG copy)>]

/Users/ashoksaravanan/Coding/ScribeLec/server/output/CS 243/lectures/15L2-SAT/n
otes.tex:1713: LaTeX Error: \begin{document} ended by \end{latex}.

See the LaTeX manual or LaTeX Companion for explanation.
Type  H <return>  for immediate help.
 ...                                              
                                                  
l.1713 \end{latex}
                  
Your command was ignored.
Type  I <command> <return>  to replace it with another command,
or  <return>  to continue without it.

/Users/ashoksaravanan/Coding/ScribeLec/server/output/CS 243/lectures/15L2-SAT/n
otes.tex:1713: Extra \endgroup.
<recently read> \endgroup 
                          
l.1713 \end{latex}
                  
Things are pretty mixed up, but I think the worst is over.

</Users/ashoksaravanan/Coding/ScribeLec/server/output/CS 243/lectures/15L2-SAT/
figures/43.1.png, id=464, 646.415pt x 120.45pt>
File: /Users/ashoksaravanan/Coding/ScribeLec/server/output/CS 243/lectures/15L2
-SAT/figures/43.1.png Graphic file (type png)
<use /Users/ashoksaravanan/Coding/ScribeLec/server/output/CS 243/lectures/15L2-
SAT/figures/43.1.png>
Package pdftex.def Info: /Users/ashoksaravanan/Coding/ScribeLec/server/output/C
S 243/lectures/15L2-SAT/figures/43.1.png  used on input line 1722.
(pdftex.def)             Requested size: 70.46037pt x 13.12823pt.
</Users/ashoksaravanan/Coding/ScribeLec/server/output/CS 243/lectures/15L2-SAT/
figures/43.2.png, id=465, 180.675pt x 245.91875pt>
File: /Users/ashoksaravanan/Coding/ScribeLec/server/output/CS 243/lectures/15L2
-SAT/figures/43.2.png Graphic file (type png)
<use /Users/ashoksaravanan/Coding/ScribeLec/server/output/CS 243/lectures/15L2-
SAT/figures/43.2.png>
Package pdftex.def Info: /Users/ashoksaravanan/Coding/ScribeLec/server/output/C
S 243/lectures/15L2-SAT/figures/43.2.png  used on input line 1728.
(pdftex.def)             Requested size: 70.46037pt x 95.90416pt.
</Users/ashoksaravanan/Coding/ScribeLec/server/output/CS 243/lectures/15L2-SAT/
figures/43.3.png, id=466, 339.2675pt x 52.195pt>
File: /Users/ashoksaravanan/Coding/ScribeLec/server/output/CS 243/lectures/15L2
-SAT/figures/43.3.png Graphic file (type png)
<use /Users/ashoksaravanan/Coding/ScribeLec/server/output/CS 243/lectures/15L2-
SAT/figures/43.3.png>
Package pdftex.def Info: /Users/ashoksaravanan/Coding/ScribeLec/server/output/C
S 243/lectures/15L2-SAT/figures/43.3.png  used on input line 1734.
(pdftex.def)             Requested size: 70.46037pt x 10.83942pt.
[44 </Users/ashoksaravanan/Coding/ScribeLec/server/output/CS 243/lectures/15L2-
SAT/figures/43.1.png (PNG copy)> </Users/ashoksaravanan/Coding/ScribeLec/server
/output/CS 243/lectures/15L2-SAT/figures/43.2.png (PNG copy)> </Users/ashoksara
vanan/Coding/ScribeLec/server/output/CS 243/lectures/15L2-SAT/figures/43.3.png 
(PNG copy)>]

/Users/ashoksaravanan/Coding/ScribeLec/server/output/CS 243/lectures/15L2-SAT/n
otes.tex:1760: LaTeX Error: \begin{document} ended by \end{latex}.

See the LaTeX manual or LaTeX Companion for explanation.
Type  H <return>  for immediate help.
 ...                                              
                                                  
l.1760 \end{latex}
                  
Your command was ignored.
Type  I <command> <return>  to replace it with another command,
or  <return>  to continue without it.

/Users/ashoksaravanan/Coding/ScribeLec/server/output/CS 243/lectures/15L2-SAT/n
otes.tex:1760: Extra \endgroup.
<recently read> \endgroup 
                          
l.1760 \end{latex}
                  
Things are pretty mixed up, but I think the worst is over.

</Users/ashoksaravanan/Coding/ScribeLec/server/output/CS 243/lectures/15L2-SAT/
figures/44.1.png, id=476, 339.2675pt x 52.195pt>
File: /Users/ashoksaravanan/Coding/ScribeLec/server/output/CS 243/lectures/15L2
-SAT/figures/44.1.png Graphic file (type png)
<use /Users/ashoksaravanan/Coding/ScribeLec/server/output/CS 243/lectures/15L2-
SAT/figures/44.1.png>
Package pdftex.def Info: /Users/ashoksaravanan/Coding/ScribeLec/server/output/C
S 243/lectures/15L2-SAT/figures/44.1.png  used on input line 1769.
(pdftex.def)             Requested size: 70.46037pt x 10.83942pt.
</Users/ashoksaravanan/Coding/ScribeLec/server/output/CS 243/lectures/15L2-SAT/
figures/44.2.png, id=477, 271.0125pt x 41.15375pt>
File: /Users/ashoksaravanan/Coding/ScribeLec/server/output/CS 243/lectures/15L2
-SAT/figures/44.2.png Graphic file (type png)
<use /Users/ashoksaravanan/Coding/ScribeLec/server/output/CS 243/lectures/15L2-
SAT/figures/44.2.png>
Package pdftex.def Info: /Users/ashoksaravanan/Coding/ScribeLec/server/output/C
S 243/lectures/15L2-SAT/figures/44.2.png  used on input line 1775.
(pdftex.def)             Requested size: 70.46037pt x 10.69908pt.
</Users/ashoksaravanan/Coding/ScribeLec/server/output/CS 243/lectures/15L2-SAT/
figures/44.3.png, id=478, 183.68625pt x 257.96375pt>
File: /Users/ashoksaravanan/Coding/ScribeLec/server/output/CS 243/lectures/15L2
-SAT/figures/44.3.png Graphic file (type png)
<use /Users/ashoksaravanan/Coding/ScribeLec/server/output/CS 243/lectures/15L2-
SAT/figures/44.3.png>
Package pdftex.def Info: /Users/ashoksaravanan/Coding/ScribeLec/server/output/C
S 243/lectures/15L2-SAT/figures/44.3.png  used on input line 1781.
(pdftex.def)             Requested size: 70.46037pt x 98.95224pt.
</Users/ashoksaravanan/Coding/ScribeLec/server/output/CS 243/lectures/15L2-SAT/
figures/44.4.png, id=479, 180.675pt x 245.91875pt>
File: /Users/ashoksaravanan/Coding/ScribeLec/server/output/CS 243/lectures/15L2
-SAT/figures/44.4.png Graphic file (type png)
<use /Users/ashoksaravanan/Coding/ScribeLec/server/output/CS 243/lectures/15L2-
SAT/figures/44.4.png>
Package pdftex.def Info: /Users/ashoksaravanan/Coding/ScribeLec/server/output/C
S 243/lectures/15L2-SAT/figures/44.4.png  used on input line 1787.
(pdftex.def)             Requested size: 70.46037pt x 95.90416pt.
[45 </Users/ashoksaravanan/Coding/ScribeLec/server/output/CS 243/lectures/15L2-
SAT/figures/44.1.png (PNG copy)> </Users/ashoksaravanan/Coding/ScribeLec/server
/output/CS 243/lectures/15L2-SAT/figures/44.2.png (PNG copy)> </Users/ashoksara
vanan/Coding/ScribeLec/server/output/CS 243/lectures/15L2-SAT/figures/44.3.png 
(PNG copy)> </Users/ashoksaravanan/Coding/ScribeLec/server/output/CS 243/lectur
es/15L2-SAT/figures/44.4.png (PNG copy)>]

/Users/ashoksaravanan/Coding/ScribeLec/server/output/CS 243/lectures/15L2-SAT/n
otes.tex:1808: LaTeX Error: \begin{document} ended by \end{latex}.

See the LaTeX manual or LaTeX Companion for explanation.
Type  H <return>  for immediate help.
 ...                                              
                                                  
l.1808 \end{latex}
                  
Your command was ignored.
Type  I <command> <return>  to replace it with another command,
or  <return>  to continue without it.

/Users/ashoksaravanan/Coding/ScribeLec/server/output/CS 243/lectures/15L2-SAT/n
otes.tex:1808: Extra \endgroup.
<recently read> \endgroup 
                          
l.1808 \end{latex}
                  
Things are pretty mixed up, but I think the worst is over.

</Users/ashoksaravanan/Coding/ScribeLec/server/output/CS 243/lectures/15L2-SAT/
figures/45.1.png, id=489, 181.67876pt x 245.91875pt>
File: /Users/ashoksaravanan/Coding/ScribeLec/server/output/CS 243/lectures/15L2
-SAT/figures/45.1.png Graphic file (type png)
<use /Users/ashoksaravanan/Coding/ScribeLec/server/output/CS 243/lectures/15L2-
SAT/figures/45.1.png>
Package pdftex.def Info: /Users/ashoksaravanan/Coding/ScribeLec/server/output/C
S 243/lectures/15L2-SAT/figures/45.1.png  used on input line 1817.
(pdftex.def)             Requested size: 70.46037pt x 95.37508pt.
</Users/ashoksaravanan/Coding/ScribeLec/server/output/CS 243/lectures/15L2-SAT/
figures/45.2.png, id=490, 454.69875pt x 49.18375pt>
File: /Users/ashoksaravanan/Coding/ScribeLec/server/output/CS 243/lectures/15L2
-SAT/figures/45.2.png Graphic file (type png)
<use /Users/ashoksaravanan/Coding/ScribeLec/server/output/CS 243/lectures/15L2-
SAT/figures/45.2.png>
Package pdftex.def Info: /Users/ashoksaravanan/Coding/ScribeLec/server/output/C
S 243/lectures/15L2-SAT/figures/45.2.png  used on input line 1823.
(pdftex.def)             Requested size: 70.46037pt x 7.62114pt.
</Users/ashoksaravanan/Coding/ScribeLec/server/output/CS 243/lectures/15L2-SAT/
figures/45.3.png, id=491, 181.67876pt x 245.91875pt>
File: /Users/ashoksaravanan/Coding/ScribeLec/server/output/CS 243/lectures/15L2
-SAT/figures/45.3.png Graphic file (type png)
<use /Users/ashoksaravanan/Coding/ScribeLec/server/output/CS 243/lectures/15L2-
SAT/figures/45.3.png>
Package pdftex.def Info: /Users/ashoksaravanan/Coding/ScribeLec/server/output/C
S 243/lectures/15L2-SAT/figures/45.3.png  used on input line 1829.
(pdftex.def)             Requested size: 70.46037pt x 95.37508pt.
</Users/ashoksaravanan/Coding/ScribeLec/server/output/CS 243/lectures/15L2-SAT/
figures/45.4.png, id=492, 338.26375pt x 52.195pt>
File: /Users/ashoksaravanan/Coding/ScribeLec/server/output/CS 243/lectures/15L2
-SAT/figures/45.4.png Graphic file (type png)
<use /Users/ashoksaravanan/Coding/ScribeLec/server/output/CS 243/lectures/15L2-
SAT/figures/45.4.png>
Package pdftex.def Info: /Users/ashoksaravanan/Coding/ScribeLec/server/output/C
S 243/lectures/15L2-SAT/figures/45.4.png  used on input line 1835.
(pdftex.def)             Requested size: 70.46037pt x 10.87207pt.
</Users/ashoksaravanan/Coding/ScribeLec/server/output/CS 243/lectures/15L2-SAT/
figures/45.5.png, id=493, 276.03125pt x 43.16125pt>
File: /Users/ashoksaravanan/Coding/ScribeLec/server/output/CS 243/lectures/15L2
-SAT/figures/45.5.png Graphic file (type png)
<use /Users/ashoksaravanan/Coding/ScribeLec/server/output/CS 243/lectures/15L2-
SAT/figures/45.5.png>
Package pdftex.def Info: /Users/ashoksaravanan/Coding/ScribeLec/server/output/C
S 243/lectures/15L2-SAT/figures/45.5.png  used on input line 1841.
(pdftex.def)             Requested size: 70.46037pt x 11.01749pt.
[46 </Users/ashoksaravanan/Coding/ScribeLec/server/output/CS 243/lectures/15L2-
SAT/figures/45.1.png (PNG copy)> </Users/ashoksaravanan/Coding/ScribeLec/server
/output/CS 243/lectures/15L2-SAT/figures/45.2.png (PNG copy)> </Users/ashoksara
vanan/Coding/ScribeLec/server/output/CS 243/lectures/15L2-SAT/figures/45.3.png 
(PNG copy)> </Users/ashoksaravanan/Coding/ScribeLec/server/output/CS 243/lectur
es/15L2-SAT/figures/45.4.png (PNG copy)> </Users/ashoksaravanan/Coding/ScribeLe
c/server/output/CS 243/lectures/15L2-SAT/figures/45.5.png (PNG copy)>]

/Users/ashoksaravanan/Coding/ScribeLec/server/output/CS 243/lectures/15L2-SAT/n
otes.tex:1860: LaTeX Error: \begin{document} ended by \end{latex}.

See the LaTeX manual or LaTeX Companion for explanation.
Type  H <return>  for immediate help.
 ...                                              
                                                  
l.1860 \end{latex}
                  
Your command was ignored.
Type  I <command> <return>  to replace it with another command,
or  <return>  to continue without it.

/Users/ashoksaravanan/Coding/ScribeLec/server/output/CS 243/lectures/15L2-SAT/n
otes.tex:1860: Extra \endgroup.
<recently read> \endgroup 
                          
l.1860 \end{latex}
                  
Things are pretty mixed up, but I think the worst is over.

</Users/ashoksaravanan/Coding/ScribeLec/server/output/CS 243/lectures/15L2-SAT/
figures/46.1.png, id=503, 338.26375pt x 52.195pt>
File: /Users/ashoksaravanan/Coding/ScribeLec/server/output/CS 243/lectures/15L2
-SAT/figures/46.1.png Graphic file (type png)
<use /Users/ashoksaravanan/Coding/ScribeLec/server/output/CS 243/lectures/15L2-
SAT/figures/46.1.png>
Package pdftex.def Info: /Users/ashoksaravanan/Coding/ScribeLec/server/output/C
S 243/lectures/15L2-SAT/figures/46.1.png  used on input line 1869.
(pdftex.def)             Requested size: 70.46037pt x 10.87207pt.
</Users/ashoksaravanan/Coding/ScribeLec/server/output/CS 243/lectures/15L2-SAT/
figures/46.2.png, id=504, 498.86375pt x 44.165pt>
File: /Users/ashoksaravanan/Coding/ScribeLec/server/output/CS 243/lectures/15L2
-SAT/figures/46.2.png Graphic file (type png)
<use /Users/ashoksaravanan/Coding/ScribeLec/server/output/CS 243/lectures/15L2-
SAT/figures/46.2.png>
Package pdftex.def Info: /Users/ashoksaravanan/Coding/ScribeLec/server/output/C
S 243/lectures/15L2-SAT/figures/46.2.png  used on input line 1875.
(pdftex.def)             Requested size: 70.46037pt x 6.23764pt.
</Users/ashoksaravanan/Coding/ScribeLec/server/output/CS 243/lectures/15L2-SAT/
figures/46.3.png, id=505, 180.675pt x 245.91875pt>
File: /Users/ashoksaravanan/Coding/ScribeLec/server/output/CS 243/lectures/15L2
-SAT/figures/46.3.png Graphic file (type png)
<use /Users/ashoksaravanan/Coding/ScribeLec/server/output/CS 243/lectures/15L2-
SAT/figures/46.3.png>
Package pdftex.def Info: /Users/ashoksaravanan/Coding/ScribeLec/server/output/C
S 243/lectures/15L2-SAT/figures/46.3.png  used on input line 1881.
(pdftex.def)             Requested size: 70.46037pt x 95.90416pt.
[47 </Users/ashoksaravanan/Coding/ScribeLec/server/output/CS 243/lectures/15L2-
SAT/figures/46.1.png (PNG copy)> </Users/ashoksaravanan/Coding/ScribeLec/server
/output/CS 243/lectures/15L2-SAT/figures/46.2.png (PNG copy)> </Users/ashoksara
vanan/Coding/ScribeLec/server/output/CS 243/lectures/15L2-SAT/figures/46.3.png 
(PNG copy)>]
</Users/ashoksaravanan/Coding/ScribeLec/server/output/CS 243/lectures/15L2-SAT/
figures/47.1.png, id=515, 708.6475pt x 256.96pt>
File: /Users/ashoksaravanan/Coding/ScribeLec/server/output/CS 243/lectures/15L2
-SAT/figures/47.1.png Graphic file (type png)
<use /Users/ashoksaravanan/Coding/ScribeLec/server/output/CS 243/lectures/15L2-
SAT/figures/47.1.png>
Package pdftex.def Info: /Users/ashoksaravanan/Coding/ScribeLec/server/output/C
S 243/lectures/15L2-SAT/figures/47.1.png  used on input line 1899.
(pdftex.def)             Requested size: 70.46037pt x 25.54851pt.
 [48 </Users/ashoksaravanan/Coding/ScribeLec/server/output/CS 243/lectures/15L2
-SAT/figures/47.1.png (PNG copy)>] [49]
</Users/ashoksaravanan/Coding/ScribeLec/server/output/CS 243/lectures/15L2-SAT/
figures/49.1.png, id=535, 356.33125pt x 62.2325pt>
File: /Users/ashoksaravanan/Coding/ScribeLec/server/output/CS 243/lectures/15L2
-SAT/figures/49.1.png Graphic file (type png)
<use /Users/ashoksaravanan/Coding/ScribeLec/server/output/CS 243/lectures/15L2-
SAT/figures/49.1.png>
Package pdftex.def Info: /Users/ashoksaravanan/Coding/ScribeLec/server/output/C
S 243/lectures/15L2-SAT/figures/49.1.png  used on input line 1955.
(pdftex.def)             Requested size: 70.46037pt x 12.30573pt.
</Users/ashoksaravanan/Coding/ScribeLec/server/output/CS 243/lectures/15L2-SAT/
figures/49.2.png, id=536, 426.59375pt x 52.195pt>
File: /Users/ashoksaravanan/Coding/ScribeLec/server/output/CS 243/lectures/15L2
-SAT/figures/49.2.png Graphic file (type png)
<use /Users/ashoksaravanan/Coding/ScribeLec/server/output/CS 243/lectures/15L2-
SAT/figures/49.2.png>
Package pdftex.def Info: /Users/ashoksaravanan/Coding/ScribeLec/server/output/C
S 243/lectures/15L2-SAT/figures/49.2.png  used on input line 1961.
(pdftex.def)             Requested size: 70.46037pt x 8.62056pt.
</Users/ashoksaravanan/Coding/ScribeLec/server/output/CS 243/lectures/15L2-SAT/
figures/49.3.png, id=537, 608.2725pt x 45.16875pt>
File: /Users/ashoksaravanan/Coding/ScribeLec/server/output/CS 243/lectures/15L2
-SAT/figures/49.3.png Graphic file (type png)
<use /Users/ashoksaravanan/Coding/ScribeLec/server/output/CS 243/lectures/15L2-
SAT/figures/49.3.png>
Package pdftex.def Info: /Users/ashoksaravanan/Coding/ScribeLec/server/output/C
S 243/lectures/15L2-SAT/figures/49.3.png  used on input line 1967.
(pdftex.def)             Requested size: 70.46037pt x 5.23186pt.
 [50 </Users/ashoksaravanan/Coding/ScribeLec/server/output/CS 243/lectures/15L2
-SAT/figures/49.1.png (PNG copy)> </Users/ashoksaravanan/Coding/ScribeLec/serve
r/output/CS 243/lectures/15L2-SAT/figures/49.2.png (PNG copy)> </Users/ashoksar
avanan/Coding/ScribeLec/server/output/CS 243/lectures/15L2-SAT/figures/49.3.png
 (PNG copy)>] [51]
</Users/ashoksaravanan/Coding/ScribeLec/server/output/CS 243/lectures/15L2-SAT/
figures/51.1.png, id=557, 269.005pt x 187.70125pt>
File: /Users/ashoksaravanan/Coding/ScribeLec/server/output/CS 243/lectures/15L2
-SAT/figures/51.1.png Graphic file (type png)
<use /Users/ashoksaravanan/Coding/ScribeLec/server/output/CS 243/lectures/15L2-
SAT/figures/51.1.png>
Package pdftex.def Info: /Users/ashoksaravanan/Coding/ScribeLec/server/output/C
S 243/lectures/15L2-SAT/figures/51.1.png  used on input line 2022.
(pdftex.def)             Requested size: 70.46037pt x 49.1649pt.
 [52 </Users/ashoksaravanan/Coding/ScribeLec/server/output/CS 243/lectures/15L2
-SAT/figures/51.1.png (PNG copy)>]
</Users/ashoksaravanan/Coding/ScribeLec/server/output/CS 243/lectures/15L2-SAT/
figures/52.1.png, id=567, 276.03125pt x 181.67876pt>
File: /Users/ashoksaravanan/Coding/ScribeLec/server/output/CS 243/lectures/15L2
-SAT/figures/52.1.png Graphic file (type png)
<use /Users/ashoksaravanan/Coding/ScribeLec/server/output/CS 243/lectures/15L2-
SAT/figures/52.1.png>
Package pdftex.def Info: /Users/ashoksaravanan/Coding/ScribeLec/server/output/C
S 243/lectures/15L2-SAT/figures/52.1.png  used on input line 2058.
(pdftex.def)             Requested size: 70.46037pt x 46.37598pt.
</Users/ashoksaravanan/Coding/ScribeLec/server/output/CS 243/lectures/15L2-SAT/
figures/52.2.png, id=568, 337.26pt x 189.70876pt>
File: /Users/ashoksaravanan/Coding/ScribeLec/server/output/CS 243/lectures/15L2
-SAT/figures/52.2.png Graphic file (type png)
<use /Users/ashoksaravanan/Coding/ScribeLec/server/output/CS 243/lectures/15L2-
SAT/figures/52.2.png>
Package pdftex.def Info: /Users/ashoksaravanan/Coding/ScribeLec/server/output/C
S 243/lectures/15L2-SAT/figures/52.2.png  used on input line 2064.
(pdftex.def)             Requested size: 70.46037pt x 39.63159pt.
 [53 </Users/ashoksaravanan/Coding/ScribeLec/server/output/CS 243/lectures/15L2
-SAT/figures/52.1.png (PNG copy)> </Users/ashoksaravanan/Coding/ScribeLec/serve
r/output/CS 243/lectures/15L2-SAT/figures/52.2.png (PNG copy)>]
</Users/ashoksaravanan/Coding/ScribeLec/server/output/CS 243/lectures/15L2-SAT/
figures/53.1.png, id=578, 119.44624pt x 119.44624pt>
File: /Users/ashoksaravanan/Coding/ScribeLec/server/output/CS 243/lectures/15L2
-SAT/figures/53.1.png Graphic file (type png)
<use /Users/ashoksaravanan/Coding/ScribeLec/server/output/CS 243/lectures/15L2-
SAT/figures/53.1.png>
Package pdftex.def Info: /Users/ashoksaravanan/Coding/ScribeLec/server/output/C
S 243/lectures/15L2-SAT/figures/53.1.png  used on input line 2101.
(pdftex.def)             Requested size: 70.46037pt x 70.4599pt.
</Users/ashoksaravanan/Coding/ScribeLec/server/output/CS 243/lectures/15L2-SAT/
figures/53.2.png, id=579, 163.61125pt x 188.705pt>
File: /Users/ashoksaravanan/Coding/ScribeLec/server/output/CS 243/lectures/15L2
-SAT/figures/53.2.png Graphic file (type png)
<use /Users/ashoksaravanan/Coding/ScribeLec/server/output/CS 243/lectures/15L2-
SAT/figures/53.2.png>
Package pdftex.def Info: /Users/ashoksaravanan/Coding/ScribeLec/server/output/C
S 243/lectures/15L2-SAT/figures/53.2.png  used on input line 2107.
(pdftex.def)             Requested size: 70.46037pt x 81.26537pt.
</Users/ashoksaravanan/Coding/ScribeLec/server/output/CS 243/lectures/15L2-SAT/
figures/53.3.png, id=580, 150.5625pt x 178.6675pt>
File: /Users/ashoksaravanan/Coding/ScribeLec/server/output/CS 243/lectures/15L2
-SAT/figures/53.3.png Graphic file (type png)
<use /Users/ashoksaravanan/Coding/ScribeLec/server/output/CS 243/lectures/15L2-
SAT/figures/53.3.png>
Package pdftex.def Info: /Users/ashoksaravanan/Coding/ScribeLec/server/output/C
S 243/lectures/15L2-SAT/figures/53.3.png  used on input line 2113.
(pdftex.def)             Requested size: 70.46037pt x 83.6166pt.
</Users/ashoksaravanan/Coding/ScribeLec/server/output/CS 243/lectures/15L2-SAT/
figures/53.4.png, id=581, 183.68625pt x 183.68625pt>
File: /Users/ashoksaravanan/Coding/ScribeLec/server/output/CS 243/lectures/15L2
-SAT/figures/53.4.png Graphic file (type png)
<use /Users/ashoksaravanan/Coding/ScribeLec/server/output/CS 243/lectures/15L2-
SAT/figures/53.4.png>
Package pdftex.def Info: /Users/ashoksaravanan/Coding/ScribeLec/server/output/C
S 243/lectures/15L2-SAT/figures/53.4.png  used on input line 2119.
(pdftex.def)             Requested size: 70.46037pt x 70.46014pt.
 [54 </Users/ashoksaravanan/Coding/ScribeLec/server/output/CS 243/lectures/15L2
-SAT/figures/53.1.png (PNG copy)> </Users/ashoksaravanan/Coding/ScribeLec/serve
r/output/CS 243/lectures/15L2-SAT/figures/53.2.png (PNG copy)> </Users/ashoksar
avanan/Coding/ScribeLec/server/output/CS 243/lectures/15L2-SAT/figures/53.3.png
 (PNG copy)> </Users/ashoksaravanan/Coding/ScribeLec/server/output/CS 243/lectu
res/15L2-SAT/figures/53.4.png (PNG copy)>] [55]

enddocument/afterlastpage: lastpage setting LastPage.
(_logs/notes.aux)
 ***********
LaTeX2e <2023-11-01> patch level 1
L3 programming layer <2024-02-20>
 ***********


LaTeX Warning: Label(s) may have changed. Rerun to get cross-references right.


Package rerunfilecheck Warning: File `notes.out' has changed.
(rerunfilecheck)                Rerun to get outlines right
(rerunfilecheck)                or use package `bookmark'.

Package rerunfilecheck Info: Checksums for `notes.out':
(rerunfilecheck)             Before: <no file>
(rerunfilecheck)             After:  2FB71E33FEF1D4F243FA6E46DF70A2AB;21222.

Package lastpage Warning: Rerun to get the references right on input line 2147.


 ) 
Here is how much of TeX's memory you used:
 15375 strings out of 474116
 293314 string characters out of 5743682
 1940187 words of memory out of 5000000
 37153 multiletter control sequences out of 15000+600000
 623702 words of font info for 82 fonts, out of 8000000 for 9000
 1141 hyphenation exceptions out of 8191
 83i,11n,131p,1766b,682s stack positions out of 10000i,1000n,20000p,200000b,200000s
</usr/local/texlive/2024/texmf-dist/fonts/type1/public/lm/lmbx10.pfb></usr/lo
cal/texlive/2024/texmf-dist/fonts/type1/public/lm/lmbx12.pfb></usr/local/texliv
e/2024/texmf-dist/fonts/type1/public/lm/lmbx8.pfb></usr/local/texlive/2024/texm
f-dist/fonts/type1/public/lm/lmmi10.pfb></usr/local/texlive/2024/texmf-dist/fon
ts/type1/public/lm/lmmi7.pfb></usr/local/texlive/2024/texmf-dist/fonts/type1/pu
blic/lm/lmr10.pfb></usr/local/texlive/2024/texmf-dist/fonts/type1/public/lm/lmr
12.pfb></usr/local/texlive/2024/texmf-dist/fonts/type1/public/lm/lmr17.pfb></us
r/local/texlive/2024/texmf-dist/fonts/type1/public/lm/lmr7.pfb></usr/local/texl
ive/2024/texmf-dist/fonts/type1/public/lm/lmri10.pfb></usr/local/texlive/2024/t
exmf-dist/fonts/type1/public/lm/lmsy10.pfb></usr/local/texlive/2024/texmf-dist/
fonts/type1/public/lm/lmsy7.pfb>
Output written on _logs/notes.pdf (55 pages, 3265481 bytes).
PDF statistics:
 733 PDF objects out of 1000 (max. 8388607)
 565 compressed objects within 6 object streams
 326 named destinations out of 1000 (max. 500000)
 396 words of extra memory for PDF output out of 10000 (max. 10000000)

