This is pdfTeX, Version 3.141592653-2.6-1.40.26 (TeX Live 2024) (preloaded format=pdflatex 2024.12.3)  18 DEC 2024 12:04
entering extended mode
 \write18 enabled.
 file:line:error style messages enabled.
 %&-line parsing enabled.
**"/Users/ashoksaravanan/Coding/ScribeLec/server/output/CS 243/lectures/07L2-Vi
sion/notes.tex"

(/Users/ashoksaravanan/Coding/ScribeLec/server/output/CS 243/lectures/07L2-Visi
on/notes.tex
LaTeX2e <2023-11-01> patch level 1
L3 programming layer <2024-02-20>
(/usr/local/texlive/2024/texmf-dist/tex/latex/base/article.cls
Document Class: article 2023/05/17 v1.4n Standard LaTeX document class
(/usr/local/texlive/2024/texmf-dist/tex/latex/base/size10.clo
File: size10.clo 2023/05/17 v1.4n Standard LaTeX file (size option)
)
\c@part=\count188
\c@section=\count189
\c@subsection=\count190
\c@subsubsection=\count191
\c@paragraph=\count192
\c@subparagraph=\count193
\c@figure=\count194
\c@table=\count195
\abovecaptionskip=\skip48
\belowcaptionskip=\skip49
\bibindent=\dimen140
)
(/usr/local/texlive/2024/texmf-dist/tex/latex/base/fontenc.sty
Package: fontenc 2021/04/29 v2.0v Standard LaTeX package
)
(/usr/local/texlive/2024/texmf-dist/tex/latex/base/inputenc.sty
Package: inputenc 2021/02/14 v1.3d Input encoding file
\inpenc@prehook=\toks17
\inpenc@posthook=\toks18
)
(/usr/local/texlive/2024/texmf-dist/tex/latex/lm/lmodern.sty
Package: lmodern 2015/05/01 v1.6.1 Latin Modern Fonts
LaTeX Font Info:    Overwriting symbol font `operators' in version `normal'
(Font)                  OT1/cmr/m/n --> OT1/lmr/m/n on input line 22.
LaTeX Font Info:    Overwriting symbol font `letters' in version `normal'
(Font)                  OML/cmm/m/it --> OML/lmm/m/it on input line 23.
LaTeX Font Info:    Overwriting symbol font `symbols' in version `normal'
(Font)                  OMS/cmsy/m/n --> OMS/lmsy/m/n on input line 24.
LaTeX Font Info:    Overwriting symbol font `largesymbols' in version `normal'
(Font)                  OMX/cmex/m/n --> OMX/lmex/m/n on input line 25.
LaTeX Font Info:    Overwriting symbol font `operators' in version `bold'
(Font)                  OT1/cmr/bx/n --> OT1/lmr/bx/n on input line 26.
LaTeX Font Info:    Overwriting symbol font `letters' in version `bold'
(Font)                  OML/cmm/b/it --> OML/lmm/b/it on input line 27.
LaTeX Font Info:    Overwriting symbol font `symbols' in version `bold'
(Font)                  OMS/cmsy/b/n --> OMS/lmsy/b/n on input line 28.
LaTeX Font Info:    Overwriting symbol font `largesymbols' in version `bold'
(Font)                  OMX/cmex/m/n --> OMX/lmex/m/n on input line 29.
LaTeX Font Info:    Overwriting math alphabet `\mathbf' in version `normal'
(Font)                  OT1/cmr/bx/n --> OT1/lmr/bx/n on input line 31.
LaTeX Font Info:    Overwriting math alphabet `\mathsf' in version `normal'
(Font)                  OT1/cmss/m/n --> OT1/lmss/m/n on input line 32.
LaTeX Font Info:    Overwriting math alphabet `\mathit' in version `normal'
(Font)                  OT1/cmr/m/it --> OT1/lmr/m/it on input line 33.
LaTeX Font Info:    Overwriting math alphabet `\mathtt' in version `normal'
(Font)                  OT1/cmtt/m/n --> OT1/lmtt/m/n on input line 34.
LaTeX Font Info:    Overwriting math alphabet `\mathbf' in version `bold'
(Font)                  OT1/cmr/bx/n --> OT1/lmr/bx/n on input line 35.
LaTeX Font Info:    Overwriting math alphabet `\mathsf' in version `bold'
(Font)                  OT1/cmss/bx/n --> OT1/lmss/bx/n on input line 36.
LaTeX Font Info:    Overwriting math alphabet `\mathit' in version `bold'
(Font)                  OT1/cmr/bx/it --> OT1/lmr/bx/it on input line 37.
LaTeX Font Info:    Overwriting math alphabet `\mathtt' in version `bold'
(Font)                  OT1/cmtt/m/n --> OT1/lmtt/m/n on input line 38.
)
(/usr/local/texlive/2024/texmf-dist/tex/latex/base/textcomp.sty
Package: textcomp 2020/02/02 v2.0n Standard LaTeX package
)
(/usr/local/texlive/2024/texmf-dist/tex/latex/lastpage/lastpage.sty
Package: lastpage 2023/10/14 v2.0e lastpage: 2.09 or 2e? (HMM)

(/usr/local/texlive/2024/texmf-dist/tex/latex/lastpage/lastpage2e.sty
Package: lastpage2e 2023/10/14 v2.0e Decide which 2e lastpage version to use (H
MM)

(/usr/local/texlive/2024/texmf-dist/tex/latex/lastpage/lastpagemodern.sty
Package: lastpagemodern 2023-10-14 v2.0e Refers to last page's name (HMM; JPG)
\c@lastpagecount=\count196
) 
)) (/usr/local/texlive/2024/texmf-dist/tex/latex/geometry/geometry.sty
Package: geometry 2020/01/02 v5.9 Page Geometry

(/usr/local/texlive/2024/texmf-dist/tex/latex/graphics/keyval.sty
Package: keyval 2022/05/29 v1.15 key=value parser (DPC)
\KV@toks@=\toks19
)
(/usr/local/texlive/2024/texmf-dist/tex/generic/iftex/ifvtex.sty
Package: ifvtex 2019/10/25 v1.7 ifvtex legacy package. Use iftex instead.

(/usr/local/texlive/2024/texmf-dist/tex/generic/iftex/iftex.sty
Package: iftex 2022/02/03 v1.0f TeX engine tests
))
\Gm@cnth=\count197
\Gm@cntv=\count198
\c@Gm@tempcnt=\count199
\Gm@bindingoffset=\dimen141
\Gm@wd@mp=\dimen142
\Gm@odd@mp=\dimen143
\Gm@even@mp=\dimen144
\Gm@layoutwidth=\dimen145
\Gm@layoutheight=\dimen146
\Gm@layouthoffset=\dimen147
\Gm@layoutvoffset=\dimen148
\Gm@dimlist=\toks20
)
(/usr/local/texlive/2024/texmf-dist/tex/latex/hyperref/hyperref.sty
Package: hyperref 2024-01-20 v7.01h Hypertext links for LaTeX

(/usr/local/texlive/2024/texmf-dist/tex/latex/kvsetkeys/kvsetkeys.sty
Package: kvsetkeys 2022-10-05 v1.19 Key value parser (HO)
)
(/usr/local/texlive/2024/texmf-dist/tex/generic/kvdefinekeys/kvdefinekeys.sty
Package: kvdefinekeys 2019-12-19 v1.6 Define keys (HO)
)
(/usr/local/texlive/2024/texmf-dist/tex/generic/pdfescape/pdfescape.sty
Package: pdfescape 2019/12/09 v1.15 Implements pdfTeX's escape features (HO)

(/usr/local/texlive/2024/texmf-dist/tex/generic/ltxcmds/ltxcmds.sty
Package: ltxcmds 2023-12-04 v1.26 LaTeX kernel commands for general use (HO)
)
(/usr/local/texlive/2024/texmf-dist/tex/generic/pdftexcmds/pdftexcmds.sty
Package: pdftexcmds 2020-06-27 v0.33 Utility functions of pdfTeX for LuaTeX (HO
)

(/usr/local/texlive/2024/texmf-dist/tex/generic/infwarerr/infwarerr.sty
Package: infwarerr 2019/12/03 v1.5 Providing info/warning/error messages (HO)
)
Package pdftexcmds Info: \pdf@primitive is available.
Package pdftexcmds Info: \pdf@ifprimitive is available.
Package pdftexcmds Info: \pdfdraftmode found.
))
(/usr/local/texlive/2024/texmf-dist/tex/latex/hycolor/hycolor.sty
Package: hycolor 2020-01-27 v1.10 Color options for hyperref/bookmark (HO)
)
(/usr/local/texlive/2024/texmf-dist/tex/latex/auxhook/auxhook.sty
Package: auxhook 2019-12-17 v1.6 Hooks for auxiliary files (HO)
)
(/usr/local/texlive/2024/texmf-dist/tex/latex/hyperref/nameref.sty
Package: nameref 2023-11-26 v2.56 Cross-referencing by name of section

(/usr/local/texlive/2024/texmf-dist/tex/latex/refcount/refcount.sty
Package: refcount 2019/12/15 v3.6 Data extraction from label references (HO)
)
(/usr/local/texlive/2024/texmf-dist/tex/generic/gettitlestring/gettitlestring.s
ty
Package: gettitlestring 2019/12/15 v1.6 Cleanup title references (HO)
 (/usr/local/texlive/2024/texmf-dist/tex/latex/kvoptions/kvoptions.sty
Package: kvoptions 2022-06-15 v3.15 Key value format for package options (HO)
))
\c@section@level=\count266
)
(/usr/local/texlive/2024/texmf-dist/tex/latex/etoolbox/etoolbox.sty
Package: etoolbox 2020/10/05 v2.5k e-TeX tools for LaTeX (JAW)
\etb@tempcnta=\count267
)
\@linkdim=\dimen149
\Hy@linkcounter=\count268
\Hy@pagecounter=\count269

(/usr/local/texlive/2024/texmf-dist/tex/latex/hyperref/pd1enc.def
File: pd1enc.def 2024-01-20 v7.01h Hyperref: PDFDocEncoding definition (HO)
Now handling font encoding PD1 ...
... no UTF-8 mapping file for font encoding PD1
)
(/usr/local/texlive/2024/texmf-dist/tex/generic/intcalc/intcalc.sty
Package: intcalc 2019/12/15 v1.3 Expandable calculations with integers (HO)
)
\Hy@SavedSpaceFactor=\count270

(/usr/local/texlive/2024/texmf-dist/tex/latex/hyperref/puenc.def
File: puenc.def 2024-01-20 v7.01h Hyperref: PDF Unicode definition (HO)
Now handling font encoding PU ...
... no UTF-8 mapping file for font encoding PU
)
Package hyperref Info: Hyper figures OFF on input line 4179.
Package hyperref Info: Link nesting OFF on input line 4184.
Package hyperref Info: Hyper index ON on input line 4187.
Package hyperref Info: Plain pages OFF on input line 4194.
Package hyperref Info: Backreferencing OFF on input line 4199.
Package hyperref Info: Implicit mode ON; LaTeX internals redefined.
Package hyperref Info: Bookmarks ON on input line 4446.
\c@Hy@tempcnt=\count271

(/usr/local/texlive/2024/texmf-dist/tex/latex/url/url.sty
\Urlmuskip=\muskip16
Package: url 2013/09/16  ver 3.4  Verb mode for urls, etc.
)
LaTeX Info: Redefining \url on input line 4784.
\XeTeXLinkMargin=\dimen150

(/usr/local/texlive/2024/texmf-dist/tex/generic/bitset/bitset.sty
Package: bitset 2019/12/09 v1.3 Handle bit-vector datatype (HO)

(/usr/local/texlive/2024/texmf-dist/tex/generic/bigintcalc/bigintcalc.sty
Package: bigintcalc 2019/12/15 v1.5 Expandable calculations on big integers (HO
)
))
\Fld@menulength=\count272
\Field@Width=\dimen151
\Fld@charsize=\dimen152
Package hyperref Info: Hyper figures OFF on input line 6063.
Package hyperref Info: Link nesting OFF on input line 6068.
Package hyperref Info: Hyper index ON on input line 6071.
Package hyperref Info: backreferencing OFF on input line 6078.
Package hyperref Info: Link coloring OFF on input line 6083.
Package hyperref Info: Link coloring with OCG OFF on input line 6088.
Package hyperref Info: PDF/A mode OFF on input line 6093.

(/usr/local/texlive/2024/texmf-dist/tex/latex/base/atbegshi-ltx.sty
Package: atbegshi-ltx 2021/01/10 v1.0c Emulation of the original atbegshi
package with kernel methods
)
\Hy@abspage=\count273
\c@Item=\count274
\c@Hfootnote=\count275
)
Package hyperref Info: Driver (autodetected): hpdftex.

(/usr/local/texlive/2024/texmf-dist/tex/latex/hyperref/hpdftex.def
File: hpdftex.def 2024-01-20 v7.01h Hyperref driver for pdfTeX

(/usr/local/texlive/2024/texmf-dist/tex/latex/base/atveryend-ltx.sty
Package: atveryend-ltx 2020/08/19 v1.0a Emulation of the original atveryend pac
kage
with kernel methods
)
\Fld@listcount=\count276
\c@bookmark@seq@number=\count277

(/usr/local/texlive/2024/texmf-dist/tex/latex/rerunfilecheck/rerunfilecheck.sty
Package: rerunfilecheck 2022-07-10 v1.10 Rerun checks for auxiliary files (HO)

(/usr/local/texlive/2024/texmf-dist/tex/generic/uniquecounter/uniquecounter.sty
Package: uniquecounter 2019/12/15 v1.4 Provide unlimited unique counter (HO)
)
Package uniquecounter Info: New unique counter `rerunfilecheck' on input line 2
85.
)
\Hy@SectionHShift=\skip50
) (/usr/local/texlive/2024/texmf-dist/tex/latex/enumitem/enumitem.sty
Package: enumitem 2019/06/20 v3.9 Customized lists
\labelindent=\skip51
\enit@outerparindent=\dimen153
\enit@toks=\toks21
\enit@inbox=\box51
\enit@count@id=\count278
\enitdp@description=\count279
)
(/usr/local/texlive/2024/texmf-dist/tex/latex/fancyhdr/fancyhdr.sty
Package: fancyhdr 2022/11/09 v4.1 Extensive control of page headers and footers

\f@nch@headwidth=\skip52
\f@nch@O@elh=\skip53
\f@nch@O@erh=\skip54
\f@nch@O@olh=\skip55
\f@nch@O@orh=\skip56
\f@nch@O@elf=\skip57
\f@nch@O@erf=\skip58
\f@nch@O@olf=\skip59
\f@nch@O@orf=\skip60
)
(/usr/local/texlive/2024/texmf-dist/tex/latex/xcolor/xcolor.sty
Package: xcolor 2023/11/15 v3.01 LaTeX color extensions (UK)

(/usr/local/texlive/2024/texmf-dist/tex/latex/graphics-cfg/color.cfg
File: color.cfg 2016/01/02 v1.6 sample color configuration
)
Package xcolor Info: Driver file: pdftex.def on input line 274.

(/usr/local/texlive/2024/texmf-dist/tex/latex/graphics-def/pdftex.def
File: pdftex.def 2022/09/22 v1.2b Graphics/color driver for pdftex
)
(/usr/local/texlive/2024/texmf-dist/tex/latex/graphics/mathcolor.ltx)
Package xcolor Info: Model `cmy' substituted by `cmy0' on input line 1350.
Package xcolor Info: Model `hsb' substituted by `rgb' on input line 1354.
Package xcolor Info: Model `RGB' extended on input line 1366.
Package xcolor Info: Model `HTML' substituted by `rgb' on input line 1368.
Package xcolor Info: Model `Hsb' substituted by `hsb' on input line 1369.
Package xcolor Info: Model `tHsb' substituted by `hsb' on input line 1370.
Package xcolor Info: Model `HSB' substituted by `hsb' on input line 1371.
Package xcolor Info: Model `Gray' substituted by `gray' on input line 1372.
Package xcolor Info: Model `wave' substituted by `hsb' on input line 1373.
)
(/usr/local/texlive/2024/texmf-dist/tex/latex/breakurl/breakurl.sty
Package: breakurl 2013/04/10 v1.40 Breakable hyperref URLs

(/usr/local/texlive/2024/texmf-dist/tex/latex/xkeyval/xkeyval.sty
Package: xkeyval 2022/06/16 v2.9 package option processing (HA)

(/usr/local/texlive/2024/texmf-dist/tex/generic/xkeyval/xkeyval.tex
(/usr/local/texlive/2024/texmf-dist/tex/generic/xkeyval/xkvutils.tex
\XKV@toks=\toks22
\XKV@tempa@toks=\toks23
)
\XKV@depth=\count280
File: xkeyval.tex 2014/12/03 v2.7a key=value parser (HA)
))
(/usr/local/texlive/2024/texmf-dist/tex/generic/iftex/ifpdf.sty
Package: ifpdf 2019/10/25 v3.4 ifpdf legacy package. Use iftex instead.
)

Package breakurl Warning: You are using breakurl while processing via pdflatex.

(breakurl)                \burl will be just a synonym of \url.
(breakurl)                 on input line 48.

) (/usr/local/texlive/2024/texmf-dist/tex/latex/amsmath/amsmath.sty
Package: amsmath 2023/05/13 v2.17o AMS math features
\@mathmargin=\skip61

For additional information on amsmath, use the `?' option.
(/usr/local/texlive/2024/texmf-dist/tex/latex/amsmath/amstext.sty
Package: amstext 2021/08/26 v2.01 AMS text

(/usr/local/texlive/2024/texmf-dist/tex/latex/amsmath/amsgen.sty
File: amsgen.sty 1999/11/30 v2.0 generic functions
\@emptytoks=\toks24
\ex@=\dimen154
))
(/usr/local/texlive/2024/texmf-dist/tex/latex/amsmath/amsbsy.sty
Package: amsbsy 1999/11/29 v1.2d Bold Symbols
\pmbraise@=\dimen155
)
(/usr/local/texlive/2024/texmf-dist/tex/latex/amsmath/amsopn.sty
Package: amsopn 2022/04/08 v2.04 operator names
)
\inf@bad=\count281
LaTeX Info: Redefining \frac on input line 234.
\uproot@=\count282
\leftroot@=\count283
LaTeX Info: Redefining \overline on input line 399.
LaTeX Info: Redefining \colon on input line 410.
\classnum@=\count284
\DOTSCASE@=\count285
LaTeX Info: Redefining \ldots on input line 496.
LaTeX Info: Redefining \dots on input line 499.
LaTeX Info: Redefining \cdots on input line 620.
\Mathstrutbox@=\box52
\strutbox@=\box53
LaTeX Info: Redefining \big on input line 722.
LaTeX Info: Redefining \Big on input line 723.
LaTeX Info: Redefining \bigg on input line 724.
LaTeX Info: Redefining \Bigg on input line 725.
\big@size=\dimen156
LaTeX Font Info:    Redeclaring font encoding OML on input line 743.
LaTeX Font Info:    Redeclaring font encoding OMS on input line 744.
\macc@depth=\count286
LaTeX Info: Redefining \bmod on input line 905.
LaTeX Info: Redefining \pmod on input line 910.
LaTeX Info: Redefining \smash on input line 940.
LaTeX Info: Redefining \relbar on input line 970.
LaTeX Info: Redefining \Relbar on input line 971.
\c@MaxMatrixCols=\count287
\dotsspace@=\muskip17
\c@parentequation=\count288
\dspbrk@lvl=\count289
\tag@help=\toks25
\row@=\count290
\column@=\count291
\maxfields@=\count292
\andhelp@=\toks26
\eqnshift@=\dimen157
\alignsep@=\dimen158
\tagshift@=\dimen159
\tagwidth@=\dimen160
\totwidth@=\dimen161
\lineht@=\dimen162
\@envbody=\toks27
\multlinegap=\skip62
\multlinetaggap=\skip63
\mathdisplay@stack=\toks28
LaTeX Info: Redefining \[ on input line 2953.
LaTeX Info: Redefining \] on input line 2954.
)
(/usr/local/texlive/2024/texmf-dist/tex/latex/amsfonts/amssymb.sty
Package: amssymb 2013/01/14 v3.01 AMS font symbols

(/usr/local/texlive/2024/texmf-dist/tex/latex/amsfonts/amsfonts.sty
Package: amsfonts 2013/01/14 v3.01 Basic AMSFonts support
\symAMSa=\mathgroup4
\symAMSb=\mathgroup5
LaTeX Font Info:    Redeclaring math symbol \hbar on input line 98.
LaTeX Font Info:    Overwriting math alphabet `\mathfrak' in version `bold'
(Font)                  U/euf/m/n --> U/euf/b/n on input line 106.
))
(/usr/local/texlive/2024/texmf-dist/tex/latex/mathtools/mathtools.sty
Package: mathtools 2024/03/11 v1.30 mathematical typesetting tools

(/usr/local/texlive/2024/texmf-dist/tex/latex/tools/calc.sty
Package: calc 2023/07/08 v4.3 Infix arithmetic (KKT,FJ)
\calc@Acount=\count293
\calc@Bcount=\count294
\calc@Adimen=\dimen163
\calc@Bdimen=\dimen164
\calc@Askip=\skip64
\calc@Bskip=\skip65
LaTeX Info: Redefining \setlength on input line 80.
LaTeX Info: Redefining \addtolength on input line 81.
\calc@Ccount=\count295
\calc@Cskip=\skip66
)
(/usr/local/texlive/2024/texmf-dist/tex/latex/mathtools/mhsetup.sty
Package: mhsetup 2021/03/18 v1.4 programming setup (MH)
)
\g_MT_multlinerow_int=\count296
\l_MT_multwidth_dim=\dimen165
\origjot=\skip67
\l_MT_shortvdotswithinadjustabove_dim=\dimen166
\l_MT_shortvdotswithinadjustbelow_dim=\dimen167
\l_MT_above_intertext_sep=\dimen168
\l_MT_below_intertext_sep=\dimen169
\l_MT_above_shortintertext_sep=\dimen170
\l_MT_below_shortintertext_sep=\dimen171
\xmathstrut@box=\box54
\xmathstrut@dim=\dimen172
)
(/usr/local/texlive/2024/texmf-dist/tex/latex/amscls/amsthm.sty
Package: amsthm 2020/05/29 v2.20.6
\thm@style=\toks29
\thm@bodyfont=\toks30
\thm@headfont=\toks31
\thm@notefont=\toks32
\thm@headpunct=\toks33
\thm@preskip=\skip68
\thm@postskip=\skip69
\thm@headsep=\skip70
\dth@everypar=\toks34
)
(/usr/local/texlive/2024/texmf-dist/tex/latex/thmtools/thmtools.sty
Package: thmtools 2023/05/04 v0.76
\thmt@toks=\toks35
\c@thmt@dummyctr=\count297

(/usr/local/texlive/2024/texmf-dist/tex/latex/thmtools/thm-patch.sty
Package: thm-patch 2023/05/04 v0.76

(/usr/local/texlive/2024/texmf-dist/tex/latex/thmtools/parseargs.sty
Package: parseargs 2023/05/04 v0.76
\@parsespec=\toks36
))
(/usr/local/texlive/2024/texmf-dist/tex/latex/thmtools/thm-kv.sty
Package: thm-kv 2023/05/04 v0.76
Package thm-kv Info: Theorem names will be uppercased on input line 42.
Package thm-kv Info: kvsetkeys patch (v1.16 or later) on input line 158.
)
(/usr/local/texlive/2024/texmf-dist/tex/latex/thmtools/thm-autoref.sty
Package: thm-autoref 2023/05/04 v0.76

(/usr/local/texlive/2024/texmf-dist/tex/latex/thmtools/aliasctr.sty
Package: aliasctr 2023/05/04 v0.76
))
(/usr/local/texlive/2024/texmf-dist/tex/latex/thmtools/thm-listof.sty
Package: thm-listof 2023/05/04 v0.76
)
(/usr/local/texlive/2024/texmf-dist/tex/latex/thmtools/thm-restate.sty
Package: thm-restate 2023/05/04 v0.76
)
(/usr/local/texlive/2024/texmf-dist/tex/latex/thmtools/thm-amsthm.sty
Package: thm-amsthm 2023/05/04 v0.76
\thmt@style@headstyle=\toks37
))
(/usr/local/texlive/2024/texmf-dist/tex/latex/float/float.sty
Package: float 2001/11/08 v1.3d Float enhancements (AL)
\c@float@type=\count298
\float@exts=\toks38
\float@box=\box55
\@float@everytoks=\toks39
\@floatcapt=\box56
)
(/usr/local/texlive/2024/texmf-dist/tex/latex/caption/subcaption.sty
Package: subcaption 2023/07/28 v1.6b Sub-captions (AR)

(/usr/local/texlive/2024/texmf-dist/tex/latex/caption/caption.sty
Package: caption 2023/08/05 v3.6o Customizing captions (AR)

(/usr/local/texlive/2024/texmf-dist/tex/latex/caption/caption3.sty
Package: caption3 2023/07/31 v2.4d caption3 kernel (AR)
\caption@tempdima=\dimen173
\captionmargin=\dimen174
\caption@leftmargin=\dimen175
\caption@rightmargin=\dimen176
\caption@width=\dimen177
\caption@indent=\dimen178
\caption@parindent=\dimen179
\caption@hangindent=\dimen180
Package caption Info: Standard document class detected.
)
\c@caption@flags=\count299
\c@continuedfloat=\count300
Package caption Info: float package is loaded.
Package caption Info: hyperref package is loaded.
)
Package caption Info: New subtype `subfigure' on input line 238.
\c@subfigure=\count301
Package caption Info: New subtype `subtable' on input line 238.
\c@subtable=\count302
)
Package hyperref Info: Option `colorlinks' set `true' on input line 33.
Package hyperref Info: Option `breaklinks' set `true' on input line 33.


Package hyperref Warning: Option `bookmarks' has already been used,
(hyperref)                setting the option has no effect on input line 33.


(/usr/local/texlive/2024/texmf-dist/tex/latex/newunicodechar/newunicodechar.sty
Package: newunicodechar 2018/04/08 v1.2 Defining Unicode characters
)
LaTeX Font Info:    Trying to load font information for T1+lmr on input line 68
.
 (/usr/local/texlive/2024/texmf-dist/tex/latex/lm/t1lmr.fd
File: t1lmr.fd 2015/05/01 v1.6.1 Font defs for Latin Modern
)
(/usr/local/texlive/2024/texmf-dist/tex/latex/l3backend/l3backend-pdftex.def
File: l3backend-pdftex.def 2024-02-20 L3 backend support: PDF output (pdfTeX)
\l__color_backend_stack_int=\count303
\l__pdf_internal_box=\box57
)
(_logs/notes.aux)
\openout1 = `notes.aux'.

LaTeX Font Info:    Checking defaults for OML/cmm/m/it on input line 68.
LaTeX Font Info:    ... okay on input line 68.
LaTeX Font Info:    Checking defaults for OMS/cmsy/m/n on input line 68.
LaTeX Font Info:    ... okay on input line 68.
LaTeX Font Info:    Checking defaults for OT1/cmr/m/n on input line 68.
LaTeX Font Info:    ... okay on input line 68.
LaTeX Font Info:    Checking defaults for T1/cmr/m/n on input line 68.
LaTeX Font Info:    ... okay on input line 68.
LaTeX Font Info:    Checking defaults for TS1/cmr/m/n on input line 68.
LaTeX Font Info:    ... okay on input line 68.
LaTeX Font Info:    Checking defaults for OMX/cmex/m/n on input line 68.
LaTeX Font Info:    ... okay on input line 68.
LaTeX Font Info:    Checking defaults for U/cmr/m/n on input line 68.
LaTeX Font Info:    ... okay on input line 68.
LaTeX Font Info:    Checking defaults for PD1/pdf/m/n on input line 68.
LaTeX Font Info:    ... okay on input line 68.
LaTeX Font Info:    Checking defaults for PU/pdf/m/n on input line 68.
LaTeX Font Info:    ... okay on input line 68.

*geometry* driver: auto-detecting
*geometry* detected driver: pdftex
*geometry* verbose mode - [ preamble ] result:
* driver: pdftex
* paper: <default>
* layout: <same size as paper>
* layoutoffset:(h,v)=(0.0pt,0.0pt)
* modes: 
* h-part:(L,W,R)=(72.26999pt, 469.75502pt, 72.26999pt)
* v-part:(T,H,B)=(72.26999pt, 650.43001pt, 72.26999pt)
* \paperwidth=614.295pt
* \paperheight=794.96999pt
* \textwidth=469.75502pt
* \textheight=650.43001pt
* \oddsidemargin=0.0pt
* \evensidemargin=0.0pt
* \topmargin=-39.0pt
* \headheight=14.0pt
* \headsep=25.0pt
* \topskip=10.0pt
* \footskip=30.0pt
* \marginparwidth=65.0pt
* \marginparsep=11.0pt
* \columnsep=10.0pt
* \skip\footins=9.0pt plus 4.0pt minus 2.0pt
* \hoffset=0.0pt
* \voffset=0.0pt
* \mag=1000
* \@twocolumnfalse
* \@twosidefalse
* \@mparswitchfalse
* \@reversemarginfalse
* (1in=72.27pt=25.4mm, 1cm=28.453pt)

Package hyperref Info: Link coloring ON on input line 68.
(_logs/notes.out) (_logs/notes.out)
\@outlinefile=\write3
\openout3 = `notes.out'.


(/usr/local/texlive/2024/texmf-dist/tex/context/base/mkii/supp-pdf.mkii
[Loading MPS to PDF converter (version 2006.09.02).]
\scratchcounter=\count304
\scratchdimen=\dimen181
\scratchbox=\box58
\nofMPsegments=\count305
\nofMParguments=\count306
\everyMPshowfont=\toks40
\MPscratchCnt=\count307
\MPscratchDim=\dimen182
\MPnumerator=\count308
\makeMPintoPDFobject=\count309
\everyMPtoPDFconversion=\toks41
) (/usr/local/texlive/2024/texmf-dist/tex/latex/graphics/graphicx.sty
Package: graphicx 2021/09/16 v1.2d Enhanced LaTeX Graphics (DPC,SPQR)

(/usr/local/texlive/2024/texmf-dist/tex/latex/graphics/graphics.sty
Package: graphics 2022/03/10 v1.4e Standard LaTeX Graphics (DPC,SPQR)

(/usr/local/texlive/2024/texmf-dist/tex/latex/graphics/trig.sty
Package: trig 2021/08/11 v1.11 sin cos tan (DPC)
)
(/usr/local/texlive/2024/texmf-dist/tex/latex/graphics-cfg/graphics.cfg
File: graphics.cfg 2016/06/04 v1.11 sample graphics configuration
)
Package graphics Info: Driver file: pdftex.def on input line 107.
)
\Gin@req@height=\dimen183
\Gin@req@width=\dimen184
)
Package caption Info: Begin \AtBeginDocument code.
Package caption Info: End \AtBeginDocument code.
LaTeX Font Info:    Trying to load font information for OT1+lmr on input line 7
1.

(/usr/local/texlive/2024/texmf-dist/tex/latex/lm/ot1lmr.fd
File: ot1lmr.fd 2015/05/01 v1.6.1 Font defs for Latin Modern
)
LaTeX Font Info:    Trying to load font information for OML+lmm on input line 7
1.

(/usr/local/texlive/2024/texmf-dist/tex/latex/lm/omllmm.fd
File: omllmm.fd 2015/05/01 v1.6.1 Font defs for Latin Modern
)
LaTeX Font Info:    Trying to load font information for OMS+lmsy on input line 
71.

(/usr/local/texlive/2024/texmf-dist/tex/latex/lm/omslmsy.fd
File: omslmsy.fd 2015/05/01 v1.6.1 Font defs for Latin Modern
)
LaTeX Font Info:    Trying to load font information for OMX+lmex on input line 
71.

(/usr/local/texlive/2024/texmf-dist/tex/latex/lm/omxlmex.fd
File: omxlmex.fd 2015/05/01 v1.6.1 Font defs for Latin Modern
)
LaTeX Font Info:    External font `lmex10' loaded for size
(Font)              <12> on input line 71.
LaTeX Font Info:    External font `lmex10' loaded for size
(Font)              <8> on input line 71.
LaTeX Font Info:    External font `lmex10' loaded for size
(Font)              <6> on input line 71.
LaTeX Font Info:    Trying to load font information for U+msa on input line 71.


(/usr/local/texlive/2024/texmf-dist/tex/latex/amsfonts/umsa.fd
File: umsa.fd 2013/01/14 v3.01 AMS symbols A
)
LaTeX Font Info:    Trying to load font information for U+msb on input line 71.


(/usr/local/texlive/2024/texmf-dist/tex/latex/amsfonts/umsb.fd
File: umsb.fd 2013/01/14 v3.01 AMS symbols B
) [1

{/usr/local/texlive/2024/texmf-var/fonts/map/pdftex/updmap/pdftex.map}{/usr/loc
al/texlive/2024/texmf-dist/fonts/enc/dvips/lm/lm-ec.enc}] [2]
/Users/ashoksaravanan/Coding/ScribeLec/server/output/CS 243/lectures/07L2-Visio
n/notes.tex:108: Misplaced alignment tab character &.
l.108 ... of this lecture is based on Fei-fei Li &
                                                   Justin Johnson & Serena Y...
I can't figure out why you would want to use a tab mark
here. If you just want an ampersand, the remedy is
simple: Just type `I\&' now. But if some right brace
up above has ended a previous alignment prematurely,
you're probably due for more error messages, and you
might try typing `S' now just to see what is salvageable.

/Users/ashoksaravanan/Coding/ScribeLec/server/output/CS 243/lectures/07L2-Visio
n/notes.tex:108: Misplaced alignment tab character &.
l.108 ...is based on Fei-fei Li & Justin Johnson &
                                                   Serena Yeung: CS231n at S...
I can't figure out why you would want to use a tab mark
here. If you just want an ampersand, the remedy is
simple: Just type `I\&' now. But if some right brace
up above has ended a previous alignment prematurely,
you're probably due for more error messages, and you
might try typing `S' now just to see what is salvageable.

</Users/ashoksaravanan/Coding/ScribeLec/server/output/CS 243/lectures/07L2-Visi
on/figures/3.1.png, id=261, 252.945pt x 361.35pt>
File: /Users/ashoksaravanan/Coding/ScribeLec/server/output/CS 243/lectures/07L2
-Vision/figures/3.1.png Graphic file (type png)
<use /Users/ashoksaravanan/Coding/ScribeLec/server/output/CS 243/lectures/07L2-
Vision/figures/3.1.png>
Package pdftex.def Info: /Users/ashoksaravanan/Coding/ScribeLec/server/output/C
S 243/lectures/07L2-Vision/figures/3.1.png  used on input line 114.
(pdftex.def)             Requested size: 70.46037pt x 100.65901pt.
[3 </Users/ashoksaravanan/Coding/ScribeLec/server/output/CS 243/lectures/07L2-V
ision/figures/3.1.png (PNG copy)>]
LaTeX Font Info:    External font `lmex10' loaded for size
(Font)              <10> on input line 131.
LaTeX Font Info:    External font `lmex10' loaded for size
(Font)              <7> on input line 131.
LaTeX Font Info:    External font `lmex10' loaded for size
(Font)              <5> on input line 131.
</Users/ashoksaravanan/Coding/ScribeLec/server/output/CS 243/lectures/07L2-Visi
on/figures/4.1.png, id=268, 252.945pt x 361.35pt>
File: /Users/ashoksaravanan/Coding/ScribeLec/server/output/CS 243/lectures/07L2
-Vision/figures/4.1.png Graphic file (type png)
<use /Users/ashoksaravanan/Coding/ScribeLec/server/output/CS 243/lectures/07L2-
Vision/figures/4.1.png>
Package pdftex.def Info: /Users/ashoksaravanan/Coding/ScribeLec/server/output/C
S 243/lectures/07L2-Vision/figures/4.1.png  used on input line 141.
(pdftex.def)             Requested size: 70.46037pt x 100.65901pt.
</Users/ashoksaravanan/Coding/ScribeLec/server/output/CS 243/lectures/07L2-Visi
on/figures/4.2.png, id=269, 745.78625pt x 415.5525pt>
File: /Users/ashoksaravanan/Coding/ScribeLec/server/output/CS 243/lectures/07L2
-Vision/figures/4.2.png Graphic file (type png)
<use /Users/ashoksaravanan/Coding/ScribeLec/server/output/CS 243/lectures/07L2-
Vision/figures/4.2.png>
Package pdftex.def Info: /Users/ashoksaravanan/Coding/ScribeLec/server/output/C
S 243/lectures/07L2-Vision/figures/4.2.png  used on input line 147.
(pdftex.def)             Requested size: 70.46037pt x 39.25597pt.
 [4{/usr/local/texlive/2024/texmf-dist/fonts/enc/dvips/lm/lm-mathsy.enc} </User
s/ashoksaravanan/Coding/ScribeLec/server/output/CS 243/lectures/07L2-Vision/fig
ures/4.1.png (PNG copy)> </Users/ashoksaravanan/Coding/ScribeLec/server/output/
CS 243/lectures/07L2-Vision/figures/4.2.png (PNG copy)>] [5{/usr/local/texlive/
2024/texmf-dist/fonts/enc/dvips/lm/lm-mathit.enc}{/usr/local/texlive/2024/texmf
-dist/fonts/enc/dvips/lm/lm-rm.enc}{/usr/local/texlive/2024/texmf-dist/fonts/en
c/dvips/lm/lm-mathex.enc}]
</Users/ashoksaravanan/Coding/ScribeLec/server/output/CS 243/lectures/07L2-Visi
on/figures/6.1.png, id=286, 252.945pt x 361.35pt>
File: /Users/ashoksaravanan/Coding/ScribeLec/server/output/CS 243/lectures/07L2
-Vision/figures/6.1.png Graphic file (type png)
<use /Users/ashoksaravanan/Coding/ScribeLec/server/output/CS 243/lectures/07L2-
Vision/figures/6.1.png>
Package pdftex.def Info: /Users/ashoksaravanan/Coding/ScribeLec/server/output/C
S 243/lectures/07L2-Vision/figures/6.1.png  used on input line 185.
(pdftex.def)             Requested size: 70.46037pt x 100.65901pt.
</Users/ashoksaravanan/Coding/ScribeLec/server/output/CS 243/lectures/07L2-Visi
on/figures/6.2.png, id=287, 614.295pt x 415.5525pt>
File: /Users/ashoksaravanan/Coding/ScribeLec/server/output/CS 243/lectures/07L2
-Vision/figures/6.2.png Graphic file (type png)
<use /Users/ashoksaravanan/Coding/ScribeLec/server/output/CS 243/lectures/07L2-
Vision/figures/6.2.png>
Package pdftex.def Info: /Users/ashoksaravanan/Coding/ScribeLec/server/output/C
S 243/lectures/07L2-Vision/figures/6.2.png  used on input line 191.
(pdftex.def)             Requested size: 70.46037pt x 47.66388pt.
</Users/ashoksaravanan/Coding/ScribeLec/server/output/CS 243/lectures/07L2-Visi
on/figures/6.3.png, id=288, 84.315pt x 83.31125pt>
File: /Users/ashoksaravanan/Coding/ScribeLec/server/output/CS 243/lectures/07L2
-Vision/figures/6.3.png Graphic file (type png)
<use /Users/ashoksaravanan/Coding/ScribeLec/server/output/CS 243/lectures/07L2-
Vision/figures/6.3.png>
Package pdftex.def Info: /Users/ashoksaravanan/Coding/ScribeLec/server/output/C
S 243/lectures/07L2-Vision/figures/6.3.png  used on input line 197.
(pdftex.def)             Requested size: 70.46037pt x 69.62247pt.
 [6 </Users/ashoksaravanan/Coding/ScribeLec/server/output/CS 243/lectures/07L2-
Vision/figures/6.1.png (PNG copy)> </Users/ashoksaravanan/Coding/ScribeLec/serv
er/output/CS 243/lectures/07L2-Vision/figures/6.2.png (PNG copy)> </Users/ashok
saravanan/Coding/ScribeLec/server/output/CS 243/lectures/07L2-Vision/figures/6.
3.png (PNG copy)>]
</Users/ashoksaravanan/Coding/ScribeLec/server/output/CS 243/lectures/07L2-Visi
on/figures/7.1.png, id=294, 477.785pt x 257.96375pt>
File: /Users/ashoksaravanan/Coding/ScribeLec/server/output/CS 243/lectures/07L2
-Vision/figures/7.1.png Graphic file (type png)
<use /Users/ashoksaravanan/Coding/ScribeLec/server/output/CS 243/lectures/07L2-
Vision/figures/7.1.png>
Package pdftex.def Info: /Users/ashoksaravanan/Coding/ScribeLec/server/output/C
S 243/lectures/07L2-Vision/figures/7.1.png  used on input line 217.
(pdftex.def)             Requested size: 70.46037pt x 38.03947pt.
</Users/ashoksaravanan/Coding/ScribeLec/server/output/CS 243/lectures/07L2-Visi
on/figures/7.2.png, id=295, 457.71pt x 257.96375pt>
File: /Users/ashoksaravanan/Coding/ScribeLec/server/output/CS 243/lectures/07L2
-Vision/figures/7.2.png Graphic file (type png)
<use /Users/ashoksaravanan/Coding/ScribeLec/server/output/CS 243/lectures/07L2-
Vision/figures/7.2.png>
Package pdftex.def Info: /Users/ashoksaravanan/Coding/ScribeLec/server/output/C
S 243/lectures/07L2-Vision/figures/7.2.png  used on input line 223.
(pdftex.def)             Requested size: 70.46037pt x 39.70842pt.

[7 </Users/ashoksaravanan/Coding/ScribeLec/server/output/CS 243/lectures/07L2-V
ision/figures/7.1.png (PNG copy)> </Users/ashoksaravanan/Coding/ScribeLec/serve
r/output/CS 243/lectures/07L2-Vision/figures/7.2.png (PNG copy)>]
</Users/ashoksaravanan/Coding/ScribeLec/server/output/CS 243/lectures/07L2-Visi
on/figures/8.1.png, id=302, 432.61626pt x 261.97874pt>
File: /Users/ashoksaravanan/Coding/ScribeLec/server/output/CS 243/lectures/07L2
-Vision/figures/8.1.png Graphic file (type png)
<use /Users/ashoksaravanan/Coding/ScribeLec/server/output/CS 243/lectures/07L2-
Vision/figures/8.1.png>
Package pdftex.def Info: /Users/ashoksaravanan/Coding/ScribeLec/server/output/C
S 243/lectures/07L2-Vision/figures/8.1.png  used on input line 243.
(pdftex.def)             Requested size: 70.46037pt x 42.66898pt.
</Users/ashoksaravanan/Coding/ScribeLec/server/output/CS 243/lectures/07L2-Visi
on/figures/8.2.png, id=303, 428.60126pt x 261.97874pt>
File: /Users/ashoksaravanan/Coding/ScribeLec/server/output/CS 243/lectures/07L2
-Vision/figures/8.2.png Graphic file (type png)
<use /Users/ashoksaravanan/Coding/ScribeLec/server/output/CS 243/lectures/07L2-
Vision/figures/8.2.png>
Package pdftex.def Info: /Users/ashoksaravanan/Coding/ScribeLec/server/output/C
S 243/lectures/07L2-Vision/figures/8.2.png  used on input line 249.
(pdftex.def)             Requested size: 70.46037pt x 43.06873pt.
 [8 </Users/ashoksaravanan/Coding/ScribeLec/server/output/CS 243/lectures/07L2-
Vision/figures/8.1.png (PNG copy)> </Users/ashoksaravanan/Coding/ScribeLec/serv
er/output/CS 243/lectures/07L2-Vision/figures/8.2.png (PNG copy)>]
</Users/ashoksaravanan/Coding/ScribeLec/server/output/CS 243/lectures/07L2-Visi
on/figures/9.1.png, id=309, 838.13126pt x 249.93375pt>
File: /Users/ashoksaravanan/Coding/ScribeLec/server/output/CS 243/lectures/07L2
-Vision/figures/9.1.png Graphic file (type png)
<use /Users/ashoksaravanan/Coding/ScribeLec/server/output/CS 243/lectures/07L2-
Vision/figures/9.1.png>
Package pdftex.def Info: /Users/ashoksaravanan/Coding/ScribeLec/server/output/C
S 243/lectures/07L2-Vision/figures/9.1.png  used on input line 269.
(pdftex.def)             Requested size: 70.46037pt x 21.00954pt.
 [9 </Users/ashoksaravanan/Coding/ScribeLec/server/output/CS 243/lectures/07L2-
Vision/figures/9.1.png (PNG copy)>]
</Users/ashoksaravanan/Coding/ScribeLec/server/output/CS 243/lectures/07L2-Visi
on/figures/10.1.png, id=315, 707.64375pt x 286.06876pt>
File: /Users/ashoksaravanan/Coding/ScribeLec/server/output/CS 243/lectures/07L2
-Vision/figures/10.1.png Graphic file (type png)
<use /Users/ashoksaravanan/Coding/ScribeLec/server/output/CS 243/lectures/07L2-
Vision/figures/10.1.png>
Package pdftex.def Info: /Users/ashoksaravanan/Coding/ScribeLec/server/output/C
S 243/lectures/07L2-Vision/figures/10.1.png  used on input line 289.
(pdftex.def)             Requested size: 70.46037pt x 28.48196pt.
 [10 </Users/ashoksaravanan/Coding/ScribeLec/server/output/CS 243/lectures/07L2
-Vision/figures/10.1.png (PNG copy)>]
</Users/ashoksaravanan/Coding/ScribeLec/server/output/CS 243/lectures/07L2-Visi
on/figures/11.1.png, id=322, 252.945pt x 361.35pt>
File: /Users/ashoksaravanan/Coding/ScribeLec/server/output/CS 243/lectures/07L2
-Vision/figures/11.1.png Graphic file (type png)
<use /Users/ashoksaravanan/Coding/ScribeLec/server/output/CS 243/lectures/07L2-
Vision/figures/11.1.png>
Package pdftex.def Info: /Users/ashoksaravanan/Coding/ScribeLec/server/output/C
S 243/lectures/07L2-Vision/figures/11.1.png  used on input line 314.
(pdftex.def)             Requested size: 70.46037pt x 100.65901pt.
 [11 </Users/ashoksaravanan/Coding/ScribeLec/server/output/CS 243/lectures/07L2
-Vision/figures/11.1.png (PNG copy)>] [12]
</Users/ashoksaravanan/Coding/ScribeLec/server/output/CS 243/lectures/07L2-Visi
on/figures/13.1.png, id=333, 177.66376pt x 314.17375pt>
File: /Users/ashoksaravanan/Coding/ScribeLec/server/output/CS 243/lectures/07L2
-Vision/figures/13.1.png Graphic file (type png)
<use /Users/ashoksaravanan/Coding/ScribeLec/server/output/CS 243/lectures/07L2-
Vision/figures/13.1.png>
Package pdftex.def Info: /Users/ashoksaravanan/Coding/ScribeLec/server/output/C
S 243/lectures/07L2-Vision/figures/13.1.png  used on input line 351.
(pdftex.def)             Requested size: 70.46037pt x 124.60301pt.
</Users/ashoksaravanan/Coding/ScribeLec/server/output/CS 243/lectures/07L2-Visi
on/figures/13.2.png, id=334, 299.1175pt x 341.275pt>
File: /Users/ashoksaravanan/Coding/ScribeLec/server/output/CS 243/lectures/07L2
-Vision/figures/13.2.png Graphic file (type png)
<use /Users/ashoksaravanan/Coding/ScribeLec/server/output/CS 243/lectures/07L2-
Vision/figures/13.2.png>
Package pdftex.def Info: /Users/ashoksaravanan/Coding/ScribeLec/server/output/C
S 243/lectures/07L2-Vision/figures/13.2.png  used on input line 357.
(pdftex.def)             Requested size: 70.46037pt x 80.3923pt.
 [13 </Users/ashoksaravanan/Coding/ScribeLec/server/output/CS 243/lectures/07L2
-Vision/figures/13.1.png (PNG copy)> </Users/ashoksaravanan/Coding/ScribeLec/se
rver/output/CS 243/lectures/07L2-Vision/figures/13.2.png (PNG copy)>]
</Users/ashoksaravanan/Coding/ScribeLec/server/output/CS 243/lectures/07L2-Visi
on/figures/14.1.png, id=341, 597.23125pt x 455.7025pt>
File: /Users/ashoksaravanan/Coding/ScribeLec/server/output/CS 243/lectures/07L2
-Vision/figures/14.1.png Graphic file (type png)
<use /Users/ashoksaravanan/Coding/ScribeLec/server/output/CS 243/lectures/07L2-
Vision/figures/14.1.png>
Package pdftex.def Info: /Users/ashoksaravanan/Coding/ScribeLec/server/output/C
S 243/lectures/07L2-Vision/figures/14.1.png  used on input line 377.
(pdftex.def)             Requested size: 70.46037pt x 53.75713pt.

[14 </Users/ashoksaravanan/Coding/ScribeLec/server/output/CS 243/lectures/07L2-
Vision/figures/14.1.png (PNG copy)>]
</Users/ashoksaravanan/Coding/ScribeLec/server/output/CS 243/lectures/07L2-Visi
on/figures/15.1.png, id=347, 663.47874pt x 208.78pt>
File: /Users/ashoksaravanan/Coding/ScribeLec/server/output/CS 243/lectures/07L2
-Vision/figures/15.1.png Graphic file (type png)
<use /Users/ashoksaravanan/Coding/ScribeLec/server/output/CS 243/lectures/07L2-
Vision/figures/15.1.png>
Package pdftex.def Info: /Users/ashoksaravanan/Coding/ScribeLec/server/output/C
S 243/lectures/07L2-Vision/figures/15.1.png  used on input line 397.
(pdftex.def)             Requested size: 70.46037pt x 22.16943pt.
</Users/ashoksaravanan/Coding/ScribeLec/server/output/CS 243/lectures/07L2-Visi
on/figures/15.2.png, id=348, 663.47874pt x 207.77625pt>
File: /Users/ashoksaravanan/Coding/ScribeLec/server/output/CS 243/lectures/07L2
-Vision/figures/15.2.png Graphic file (type png)
<use /Users/ashoksaravanan/Coding/ScribeLec/server/output/CS 243/lectures/07L2-
Vision/figures/15.2.png>
Package pdftex.def Info: /Users/ashoksaravanan/Coding/ScribeLec/server/output/C
S 243/lectures/07L2-Vision/figures/15.2.png  used on input line 403.
(pdftex.def)             Requested size: 70.46037pt x 22.06285pt.
 [15 </Users/ashoksaravanan/Coding/ScribeLec/server/output/CS 243/lectures/07L2
-Vision/figures/15.1.png (PNG copy)> </Users/ashoksaravanan/Coding/ScribeLec/se
rver/output/CS 243/lectures/07L2-Vision/figures/15.2.png (PNG copy)>]
</Users/ashoksaravanan/Coding/ScribeLec/server/output/CS 243/lectures/07L2-Visi
on/figures/16.1.png, id=354, 268.00125pt x 365.365pt>
File: /Users/ashoksaravanan/Coding/ScribeLec/server/output/CS 243/lectures/07L2
-Vision/figures/16.1.png Graphic file (type png)
<use /Users/ashoksaravanan/Coding/ScribeLec/server/output/CS 243/lectures/07L2-
Vision/figures/16.1.png>
Package pdftex.def Info: /Users/ashoksaravanan/Coding/ScribeLec/server/output/C
S 243/lectures/07L2-Vision/figures/16.1.png  used on input line 425.
(pdftex.def)             Requested size: 70.46037pt x 96.05748pt.
</Users/ashoksaravanan/Coding/ScribeLec/server/output/CS 243/lectures/07L2-Visi
on/figures/16.10.png, id=355, 44.165pt x 96.36pt>
File: /Users/ashoksaravanan/Coding/ScribeLec/server/output/CS 243/lectures/07L2
-Vision/figures/16.10.png Graphic file (type png)
<use /Users/ashoksaravanan/Coding/ScribeLec/server/output/CS 243/lectures/07L2-
Vision/figures/16.10.png>
Package pdftex.def Info: /Users/ashoksaravanan/Coding/ScribeLec/server/output/C
S 243/lectures/07L2-Vision/figures/16.10.png  used on input line 431.
(pdftex.def)             Requested size: 70.46037pt x 153.7336pt.
</Users/ashoksaravanan/Coding/ScribeLec/server/output/CS 243/lectures/07L2-Visi
on/figures/16.11.png, id=356, 44.165pt x 96.36pt>
File: /Users/ashoksaravanan/Coding/ScribeLec/server/output/CS 243/lectures/07L2
-Vision/figures/16.11.png Graphic file (type png)
<use /Users/ashoksaravanan/Coding/ScribeLec/server/output/CS 243/lectures/07L2-
Vision/figures/16.11.png>
Package pdftex.def Info: /Users/ashoksaravanan/Coding/ScribeLec/server/output/C
S 243/lectures/07L2-Vision/figures/16.11.png  used on input line 437.
(pdftex.def)             Requested size: 70.46037pt x 153.7336pt.
</Users/ashoksaravanan/Coding/ScribeLec/server/output/CS 243/lectures/07L2-Visi
on/figures/16.12.png, id=357, 44.165pt x 96.36pt>
File: /Users/ashoksaravanan/Coding/ScribeLec/server/output/CS 243/lectures/07L2
-Vision/figures/16.12.png Graphic file (type png)
<use /Users/ashoksaravanan/Coding/ScribeLec/server/output/CS 243/lectures/07L2-
Vision/figures/16.12.png>
Package pdftex.def Info: /Users/ashoksaravanan/Coding/ScribeLec/server/output/C
S 243/lectures/07L2-Vision/figures/16.12.png  used on input line 443.
(pdftex.def)             Requested size: 70.46037pt x 153.7336pt.
</Users/ashoksaravanan/Coding/ScribeLec/server/output/CS 243/lectures/07L2-Visi
on/figures/16.13.png, id=358, 46.1725pt x 58.2175pt>
File: /Users/ashoksaravanan/Coding/ScribeLec/server/output/CS 243/lectures/07L2
-Vision/figures/16.13.png Graphic file (type png)
<use /Users/ashoksaravanan/Coding/ScribeLec/server/output/CS 243/lectures/07L2-
Vision/figures/16.13.png>
Package pdftex.def Info: /Users/ashoksaravanan/Coding/ScribeLec/server/output/C
S 243/lectures/07L2-Vision/figures/16.13.png  used on input line 449.
(pdftex.def)             Requested size: 70.46037pt x 88.84149pt.
 [16 </Users/ashoksaravanan/Coding/ScribeLec/server/output/CS 243/lectures/07L2
-Vision/figures/16.1.png (PNG copy)> </Users/ashoksaravanan/Coding/ScribeLec/se
rver/output/CS 243/lectures/07L2-Vision/figures/16.10.png (PNG copy)> </Users/a
shoksaravanan/Coding/ScribeLec/server/output/CS 243/lectures/07L2-Vision/figure
s/16.11.png (PNG copy)> </Users/ashoksaravanan/Coding/ScribeLec/server/output/C
S 243/lectures/07L2-Vision/figures/16.12.png (PNG copy)> </Users/ashoksaravanan
/Coding/ScribeLec/server/output/CS 243/lectures/07L2-Vision/figures/16.13.png (
PNG copy)>]
</Users/ashoksaravanan/Coding/ScribeLec/server/output/CS 243/lectures/07L2-Visi
on/figures/17.1.png, id=368, 529.98pt x 361.35pt>
File: /Users/ashoksaravanan/Coding/ScribeLec/server/output/CS 243/lectures/07L2
-Vision/figures/17.1.png Graphic file (type png)
<use /Users/ashoksaravanan/Coding/ScribeLec/server/output/CS 243/lectures/07L2-
Vision/figures/17.1.png>
Package pdftex.def Info: /Users/ashoksaravanan/Coding/ScribeLec/server/output/C
S 243/lectures/07L2-Vision/figures/17.1.png  used on input line 469.
(pdftex.def)             Requested size: 70.46037pt x 48.04129pt.
 [17 </Users/ashoksaravanan/Coding/ScribeLec/server/output/CS 243/lectures/07L2
-Vision/figures/17.1.png (PNG copy)>]

/Users/ashoksaravanan/Coding/ScribeLec/server/output/CS 243/lectures/07L2-Visio
n/notes.tex:486: LaTeX Error: Environment tikzpicture undefined.

See the LaTeX manual or LaTeX Companion for explanation.
Type  H <return>  for immediate help.
 ...                                              
                                                  
l.486 \begin{tikzpicture}
                         
Your command was ignored.
Type  I <command> <return>  to replace it with another command,
or  <return>  to continue without it.

/Users/ashoksaravanan/Coding/ScribeLec/server/output/CS 243/lectures/07L2-Visio
n/notes.tex:488: Undefined control sequence.
l.488   \foreach
                 \i in {1,2,3} {
The control sequence at the end of the top line
of your error message was never \def'ed. If you have
misspelled it (e.g., `\hobx'), type `I' and the correct
spelling (e.g., `I\hbox'). Otherwise just continue,
and I'll forget about whatever was undefined.


/Users/ashoksaravanan/Coding/ScribeLec/server/output/CS 243/lectures/07L2-Visio
n/notes.tex:489: LaTeX Error: Environment axis undefined.

See the LaTeX manual or LaTeX Companion for explanation.
Type  H <return>  for immediate help.
 ...                                              
                                                  
l.489     \begin{axis}
                      [
Your command was ignored.
Type  I <command> <return>  to replace it with another command,
or  <return>  to continue without it.

/Users/ashoksaravanan/Coding/ScribeLec/server/output/CS 243/lectures/07L2-Visio
n/notes.tex:501: Undefined control sequence.
l.501     \addplot
                  +[ybar, fill=teal!60] coordinates {(1, 2) (2, 5) (3, 3) (4...
The control sequence at the end of the top line
of your error message was never \def'ed. If you have
misspelled it (e.g., `\hobx'), type `I' and the correct
spelling (e.g., `I\hbox'). Otherwise just continue,
and I'll forget about whatever was undefined.


/Users/ashoksaravanan/Coding/ScribeLec/server/output/CS 243/lectures/07L2-Visio
n/notes.tex:502: LaTeX Error: \begin{document} ended by \end{axis}.

See the LaTeX manual or LaTeX Companion for explanation.
Type  H <return>  for immediate help.
 ...                                              
                                                  
l.502     \end{axis}
                    
Your command was ignored.
Type  I <command> <return>  to replace it with another command,
or  <return>  to continue without it.

/Users/ashoksaravanan/Coding/ScribeLec/server/output/CS 243/lectures/07L2-Visio
n/notes.tex:504: Undefined control sequence.
l.504   \node
             [below=0.5cm of axis cs:5,5] {$\dots$};
The control sequence at the end of the top line
of your error message was never \def'ed. If you have
misspelled it (e.g., `\hobx'), type `I' and the correct
spelling (e.g., `I\hbox'). Otherwise just continue,
and I'll forget about whatever was undefined.


/Users/ashoksaravanan/Coding/ScribeLec/server/output/CS 243/lectures/07L2-Visio
n/notes.tex:505: LaTeX Error: Environment axis undefined.

See the LaTeX manual or LaTeX Companion for explanation.
Type  H <return>  for immediate help.
 ...                                              
                                                  
l.505   \begin{axis}
                    [
Your command was ignored.
Type  I <command> <return>  to replace it with another command,
or  <return>  to continue without it.

/Users/ashoksaravanan/Coding/ScribeLec/server/output/CS 243/lectures/07L2-Visio
n/notes.tex:517: Undefined control sequence.
l.517     \addplot
                  +[ybar, fill=magenta!60] coordinates {(1, 2) (2, 1) (3, 8)...
The control sequence at the end of the top line
of your error message was never \def'ed. If you have
misspelled it (e.g., `\hobx'), type `I' and the correct
spelling (e.g., `I\hbox'). Otherwise just continue,
and I'll forget about whatever was undefined.


/Users/ashoksaravanan/Coding/ScribeLec/server/output/CS 243/lectures/07L2-Visio
n/notes.tex:518: LaTeX Error: \begin{document} ended by \end{axis}.

See the LaTeX manual or LaTeX Companion for explanation.
Type  H <return>  for immediate help.
 ...                                              
                                                  
l.518     \end{axis}
                    
Your command was ignored.
Type  I <command> <return>  to replace it with another command,
or  <return>  to continue without it.

/Users/ashoksaravanan/Coding/ScribeLec/server/output/CS 243/lectures/07L2-Visio
n/notes.tex:519: Extra }, or forgotten \endgroup.
l.519   }
         
I've deleted a group-closing symbol because it seems to be
spurious, as in `$x}$'. But perhaps the } is legitimate and
you forgot something else, as in `\hbox{$x}'. In such cases
the way to recover is to insert both the forgotten and the
deleted material, e.g., by typing `I$}'.


/Users/ashoksaravanan/Coding/ScribeLec/server/output/CS 243/lectures/07L2-Visio
n/notes.tex:522: LaTeX Error: Environment axis undefined.

See the LaTeX manual or LaTeX Companion for explanation.
Type  H <return>  for immediate help.
 ...                                              
                                                  
l.522   \begin{axis}
                    [
Your command was ignored.
Type  I <command> <return>  to replace it with another command,
or  <return>  to continue without it.

/Users/ashoksaravanan/Coding/ScribeLec/server/output/CS 243/lectures/07L2-Visio
n/notes.tex:534: Undefined control sequence.
l.534   \addplot
                3[only marks, mark=*, mark size=3pt, blue] coordinates {(1, ...
The control sequence at the end of the top line
of your error message was never \def'ed. If you have
misspelled it (e.g., `\hobx'), type `I' and the correct
spelling (e.g., `I\hbox'). Otherwise just continue,
and I'll forget about whatever was undefined.

/Users/ashoksaravanan/Coding/ScribeLec/server/output/CS 243/lectures/07L2-Visio
n/notes.tex:535: Undefined control sequence.
l.535   \addplot
                3[only marks, mark=*, mark size=3pt, magenta] coordinates {(...
The control sequence at the end of the top line
of your error message was never \def'ed. If you have
misspelled it (e.g., `\hobx'), type `I' and the correct
spelling (e.g., `I\hbox'). Otherwise just continue,
and I'll forget about whatever was undefined.


/Users/ashoksaravanan/Coding/ScribeLec/server/output/CS 243/lectures/07L2-Visio
n/notes.tex:536: LaTeX Error: \begin{document} ended by \end{axis}.

See the LaTeX manual or LaTeX Companion for explanation.
Type  H <return>  for immediate help.
 ...                                              
                                                  
l.536   \end{axis}
                  
Your command was ignored.
Type  I <command> <return>  to replace it with another command,
or  <return>  to continue without it.


/Users/ashoksaravanan/Coding/ScribeLec/server/output/CS 243/lectures/07L2-Visio
n/notes.tex:537: LaTeX Error: \begin{document} ended by \end{tikzpicture}.

See the LaTeX manual or LaTeX Companion for explanation.
Type  H <return>  for immediate help.
 ...                                              
                                                  
l.537 \end{tikzpicture}
                       
Your command was ignored.
Type  I <command> <return>  to replace it with another command,
or  <return>  to continue without it.

</Users/ashoksaravanan/Coding/ScribeLec/server/output/CS 243/lectures/07L2-Visi
on/figures/18.1.png, id=378, 497.86pt x 319.1925pt>
File: /Users/ashoksaravanan/Coding/ScribeLec/server/output/CS 243/lectures/07L2
-Vision/figures/18.1.png Graphic file (type png)
<use /Users/ashoksaravanan/Coding/ScribeLec/server/output/CS 243/lectures/07L2-
Vision/figures/18.1.png>
Package pdftex.def Info: /Users/ashoksaravanan/Coding/ScribeLec/server/output/C
S 243/lectures/07L2-Vision/figures/18.1.png  used on input line 548.
(pdftex.def)             Requested size: 70.46037pt x 45.17369pt.
[18 </Users/ashoksaravanan/Coding/ScribeLec/server/output/CS 243/lectures/07L2-
Vision/figures/18.1.png (PNG copy)>]
/Users/ashoksaravanan/Coding/ScribeLec/server/output/CS 243/lectures/07L2-Visio
n/notes.tex:560: You can't use `macro parameter character #' in horizontal mode
.
l.560 ... The features are explicitly listed as "#
                                                  eyes" and "Mouth below eye...
Sorry, but I'm not programmed to handle this case;
I'll just pretend that you didn't ask for it.
If you're in the wrong mode, you might be able to
return to the right one by typing `I}' or `I$' or `I\par'.

</Users/ashoksaravanan/Coding/ScribeLec/server/output/CS 243/lectures/07L2-Visi
on/figures/19.1.png, id=388, 177.66376pt x 315.1775pt>
File: /Users/ashoksaravanan/Coding/ScribeLec/server/output/CS 243/lectures/07L2
-Vision/figures/19.1.png Graphic file (type png)
<use /Users/ashoksaravanan/Coding/ScribeLec/server/output/CS 243/lectures/07L2-
Vision/figures/19.1.png>
Package pdftex.def Info: /Users/ashoksaravanan/Coding/ScribeLec/server/output/C
S 243/lectures/07L2-Vision/figures/19.1.png  used on input line 566.
(pdftex.def)             Requested size: 70.46037pt x 125.00111pt.
[19 </Users/ashoksaravanan/Coding/ScribeLec/server/output/CS 243/lectures/07L2-
Vision/figures/19.1.png (PNG copy)>]
/Users/ashoksaravanan/Coding/ScribeLec/server/output/CS 243/lectures/07L2-Visio
n/notes.tex:578: Misplaced alignment tab character &.
l.578 ...om text documents.  The authors, Salton &
                                                   McGill (1983), are likely...
I can't figure out why you would want to use a tab mark
here. If you just want an ampersand, the remedy is
simple: Just type `I\&' now. But if some right brace
up above has ended a previous alignment prematurely,
you're probably due for more error messages, and you
might try typing `S' now just to see what is salvageable.

</Users/ashoksaravanan/Coding/ScribeLec/server/output/CS 243/lectures/07L2-Visi
on/figures/20.1.png, id=399, 563.10374pt x 215.80624pt>
File: /Users/ashoksaravanan/Coding/ScribeLec/server/output/CS 243/lectures/07L2
-Vision/figures/20.1.png Graphic file (type png)
<use /Users/ashoksaravanan/Coding/ScribeLec/server/output/CS 243/lectures/07L2-
Vision/figures/20.1.png>
Package pdftex.def Info: /Users/ashoksaravanan/Coding/ScribeLec/server/output/C
S 243/lectures/07L2-Vision/figures/20.1.png  used on input line 584.
(pdftex.def)             Requested size: 70.46037pt x 27.00204pt.
</Users/ashoksaravanan/Coding/ScribeLec/server/output/CS 243/lectures/07L2-Visi
on/figures/20.2.png, id=400, 571.13374pt x 216.81pt>
File: /Users/ashoksaravanan/Coding/ScribeLec/server/output/CS 243/lectures/07L2
-Vision/figures/20.2.png Graphic file (type png)
<use /Users/ashoksaravanan/Coding/ScribeLec/server/output/CS 243/lectures/07L2-
Vision/figures/20.2.png>
Package pdftex.def Info: /Users/ashoksaravanan/Coding/ScribeLec/server/output/C
S 243/lectures/07L2-Vision/figures/20.2.png  used on input line 590.
(pdftex.def)             Requested size: 70.46037pt x 26.7472pt.
</Users/ashoksaravanan/Coding/ScribeLec/server/output/CS 243/lectures/07L2-Visi
on/figures/20.3.png, id=401, 565.11125pt x 208.78pt>
File: /Users/ashoksaravanan/Coding/ScribeLec/server/output/CS 243/lectures/07L2
-Vision/figures/20.3.png Graphic file (type png)
<use /Users/ashoksaravanan/Coding/ScribeLec/server/output/CS 243/lectures/07L2-
Vision/figures/20.3.png>
Package pdftex.def Info: /Users/ashoksaravanan/Coding/ScribeLec/server/output/C
S 243/lectures/07L2-Vision/figures/20.3.png  used on input line 596.
(pdftex.def)             Requested size: 70.46037pt x 26.03053pt.
[20 </Users/ashoksaravanan/Coding/ScribeLec/server/output/CS 243/lectures/07L2-
Vision/figures/20.1.png (PNG copy)> </Users/ashoksaravanan/Coding/ScribeLec/ser
ver/output/CS 243/lectures/07L2-Vision/figures/20.2.png (PNG copy)> </Users/ash
oksaravanan/Coding/ScribeLec/server/output/CS 243/lectures/07L2-Vision/figures/
20.3.png (PNG copy)>]
LaTeX Font Info:    Trying to load font information for TS1+lmr on input line 6
11.

(/usr/local/texlive/2024/texmf-dist/tex/latex/lm/ts1lmr.fd
File: ts1lmr.fd 2015/05/01 v1.6.1 Font defs for Latin Modern
) [21{/usr/local/texlive/2024/texmf-dist/fonts/enc/dvips/lm/lm-ts1.enc}]

/Users/ashoksaravanan/Coding/ScribeLec/server/output/CS 243/lectures/07L2-Visio
n/notes.tex:639: LaTeX Error: Environment tikzpicture undefined.

See the LaTeX manual or LaTeX Companion for explanation.
Type  H <return>  for immediate help.
 ...                                              
                                                  
l.639 \begin{tikzpicture}
                         
Your command was ignored.
Type  I <command> <return>  to replace it with another command,
or  <return>  to continue without it.

/Users/ashoksaravanan/Coding/ScribeLec/server/output/CS 243/lectures/07L2-Visio
n/notes.tex:640: Undefined control sequence.
l.640 \node
           [draw, fill=green!20, rounded corners] (object) at (0, 3) {Object};
The control sequence at the end of the top line
of your error message was never \def'ed. If you have
misspelled it (e.g., `\hobx'), type `I' and the correct
spelling (e.g., `I\hbox'). Otherwise just continue,
and I'll forget about whatever was undefined.

/Users/ashoksaravanan/Coding/ScribeLec/server/output/CS 243/lectures/07L2-Visio
n/notes.tex:641: Undefined control sequence.
l.641 \node
           [draw, rectangle, minimum width=2cm, minimum height=0.5cm] (featu...
The control sequence at the end of the top line
of your error message was never \def'ed. If you have
misspelled it (e.g., `\hobx'), type `I' and the correct
spelling (e.g., `I\hbox'). Otherwise just continue,
and I'll forget about whatever was undefined.

/Users/ashoksaravanan/Coding/ScribeLec/server/output/CS 243/lectures/07L2-Visio
n/notes.tex:641: Missing $ inserted.
<inserted text> 
                $
l.641 ...idth=2cm, minimum height=0.5cm] (feature_
                                                  vector) at (3, 2.5) {Featu...
I've inserted a begin-math/end-math symbol since I think
you left one out. Proceed, with fingers crossed.

/Users/ashoksaravanan/Coding/ScribeLec/server/output/CS 243/lectures/07L2-Visio
n/notes.tex:641: Missing } inserted.
<inserted text> 
                }
l.641 ...ure_vector) at (3, 2.5) {Feature vector $
                                                  f$};
I've inserted something that you may have forgotten.
(See the <inserted text> above.)
With luck, this will get me unwedged. But if you
really didn't forget anything, try typing `2' now; then
my insertion and my current dilemma will both disappear.

/Users/ashoksaravanan/Coding/ScribeLec/server/output/CS 243/lectures/07L2-Visio
n/notes.tex:641: Extra }, or forgotten $.
<recently read> }
                 
l.641 ..._vector) at (3, 2.5) {Feature vector $f$}
                                                  ;
I've deleted a group-closing symbol because it seems to be
spurious, as in `$x}$'. But perhaps the } is legitimate and
you forgot something else, as in `\hbox{$x}'. In such cases
the way to recover is to insert both the forgotten and the
deleted material, e.g., by typing `I$}'.

/Users/ashoksaravanan/Coding/ScribeLec/server/output/CS 243/lectures/07L2-Visio
n/notes.tex:642: Undefined control sequence.
l.642 \draw
           [->, blue] (object) -- (feature_vector);
The control sequence at the end of the top line
of your error message was never \def'ed. If you have
misspelled it (e.g., `\hobx'), type `I' and the correct
spelling (e.g., `I\hbox'). Otherwise just continue,
and I'll forget about whatever was undefined.

/Users/ashoksaravanan/Coding/ScribeLec/server/output/CS 243/lectures/07L2-Visio
n/notes.tex:643: Undefined control sequence.
l.643 \draw
           [->] (feature_vector) -- node[below] {\#eyes} (feature_vector -| ...
The control sequence at the end of the top line
of your error message was never \def'ed. If you have
misspelled it (e.g., `\hobx'), type `I' and the correct
spelling (e.g., `I\hbox'). Otherwise just continue,
and I'll forget about whatever was undefined.

/Users/ashoksaravanan/Coding/ScribeLec/server/output/CS 243/lectures/07L2-Visio
n/notes.tex:644: Undefined control sequence.
l.644 \draw
           [->] (feature_vector) -- node[below] {Mouth below eyes} (feature_...
The control sequence at the end of the top line
of your error message was never \def'ed. If you have
misspelled it (e.g., `\hobx'), type `I' and the correct
spelling (e.g., `I\hbox'). Otherwise just continue,
and I'll forget about whatever was undefined.

/Users/ashoksaravanan/Coding/ScribeLec/server/output/CS 243/lectures/07L2-Visio
n/notes.tex:645: Undefined control sequence.
l.645 \draw
           [->] (feature_vector) -- node[below] {$\dots$} (feature_vector -|...
The control sequence at the end of the top line
of your error message was never \def'ed. If you have
misspelled it (e.g., `\hobx'), type `I' and the correct
spelling (e.g., `I\hbox'). Otherwise just continue,
and I'll forget about whatever was undefined.

/Users/ashoksaravanan/Coding/ScribeLec/server/output/CS 243/lectures/07L2-Visio
n/notes.tex:645: Missing } inserted.
<inserted text> 
                }
l.645 \draw[->] (feature_vector) -- node[below] {$
                                                  \dots$} (feature_vector -|...
I've inserted something that you may have forgotten.
(See the <inserted text> above.)
With luck, this will get me unwedged. But if you
really didn't forget anything, try typing `2' now; then
my insertion and my current dilemma will both disappear.

/Users/ashoksaravanan/Coding/ScribeLec/server/output/CS 243/lectures/07L2-Visio
n/notes.tex:645: Extra }, or forgotten $.
<recently read> }
                 
l.645 ...(feature_vector) -- node[below] {$\dots$}
                                                   (feature_vector -| 6, 1.5);
I've deleted a group-closing symbol because it seems to be
spurious, as in `$x}$'. But perhaps the } is legitimate and
you forgot something else, as in `\hbox{$x}'. In such cases
the way to recover is to insert both the forgotten and the
deleted material, e.g., by typing `I$}'.

/Users/ashoksaravanan/Coding/ScribeLec/server/output/CS 243/lectures/07L2-Visio
n/notes.tex:646: Undefined control sequence.
l.646 \node
           [below of=feature_vector, yshift=-1cm] (logistic_regression) {Fit...
The control sequence at the end of the top line
of your error message was never \def'ed. If you have
misspelled it (e.g., `\hobx'), type `I' and the correct
spelling (e.g., `I\hbox'). Otherwise just continue,
and I'll forget about whatever was undefined.

/Users/ashoksaravanan/Coding/ScribeLec/server/output/CS 243/lectures/07L2-Visio
n/notes.tex:647: Undefined control sequence.
l.647 \draw
           [->] (feature_vector) -- (logistic_regression);
The control sequence at the end of the top line
of your error message was never \def'ed. If you have
misspelled it (e.g., `\hobx'), type `I' and the correct
spelling (e.g., `I\hbox'). Otherwise just continue,
and I'll forget about whatever was undefined.

/Users/ashoksaravanan/Coding/ScribeLec/server/output/CS 243/lectures/07L2-Visio
n/notes.tex:648: Undefined control sequence.
l.648 \node
           [below of=logistic_regression, yshift=-0.5cm] (prediction) {predi...
The control sequence at the end of the top line
of your error message was never \def'ed. If you have
misspelled it (e.g., `\hobx'), type `I' and the correct
spelling (e.g., `I\hbox'). Otherwise just continue,
and I'll forget about whatever was undefined.

/Users/ashoksaravanan/Coding/ScribeLec/server/output/CS 243/lectures/07L2-Visio
n/notes.tex:648: Missing } inserted.
<inserted text> 
                }
l.648 ...-0.5cm] (prediction) {prediction = sign($
                                                  w \cdot f$)};
I've inserted something that you may have forgotten.
(See the <inserted text> above.)
With luck, this will get me unwedged. But if you
really didn't forget anything, try typing `2' now; then
my insertion and my current dilemma will both disappear.

/Users/ashoksaravanan/Coding/ScribeLec/server/output/CS 243/lectures/07L2-Visio
n/notes.tex:648: Missing $ inserted.
<inserted text> 
                $
l.648 ... (prediction) {prediction = sign($w \cdot
                                                   f$)};
I've inserted a begin-math/end-math symbol since I think
you left one out. Proceed, with fingers crossed.

/Users/ashoksaravanan/Coding/ScribeLec/server/output/CS 243/lectures/07L2-Visio
n/notes.tex:648: Extra }, or forgotten \endgroup.
l.648 ...diction) {prediction = sign($w \cdot f$)}
                                                  ;
I've deleted a group-closing symbol because it seems to be
spurious, as in `$x}$'. But perhaps the } is legitimate and
you forgot something else, as in `\hbox{$x}'. In such cases
the way to recover is to insert both the forgotten and the
deleted material, e.g., by typing `I$}'.


/Users/ashoksaravanan/Coding/ScribeLec/server/output/CS 243/lectures/07L2-Visio
n/notes.tex:649: LaTeX Error: \begin{document} ended by \end{tikzpicture}.

See the LaTeX manual or LaTeX Companion for explanation.
Type  H <return>  for immediate help.
 ...                                              
                                                  
l.649 \end{tikzpicture}
                       
Your command was ignored.
Type  I <command> <return>  to replace it with another command,
or  <return>  to continue without it.


Overfull \hbox (5.63272pt too wide) in paragraph at lines 640--651
\T1/lmr/m/n/10 min-i-mum height=0.5cm] (feature$[]\OML/lmm/m/it/10 ector\OT1/lm
r/m/n/10 )\OML/lmm/m/it/10 at\OT1/lmr/m/n/10 (3\OML/lmm/m/it/10 ; \OT1/lmr/m/n/
10 2\OML/lmm/m/it/10 :\OT1/lmr/m/n/10 5)[]$\T1/lmr/m/n/10 f$\OT1/lmr/m/n/10 ; [
\OMS/lmsy/m/n/10   \OML/lmm/m/it/10 >; blue\OT1/lmr/m/n/10 ](\OML/lmm/m/it/10 o
bject\OT1/lmr/m/n/10 ) \OMS/lmsy/m/n/10    \OT1/lmr/m/n/10 (\OML/lmm/m/it/10 fe
ature[]ector\OT1/lmr/m/n/10 ); [\OMS/lmsy/m/n/10   \OML/lmm/m/it/10 >
 []


Overfull \hbox (110.4464pt too wide) in paragraph at lines 640--651
\OT1/lmr/m/n/10 ](\OML/lmm/m/it/10 feature[]ector\OT1/lmr/m/n/10 ) \OMS/lmsy/m/
n/10    \OML/lmm/m/it/10 node\OT1/lmr/m/n/10 [\OML/lmm/m/it/10 below\OT1/lmr/m/
n/10 ][](\OML/lmm/m/it/10 feature[]ector \OMS/lmsy/m/n/10   j\OT1/lmr/m/n/10 4\
OML/lmm/m/it/10 ; \OT1/lmr/m/n/10 1\OML/lmm/m/it/10 :\OT1/lmr/m/n/10 5); [\OMS/
lmsy/m/n/10   \OML/lmm/m/it/10 >\OT1/lmr/m/n/10 ](\OML/lmm/m/it/10 feature[]ect
or\OT1/lmr/m/n/10 ) \OMS/lmsy/m/n/10    \OML/lmm/m/it/10 node\OT1/lmr/m/n/10 [\
OML/lmm/m/it/10 below\OT1/lmr/m/n/10 ][](\OML/lmm/m/it/10 feature[]ector \OMS/l
msy/m/n/10  
 []


Overfull \hbox (22.81978pt too wide) in paragraph at lines 640--651
\OMS/lmsy/m/n/10  \OT1/lmr/m/n/10 1\OML/lmm/m/it/10 cm\OT1/lmr/m/n/10 ](\OML/lm
m/m/it/10 logistic[]egression\OT1/lmr/m/n/10 )[]; [\OMS/lmsy/m/n/10   \OML/lmm/
m/it/10 >\OT1/lmr/m/n/10 ](\OML/lmm/m/it/10 feature[]ector\OT1/lmr/m/n/10 ) \OM
S/lmsy/m/n/10    \OT1/lmr/m/n/10 (\OML/lmm/m/it/10 logistic[]egression\OT1/lmr/
m/n/10 ); [\OML/lmm/m/it/10 belowof \OT1/lmr/m/n/10 =
 []

/Users/ashoksaravanan/Coding/ScribeLec/server/output/CS 243/lectures/07L2-Visio
n/notes.tex:652: You can't use `macro parameter character #' in horizontal mode
.
l.652 ... The features are explicitly listed as "#
                                                  eyes" and "Mouth below eye...
Sorry, but I'm not programmed to handle this case;
I'll just pretend that you didn't ask for it.
If you're in the wrong mode, you might be able to
return to the right one by typing `I}' or `I$' or `I\par'.

</Users/ashoksaravanan/Coding/ScribeLec/server/output/CS 243/lectures/07L2-Visi
on/figures/22.1.png, id=421, 177.66376pt x 315.1775pt>
File: /Users/ashoksaravanan/Coding/ScribeLec/server/output/CS 243/lectures/07L2
-Vision/figures/22.1.png Graphic file (type png)
<use /Users/ashoksaravanan/Coding/ScribeLec/server/output/CS 243/lectures/07L2-
Vision/figures/22.1.png>
Package pdftex.def Info: /Users/ashoksaravanan/Coding/ScribeLec/server/output/C
S 243/lectures/07L2-Vision/figures/22.1.png  used on input line 658.
(pdftex.def)             Requested size: 70.46037pt x 125.00111pt.
[22 </Users/ashoksaravanan/Coding/ScribeLec/server/output/CS 243/lectures/07L2-
Vision/figures/22.1.png (PNG copy)>]
</Users/ashoksaravanan/Coding/ScribeLec/server/output/CS 243/lectures/07L2-Visi
on/figures/23.1.png, id=431, 389.455pt x 243.91125pt>
File: /Users/ashoksaravanan/Coding/ScribeLec/server/output/CS 243/lectures/07L2
-Vision/figures/23.1.png Graphic file (type png)
<use /Users/ashoksaravanan/Coding/ScribeLec/server/output/CS 243/lectures/07L2-
Vision/figures/23.1.png>
Package pdftex.def Info: /Users/ashoksaravanan/Coding/ScribeLec/server/output/C
S 243/lectures/07L2-Vision/figures/23.1.png  used on input line 682.
(pdftex.def)             Requested size: 70.46037pt x 44.12543pt.
 [23 </Users/ashoksaravanan/Coding/ScribeLec/server/output/CS 243/lectures/07L2
-Vision/figures/23.1.png (PNG copy)>]
</Users/ashoksaravanan/Coding/ScribeLec/server/output/CS 243/lectures/07L2-Visi
on/figures/24.1.png, id=442, 363.3575pt x 496.85625pt>
File: /Users/ashoksaravanan/Coding/ScribeLec/server/output/CS 243/lectures/07L2
-Vision/figures/24.1.png Graphic file (type png)
<use /Users/ashoksaravanan/Coding/ScribeLec/server/output/CS 243/lectures/07L2-
Vision/figures/24.1.png>
Package pdftex.def Info: /Users/ashoksaravanan/Coding/ScribeLec/server/output/C
S 243/lectures/07L2-Vision/figures/24.1.png  used on input line 700.
(pdftex.def)             Requested size: 70.46037pt x 96.3445pt.
</Users/ashoksaravanan/Coding/ScribeLec/server/output/CS 243/lectures/07L2-Visi
on/figures/24.10.png, id=443, 143.53625pt x 85.31876pt>
File: /Users/ashoksaravanan/Coding/ScribeLec/server/output/CS 243/lectures/07L2
-Vision/figures/24.10.png Graphic file (type png)
<use /Users/ashoksaravanan/Coding/ScribeLec/server/output/CS 243/lectures/07L2-
Vision/figures/24.10.png>
Package pdftex.def Info: /Users/ashoksaravanan/Coding/ScribeLec/server/output/C
S 243/lectures/07L2-Vision/figures/24.10.png  used on input line 706.
(pdftex.def)             Requested size: 70.46037pt x 41.88335pt.
</Users/ashoksaravanan/Coding/ScribeLec/server/output/CS 243/lectures/07L2-Visi
on/figures/24.11.png, id=444, 169.63374pt x 101.37875pt>
File: /Users/ashoksaravanan/Coding/ScribeLec/server/output/CS 243/lectures/07L2
-Vision/figures/24.11.png Graphic file (type png)
<use /Users/ashoksaravanan/Coding/ScribeLec/server/output/CS 243/lectures/07L2-
Vision/figures/24.11.png>
Package pdftex.def Info: /Users/ashoksaravanan/Coding/ScribeLec/server/output/C
S 243/lectures/07L2-Vision/figures/24.11.png  used on input line 712.
(pdftex.def)             Requested size: 70.46037pt x 42.1085pt.
</Users/ashoksaravanan/Coding/ScribeLec/server/output/CS 243/lectures/07L2-Visi
on/figures/24.12.png, id=445, 77.28876pt x 183.68625pt>
File: /Users/ashoksaravanan/Coding/ScribeLec/server/output/CS 243/lectures/07L2
-Vision/figures/24.12.png Graphic file (type png)
<use /Users/ashoksaravanan/Coding/ScribeLec/server/output/CS 243/lectures/07L2-
Vision/figures/24.12.png>
Package pdftex.def Info: /Users/ashoksaravanan/Coding/ScribeLec/server/output/C
S 243/lectures/07L2-Vision/figures/24.12.png  used on input line 718.
(pdftex.def)             Requested size: 70.46037pt x 167.47144pt.
</Users/ashoksaravanan/Coding/ScribeLec/server/output/CS 243/lectures/07L2-Visi
on/figures/24.13.png, id=446, 60.225pt x 262.9825pt>
File: /Users/ashoksaravanan/Coding/ScribeLec/server/output/CS 243/lectures/07L2
-Vision/figures/24.13.png Graphic file (type png)
<use /Users/ashoksaravanan/Coding/ScribeLec/server/output/CS 243/lectures/07L2-
Vision/figures/24.13.png>
Package pdftex.def Info: /Users/ashoksaravanan/Coding/ScribeLec/server/output/C
S 243/lectures/07L2-Vision/figures/24.13.png  used on input line 724.
(pdftex.def)             Requested size: 70.46037pt x 307.70432pt.

[24 </Users/ashoksaravanan/Coding/ScribeLec/server/output/CS 243/lectures/07L2-
Vision/figures/24.1.png (PNG copy)> </Users/ashoksaravanan/Coding/ScribeLec/ser
ver/output/CS 243/lectures/07L2-Vision/figures/24.10.png (PNG copy)> </Users/as
hoksaravanan/Coding/ScribeLec/server/output/CS 243/lectures/07L2-Vision/figures
/24.11.png (PNG copy)> </Users/ashoksaravanan/Coding/ScribeLec/server/output/CS
 243/lectures/07L2-Vision/figures/24.12.png (PNG copy)> </Users/ashoksaravanan/
Coding/ScribeLec/server/output/CS 243/lectures/07L2-Vision/figures/24.13.png (P
NG copy)>]
</Users/ashoksaravanan/Coding/ScribeLec/server/output/CS 243/lectures/07L2-Visi
on/figures/25.1.png, id=456, 312.16624pt x 205.76875pt>
File: /Users/ashoksaravanan/Coding/ScribeLec/server/output/CS 243/lectures/07L2
-Vision/figures/25.1.png Graphic file (type png)
<use /Users/ashoksaravanan/Coding/ScribeLec/server/output/CS 243/lectures/07L2-
Vision/figures/25.1.png>
Package pdftex.def Info: /Users/ashoksaravanan/Coding/ScribeLec/server/output/C
S 243/lectures/07L2-Vision/figures/25.1.png  used on input line 746.
(pdftex.def)             Requested size: 70.46037pt x 46.44353pt.
 [25 </Users/ashoksaravanan/Coding/ScribeLec/server/output/CS 243/lectures/07L2
-Vision/figures/25.1.png (PNG copy)>]
/Users/ashoksaravanan/Coding/ScribeLec/server/output/CS 243/lectures/07L2-Visio
n/notes.tex:758: Misplaced alignment tab character &.
l.758 ...features.  The text "Feature extraction &
                                                   clustering" describes the...
I can't figure out why you would want to use a tab mark
here. If you just want an ampersand, the remedy is
simple: Just type `I\&' now. But if some right brace
up above has ended a previous alignment prematurely,
you're probably due for more error messages, and you
might try typing `S' now just to see what is salvageable.

</Users/ashoksaravanan/Coding/ScribeLec/server/output/CS 243/lectures/07L2-Visi
on/figures/26.1.png, id=467, 241.90375pt x 331.2375pt>
File: /Users/ashoksaravanan/Coding/ScribeLec/server/output/CS 243/lectures/07L2
-Vision/figures/26.1.png Graphic file (type png)
<use /Users/ashoksaravanan/Coding/ScribeLec/server/output/CS 243/lectures/07L2-
Vision/figures/26.1.png>
Package pdftex.def Info: /Users/ashoksaravanan/Coding/ScribeLec/server/output/C
S 243/lectures/07L2-Vision/figures/26.1.png  used on input line 764.
(pdftex.def)             Requested size: 70.46037pt x 96.48096pt.
</Users/ashoksaravanan/Coding/ScribeLec/server/output/CS 243/lectures/07L2-Visi
on/figures/26.10.png, id=468, 71.26625pt x 43.16125pt>
File: /Users/ashoksaravanan/Coding/ScribeLec/server/output/CS 243/lectures/07L2
-Vision/figures/26.10.png Graphic file (type png)
<use /Users/ashoksaravanan/Coding/ScribeLec/server/output/CS 243/lectures/07L2-
Vision/figures/26.10.png>
Package pdftex.def Info: /Users/ashoksaravanan/Coding/ScribeLec/server/output/C
S 243/lectures/07L2-Vision/figures/26.10.png  used on input line 770.
(pdftex.def)             Requested size: 70.46037pt x 42.67311pt.
</Users/ashoksaravanan/Coding/ScribeLec/server/output/CS 243/lectures/07L2-Visi
on/figures/26.11.png, id=469, 70.2625pt x 42.1575pt>
File: /Users/ashoksaravanan/Coding/ScribeLec/server/output/CS 243/lectures/07L2
-Vision/figures/26.11.png Graphic file (type png)
<use /Users/ashoksaravanan/Coding/ScribeLec/server/output/CS 243/lectures/07L2-
Vision/figures/26.11.png>
Package pdftex.def Info: /Users/ashoksaravanan/Coding/ScribeLec/server/output/C
S 243/lectures/07L2-Vision/figures/26.11.png  used on input line 776.
(pdftex.def)             Requested size: 70.46037pt x 42.2783pt.
</Users/ashoksaravanan/Coding/ScribeLec/server/output/CS 243/lectures/07L2-Visi
on/figures/26.12.png, id=470, 60.225pt x 146.5475pt>
File: /Users/ashoksaravanan/Coding/ScribeLec/server/output/CS 243/lectures/07L2
-Vision/figures/26.12.png Graphic file (type png)
<use /Users/ashoksaravanan/Coding/ScribeLec/server/output/CS 243/lectures/07L2-
Vision/figures/26.12.png>
Package pdftex.def Info: /Users/ashoksaravanan/Coding/ScribeLec/server/output/C
S 243/lectures/07L2-Vision/figures/26.12.png  used on input line 782.
(pdftex.def)             Requested size: 70.46037pt x 171.4688pt.
</Users/ashoksaravanan/Coding/ScribeLec/server/output/CS 243/lectures/07L2-Visi
on/figures/26.13.png, id=471, 39.14626pt x 168.63pt>
File: /Users/ashoksaravanan/Coding/ScribeLec/server/output/CS 243/lectures/07L2
-Vision/figures/26.13.png Graphic file (type png)
<use /Users/ashoksaravanan/Coding/ScribeLec/server/output/CS 243/lectures/07L2-
Vision/figures/26.13.png>
Package pdftex.def Info: /Users/ashoksaravanan/Coding/ScribeLec/server/output/C
S 243/lectures/07L2-Vision/figures/26.13.png  used on input line 788.
(pdftex.def)             Requested size: 70.46037pt x 303.56206pt.
[26 </Users/ashoksaravanan/Coding/ScribeLec/server/output/CS 243/lectures/07L2-
Vision/figures/26.1.png (PNG copy)> </Users/ashoksaravanan/Coding/ScribeLec/ser
ver/output/CS 243/lectures/07L2-Vision/figures/26.10.png (PNG copy)> </Users/as
hoksaravanan/Coding/ScribeLec/server/output/CS 243/lectures/07L2-Vision/figures
/26.11.png (PNG copy)> </Users/ashoksaravanan/Coding/ScribeLec/server/output/CS
 243/lectures/07L2-Vision/figures/26.12.png (PNG copy)> </Users/ashoksaravanan/
Coding/ScribeLec/server/output/CS 243/lectures/07L2-Vision/figures/26.13.png (P
NG copy)>] [27]
</Users/ashoksaravanan/Coding/ScribeLec/server/output/CS 243/lectures/07L2-Visi
on/figures/28.1.png, id=490, 188.705pt x 187.70125pt>
File: /Users/ashoksaravanan/Coding/ScribeLec/server/output/CS 243/lectures/07L2
-Vision/figures/28.1.png Graphic file (type png)
<use /Users/ashoksaravanan/Coding/ScribeLec/server/output/CS 243/lectures/07L2-
Vision/figures/28.1.png>
Package pdftex.def Info: /Users/ashoksaravanan/Coding/ScribeLec/server/output/C
S 243/lectures/07L2-Vision/figures/28.1.png  used on input line 829.
(pdftex.def)             Requested size: 70.46037pt x 70.0842pt.
</Users/ashoksaravanan/Coding/ScribeLec/server/output/CS 243/lectures/07L2-Visi
on/figures/28.10.png, id=491, 21.07875pt x 21.07875pt>
File: /Users/ashoksaravanan/Coding/ScribeLec/server/output/CS 243/lectures/07L2
-Vision/figures/28.10.png Graphic file (type png)
<use /Users/ashoksaravanan/Coding/ScribeLec/server/output/CS 243/lectures/07L2-
Vision/figures/28.10.png>
Package pdftex.def Info: /Users/ashoksaravanan/Coding/ScribeLec/server/output/C
S 243/lectures/07L2-Vision/figures/28.10.png  used on input line 835.
(pdftex.def)             Requested size: 70.46037pt x 70.46219pt.
</Users/ashoksaravanan/Coding/ScribeLec/server/output/CS 243/lectures/07L2-Visi
on/figures/28.11.png, id=492, 21.07875pt x 21.07875pt>
File: /Users/ashoksaravanan/Coding/ScribeLec/server/output/CS 243/lectures/07L2
-Vision/figures/28.11.png Graphic file (type png)
<use /Users/ashoksaravanan/Coding/ScribeLec/server/output/CS 243/lectures/07L2-
Vision/figures/28.11.png>
Package pdftex.def Info: /Users/ashoksaravanan/Coding/ScribeLec/server/output/C
S 243/lectures/07L2-Vision/figures/28.11.png  used on input line 841.
(pdftex.def)             Requested size: 70.46037pt x 70.46219pt.
</Users/ashoksaravanan/Coding/ScribeLec/server/output/CS 243/lectures/07L2-Visi
on/figures/28.12.png, id=493, 21.07875pt x 21.07875pt>
File: /Users/ashoksaravanan/Coding/ScribeLec/server/output/CS 243/lectures/07L2
-Vision/figures/28.12.png Graphic file (type png)
<use /Users/ashoksaravanan/Coding/ScribeLec/server/output/CS 243/lectures/07L2-
Vision/figures/28.12.png>
Package pdftex.def Info: /Users/ashoksaravanan/Coding/ScribeLec/server/output/C
S 243/lectures/07L2-Vision/figures/28.12.png  used on input line 847.
(pdftex.def)             Requested size: 70.46037pt x 70.46219pt.
</Users/ashoksaravanan/Coding/ScribeLec/server/output/CS 243/lectures/07L2-Visi
on/figures/28.2.png, id=494, 188.705pt x 187.70125pt>
File: /Users/ashoksaravanan/Coding/ScribeLec/server/output/CS 243/lectures/07L2
-Vision/figures/28.2.png Graphic file (type png)
<use /Users/ashoksaravanan/Coding/ScribeLec/server/output/CS 243/lectures/07L2-
Vision/figures/28.2.png>
Package pdftex.def Info: /Users/ashoksaravanan/Coding/ScribeLec/server/output/C
S 243/lectures/07L2-Vision/figures/28.2.png  used on input line 853.
(pdftex.def)             Requested size: 70.46037pt x 70.0842pt.
 [28 </Users/ashoksaravanan/Coding/ScribeLec/server/output/CS 243/lectures/07L2
-Vision/figures/28.1.png (PNG copy)> </Users/ashoksaravanan/Coding/ScribeLec/se
rver/output/CS 243/lectures/07L2-Vision/figures/28.10.png (PNG copy)> </Users/a
shoksaravanan/Coding/ScribeLec/server/output/CS 243/lectures/07L2-Vision/figure
s/28.11.png (PNG copy)> </Users/ashoksaravanan/Coding/ScribeLec/server/output/C
S 243/lectures/07L2-Vision/figures/28.12.png (PNG copy)> </Users/ashoksaravanan
/Coding/ScribeLec/server/output/CS 243/lectures/07L2-Vision/figures/28.2.png (P
NG copy)>]
</Users/ashoksaravanan/Coding/ScribeLec/server/output/CS 243/lectures/07L2-Visi
on/figures/29.1.png, id=504, 486.81876pt x 398.48875pt>
File: /Users/ashoksaravanan/Coding/ScribeLec/server/output/CS 243/lectures/07L2
-Vision/figures/29.1.png Graphic file (type png)
<use /Users/ashoksaravanan/Coding/ScribeLec/server/output/CS 243/lectures/07L2-
Vision/figures/29.1.png>
Package pdftex.def Info: /Users/ashoksaravanan/Coding/ScribeLec/server/output/C
S 243/lectures/07L2-Vision/figures/29.1.png  used on input line 871.
(pdftex.def)             Requested size: 70.46037pt x 57.67297pt.
 [29 </Users/ashoksaravanan/Coding/ScribeLec/server/output/CS 243/lectures/07L2
-Vision/figures/29.1.png (PNG copy)>]
</Users/ashoksaravanan/Coding/ScribeLec/server/output/CS 243/lectures/07L2-Visi
on/figures/30.1.png, id=514, 504.88625pt x 323.2075pt>
File: /Users/ashoksaravanan/Coding/ScribeLec/server/output/CS 243/lectures/07L2
-Vision/figures/30.1.png Graphic file (type png)
<use /Users/ashoksaravanan/Coding/ScribeLec/server/output/CS 243/lectures/07L2-
Vision/figures/30.1.png>
Package pdftex.def Info: /Users/ashoksaravanan/Coding/ScribeLec/server/output/C
S 243/lectures/07L2-Vision/figures/30.1.png  used on input line 900.
(pdftex.def)             Requested size: 70.46037pt x 45.10571pt.
</Users/ashoksaravanan/Coding/ScribeLec/server/output/CS 243/lectures/07L2-Visi
on/figures/30.2.png, id=515, 63.23625pt x 81.30376pt>
File: /Users/ashoksaravanan/Coding/ScribeLec/server/output/CS 243/lectures/07L2
-Vision/figures/30.2.png Graphic file (type png)
<use /Users/ashoksaravanan/Coding/ScribeLec/server/output/CS 243/lectures/07L2-
Vision/figures/30.2.png>
Package pdftex.def Info: /Users/ashoksaravanan/Coding/ScribeLec/server/output/C
S 243/lectures/07L2-Vision/figures/30.2.png  used on input line 906.
(pdftex.def)             Requested size: 70.46037pt x 90.59435pt.
 [30 </Users/ashoksaravanan/Coding/ScribeLec/server/output/CS 243/lectures/07L2
-Vision/figures/30.1.png (PNG copy)> </Users/ashoksaravanan/Coding/ScribeLec/se
rver/output/CS 243/lectures/07L2-Vision/figures/30.2.png (PNG copy)>]
</Users/ashoksaravanan/Coding/ScribeLec/server/output/CS 243/lectures/07L2-Visi
on/figures/31.1.png, id=525, 529.98pt x 361.35pt>
File: /Users/ashoksaravanan/Coding/ScribeLec/server/output/CS 243/lectures/07L2
-Vision/figures/31.1.png Graphic file (type png)
<use /Users/ashoksaravanan/Coding/ScribeLec/server/output/CS 243/lectures/07L2-
Vision/figures/31.1.png>
Package pdftex.def Info: /Users/ashoksaravanan/Coding/ScribeLec/server/output/C
S 243/lectures/07L2-Vision/figures/31.1.png  used on input line 924.
(pdftex.def)             Requested size: 70.46037pt x 48.04129pt.
 [31 </Users/ashoksaravanan/Coding/ScribeLec/server/output/CS 243/lectures/07L2
-Vision/figures/31.1.png (PNG copy)>]
</Users/ashoksaravanan/Coding/ScribeLec/server/output/CS 243/lectures/07L2-Visi
on/figures/32.1.png, id=536, 497.86pt x 319.1925pt>
File: /Users/ashoksaravanan/Coding/ScribeLec/server/output/CS 243/lectures/07L2
-Vision/figures/32.1.png Graphic file (type png)
<use /Users/ashoksaravanan/Coding/ScribeLec/server/output/CS 243/lectures/07L2-
Vision/figures/32.1.png>
Package pdftex.def Info: /Users/ashoksaravanan/Coding/ScribeLec/server/output/C
S 243/lectures/07L2-Vision/figures/32.1.png  used on input line 942.
(pdftex.def)             Requested size: 70.46037pt x 45.17369pt.
 [32 </Users/ashoksaravanan/Coding/ScribeLec/server/output/CS 243/lectures/07L2
-Vision/figures/32.1.png (PNG copy)>] [33] [34]
</Users/ashoksaravanan/Coding/ScribeLec/server/output/CS 243/lectures/07L2-Visi
on/figures/35.1.png, id=564, 159.59625pt x 119.44624pt>
File: /Users/ashoksaravanan/Coding/ScribeLec/server/output/CS 243/lectures/07L2
-Vision/figures/35.1.png Graphic file (type png)
<use /Users/ashoksaravanan/Coding/ScribeLec/server/output/CS 243/lectures/07L2-
Vision/figures/35.1.png>
Package pdftex.def Info: /Users/ashoksaravanan/Coding/ScribeLec/server/output/C
S 243/lectures/07L2-Vision/figures/35.1.png  used on input line 998.
(pdftex.def)             Requested size: 70.46037pt x 52.7351pt.
</Users/ashoksaravanan/Coding/ScribeLec/server/output/CS 243/lectures/07L2-Visi
on/figures/35.2.png, id=565, 159.59625pt x 119.44624pt>
File: /Users/ashoksaravanan/Coding/ScribeLec/server/output/CS 243/lectures/07L2
-Vision/figures/35.2.png Graphic file (type png)
<use /Users/ashoksaravanan/Coding/ScribeLec/server/output/CS 243/lectures/07L2-
Vision/figures/35.2.png>
Package pdftex.def Info: /Users/ashoksaravanan/Coding/ScribeLec/server/output/C
S 243/lectures/07L2-Vision/figures/35.2.png  used on input line 1004.
(pdftex.def)             Requested size: 70.46037pt x 52.7351pt.
</Users/ashoksaravanan/Coding/ScribeLec/server/output/CS 243/lectures/07L2-Visi
on/figures/35.3.png, id=566, 158.5925pt x 119.44624pt>
File: /Users/ashoksaravanan/Coding/ScribeLec/server/output/CS 243/lectures/07L2
-Vision/figures/35.3.png Graphic file (type png)
<use /Users/ashoksaravanan/Coding/ScribeLec/server/output/CS 243/lectures/07L2-
Vision/figures/35.3.png>
Package pdftex.def Info: /Users/ashoksaravanan/Coding/ScribeLec/server/output/C
S 243/lectures/07L2-Vision/figures/35.3.png  used on input line 1010.
(pdftex.def)             Requested size: 70.46037pt x 53.06865pt.
</Users/ashoksaravanan/Coding/ScribeLec/server/output/CS 243/lectures/07L2-Visi
on/figures/35.4.png, id=567, 159.59625pt x 119.44624pt>
File: /Users/ashoksaravanan/Coding/ScribeLec/server/output/CS 243/lectures/07L2
-Vision/figures/35.4.png Graphic file (type png)
<use /Users/ashoksaravanan/Coding/ScribeLec/server/output/CS 243/lectures/07L2-
Vision/figures/35.4.png>
Package pdftex.def Info: /Users/ashoksaravanan/Coding/ScribeLec/server/output/C
S 243/lectures/07L2-Vision/figures/35.4.png  used on input line 1016.
(pdftex.def)             Requested size: 70.46037pt x 52.7351pt.
</Users/ashoksaravanan/Coding/ScribeLec/server/output/CS 243/lectures/07L2-Visi
on/figures/35.5.png, id=568, 159.59625pt x 120.45pt>
File: /Users/ashoksaravanan/Coding/ScribeLec/server/output/CS 243/lectures/07L2
-Vision/figures/35.5.png Graphic file (type png)
<use /Users/ashoksaravanan/Coding/ScribeLec/server/output/CS 243/lectures/07L2-
Vision/figures/35.5.png>
Package pdftex.def Info: /Users/ashoksaravanan/Coding/ScribeLec/server/output/C
S 243/lectures/07L2-Vision/figures/35.5.png  used on input line 1022.
(pdftex.def)             Requested size: 70.46037pt x 53.17827pt.
 [35 </Users/ashoksaravanan/Coding/ScribeLec/server/output/CS 243/lectures/07L2
-Vision/figures/35.1.png (PNG copy)> </Users/ashoksaravanan/Coding/ScribeLec/se
rver/output/CS 243/lectures/07L2-Vision/figures/35.2.png (PNG copy)> </Users/as
hoksaravanan/Coding/ScribeLec/server/output/CS 243/lectures/07L2-Vision/figures
/35.3.png (PNG copy)> </Users/ashoksaravanan/Coding/ScribeLec/server/output/CS 
243/lectures/07L2-Vision/figures/35.4.png (PNG copy)> </Users/ashoksaravanan/Co
ding/ScribeLec/server/output/CS 243/lectures/07L2-Vision/figures/35.5.png (PNG 
copy)>]
</Users/ashoksaravanan/Coding/ScribeLec/server/output/CS 243/lectures/07L2-Visi
on/figures/36.1.png, id=579, 349.305pt x 436.63126pt>
File: /Users/ashoksaravanan/Coding/ScribeLec/server/output/CS 243/lectures/07L2
-Vision/figures/36.1.png Graphic file (type png)
<use /Users/ashoksaravanan/Coding/ScribeLec/server/output/CS 243/lectures/07L2-
Vision/figures/36.1.png>
Package pdftex.def Info: /Users/ashoksaravanan/Coding/ScribeLec/server/output/C
S 243/lectures/07L2-Vision/figures/36.1.png  used on input line 1054.
(pdftex.def)             Requested size: 70.46037pt x 88.07089pt.
 [36 </Users/ashoksaravanan/Coding/ScribeLec/server/output/CS 243/lectures/07L2
-Vision/figures/36.1.png (PNG copy)>]
</Users/ashoksaravanan/Coding/ScribeLec/server/output/CS 243/lectures/07L2-Visi
on/figures/37.1.png, id=589, 561.09625pt x 430.60875pt>
File: /Users/ashoksaravanan/Coding/ScribeLec/server/output/CS 243/lectures/07L2
-Vision/figures/37.1.png Graphic file (type png)
<use /Users/ashoksaravanan/Coding/ScribeLec/server/output/CS 243/lectures/07L2-
Vision/figures/37.1.png>
Package pdftex.def Info: /Users/ashoksaravanan/Coding/ScribeLec/server/output/C
S 243/lectures/07L2-Vision/figures/37.1.png  used on input line 1083.
(pdftex.def)             Requested size: 70.46037pt x 54.06906pt.
 [37 </Users/ashoksaravanan/Coding/ScribeLec/server/output/CS 243/lectures/07L2
-Vision/figures/37.1.png (PNG copy)>]
Underfull \hbox (badness 10000) in paragraph at lines 1094--1098

 []

[38]
</Users/ashoksaravanan/Coding/ScribeLec/server/output/CS 243/lectures/07L2-Visi
on/figures/39.1.png, id=609, 321.2pt x 233.87375pt>
File: /Users/ashoksaravanan/Coding/ScribeLec/server/output/CS 243/lectures/07L2
-Vision/figures/39.1.png Graphic file (type png)
<use /Users/ashoksaravanan/Coding/ScribeLec/server/output/CS 243/lectures/07L2-
Vision/figures/39.1.png>
Package pdftex.def Info: /Users/ashoksaravanan/Coding/ScribeLec/server/output/C
S 243/lectures/07L2-Vision/figures/39.1.png  used on input line 1122.
(pdftex.def)             Requested size: 70.46037pt x 51.30249pt.
</Users/ashoksaravanan/Coding/ScribeLec/server/output/CS 243/lectures/07L2-Visi
on/figures/39.2.png, id=610, 321.2pt x 233.87375pt>
File: /Users/ashoksaravanan/Coding/ScribeLec/server/output/CS 243/lectures/07L2
-Vision/figures/39.2.png Graphic file (type png)
<use /Users/ashoksaravanan/Coding/ScribeLec/server/output/CS 243/lectures/07L2-
Vision/figures/39.2.png>
Package pdftex.def Info: /Users/ashoksaravanan/Coding/ScribeLec/server/output/C
S 243/lectures/07L2-Vision/figures/39.2.png  used on input line 1128.
(pdftex.def)             Requested size: 70.46037pt x 51.30249pt.
</Users/ashoksaravanan/Coding/ScribeLec/server/output/CS 243/lectures/07L2-Visi
on/figures/39.3.png, id=611, 321.2pt x 233.87375pt>
File: /Users/ashoksaravanan/Coding/ScribeLec/server/output/CS 243/lectures/07L2
-Vision/figures/39.3.png Graphic file (type png)
<use /Users/ashoksaravanan/Coding/ScribeLec/server/output/CS 243/lectures/07L2-
Vision/figures/39.3.png>
Package pdftex.def Info: /Users/ashoksaravanan/Coding/ScribeLec/server/output/C
S 243/lectures/07L2-Vision/figures/39.3.png  used on input line 1134.
(pdftex.def)             Requested size: 70.46037pt x 51.30249pt.
</Users/ashoksaravanan/Coding/ScribeLec/server/output/CS 243/lectures/07L2-Visi
on/figures/39.4.png, id=612, 321.2pt x 233.87375pt>
File: /Users/ashoksaravanan/Coding/ScribeLec/server/output/CS 243/lectures/07L2
-Vision/figures/39.4.png Graphic file (type png)
<use /Users/ashoksaravanan/Coding/ScribeLec/server/output/CS 243/lectures/07L2-
Vision/figures/39.4.png>
Package pdftex.def Info: /Users/ashoksaravanan/Coding/ScribeLec/server/output/C
S 243/lectures/07L2-Vision/figures/39.4.png  used on input line 1140.
(pdftex.def)             Requested size: 70.46037pt x 51.30249pt.
</Users/ashoksaravanan/Coding/ScribeLec/server/output/CS 243/lectures/07L2-Visi
on/figures/39.5.png, id=613, 321.2pt x 233.87375pt>
File: /Users/ashoksaravanan/Coding/ScribeLec/server/output/CS 243/lectures/07L2
-Vision/figures/39.5.png Graphic file (type png)
<use /Users/ashoksaravanan/Coding/ScribeLec/server/output/CS 243/lectures/07L2-
Vision/figures/39.5.png>
Package pdftex.def Info: /Users/ashoksaravanan/Coding/ScribeLec/server/output/C
S 243/lectures/07L2-Vision/figures/39.5.png  used on input line 1146.
(pdftex.def)             Requested size: 70.46037pt x 51.30249pt.
 [39 </Users/ashoksaravanan/Coding/ScribeLec/server/output/CS 243/lectures/07L2
-Vision/figures/39.1.png (PNG copy)> </Users/ashoksaravanan/Coding/ScribeLec/se
rver/output/CS 243/lectures/07L2-Vision/figures/39.2.png (PNG copy)> </Users/as
hoksaravanan/Coding/ScribeLec/server/output/CS 243/lectures/07L2-Vision/figures
/39.3.png (PNG copy)> </Users/ashoksaravanan/Coding/ScribeLec/server/output/CS 
243/lectures/07L2-Vision/figures/39.4.png (PNG copy)> </Users/ashoksaravanan/Co
ding/ScribeLec/server/output/CS 243/lectures/07L2-Vision/figures/39.5.png (PNG 
copy)>]
/Users/ashoksaravanan/Coding/ScribeLec/server/output/CS 243/lectures/07L2-Visio
n/notes.tex:1160: Illegal unit of measure (pt inserted).
<to be read again> 
                   1
l.1160 [1, 1, 1, 1, 1]
                      /5
Dimensions can be in units of em, ex, in, pt, pc,
cm, mm, dd, cc, nd, nc, bp, or sp; but yours is a new one!
I'll assume that you meant to say pt, for printer's points.
To recover gracefully from this error, it's best to
delete the erroneous units; e.g., type `2' to delete
two letters. (See Chapter 27 of The TeXbook.)


/Users/ashoksaravanan/Coding/ScribeLec/server/output/CS 243/lectures/07L2-Visio
n/notes.tex:1160: Package calc Error: `1' invalid at this point.

See the calc package documentation for explanation.
Type  H <return>  for immediate help.
 ...                                              
                                                  
l.1160 [1, 1, 1, 1, 1]
                      /5
I expected to see one of: + - * / )

/Users/ashoksaravanan/Coding/ScribeLec/server/output/CS 243/lectures/07L2-Visio
n/notes.tex:1160: Extra }, or forgotten \endgroup.
\@gnewline ...\unskip \reserved@e {\reserved@f #1}
                                                  \nobreak \hfil \break \fi 
l.1160 [1, 1, 1, 1, 1]
                      /5
I've deleted a group-closing symbol because it seems to be
spurious, as in `$x}$'. But perhaps the } is legitimate and
you forgot something else, as in `\hbox{$x}'. In such cases
the way to recover is to insert both the forgotten and the
deleted material, e.g., by typing `I$}'.

</Users/ashoksaravanan/Coding/ScribeLec/server/output/CS 243/lectures/07L2-Visi
on/figures/40.1.png, id=623, 320.19624pt x 233.87375pt>
File: /Users/ashoksaravanan/Coding/ScribeLec/server/output/CS 243/lectures/07L2
-Vision/figures/40.1.png Graphic file (type png)
<use /Users/ashoksaravanan/Coding/ScribeLec/server/output/CS 243/lectures/07L2-
Vision/figures/40.1.png>
Package pdftex.def Info: /Users/ashoksaravanan/Coding/ScribeLec/server/output/C
S 243/lectures/07L2-Vision/figures/40.1.png  used on input line 1169.
(pdftex.def)             Requested size: 70.46037pt x 51.46307pt.
</Users/ashoksaravanan/Coding/ScribeLec/server/output/CS 243/lectures/07L2-Visi
on/figures/41.1.png, id=624, 320.19624pt x 233.87375pt>
File: /Users/ashoksaravanan/Coding/ScribeLec/server/output/CS 243/lectures/07L2
-Vision/figures/41.1.png Graphic file (type png)
<use /Users/ashoksaravanan/Coding/ScribeLec/server/output/CS 243/lectures/07L2-
Vision/figures/41.1.png>
Package pdftex.def Info: /Users/ashoksaravanan/Coding/ScribeLec/server/output/C
S 243/lectures/07L2-Vision/figures/41.1.png  used on input line 1192.
(pdftex.def)             Requested size: 70.46037pt x 51.46307pt.
</Users/ashoksaravanan/Coding/ScribeLec/server/output/CS 243/lectures/07L2-Visi
on/figures/41.2.png, id=625, 320.19624pt x 233.87375pt>
File: /Users/ashoksaravanan/Coding/ScribeLec/server/output/CS 243/lectures/07L2
-Vision/figures/41.2.png Graphic file (type png)
<use /Users/ashoksaravanan/Coding/ScribeLec/server/output/CS 243/lectures/07L2-
Vision/figures/41.2.png>
Package pdftex.def Info: /Users/ashoksaravanan/Coding/ScribeLec/server/output/C
S 243/lectures/07L2-Vision/figures/41.2.png  used on input line 1198.
(pdftex.def)             Requested size: 70.46037pt x 51.46307pt.
</Users/ashoksaravanan/Coding/ScribeLec/server/output/CS 243/lectures/07L2-Visi
on/figures/48.1.png, id=626, 339.2675pt x 329.23pt>
File: /Users/ashoksaravanan/Coding/ScribeLec/server/output/CS 243/lectures/07L2
-Vision/figures/48.1.png Graphic file (type png)
<use /Users/ashoksaravanan/Coding/ScribeLec/server/output/CS 243/lectures/07L2-
Vision/figures/48.1.png>
Package pdftex.def Info: /Users/ashoksaravanan/Coding/ScribeLec/server/output/C
S 243/lectures/07L2-Vision/figures/48.1.png  used on input line 1295.
(pdftex.def)             Requested size: 70.46037pt x 68.37172pt.
</Users/ashoksaravanan/Coding/ScribeLec/server/output/CS 243/lectures/07L2-Visi
on/figures/48.2.png, id=627, 337.26pt x 329.23pt>
File: /Users/ashoksaravanan/Coding/ScribeLec/server/output/CS 243/lectures/07L2
-Vision/figures/48.2.png Graphic file (type png)
<use /Users/ashoksaravanan/Coding/ScribeLec/server/output/CS 243/lectures/07L2-
Vision/figures/48.2.png>
Package pdftex.def Info: /Users/ashoksaravanan/Coding/ScribeLec/server/output/C
S 243/lectures/07L2-Vision/figures/48.2.png  used on input line 1301.
(pdftex.def)             Requested size: 70.46037pt x 68.77863pt.
</Users/ashoksaravanan/Coding/ScribeLec/server/output/CS 243/lectures/07L2-Visi
on/figures/50.1.png, id=628, 153.57375pt x 152.57pt>
File: /Users/ashoksaravanan/Coding/ScribeLec/server/output/CS 243/lectures/07L2
-Vision/figures/50.1.png Graphic file (type png)
<use /Users/ashoksaravanan/Coding/ScribeLec/server/output/CS 243/lectures/07L2-
Vision/figures/50.1.png>
Package pdftex.def Info: /Users/ashoksaravanan/Coding/ScribeLec/server/output/C
S 243/lectures/07L2-Vision/figures/50.1.png  used on input line 1332.
(pdftex.def)             Requested size: 70.46037pt x 69.99913pt.
</Users/ashoksaravanan/Coding/ScribeLec/server/output/CS 243/lectures/07L2-Visi
on/figures/50.2.png, id=629, 18.0675pt x 54.2025pt>
File: /Users/ashoksaravanan/Coding/ScribeLec/server/output/CS 243/lectures/07L2
-Vision/figures/50.2.png Graphic file (type png)
<use /Users/ashoksaravanan/Coding/ScribeLec/server/output/CS 243/lectures/07L2-
Vision/figures/50.2.png>
Package pdftex.def Info: /Users/ashoksaravanan/Coding/ScribeLec/server/output/C
S 243/lectures/07L2-Vision/figures/50.2.png  used on input line 1338.
(pdftex.def)             Requested size: 70.46037pt x 211.43849pt.
</Users/ashoksaravanan/Coding/ScribeLec/server/output/CS 243/lectures/07L2-Visi
on/figures/50.3.png, id=630, 152.57pt x 153.57375pt>
File: /Users/ashoksaravanan/Coding/ScribeLec/server/output/CS 243/lectures/07L2
-Vision/figures/50.3.png Graphic file (type png)
<use /Users/ashoksaravanan/Coding/ScribeLec/server/output/CS 243/lectures/07L2-
Vision/figures/50.3.png>
Package pdftex.def Info: /Users/ashoksaravanan/Coding/ScribeLec/server/output/C
S 243/lectures/07L2-Vision/figures/50.3.png  used on input line 1344.
(pdftex.def)             Requested size: 70.46037pt x 70.92598pt.
</Users/ashoksaravanan/Coding/ScribeLec/server/output/CS 243/lectures/07L2-Visi
on/figures/51.1.png, id=631, 154.5775pt x 152.57pt>
File: /Users/ashoksaravanan/Coding/ScribeLec/server/output/CS 243/lectures/07L2
-Vision/figures/51.1.png Graphic file (type png)
<use /Users/ashoksaravanan/Coding/ScribeLec/server/output/CS 243/lectures/07L2-
Vision/figures/51.1.png>
Package pdftex.def Info: /Users/ashoksaravanan/Coding/ScribeLec/server/output/C
S 243/lectures/07L2-Vision/figures/51.1.png  used on input line 1368.
(pdftex.def)             Requested size: 70.46037pt x 69.5475pt.
</Users/ashoksaravanan/Coding/ScribeLec/server/output/CS 243/lectures/07L2-Visi
on/figures/51.2.png, id=632, 153.57375pt x 152.57pt>
File: /Users/ashoksaravanan/Coding/ScribeLec/server/output/CS 243/lectures/07L2
-Vision/figures/51.2.png Graphic file (type png)
<use /Users/ashoksaravanan/Coding/ScribeLec/server/output/CS 243/lectures/07L2-
Vision/figures/51.2.png>
Package pdftex.def Info: /Users/ashoksaravanan/Coding/ScribeLec/server/output/C
S 243/lectures/07L2-Vision/figures/51.2.png  used on input line 1374.
(pdftex.def)             Requested size: 70.46037pt x 69.99913pt.
</Users/ashoksaravanan/Coding/ScribeLec/server/output/CS 243/lectures/07L2-Visi
on/figures/52.1.png, id=633, 624.3325pt x 359.3425pt>
File: /Users/ashoksaravanan/Coding/ScribeLec/server/output/CS 243/lectures/07L2
-Vision/figures/52.1.png Graphic file (type png)
<use /Users/ashoksaravanan/Coding/ScribeLec/server/output/CS 243/lectures/07L2-
Vision/figures/52.1.png>
Package pdftex.def Info: /Users/ashoksaravanan/Coding/ScribeLec/server/output/C
S 243/lectures/07L2-Vision/figures/52.1.png  used on input line 1392.
(pdftex.def)             Requested size: 70.46037pt x 40.55313pt.

/Users/ashoksaravanan/Coding/ScribeLec/server/output/CS 243/lectures/07L2-Visio
n/notes.tex:1404: LaTeX Error: Unicode character α (U+03B1)
               not set up for use with LaTeX.

See the LaTeX manual or LaTeX Companion for explanation.
Type  H <return>  for immediate help.
 ...                                              
                                                  
l.1404 ...dded to it, represented by the term + α
                                                  .  The text "Sharpening" a...

You may provide a definition with
\DeclareUnicodeCharacter 


/Users/ashoksaravanan/Coding/ScribeLec/server/output/CS 243/lectures/07L2-Visio
n/notes.tex:1404: LaTeX Error: Unicode character α (U+03B1)
               not set up for use with LaTeX.

See the LaTeX manual or LaTeX Companion for explanation.
Type  H <return>  for immediate help.
 ...                                              
                                                  
l.1404 ...rring operation. The use of the term "α
                                                  " (alpha) implies a scalin...

You may provide a definition with
\DeclareUnicodeCharacter 

</Users/ashoksaravanan/Coding/ScribeLec/server/output/CS 243/lectures/07L2-Visi
on/figures/53.1.png, id=634, 205.76875pt x 178.6675pt>
File: /Users/ashoksaravanan/Coding/ScribeLec/server/output/CS 243/lectures/07L2
-Vision/figures/53.1.png Graphic file (type png)
<use /Users/ashoksaravanan/Coding/ScribeLec/server/output/CS 243/lectures/07L2-
Vision/figures/53.1.png>
Package pdftex.def Info: /Users/ashoksaravanan/Coding/ScribeLec/server/output/C
S 243/lectures/07L2-Vision/figures/53.1.png  used on input line 1410.
(pdftex.def)             Requested size: 70.46037pt x 61.17961pt.
</Users/ashoksaravanan/Coding/ScribeLec/server/output/CS 243/lectures/07L2-Visi
on/figures/53.2.png, id=635, 205.76875pt x 179.67125pt>
File: /Users/ashoksaravanan/Coding/ScribeLec/server/output/CS 243/lectures/07L2
-Vision/figures/53.2.png Graphic file (type png)
<use /Users/ashoksaravanan/Coding/ScribeLec/server/output/CS 243/lectures/07L2-
Vision/figures/53.2.png>
Package pdftex.def Info: /Users/ashoksaravanan/Coding/ScribeLec/server/output/C
S 243/lectures/07L2-Vision/figures/53.2.png  used on input line 1416.
(pdftex.def)             Requested size: 70.46037pt x 61.52332pt.
</Users/ashoksaravanan/Coding/ScribeLec/server/output/CS 243/lectures/07L2-Visi
on/figures/53.3.png, id=636, 200.75pt x 178.6675pt>
File: /Users/ashoksaravanan/Coding/ScribeLec/server/output/CS 243/lectures/07L2
-Vision/figures/53.3.png Graphic file (type png)
<use /Users/ashoksaravanan/Coding/ScribeLec/server/output/CS 243/lectures/07L2-
Vision/figures/53.3.png>
Package pdftex.def Info: /Users/ashoksaravanan/Coding/ScribeLec/server/output/C
S 243/lectures/07L2-Vision/figures/53.3.png  used on input line 1422.
(pdftex.def)             Requested size: 70.46037pt x 62.71176pt.
</Users/ashoksaravanan/Coding/ScribeLec/server/output/CS 243/lectures/07L2-Visi
on/figures/53.4.png, id=637, 311.1625pt x 178.6675pt>
File: /Users/ashoksaravanan/Coding/ScribeLec/server/output/CS 243/lectures/07L2
-Vision/figures/53.4.png Graphic file (type png)
<use /Users/ashoksaravanan/Coding/ScribeLec/server/output/CS 243/lectures/07L2-
Vision/figures/53.4.png>
Package pdftex.def Info: /Users/ashoksaravanan/Coding/ScribeLec/server/output/C
S 243/lectures/07L2-Vision/figures/53.4.png  used on input line 1428.
(pdftex.def)             Requested size: 70.46037pt x 40.45744pt.
</Users/ashoksaravanan/Coding/ScribeLec/server/output/CS 243/lectures/07L2-Visi
on/figures/53.5.png, id=638, 311.1625pt x 178.6675pt>
File: /Users/ashoksaravanan/Coding/ScribeLec/server/output/CS 243/lectures/07L2
-Vision/figures/53.5.png Graphic file (type png)
<use /Users/ashoksaravanan/Coding/ScribeLec/server/output/CS 243/lectures/07L2-
Vision/figures/53.5.png>
Package pdftex.def Info: /Users/ashoksaravanan/Coding/ScribeLec/server/output/C
S 243/lectures/07L2-Vision/figures/53.5.png  used on input line 1434.
(pdftex.def)             Requested size: 70.46037pt x 40.45744pt.
</Users/ashoksaravanan/Coding/ScribeLec/server/output/CS 243/lectures/07L2-Visi
on/figures/54.1.png, id=639, 370.38374pt x 321.2pt>
File: /Users/ashoksaravanan/Coding/ScribeLec/server/output/CS 243/lectures/07L2
-Vision/figures/54.1.png Graphic file (type png)
<use /Users/ashoksaravanan/Coding/ScribeLec/server/output/CS 243/lectures/07L2-
Vision/figures/54.1.png>
Package pdftex.def Info: /Users/ashoksaravanan/Coding/ScribeLec/server/output/C
S 243/lectures/07L2-Vision/figures/54.1.png  used on input line 1452.
(pdftex.def)             Requested size: 70.46037pt x 61.10214pt.
</Users/ashoksaravanan/Coding/ScribeLec/server/output/CS 243/lectures/07L2-Visi
on/figures/54.2.png, id=640, 370.38374pt x 322.20375pt>
File: /Users/ashoksaravanan/Coding/ScribeLec/server/output/CS 243/lectures/07L2
-Vision/figures/54.2.png Graphic file (type png)
<use /Users/ashoksaravanan/Coding/ScribeLec/server/output/CS 243/lectures/07L2-
Vision/figures/54.2.png>
Package pdftex.def Info: /Users/ashoksaravanan/Coding/ScribeLec/server/output/C
S 243/lectures/07L2-Vision/figures/54.2.png  used on input line 1458.
(pdftex.def)             Requested size: 70.46037pt x 61.29309pt.
</Users/ashoksaravanan/Coding/ScribeLec/server/output/CS 243/lectures/07L2-Visi
on/figures/55.1.png, id=641, 18.0675pt x 54.2025pt>
File: /Users/ashoksaravanan/Coding/ScribeLec/server/output/CS 243/lectures/07L2
-Vision/figures/55.1.png Graphic file (type png)
<use /Users/ashoksaravanan/Coding/ScribeLec/server/output/CS 243/lectures/07L2-
Vision/figures/55.1.png>
Package pdftex.def Info: /Users/ashoksaravanan/Coding/ScribeLec/server/output/C
S 243/lectures/07L2-Vision/figures/55.1.png  used on input line 1476.
(pdftex.def)             Requested size: 70.46037pt x 211.43849pt.
</Users/ashoksaravanan/Coding/ScribeLec/server/output/CS 243/lectures/07L2-Visi
on/figures/56.1.png, id=642, 154.5775pt x 152.57pt>
File: /Users/ashoksaravanan/Coding/ScribeLec/server/output/CS 243/lectures/07L2
-Vision/figures/56.1.png Graphic file (type png)
<use /Users/ashoksaravanan/Coding/ScribeLec/server/output/CS 243/lectures/07L2-
Vision/figures/56.1.png>
Package pdftex.def Info: /Users/ashoksaravanan/Coding/ScribeLec/server/output/C
S 243/lectures/07L2-Vision/figures/56.1.png  used on input line 1494.
(pdftex.def)             Requested size: 70.46037pt x 69.5475pt.
</Users/ashoksaravanan/Coding/ScribeLec/server/output/CS 243/lectures/07L2-Visi
on/figures/56.2.png, id=643, 37.13875pt x 123.46124pt>
File: /Users/ashoksaravanan/Coding/ScribeLec/server/output/CS 243/lectures/07L2
-Vision/figures/56.2.png Graphic file (type png)
<use /Users/ashoksaravanan/Coding/ScribeLec/server/output/CS 243/lectures/07L2-
Vision/figures/56.2.png>
Package pdftex.def Info: /Users/ashoksaravanan/Coding/ScribeLec/server/output/C
S 243/lectures/07L2-Vision/figures/56.2.png  used on input line 1500.
(pdftex.def)             Requested size: 70.46037pt x 234.2698pt.
</Users/ashoksaravanan/Coding/ScribeLec/server/output/CS 243/lectures/07L2-Visi
on/figures/56.3.png, id=644, 34.1275pt x 125.46875pt>
File: /Users/ashoksaravanan/Coding/ScribeLec/server/output/CS 243/lectures/07L2
-Vision/figures/56.3.png Graphic file (type png)
<use /Users/ashoksaravanan/Coding/ScribeLec/server/output/CS 243/lectures/07L2-
Vision/figures/56.3.png>
Package pdftex.def Info: /Users/ashoksaravanan/Coding/ScribeLec/server/output/C
S 243/lectures/07L2-Vision/figures/56.3.png  used on input line 1506.
(pdftex.def)             Requested size: 70.46037pt x 259.06198pt.
</Users/ashoksaravanan/Coding/ScribeLec/server/output/CS 243/lectures/07L2-Visi
on/figures/56.4.png, id=645, 15.05624pt x 44.165pt>
File: /Users/ashoksaravanan/Coding/ScribeLec/server/output/CS 243/lectures/07L2
-Vision/figures/56.4.png Graphic file (type png)
<use /Users/ashoksaravanan/Coding/ScribeLec/server/output/CS 243/lectures/07L2-
Vision/figures/56.4.png>
Package pdftex.def Info: /Users/ashoksaravanan/Coding/ScribeLec/server/output/C
S 243/lectures/07L2-Vision/figures/56.4.png  used on input line 1512.
(pdftex.def)             Requested size: 70.46037pt x 206.70407pt.
</Users/ashoksaravanan/Coding/ScribeLec/server/output/CS 243/lectures/07L2-Visi
on/figures/56.5.png, id=646, 154.5775pt x 154.5775pt>
File: /Users/ashoksaravanan/Coding/ScribeLec/server/output/CS 243/lectures/07L2
-Vision/figures/56.5.png Graphic file (type png)
<use /Users/ashoksaravanan/Coding/ScribeLec/server/output/CS 243/lectures/07L2-
Vision/figures/56.5.png>
Package pdftex.def Info: /Users/ashoksaravanan/Coding/ScribeLec/server/output/C
S 243/lectures/07L2-Vision/figures/56.5.png  used on input line 1518.
(pdftex.def)             Requested size: 70.46037pt x 70.46259pt.

enddocument/afterlastpage: lastpage setting LastPage.
(_logs/notes.aux)
 ***********
LaTeX2e <2023-11-01> patch level 1
L3 programming layer <2024-02-20>
 ***********


LaTeX Warning: Label(s) may have changed. Rerun to get cross-references right.


Package rerunfilecheck Warning: File `notes.out' has changed.
(rerunfilecheck)                Rerun to get outlines right
(rerunfilecheck)                or use package `bookmark'.

Package rerunfilecheck Info: Checksums for `notes.out':
(rerunfilecheck)             Before: 2732A74E2011A70E501EF4B79E2748B8;5778
(rerunfilecheck)             After:  ECE4ED3B56391BA55603898FC1B7773F;15267.
/Users/ashoksaravanan/Coding/ScribeLec/server/output/CS 243/lectures/07L2-Visio
n/notes.tex:1525: You can't use `\end' in internal vertical mode.
\enddocument ...cument/end}\deadcycles \z@ \@@end 
                                                  
l.1525 \end{document}
                     
Sorry, but I'm not programmed to handle this case;
I'll just pretend that you didn't ask for it.
If you're in the wrong mode, you might be able to
return to the right one by typing `I}' or `I$' or `I\par'.

)
! Emergency stop.
<*> ...tput/CS 243/lectures/07L2-Vision/notes.tex"
                                                  
*** (job aborted, no legal \end found)

 
Here is how much of TeX's memory you used:
 15386 strings out of 474116
 301067 string characters out of 5743682
 1972187 words of memory out of 5000000
 37253 multiletter control sequences out of 15000+600000
 613466 words of font info for 79 fonts, out of 8000000 for 9000
 1141 hyphenation exceptions out of 8191
 83i,11n,131p,2043b,720s stack positions out of 10000i,1000n,20000p,200000b,200000s
!  ==> Fatal error occurred, no output PDF file produced!
