2025-02-28 21:05:48,522 - table_of_contents_extractor - INFO - Loaded existing TOC from /Users/ashoksaravanan/Coding/ScribeLec/server/uploads/toc_Vanderbei.json
2025-02-28 21:05:48,553 - table_of_contents_extractor - INFO - Loaded existing TOC from /Users/ashoksaravanan/Coding/ScribeLec/server/uploads/toc_Vanderbei.json
2025-02-28 21:05:48,557 - __main__ - INFO - Using existing textbook data from ID: abd70059-0f1d-4c17-82a5-9e034356f21c
2025-02-28 21:05:48,713 - httpx - INFO - HTTP Request: GET https://hmdqtnywfebxjugxzlvc.supabase.co/rest/v1/chapters?select=%2A&textbook=eq.abd70059-0f1d-4c17-82a5-9e034356f21c&order=chapter_number "HTTP/2 200 OK"
2025-02-28 21:05:48,787 - httpx - INFO - HTTP Request: GET https://hmdqtnywfebxjugxzlvc.supabase.co/rest/v1/exercises?select=%2A&chapter=eq.ebbec7dd-8f42-4c2a-9de9-20c1676e1a06&order=exercise_number "HTTP/2 200 OK"
2025-02-28 21:05:48,863 - httpx - INFO - HTTP Request: GET https://hmdqtnywfebxjugxzlvc.supabase.co/rest/v1/exercises?select=%2A&chapter=eq.0f25c3d4-ac47-429f-97e2-e8f34399b304&order=exercise_number "HTTP/2 200 OK"
2025-02-28 21:05:48,930 - httpx - INFO - HTTP Request: GET https://hmdqtnywfebxjugxzlvc.supabase.co/rest/v1/exercises?select=%2A&chapter=eq.50d241b3-ea25-4cf9-99a7-c49494c159ad&order=exercise_number "HTTP/2 200 OK"
2025-02-28 21:05:49,005 - httpx - INFO - HTTP Request: GET https://hmdqtnywfebxjugxzlvc.supabase.co/rest/v1/exercises?select=%2A&chapter=eq.1dd21854-30ec-46fa-81a7-afbd85d6ffde&order=exercise_number "HTTP/2 200 OK"
2025-02-28 21:05:49,078 - httpx - INFO - HTTP Request: GET https://hmdqtnywfebxjugxzlvc.supabase.co/rest/v1/exercises?select=%2A&chapter=eq.3d8882ba-e250-47a6-9126-d1d9686180c0&order=exercise_number "HTTP/2 200 OK"
2025-02-28 21:05:49,154 - httpx - INFO - HTTP Request: GET https://hmdqtnywfebxjugxzlvc.supabase.co/rest/v1/exercises?select=%2A&chapter=eq.7696d86e-4896-480c-97ca-074187a7d72f&order=exercise_number "HTTP/2 200 OK"
2025-02-28 21:05:49,227 - httpx - INFO - HTTP Request: GET https://hmdqtnywfebxjugxzlvc.supabase.co/rest/v1/exercises?select=%2A&chapter=eq.d3b6ee9b-f1bf-410f-8806-d58d70c2e472&order=exercise_number "HTTP/2 200 OK"
2025-02-28 21:05:49,271 - httpx - INFO - HTTP Request: GET https://hmdqtnywfebxjugxzlvc.supabase.co/rest/v1/exercises?select=%2A&chapter=eq.169eec6f-dfa7-4a23-8d87-3679d854fcab&order=exercise_number "HTTP/2 200 OK"
2025-02-28 21:05:49,318 - httpx - INFO - HTTP Request: GET https://hmdqtnywfebxjugxzlvc.supabase.co/rest/v1/exercises?select=%2A&chapter=eq.e6401d94-bec6-40d9-9143-0bc6f8c71395&order=exercise_number "HTTP/2 200 OK"
2025-02-28 21:05:49,393 - httpx - INFO - HTTP Request: GET https://hmdqtnywfebxjugxzlvc.supabase.co/rest/v1/exercises?select=%2A&chapter=eq.a4854a52-ef4b-4539-8855-6133e34166b4&order=exercise_number "HTTP/2 200 OK"
2025-02-28 21:05:49,435 - httpx - INFO - HTTP Request: GET https://hmdqtnywfebxjugxzlvc.supabase.co/rest/v1/exercises?select=%2A&chapter=eq.e2cbbaa5-185c-4ed4-9d9c-96b3060299c6&order=exercise_number "HTTP/2 200 OK"
2025-02-28 21:05:49,502 - httpx - INFO - HTTP Request: GET https://hmdqtnywfebxjugxzlvc.supabase.co/rest/v1/exercises?select=%2A&chapter=eq.053d2b85-ae6a-4f1a-9a02-9a288ee6ab36&order=exercise_number "HTTP/2 200 OK"
2025-02-28 21:05:49,579 - httpx - INFO - HTTP Request: GET https://hmdqtnywfebxjugxzlvc.supabase.co/rest/v1/exercises?select=%2A&chapter=eq.0a4c4fe7-67a6-4794-8d22-f0ac5731e91b&order=exercise_number "HTTP/2 200 OK"
2025-02-28 21:05:49,622 - httpx - INFO - HTTP Request: GET https://hmdqtnywfebxjugxzlvc.supabase.co/rest/v1/exercises?select=%2A&chapter=eq.af3171fa-3ef6-4ba6-8fef-d66ba81071b9&order=exercise_number "HTTP/2 200 OK"
2025-02-28 21:05:49,693 - httpx - INFO - HTTP Request: GET https://hmdqtnywfebxjugxzlvc.supabase.co/rest/v1/exercises?select=%2A&chapter=eq.88a42500-682b-4970-a065-c06ac5b5e0b2&order=exercise_number "HTTP/2 200 OK"
2025-02-28 21:05:49,760 - httpx - INFO - HTTP Request: GET https://hmdqtnywfebxjugxzlvc.supabase.co/rest/v1/exercises?select=%2A&chapter=eq.6c883d2a-3b32-4b41-971c-56151a80d6ec&order=exercise_number "HTTP/2 200 OK"
2025-02-28 21:05:49,806 - httpx - INFO - HTTP Request: GET https://hmdqtnywfebxjugxzlvc.supabase.co/rest/v1/exercises?select=%2A&chapter=eq.92bb1c5c-5f09-4fe9-bdbf-0b0d0378449c&order=exercise_number "HTTP/2 200 OK"
2025-02-28 21:05:49,880 - httpx - INFO - HTTP Request: GET https://hmdqtnywfebxjugxzlvc.supabase.co/rest/v1/exercises?select=%2A&chapter=eq.ac236f71-468c-4928-b83e-d8bcac6d79fa&order=exercise_number "HTTP/2 200 OK"
2025-02-28 21:05:49,947 - httpx - INFO - HTTP Request: GET https://hmdqtnywfebxjugxzlvc.supabase.co/rest/v1/exercises?select=%2A&chapter=eq.0648531a-f5ed-4bc2-8935-1c7372192e7f&order=exercise_number "HTTP/2 200 OK"
2025-02-28 21:05:49,989 - httpx - INFO - HTTP Request: GET https://hmdqtnywfebxjugxzlvc.supabase.co/rest/v1/exercises?select=%2A&chapter=eq.e1881f43-702c-4082-baf0-02f3c9c1b252&order=exercise_number "HTTP/2 200 OK"
2025-02-28 21:05:50,033 - httpx - INFO - HTTP Request: GET https://hmdqtnywfebxjugxzlvc.supabase.co/rest/v1/exercises?select=%2A&chapter=eq.6becf607-7626-4cf9-a9a4-fd0498f18da4&order=exercise_number "HTTP/2 200 OK"
2025-02-28 21:05:50,080 - httpx - INFO - HTTP Request: GET https://hmdqtnywfebxjugxzlvc.supabase.co/rest/v1/exercises?select=%2A&chapter=eq.8ded5b0d-8e60-44a4-b892-1c33d65e4a0e&order=exercise_number "HTTP/2 200 OK"
2025-02-28 21:05:50,128 - httpx - INFO - HTTP Request: GET https://hmdqtnywfebxjugxzlvc.supabase.co/rest/v1/exercises?select=%2A&chapter=eq.bb36a096-8c19-4eea-a904-f41503537c26&order=exercise_number "HTTP/2 200 OK"
2025-02-28 21:05:50,200 - httpx - INFO - HTTP Request: GET https://hmdqtnywfebxjugxzlvc.supabase.co/rest/v1/exercises?select=%2A&chapter=eq.c0cd93f5-72be-4242-807b-327333442869&order=exercise_number "HTTP/2 200 OK"
2025-02-28 21:05:50,250 - httpx - INFO - HTTP Request: GET https://hmdqtnywfebxjugxzlvc.supabase.co/rest/v1/exercises?select=%2A&chapter=eq.172e883b-c367-4458-8dbd-7979aea47753&order=exercise_number "HTTP/2 200 OK"
2025-02-28 21:05:50,251 - __main__ - INFO - Successfully copied textbook data from abd70059-0f1d-4c17-82a5-9e034356f21c to abd70059-0f1d-4c17-82a5-9e034356f21c
2025-02-28 21:07:24,765 - table_of_contents_extractor - INFO - Loaded existing TOC from /Users/ashoksaravanan/Coding/ScribeLec/server/uploads/toc_Vanderbei.json
2025-02-28 21:07:24,778 - table_of_contents_extractor - INFO - Loaded existing TOC from /Users/ashoksaravanan/Coding/ScribeLec/server/uploads/toc_Vanderbei.json
2025-02-28 21:07:24,780 - __main__ - INFO - Using existing textbook data from ID: abd70059-0f1d-4c17-82a5-9e034356f21c
2025-02-28 21:07:24,985 - httpx - INFO - HTTP Request: GET https://hmdqtnywfebxjugxzlvc.supabase.co/rest/v1/chapters?select=%2A&textbook=eq.abd70059-0f1d-4c17-82a5-9e034356f21c&order=chapter_number "HTTP/2 200 OK"
2025-02-28 21:07:25,255 - httpx - INFO - HTTP Request: GET https://hmdqtnywfebxjugxzlvc.supabase.co/rest/v1/exercises?select=%2A&chapter=eq.ebbec7dd-8f42-4c2a-9de9-20c1676e1a06&order=exercise_number "HTTP/2 200 OK"
2025-02-28 21:07:25,417 - httpx - INFO - HTTP Request: GET https://hmdqtnywfebxjugxzlvc.supabase.co/rest/v1/exercises?select=%2A&chapter=eq.0f25c3d4-ac47-429f-97e2-e8f34399b304&order=exercise_number "HTTP/2 200 OK"
2025-02-28 21:07:25,593 - httpx - INFO - HTTP Request: GET https://hmdqtnywfebxjugxzlvc.supabase.co/rest/v1/exercises?select=%2A&chapter=eq.50d241b3-ea25-4cf9-99a7-c49494c159ad&order=exercise_number "HTTP/2 200 OK"
2025-02-28 21:07:25,775 - httpx - INFO - HTTP Request: GET https://hmdqtnywfebxjugxzlvc.supabase.co/rest/v1/exercises?select=%2A&chapter=eq.1dd21854-30ec-46fa-81a7-afbd85d6ffde&order=exercise_number "HTTP/2 200 OK"
2025-02-28 21:07:25,948 - httpx - INFO - HTTP Request: GET https://hmdqtnywfebxjugxzlvc.supabase.co/rest/v1/exercises?select=%2A&chapter=eq.3d8882ba-e250-47a6-9126-d1d9686180c0&order=exercise_number "HTTP/2 200 OK"
2025-02-28 21:07:26,124 - httpx - INFO - HTTP Request: GET https://hmdqtnywfebxjugxzlvc.supabase.co/rest/v1/exercises?select=%2A&chapter=eq.7696d86e-4896-480c-97ca-074187a7d72f&order=exercise_number "HTTP/2 200 OK"
2025-02-28 21:07:26,302 - httpx - INFO - HTTP Request: GET https://hmdqtnywfebxjugxzlvc.supabase.co/rest/v1/exercises?select=%2A&chapter=eq.d3b6ee9b-f1bf-410f-8806-d58d70c2e472&order=exercise_number "HTTP/2 200 OK"
2025-02-28 21:07:26,461 - httpx - INFO - HTTP Request: GET https://hmdqtnywfebxjugxzlvc.supabase.co/rest/v1/exercises?select=%2A&chapter=eq.169eec6f-dfa7-4a23-8d87-3679d854fcab&order=exercise_number "HTTP/2 200 OK"
2025-02-28 21:07:26,635 - httpx - INFO - HTTP Request: GET https://hmdqtnywfebxjugxzlvc.supabase.co/rest/v1/exercises?select=%2A&chapter=eq.e6401d94-bec6-40d9-9143-0bc6f8c71395&order=exercise_number "HTTP/2 200 OK"
2025-02-28 21:07:26,812 - httpx - INFO - HTTP Request: GET https://hmdqtnywfebxjugxzlvc.supabase.co/rest/v1/exercises?select=%2A&chapter=eq.a4854a52-ef4b-4539-8855-6133e34166b4&order=exercise_number "HTTP/2 200 OK"
2025-02-28 21:07:26,986 - httpx - INFO - HTTP Request: GET https://hmdqtnywfebxjugxzlvc.supabase.co/rest/v1/exercises?select=%2A&chapter=eq.e2cbbaa5-185c-4ed4-9d9c-96b3060299c6&order=exercise_number "HTTP/2 200 OK"
2025-02-28 21:07:27,164 - httpx - INFO - HTTP Request: GET https://hmdqtnywfebxjugxzlvc.supabase.co/rest/v1/exercises?select=%2A&chapter=eq.053d2b85-ae6a-4f1a-9a02-9a288ee6ab36&order=exercise_number "HTTP/2 200 OK"
2025-02-28 21:07:27,340 - httpx - INFO - HTTP Request: GET https://hmdqtnywfebxjugxzlvc.supabase.co/rest/v1/exercises?select=%2A&chapter=eq.0a4c4fe7-67a6-4794-8d22-f0ac5731e91b&order=exercise_number "HTTP/2 200 OK"
2025-02-28 21:07:27,457 - httpx - INFO - HTTP Request: GET https://hmdqtnywfebxjugxzlvc.supabase.co/rest/v1/exercises?select=%2A&chapter=eq.af3171fa-3ef6-4ba6-8fef-d66ba81071b9&order=exercise_number "HTTP/2 200 OK"
2025-02-28 21:07:27,769 - httpx - INFO - HTTP Request: GET https://hmdqtnywfebxjugxzlvc.supabase.co/rest/v1/exercises?select=%2A&chapter=eq.88a42500-682b-4970-a065-c06ac5b5e0b2&order=exercise_number "HTTP/2 200 OK"
2025-02-28 21:07:27,945 - httpx - INFO - HTTP Request: GET https://hmdqtnywfebxjugxzlvc.supabase.co/rest/v1/exercises?select=%2A&chapter=eq.6c883d2a-3b32-4b41-971c-56151a80d6ec&order=exercise_number "HTTP/2 200 OK"
2025-02-28 21:07:28,048 - httpx - INFO - HTTP Request: GET https://hmdqtnywfebxjugxzlvc.supabase.co/rest/v1/exercises?select=%2A&chapter=eq.92bb1c5c-5f09-4fe9-bdbf-0b0d0378449c&order=exercise_number "HTTP/2 200 OK"
2025-02-28 21:07:28,094 - httpx - INFO - HTTP Request: GET https://hmdqtnywfebxjugxzlvc.supabase.co/rest/v1/exercises?select=%2A&chapter=eq.ac236f71-468c-4928-b83e-d8bcac6d79fa&order=exercise_number "HTTP/2 200 OK"
2025-02-28 21:07:28,139 - httpx - INFO - HTTP Request: GET https://hmdqtnywfebxjugxzlvc.supabase.co/rest/v1/exercises?select=%2A&chapter=eq.0648531a-f5ed-4bc2-8935-1c7372192e7f&order=exercise_number "HTTP/2 200 OK"
2025-02-28 21:07:28,214 - httpx - INFO - HTTP Request: GET https://hmdqtnywfebxjugxzlvc.supabase.co/rest/v1/exercises?select=%2A&chapter=eq.e1881f43-702c-4082-baf0-02f3c9c1b252&order=exercise_number "HTTP/2 200 OK"
2025-02-28 21:07:28,263 - httpx - INFO - HTTP Request: GET https://hmdqtnywfebxjugxzlvc.supabase.co/rest/v1/exercises?select=%2A&chapter=eq.6becf607-7626-4cf9-a9a4-fd0498f18da4&order=exercise_number "HTTP/2 200 OK"
2025-02-28 21:07:28,340 - httpx - INFO - HTTP Request: GET https://hmdqtnywfebxjugxzlvc.supabase.co/rest/v1/exercises?select=%2A&chapter=eq.8ded5b0d-8e60-44a4-b892-1c33d65e4a0e&order=exercise_number "HTTP/2 200 OK"
2025-02-28 21:07:28,399 - httpx - INFO - HTTP Request: GET https://hmdqtnywfebxjugxzlvc.supabase.co/rest/v1/exercises?select=%2A&chapter=eq.bb36a096-8c19-4eea-a904-f41503537c26&order=exercise_number "HTTP/2 200 OK"
2025-02-28 21:07:28,520 - httpx - INFO - HTTP Request: GET https://hmdqtnywfebxjugxzlvc.supabase.co/rest/v1/exercises?select=%2A&chapter=eq.c0cd93f5-72be-4242-807b-327333442869&order=exercise_number "HTTP/2 200 OK"
2025-02-28 21:07:28,594 - httpx - INFO - HTTP Request: GET https://hmdqtnywfebxjugxzlvc.supabase.co/rest/v1/exercises?select=%2A&chapter=eq.172e883b-c367-4458-8dbd-7979aea47753&order=exercise_number "HTTP/2 200 OK"
2025-02-28 21:07:28,596 - __main__ - INFO - Successfully copied textbook data from abd70059-0f1d-4c17-82a5-9e034356f21c to abd70059-0f1d-4c17-82a5-9e034356f21c
2025-02-28 21:09:30,951 - table_of_contents_extractor - INFO - Loaded existing TOC from /Users/ashoksaravanan/Coding/ScribeLec/server/uploads/toc_Vanderbei.json
2025-02-28 21:09:30,965 - table_of_contents_extractor - INFO - Loaded existing TOC from /Users/ashoksaravanan/Coding/ScribeLec/server/uploads/toc_Vanderbei.json
2025-02-28 21:09:30,968 - __main__ - INFO - Using existing textbook data from ID: abd70059-0f1d-4c17-82a5-9e034356f21c
2025-02-28 21:09:31,472 - httpx - INFO - HTTP Request: GET https://hmdqtnywfebxjugxzlvc.supabase.co/rest/v1/chapters?select=%2A&textbook=eq.abd70059-0f1d-4c17-82a5-9e034356f21c&order=chapter_number "HTTP/2 200 OK"
2025-02-28 21:09:31,643 - httpx - INFO - HTTP Request: GET https://hmdqtnywfebxjugxzlvc.supabase.co/rest/v1/exercises?select=%2A&chapter=eq.ebbec7dd-8f42-4c2a-9de9-20c1676e1a06&order=exercise_number "HTTP/2 200 OK"
2025-02-28 21:09:31,831 - httpx - INFO - HTTP Request: GET https://hmdqtnywfebxjugxzlvc.supabase.co/rest/v1/exercises?select=%2A&chapter=eq.0f25c3d4-ac47-429f-97e2-e8f34399b304&order=exercise_number "HTTP/2 200 OK"
2025-02-28 21:09:31,998 - httpx - INFO - HTTP Request: GET https://hmdqtnywfebxjugxzlvc.supabase.co/rest/v1/exercises?select=%2A&chapter=eq.50d241b3-ea25-4cf9-99a7-c49494c159ad&order=exercise_number "HTTP/2 200 OK"
2025-02-28 21:09:32,175 - httpx - INFO - HTTP Request: GET https://hmdqtnywfebxjugxzlvc.supabase.co/rest/v1/exercises?select=%2A&chapter=eq.1dd21854-30ec-46fa-81a7-afbd85d6ffde&order=exercise_number "HTTP/2 200 OK"
2025-02-28 21:09:32,355 - httpx - INFO - HTTP Request: GET https://hmdqtnywfebxjugxzlvc.supabase.co/rest/v1/exercises?select=%2A&chapter=eq.3d8882ba-e250-47a6-9126-d1d9686180c0&order=exercise_number "HTTP/2 200 OK"
2025-02-28 21:09:32,512 - httpx - INFO - HTTP Request: GET https://hmdqtnywfebxjugxzlvc.supabase.co/rest/v1/exercises?select=%2A&chapter=eq.7696d86e-4896-480c-97ca-074187a7d72f&order=exercise_number "HTTP/2 200 OK"
2025-02-28 21:09:32,688 - httpx - INFO - HTTP Request: GET https://hmdqtnywfebxjugxzlvc.supabase.co/rest/v1/exercises?select=%2A&chapter=eq.d3b6ee9b-f1bf-410f-8806-d58d70c2e472&order=exercise_number "HTTP/2 200 OK"
2025-02-28 21:09:32,864 - httpx - INFO - HTTP Request: GET https://hmdqtnywfebxjugxzlvc.supabase.co/rest/v1/exercises?select=%2A&chapter=eq.169eec6f-dfa7-4a23-8d87-3679d854fcab&order=exercise_number "HTTP/2 200 OK"
2025-02-28 21:09:33,038 - httpx - INFO - HTTP Request: GET https://hmdqtnywfebxjugxzlvc.supabase.co/rest/v1/exercises?select=%2A&chapter=eq.e6401d94-bec6-40d9-9143-0bc6f8c71395&order=exercise_number "HTTP/2 200 OK"
2025-02-28 21:09:33,214 - httpx - INFO - HTTP Request: GET https://hmdqtnywfebxjugxzlvc.supabase.co/rest/v1/exercises?select=%2A&chapter=eq.a4854a52-ef4b-4539-8855-6133e34166b4&order=exercise_number "HTTP/2 200 OK"
2025-02-28 21:09:33,391 - httpx - INFO - HTTP Request: GET https://hmdqtnywfebxjugxzlvc.supabase.co/rest/v1/exercises?select=%2A&chapter=eq.e2cbbaa5-185c-4ed4-9d9c-96b3060299c6&order=exercise_number "HTTP/2 200 OK"
2025-02-28 21:09:33,644 - httpx - INFO - HTTP Request: GET https://hmdqtnywfebxjugxzlvc.supabase.co/rest/v1/exercises?select=%2A&chapter=eq.053d2b85-ae6a-4f1a-9a02-9a288ee6ab36&order=exercise_number "HTTP/2 200 OK"
2025-02-28 21:09:33,821 - httpx - INFO - HTTP Request: GET https://hmdqtnywfebxjugxzlvc.supabase.co/rest/v1/exercises?select=%2A&chapter=eq.0a4c4fe7-67a6-4794-8d22-f0ac5731e91b&order=exercise_number "HTTP/2 200 OK"
2025-02-28 21:09:33,995 - httpx - INFO - HTTP Request: GET https://hmdqtnywfebxjugxzlvc.supabase.co/rest/v1/exercises?select=%2A&chapter=eq.af3171fa-3ef6-4ba6-8fef-d66ba81071b9&order=exercise_number "HTTP/2 200 OK"
2025-02-28 21:09:34,094 - httpx - INFO - HTTP Request: GET https://hmdqtnywfebxjugxzlvc.supabase.co/rest/v1/exercises?select=%2A&chapter=eq.88a42500-682b-4970-a065-c06ac5b5e0b2&order=exercise_number "HTTP/2 200 OK"
2025-02-28 21:09:34,194 - httpx - INFO - HTTP Request: GET https://hmdqtnywfebxjugxzlvc.supabase.co/rest/v1/exercises?select=%2A&chapter=eq.6c883d2a-3b32-4b41-971c-56151a80d6ec&order=exercise_number "HTTP/2 200 OK"
2025-02-28 21:09:34,270 - httpx - INFO - HTTP Request: GET https://hmdqtnywfebxjugxzlvc.supabase.co/rest/v1/exercises?select=%2A&chapter=eq.92bb1c5c-5f09-4fe9-bdbf-0b0d0378449c&order=exercise_number "HTTP/2 200 OK"
2025-02-28 21:09:34,323 - httpx - INFO - HTTP Request: GET https://hmdqtnywfebxjugxzlvc.supabase.co/rest/v1/exercises?select=%2A&chapter=eq.ac236f71-468c-4928-b83e-d8bcac6d79fa&order=exercise_number "HTTP/2 200 OK"
2025-02-28 21:09:34,412 - httpx - INFO - HTTP Request: GET https://hmdqtnywfebxjugxzlvc.supabase.co/rest/v1/exercises?select=%2A&chapter=eq.0648531a-f5ed-4bc2-8935-1c7372192e7f&order=exercise_number "HTTP/2 200 OK"
2025-02-28 21:09:34,471 - httpx - INFO - HTTP Request: GET https://hmdqtnywfebxjugxzlvc.supabase.co/rest/v1/exercises?select=%2A&chapter=eq.e1881f43-702c-4082-baf0-02f3c9c1b252&order=exercise_number "HTTP/2 200 OK"
2025-02-28 21:09:34,608 - httpx - INFO - HTTP Request: GET https://hmdqtnywfebxjugxzlvc.supabase.co/rest/v1/exercises?select=%2A&chapter=eq.6becf607-7626-4cf9-a9a4-fd0498f18da4&order=exercise_number "HTTP/2 200 OK"
2025-02-28 21:09:34,670 - httpx - INFO - HTTP Request: GET https://hmdqtnywfebxjugxzlvc.supabase.co/rest/v1/exercises?select=%2A&chapter=eq.8ded5b0d-8e60-44a4-b892-1c33d65e4a0e&order=exercise_number "HTTP/2 200 OK"
2025-02-28 21:09:34,922 - httpx - INFO - HTTP Request: GET https://hmdqtnywfebxjugxzlvc.supabase.co/rest/v1/exercises?select=%2A&chapter=eq.bb36a096-8c19-4eea-a904-f41503537c26&order=exercise_number "HTTP/2 200 OK"
2025-02-28 21:09:35,088 - httpx - INFO - HTTP Request: GET https://hmdqtnywfebxjugxzlvc.supabase.co/rest/v1/exercises?select=%2A&chapter=eq.c0cd93f5-72be-4242-807b-327333442869&order=exercise_number "HTTP/2 200 OK"
2025-02-28 21:09:35,264 - httpx - INFO - HTTP Request: GET https://hmdqtnywfebxjugxzlvc.supabase.co/rest/v1/exercises?select=%2A&chapter=eq.172e883b-c367-4458-8dbd-7979aea47753&order=exercise_number "HTTP/2 200 OK"
2025-02-28 21:09:35,267 - __main__ - INFO - Successfully copied textbook data from abd70059-0f1d-4c17-82a5-9e034356f21c to abd70059-0f1d-4c17-82a5-9e034356f21c
2025-02-28 21:09:35,268 - table_of_contents_extractor - INFO - Loaded existing TOC from /Users/ashoksaravanan/Coding/ScribeLec/server/uploads/toc_Vanderbei.json
2025-02-28 21:09:35,619 - httpx - INFO - HTTP Request: GET https://hmdqtnywfebxjugxzlvc.supabase.co/rest/v1/documents?select=%2A&textbook=eq.abd70059-0f1d-4c17-82a5-9e034356f21c "HTTP/2 200 OK"
2025-02-28 21:09:36,828 - httpx - INFO - HTTP Request: POST https://hmdqtnywfebxjugxzlvc.supabase.co/rest/v1/documents?columns=%22textbook%22%2C%22text%22%2C%22id%22%2C%22chapter%22%2C%22page%22%2C%22exercise%22 "HTTP/2 500 Internal Server Error"
2025-02-28 21:09:36,828 - __main__ - ERROR - Error uploading exercise images: {'code': '21000', 'details': None, 'hint': 'Ensure that no rows proposed for insertion within the same command have duplicate constrained values.', 'message': 'ON CONFLICT DO UPDATE command cannot affect row a second time'}
2025-02-28 21:15:11,131 - table_of_contents_extractor - INFO - Loaded existing TOC from /Users/ashoksaravanan/Coding/ScribeLec/server/uploads/toc_Vanderbei.json
2025-02-28 21:15:11,146 - table_of_contents_extractor - INFO - Loaded existing TOC from /Users/ashoksaravanan/Coding/ScribeLec/server/uploads/toc_Vanderbei.json
2025-02-28 21:15:11,149 - __main__ - INFO - Using existing textbook data from ID: abd70059-0f1d-4c17-82a5-9e034356f21c
2025-02-28 21:15:11,303 - httpx - INFO - HTTP Request: GET https://hmdqtnywfebxjugxzlvc.supabase.co/rest/v1/chapters?select=%2A&textbook=eq.abd70059-0f1d-4c17-82a5-9e034356f21c&order=chapter_number "HTTP/2 200 OK"
2025-02-28 21:15:11,382 - httpx - INFO - HTTP Request: GET https://hmdqtnywfebxjugxzlvc.supabase.co/rest/v1/exercises?select=%2A&chapter=eq.ebbec7dd-8f42-4c2a-9de9-20c1676e1a06&order=exercise_number "HTTP/2 200 OK"
2025-02-28 21:15:11,464 - httpx - INFO - HTTP Request: GET https://hmdqtnywfebxjugxzlvc.supabase.co/rest/v1/exercises?select=%2A&chapter=eq.0f25c3d4-ac47-429f-97e2-e8f34399b304&order=exercise_number "HTTP/2 200 OK"
2025-02-28 21:15:11,519 - httpx - INFO - HTTP Request: GET https://hmdqtnywfebxjugxzlvc.supabase.co/rest/v1/exercises?select=%2A&chapter=eq.50d241b3-ea25-4cf9-99a7-c49494c159ad&order=exercise_number "HTTP/2 200 OK"
2025-02-28 21:15:11,601 - httpx - INFO - HTTP Request: GET https://hmdqtnywfebxjugxzlvc.supabase.co/rest/v1/exercises?select=%2A&chapter=eq.1dd21854-30ec-46fa-81a7-afbd85d6ffde&order=exercise_number "HTTP/2 200 OK"
2025-02-28 21:15:11,686 - httpx - INFO - HTTP Request: GET https://hmdqtnywfebxjugxzlvc.supabase.co/rest/v1/exercises?select=%2A&chapter=eq.3d8882ba-e250-47a6-9126-d1d9686180c0&order=exercise_number "HTTP/2 200 OK"
2025-02-28 21:15:11,763 - httpx - INFO - HTTP Request: GET https://hmdqtnywfebxjugxzlvc.supabase.co/rest/v1/exercises?select=%2A&chapter=eq.7696d86e-4896-480c-97ca-074187a7d72f&order=exercise_number "HTTP/2 200 OK"
2025-02-28 21:15:11,844 - httpx - INFO - HTTP Request: GET https://hmdqtnywfebxjugxzlvc.supabase.co/rest/v1/exercises?select=%2A&chapter=eq.d3b6ee9b-f1bf-410f-8806-d58d70c2e472&order=exercise_number "HTTP/2 200 OK"
2025-02-28 21:15:11,928 - httpx - INFO - HTTP Request: GET https://hmdqtnywfebxjugxzlvc.supabase.co/rest/v1/exercises?select=%2A&chapter=eq.169eec6f-dfa7-4a23-8d87-3679d854fcab&order=exercise_number "HTTP/2 200 OK"
2025-02-28 21:15:12,012 - httpx - INFO - HTTP Request: GET https://hmdqtnywfebxjugxzlvc.supabase.co/rest/v1/exercises?select=%2A&chapter=eq.e6401d94-bec6-40d9-9143-0bc6f8c71395&order=exercise_number "HTTP/2 200 OK"
2025-02-28 21:15:12,074 - httpx - INFO - HTTP Request: GET https://hmdqtnywfebxjugxzlvc.supabase.co/rest/v1/exercises?select=%2A&chapter=eq.a4854a52-ef4b-4539-8855-6133e34166b4&order=exercise_number "HTTP/2 200 OK"
2025-02-28 21:15:12,158 - httpx - INFO - HTTP Request: GET https://hmdqtnywfebxjugxzlvc.supabase.co/rest/v1/exercises?select=%2A&chapter=eq.e2cbbaa5-185c-4ed4-9d9c-96b3060299c6&order=exercise_number "HTTP/2 200 OK"
2025-02-28 21:15:12,212 - httpx - INFO - HTTP Request: GET https://hmdqtnywfebxjugxzlvc.supabase.co/rest/v1/exercises?select=%2A&chapter=eq.053d2b85-ae6a-4f1a-9a02-9a288ee6ab36&order=exercise_number "HTTP/2 200 OK"
2025-02-28 21:15:12,289 - httpx - INFO - HTTP Request: GET https://hmdqtnywfebxjugxzlvc.supabase.co/rest/v1/exercises?select=%2A&chapter=eq.0a4c4fe7-67a6-4794-8d22-f0ac5731e91b&order=exercise_number "HTTP/2 200 OK"
2025-02-28 21:15:12,364 - httpx - INFO - HTTP Request: GET https://hmdqtnywfebxjugxzlvc.supabase.co/rest/v1/exercises?select=%2A&chapter=eq.af3171fa-3ef6-4ba6-8fef-d66ba81071b9&order=exercise_number "HTTP/2 200 OK"
2025-02-28 21:15:12,439 - httpx - INFO - HTTP Request: GET https://hmdqtnywfebxjugxzlvc.supabase.co/rest/v1/exercises?select=%2A&chapter=eq.88a42500-682b-4970-a065-c06ac5b5e0b2&order=exercise_number "HTTP/2 200 OK"
2025-02-28 21:15:12,483 - httpx - INFO - HTTP Request: GET https://hmdqtnywfebxjugxzlvc.supabase.co/rest/v1/exercises?select=%2A&chapter=eq.6c883d2a-3b32-4b41-971c-56151a80d6ec&order=exercise_number "HTTP/2 200 OK"
2025-02-28 21:15:12,586 - httpx - INFO - HTTP Request: GET https://hmdqtnywfebxjugxzlvc.supabase.co/rest/v1/exercises?select=%2A&chapter=eq.92bb1c5c-5f09-4fe9-bdbf-0b0d0378449c&order=exercise_number "HTTP/2 200 OK"
2025-02-28 21:15:12,666 - httpx - INFO - HTTP Request: GET https://hmdqtnywfebxjugxzlvc.supabase.co/rest/v1/exercises?select=%2A&chapter=eq.ac236f71-468c-4928-b83e-d8bcac6d79fa&order=exercise_number "HTTP/2 200 OK"
2025-02-28 21:15:12,744 - httpx - INFO - HTTP Request: GET https://hmdqtnywfebxjugxzlvc.supabase.co/rest/v1/exercises?select=%2A&chapter=eq.0648531a-f5ed-4bc2-8935-1c7372192e7f&order=exercise_number "HTTP/2 200 OK"
2025-02-28 21:15:12,805 - httpx - INFO - HTTP Request: GET https://hmdqtnywfebxjugxzlvc.supabase.co/rest/v1/exercises?select=%2A&chapter=eq.e1881f43-702c-4082-baf0-02f3c9c1b252&order=exercise_number "HTTP/2 200 OK"
2025-02-28 21:15:12,857 - httpx - INFO - HTTP Request: GET https://hmdqtnywfebxjugxzlvc.supabase.co/rest/v1/exercises?select=%2A&chapter=eq.6becf607-7626-4cf9-a9a4-fd0498f18da4&order=exercise_number "HTTP/2 200 OK"
2025-02-28 21:15:12,913 - httpx - INFO - HTTP Request: GET https://hmdqtnywfebxjugxzlvc.supabase.co/rest/v1/exercises?select=%2A&chapter=eq.8ded5b0d-8e60-44a4-b892-1c33d65e4a0e&order=exercise_number "HTTP/2 200 OK"
2025-02-28 21:15:12,967 - httpx - INFO - HTTP Request: GET https://hmdqtnywfebxjugxzlvc.supabase.co/rest/v1/exercises?select=%2A&chapter=eq.bb36a096-8c19-4eea-a904-f41503537c26&order=exercise_number "HTTP/2 200 OK"
2025-02-28 21:15:13,033 - httpx - INFO - HTTP Request: GET https://hmdqtnywfebxjugxzlvc.supabase.co/rest/v1/exercises?select=%2A&chapter=eq.c0cd93f5-72be-4242-807b-327333442869&order=exercise_number "HTTP/2 200 OK"
2025-02-28 21:15:13,170 - httpx - INFO - HTTP Request: GET https://hmdqtnywfebxjugxzlvc.supabase.co/rest/v1/exercises?select=%2A&chapter=eq.172e883b-c367-4458-8dbd-7979aea47753&order=exercise_number "HTTP/2 200 OK"
2025-02-28 21:15:13,172 - __main__ - INFO - Successfully copied textbook data from abd70059-0f1d-4c17-82a5-9e034356f21c to abd70059-0f1d-4c17-82a5-9e034356f21c
2025-02-28 21:15:13,173 - table_of_contents_extractor - INFO - Loaded existing TOC from /Users/ashoksaravanan/Coding/ScribeLec/server/uploads/toc_Vanderbei.json
2025-02-28 21:15:13,501 - httpx - INFO - HTTP Request: GET https://hmdqtnywfebxjugxzlvc.supabase.co/rest/v1/documents?select=%2A&textbook=eq.abd70059-0f1d-4c17-82a5-9e034356f21c "HTTP/2 200 OK"
2025-02-28 21:15:14,032 - httpx - INFO - HTTP Request: POST https://hmdqtnywfebxjugxzlvc.supabase.co/rest/v1/documents?columns=%22textbook%22%2C%22page%22%2C%22text%22%2C%22chapter%22%2C%22exercise%22%2C%22id%22 "HTTP/2 200 OK"
2025-02-28 21:15:14,035 - __main__ - INFO - Updated batch of 50 documents with exercise IDs
2025-02-28 21:15:14,205 - httpx - INFO - HTTP Request: POST https://hmdqtnywfebxjugxzlvc.supabase.co/rest/v1/documents?columns=%22textbook%22%2C%22page%22%2C%22text%22%2C%22chapter%22%2C%22exercise%22%2C%22id%22 "HTTP/2 200 OK"
2025-02-28 21:15:14,208 - __main__ - INFO - Updated batch of 18 documents with exercise IDs
2025-02-28 21:22:34,384 - table_of_contents_extractor - INFO - Loaded existing TOC from /Users/ashoksaravanan/Coding/ScribeLec/server/uploads/toc_Vanderbei.json
2025-02-28 21:22:34,399 - table_of_contents_extractor - INFO - Loaded existing TOC from /Users/ashoksaravanan/Coding/ScribeLec/server/uploads/toc_Vanderbei.json
2025-02-28 21:22:34,402 - __main__ - INFO - Using existing textbook data from ID: abd70059-0f1d-4c17-82a5-9e034356f21c
2025-02-28 21:22:34,592 - httpx - INFO - HTTP Request: GET https://hmdqtnywfebxjugxzlvc.supabase.co/rest/v1/chapters?select=%2A&textbook=eq.abd70059-0f1d-4c17-82a5-9e034356f21c&order=chapter_number "HTTP/2 200 OK"
2025-02-28 21:22:34,636 - httpx - INFO - HTTP Request: GET https://hmdqtnywfebxjugxzlvc.supabase.co/rest/v1/exercises?select=%2A&chapter=eq.ebbec7dd-8f42-4c2a-9de9-20c1676e1a06&order=exercise_number "HTTP/2 200 OK"
2025-02-28 21:22:34,682 - httpx - INFO - HTTP Request: GET https://hmdqtnywfebxjugxzlvc.supabase.co/rest/v1/exercises?select=%2A&chapter=eq.0f25c3d4-ac47-429f-97e2-e8f34399b304&order=exercise_number "HTTP/2 200 OK"
2025-02-28 21:22:34,726 - httpx - INFO - HTTP Request: GET https://hmdqtnywfebxjugxzlvc.supabase.co/rest/v1/exercises?select=%2A&chapter=eq.50d241b3-ea25-4cf9-99a7-c49494c159ad&order=exercise_number "HTTP/2 200 OK"
2025-02-28 21:22:34,772 - httpx - INFO - HTTP Request: GET https://hmdqtnywfebxjugxzlvc.supabase.co/rest/v1/exercises?select=%2A&chapter=eq.1dd21854-30ec-46fa-81a7-afbd85d6ffde&order=exercise_number "HTTP/2 200 OK"
2025-02-28 21:22:34,816 - httpx - INFO - HTTP Request: GET https://hmdqtnywfebxjugxzlvc.supabase.co/rest/v1/exercises?select=%2A&chapter=eq.3d8882ba-e250-47a6-9126-d1d9686180c0&order=exercise_number "HTTP/2 200 OK"
2025-02-28 21:22:34,879 - httpx - INFO - HTTP Request: GET https://hmdqtnywfebxjugxzlvc.supabase.co/rest/v1/exercises?select=%2A&chapter=eq.7696d86e-4896-480c-97ca-074187a7d72f&order=exercise_number "HTTP/2 200 OK"
2025-02-28 21:22:34,920 - httpx - INFO - HTTP Request: GET https://hmdqtnywfebxjugxzlvc.supabase.co/rest/v1/exercises?select=%2A&chapter=eq.d3b6ee9b-f1bf-410f-8806-d58d70c2e472&order=exercise_number "HTTP/2 200 OK"
2025-02-28 21:22:34,967 - httpx - INFO - HTTP Request: GET https://hmdqtnywfebxjugxzlvc.supabase.co/rest/v1/exercises?select=%2A&chapter=eq.169eec6f-dfa7-4a23-8d87-3679d854fcab&order=exercise_number "HTTP/2 200 OK"
2025-02-28 21:22:35,022 - httpx - INFO - HTTP Request: GET https://hmdqtnywfebxjugxzlvc.supabase.co/rest/v1/exercises?select=%2A&chapter=eq.e6401d94-bec6-40d9-9143-0bc6f8c71395&order=exercise_number "HTTP/2 200 OK"
2025-02-28 21:22:35,066 - httpx - INFO - HTTP Request: GET https://hmdqtnywfebxjugxzlvc.supabase.co/rest/v1/exercises?select=%2A&chapter=eq.a4854a52-ef4b-4539-8855-6133e34166b4&order=exercise_number "HTTP/2 200 OK"
2025-02-28 21:22:35,112 - httpx - INFO - HTTP Request: GET https://hmdqtnywfebxjugxzlvc.supabase.co/rest/v1/exercises?select=%2A&chapter=eq.e2cbbaa5-185c-4ed4-9d9c-96b3060299c6&order=exercise_number "HTTP/2 200 OK"
2025-02-28 21:22:35,154 - httpx - INFO - HTTP Request: GET https://hmdqtnywfebxjugxzlvc.supabase.co/rest/v1/exercises?select=%2A&chapter=eq.053d2b85-ae6a-4f1a-9a02-9a288ee6ab36&order=exercise_number "HTTP/2 200 OK"
2025-02-28 21:22:35,204 - httpx - INFO - HTTP Request: GET https://hmdqtnywfebxjugxzlvc.supabase.co/rest/v1/exercises?select=%2A&chapter=eq.0a4c4fe7-67a6-4794-8d22-f0ac5731e91b&order=exercise_number "HTTP/2 200 OK"
2025-02-28 21:22:35,245 - httpx - INFO - HTTP Request: GET https://hmdqtnywfebxjugxzlvc.supabase.co/rest/v1/exercises?select=%2A&chapter=eq.af3171fa-3ef6-4ba6-8fef-d66ba81071b9&order=exercise_number "HTTP/2 200 OK"
2025-02-28 21:22:35,287 - httpx - INFO - HTTP Request: GET https://hmdqtnywfebxjugxzlvc.supabase.co/rest/v1/exercises?select=%2A&chapter=eq.88a42500-682b-4970-a065-c06ac5b5e0b2&order=exercise_number "HTTP/2 200 OK"
2025-02-28 21:22:35,337 - httpx - INFO - HTTP Request: GET https://hmdqtnywfebxjugxzlvc.supabase.co/rest/v1/exercises?select=%2A&chapter=eq.6c883d2a-3b32-4b41-971c-56151a80d6ec&order=exercise_number "HTTP/2 200 OK"
2025-02-28 21:22:35,401 - httpx - INFO - HTTP Request: GET https://hmdqtnywfebxjugxzlvc.supabase.co/rest/v1/exercises?select=%2A&chapter=eq.92bb1c5c-5f09-4fe9-bdbf-0b0d0378449c&order=exercise_number "HTTP/2 200 OK"
2025-02-28 21:22:35,442 - httpx - INFO - HTTP Request: GET https://hmdqtnywfebxjugxzlvc.supabase.co/rest/v1/exercises?select=%2A&chapter=eq.ac236f71-468c-4928-b83e-d8bcac6d79fa&order=exercise_number "HTTP/2 200 OK"
2025-02-28 21:22:35,513 - httpx - INFO - HTTP Request: GET https://hmdqtnywfebxjugxzlvc.supabase.co/rest/v1/exercises?select=%2A&chapter=eq.0648531a-f5ed-4bc2-8935-1c7372192e7f&order=exercise_number "HTTP/2 200 OK"
2025-02-28 21:22:35,561 - httpx - INFO - HTTP Request: GET https://hmdqtnywfebxjugxzlvc.supabase.co/rest/v1/exercises?select=%2A&chapter=eq.e1881f43-702c-4082-baf0-02f3c9c1b252&order=exercise_number "HTTP/2 200 OK"
2025-02-28 21:22:35,615 - httpx - INFO - HTTP Request: GET https://hmdqtnywfebxjugxzlvc.supabase.co/rest/v1/exercises?select=%2A&chapter=eq.6becf607-7626-4cf9-a9a4-fd0498f18da4&order=exercise_number "HTTP/2 200 OK"
2025-02-28 21:22:35,676 - httpx - INFO - HTTP Request: GET https://hmdqtnywfebxjugxzlvc.supabase.co/rest/v1/exercises?select=%2A&chapter=eq.8ded5b0d-8e60-44a4-b892-1c33d65e4a0e&order=exercise_number "HTTP/2 200 OK"
2025-02-28 21:22:35,715 - httpx - INFO - HTTP Request: GET https://hmdqtnywfebxjugxzlvc.supabase.co/rest/v1/exercises?select=%2A&chapter=eq.bb36a096-8c19-4eea-a904-f41503537c26&order=exercise_number "HTTP/2 200 OK"
2025-02-28 21:22:35,757 - httpx - INFO - HTTP Request: GET https://hmdqtnywfebxjugxzlvc.supabase.co/rest/v1/exercises?select=%2A&chapter=eq.c0cd93f5-72be-4242-807b-327333442869&order=exercise_number "HTTP/2 200 OK"
2025-02-28 21:22:35,796 - httpx - INFO - HTTP Request: GET https://hmdqtnywfebxjugxzlvc.supabase.co/rest/v1/exercises?select=%2A&chapter=eq.172e883b-c367-4458-8dbd-7979aea47753&order=exercise_number "HTTP/2 200 OK"
2025-02-28 21:22:35,797 - __main__ - INFO - Successfully copied textbook data from abd70059-0f1d-4c17-82a5-9e034356f21c to abd70059-0f1d-4c17-82a5-9e034356f21c
2025-02-28 21:22:35,797 - table_of_contents_extractor - INFO - Loaded existing TOC from /Users/ashoksaravanan/Coding/ScribeLec/server/uploads/toc_Vanderbei.json
2025-02-28 21:22:36,109 - httpx - INFO - HTTP Request: GET https://hmdqtnywfebxjugxzlvc.supabase.co/rest/v1/documents?select=%2A&textbook=eq.abd70059-0f1d-4c17-82a5-9e034356f21c "HTTP/2 200 OK"
2025-02-28 21:22:36,337 - httpx - INFO - HTTP Request: POST https://hmdqtnywfebxjugxzlvc.supabase.co/rest/v1/documents?columns=%22chapter%22%2C%22page%22%2C%22exercises%22%2C%22textbook%22%2C%22text%22%2C%22id%22 "HTTP/2 200 OK"
2025-02-28 21:22:36,341 - __main__ - INFO - Updated batch of 50 documents with exercise IDs
2025-02-28 21:22:36,424 - httpx - INFO - HTTP Request: POST https://hmdqtnywfebxjugxzlvc.supabase.co/rest/v1/documents?columns=%22chapter%22%2C%22page%22%2C%22exercises%22%2C%22textbook%22%2C%22text%22%2C%22id%22 "HTTP/2 200 OK"
2025-02-28 21:22:36,427 - __main__ - INFO - Updated batch of 18 documents with exercise IDs
2025-02-28 21:25:57,170 - table_of_contents_extractor - INFO - Loaded existing TOC from /Users/ashoksaravanan/Coding/ScribeLec/server/uploads/toc_Vanderbei.json
2025-02-28 21:25:57,184 - table_of_contents_extractor - INFO - Loaded existing TOC from /Users/ashoksaravanan/Coding/ScribeLec/server/uploads/toc_Vanderbei.json
2025-02-28 21:25:57,186 - __main__ - INFO - Using existing textbook data from ID: abd70059-0f1d-4c17-82a5-9e034356f21c
2025-02-28 21:25:57,312 - httpx - INFO - HTTP Request: GET https://hmdqtnywfebxjugxzlvc.supabase.co/rest/v1/chapters?select=%2A&textbook=eq.abd70059-0f1d-4c17-82a5-9e034356f21c&order=chapter_number "HTTP/2 200 OK"
2025-02-28 21:25:57,360 - httpx - INFO - HTTP Request: GET https://hmdqtnywfebxjugxzlvc.supabase.co/rest/v1/exercises?select=%2A&chapter=eq.ebbec7dd-8f42-4c2a-9de9-20c1676e1a06&order=exercise_number "HTTP/2 200 OK"
2025-02-28 21:25:57,408 - httpx - INFO - HTTP Request: GET https://hmdqtnywfebxjugxzlvc.supabase.co/rest/v1/exercises?select=%2A&chapter=eq.0f25c3d4-ac47-429f-97e2-e8f34399b304&order=exercise_number "HTTP/2 200 OK"
2025-02-28 21:25:57,457 - httpx - INFO - HTTP Request: GET https://hmdqtnywfebxjugxzlvc.supabase.co/rest/v1/exercises?select=%2A&chapter=eq.50d241b3-ea25-4cf9-99a7-c49494c159ad&order=exercise_number "HTTP/2 200 OK"
2025-02-28 21:25:57,502 - httpx - INFO - HTTP Request: GET https://hmdqtnywfebxjugxzlvc.supabase.co/rest/v1/exercises?select=%2A&chapter=eq.1dd21854-30ec-46fa-81a7-afbd85d6ffde&order=exercise_number "HTTP/2 200 OK"
2025-02-28 21:25:57,554 - httpx - INFO - HTTP Request: GET https://hmdqtnywfebxjugxzlvc.supabase.co/rest/v1/exercises?select=%2A&chapter=eq.3d8882ba-e250-47a6-9126-d1d9686180c0&order=exercise_number "HTTP/2 200 OK"
2025-02-28 21:25:57,597 - httpx - INFO - HTTP Request: GET https://hmdqtnywfebxjugxzlvc.supabase.co/rest/v1/exercises?select=%2A&chapter=eq.7696d86e-4896-480c-97ca-074187a7d72f&order=exercise_number "HTTP/2 200 OK"
2025-02-28 21:25:57,649 - httpx - INFO - HTTP Request: GET https://hmdqtnywfebxjugxzlvc.supabase.co/rest/v1/exercises?select=%2A&chapter=eq.d3b6ee9b-f1bf-410f-8806-d58d70c2e472&order=exercise_number "HTTP/2 200 OK"
2025-02-28 21:25:57,696 - httpx - INFO - HTTP Request: GET https://hmdqtnywfebxjugxzlvc.supabase.co/rest/v1/exercises?select=%2A&chapter=eq.169eec6f-dfa7-4a23-8d87-3679d854fcab&order=exercise_number "HTTP/2 200 OK"
2025-02-28 21:25:57,743 - httpx - INFO - HTTP Request: GET https://hmdqtnywfebxjugxzlvc.supabase.co/rest/v1/exercises?select=%2A&chapter=eq.e6401d94-bec6-40d9-9143-0bc6f8c71395&order=exercise_number "HTTP/2 200 OK"
2025-02-28 21:25:57,790 - httpx - INFO - HTTP Request: GET https://hmdqtnywfebxjugxzlvc.supabase.co/rest/v1/exercises?select=%2A&chapter=eq.a4854a52-ef4b-4539-8855-6133e34166b4&order=exercise_number "HTTP/2 200 OK"
2025-02-28 21:25:57,855 - httpx - INFO - HTTP Request: GET https://hmdqtnywfebxjugxzlvc.supabase.co/rest/v1/exercises?select=%2A&chapter=eq.e2cbbaa5-185c-4ed4-9d9c-96b3060299c6&order=exercise_number "HTTP/2 200 OK"
2025-02-28 21:25:57,899 - httpx - INFO - HTTP Request: GET https://hmdqtnywfebxjugxzlvc.supabase.co/rest/v1/exercises?select=%2A&chapter=eq.053d2b85-ae6a-4f1a-9a02-9a288ee6ab36&order=exercise_number "HTTP/2 200 OK"
2025-02-28 21:25:57,942 - httpx - INFO - HTTP Request: GET https://hmdqtnywfebxjugxzlvc.supabase.co/rest/v1/exercises?select=%2A&chapter=eq.0a4c4fe7-67a6-4794-8d22-f0ac5731e91b&order=exercise_number "HTTP/2 200 OK"
2025-02-28 21:25:57,995 - httpx - INFO - HTTP Request: GET https://hmdqtnywfebxjugxzlvc.supabase.co/rest/v1/exercises?select=%2A&chapter=eq.af3171fa-3ef6-4ba6-8fef-d66ba81071b9&order=exercise_number "HTTP/2 200 OK"
2025-02-28 21:25:58,063 - httpx - INFO - HTTP Request: GET https://hmdqtnywfebxjugxzlvc.supabase.co/rest/v1/exercises?select=%2A&chapter=eq.88a42500-682b-4970-a065-c06ac5b5e0b2&order=exercise_number "HTTP/2 200 OK"
2025-02-28 21:25:58,107 - httpx - INFO - HTTP Request: GET https://hmdqtnywfebxjugxzlvc.supabase.co/rest/v1/exercises?select=%2A&chapter=eq.6c883d2a-3b32-4b41-971c-56151a80d6ec&order=exercise_number "HTTP/2 200 OK"
2025-02-28 21:25:58,164 - httpx - INFO - HTTP Request: GET https://hmdqtnywfebxjugxzlvc.supabase.co/rest/v1/exercises?select=%2A&chapter=eq.92bb1c5c-5f09-4fe9-bdbf-0b0d0378449c&order=exercise_number "HTTP/2 200 OK"
2025-02-28 21:25:58,212 - httpx - INFO - HTTP Request: GET https://hmdqtnywfebxjugxzlvc.supabase.co/rest/v1/exercises?select=%2A&chapter=eq.ac236f71-468c-4928-b83e-d8bcac6d79fa&order=exercise_number "HTTP/2 200 OK"
2025-02-28 21:25:58,260 - httpx - INFO - HTTP Request: GET https://hmdqtnywfebxjugxzlvc.supabase.co/rest/v1/exercises?select=%2A&chapter=eq.0648531a-f5ed-4bc2-8935-1c7372192e7f&order=exercise_number "HTTP/2 200 OK"
2025-02-28 21:25:58,307 - httpx - INFO - HTTP Request: GET https://hmdqtnywfebxjugxzlvc.supabase.co/rest/v1/exercises?select=%2A&chapter=eq.e1881f43-702c-4082-baf0-02f3c9c1b252&order=exercise_number "HTTP/2 200 OK"
2025-02-28 21:25:58,354 - httpx - INFO - HTTP Request: GET https://hmdqtnywfebxjugxzlvc.supabase.co/rest/v1/exercises?select=%2A&chapter=eq.6becf607-7626-4cf9-a9a4-fd0498f18da4&order=exercise_number "HTTP/2 200 OK"
2025-02-28 21:25:58,399 - httpx - INFO - HTTP Request: GET https://hmdqtnywfebxjugxzlvc.supabase.co/rest/v1/exercises?select=%2A&chapter=eq.8ded5b0d-8e60-44a4-b892-1c33d65e4a0e&order=exercise_number "HTTP/2 200 OK"
2025-02-28 21:25:58,439 - httpx - INFO - HTTP Request: GET https://hmdqtnywfebxjugxzlvc.supabase.co/rest/v1/exercises?select=%2A&chapter=eq.bb36a096-8c19-4eea-a904-f41503537c26&order=exercise_number "HTTP/2 200 OK"
2025-02-28 21:25:58,490 - httpx - INFO - HTTP Request: GET https://hmdqtnywfebxjugxzlvc.supabase.co/rest/v1/exercises?select=%2A&chapter=eq.c0cd93f5-72be-4242-807b-327333442869&order=exercise_number "HTTP/2 200 OK"
2025-02-28 21:25:58,533 - httpx - INFO - HTTP Request: GET https://hmdqtnywfebxjugxzlvc.supabase.co/rest/v1/exercises?select=%2A&chapter=eq.172e883b-c367-4458-8dbd-7979aea47753&order=exercise_number "HTTP/2 200 OK"
2025-02-28 21:25:58,533 - __main__ - INFO - Successfully copied textbook data from abd70059-0f1d-4c17-82a5-9e034356f21c to abd70059-0f1d-4c17-82a5-9e034356f21c
2025-02-28 21:25:58,533 - table_of_contents_extractor - INFO - Loaded existing TOC from /Users/ashoksaravanan/Coding/ScribeLec/server/uploads/toc_Vanderbei.json
2025-02-28 21:25:58,610 - httpx - INFO - HTTP Request: GET https://hmdqtnywfebxjugxzlvc.supabase.co/rest/v1/documents?select=%2A&textbook=eq.abd70059-0f1d-4c17-82a5-9e034356f21c "HTTP/2 200 OK"
2025-02-28 21:25:58,908 - httpx - INFO - HTTP Request: POST https://hmdqtnywfebxjugxzlvc.supabase.co/rest/v1/documents?columns=%22page%22%2C%22text%22%2C%22chapter%22%2C%22id%22%2C%22textbook%22%2C%22exercises%22 "HTTP/2 200 OK"
2025-02-28 21:25:58,911 - __main__ - INFO - Updated batch of 50 documents with chapter/exercise IDs
2025-02-28 21:25:59,051 - httpx - INFO - HTTP Request: POST https://hmdqtnywfebxjugxzlvc.supabase.co/rest/v1/documents?columns=%22page%22%2C%22text%22%2C%22chapter%22%2C%22id%22%2C%22textbook%22%2C%22exercises%22 "HTTP/2 200 OK"
2025-02-28 21:25:59,061 - __main__ - INFO - Updated batch of 50 documents with chapter/exercise IDs
2025-02-28 21:25:59,193 - httpx - INFO - HTTP Request: POST https://hmdqtnywfebxjugxzlvc.supabase.co/rest/v1/documents?columns=%22page%22%2C%22text%22%2C%22chapter%22%2C%22id%22%2C%22textbook%22%2C%22exercises%22 "HTTP/2 200 OK"
2025-02-28 21:25:59,198 - __main__ - INFO - Updated batch of 50 documents with chapter/exercise IDs
2025-02-28 21:25:59,330 - httpx - INFO - HTTP Request: POST https://hmdqtnywfebxjugxzlvc.supabase.co/rest/v1/documents?columns=%22page%22%2C%22text%22%2C%22chapter%22%2C%22id%22%2C%22textbook%22%2C%22exercises%22 "HTTP/2 200 OK"
2025-02-28 21:25:59,351 - __main__ - INFO - Updated batch of 50 documents with chapter/exercise IDs
2025-02-28 21:25:59,465 - httpx - INFO - HTTP Request: POST https://hmdqtnywfebxjugxzlvc.supabase.co/rest/v1/documents?columns=%22page%22%2C%22text%22%2C%22chapter%22%2C%22id%22%2C%22textbook%22%2C%22exercises%22 "HTTP/2 200 OK"
2025-02-28 21:25:59,534 - __main__ - INFO - Updated batch of 50 documents with chapter/exercise IDs
2025-02-28 21:25:59,654 - httpx - INFO - HTTP Request: POST https://hmdqtnywfebxjugxzlvc.supabase.co/rest/v1/documents?columns=%22page%22%2C%22text%22%2C%22chapter%22%2C%22id%22%2C%22textbook%22%2C%22exercises%22 "HTTP/2 200 OK"
2025-02-28 21:25:59,706 - __main__ - INFO - Updated batch of 50 documents with chapter/exercise IDs
2025-02-28 21:25:59,825 - httpx - INFO - HTTP Request: POST https://hmdqtnywfebxjugxzlvc.supabase.co/rest/v1/documents?columns=%22page%22%2C%22text%22%2C%22chapter%22%2C%22id%22%2C%22textbook%22%2C%22exercises%22 "HTTP/2 200 OK"
2025-02-28 21:25:59,872 - __main__ - INFO - Updated batch of 50 documents with chapter/exercise IDs
2025-02-28 21:26:00,023 - httpx - INFO - HTTP Request: POST https://hmdqtnywfebxjugxzlvc.supabase.co/rest/v1/documents?columns=%22page%22%2C%22text%22%2C%22chapter%22%2C%22id%22%2C%22textbook%22%2C%22exercises%22 "HTTP/2 200 OK"
2025-02-28 21:26:00,059 - __main__ - INFO - Updated batch of 50 documents with chapter/exercise IDs
2025-02-28 21:26:00,117 - httpx - INFO - HTTP Request: POST https://hmdqtnywfebxjugxzlvc.supabase.co/rest/v1/documents?columns=%22page%22%2C%22text%22%2C%22chapter%22%2C%22id%22%2C%22textbook%22%2C%22exercises%22 "HTTP/2 200 OK"
2025-02-28 21:26:00,118 - __main__ - INFO - Updated batch of 1 documents with chapter/exercise IDs
2025-02-28 23:45:45,086 - table_of_contents_extractor - INFO - Loaded existing TOC from /Users/ashoksaravanan/Coding/ScribeLec/server/uploads/toc_Vanderbei.json
2025-02-28 23:45:45,100 - table_of_contents_extractor - INFO - Loaded existing TOC from /Users/ashoksaravanan/Coding/ScribeLec/server/uploads/toc_Vanderbei.json
2025-02-28 23:45:45,103 - __main__ - INFO - Using existing textbook data from ID: abd70059-0f1d-4c17-82a5-9e034356f21c
2025-02-28 23:45:45,312 - httpx - INFO - HTTP Request: GET https://hmdqtnywfebxjugxzlvc.supabase.co/rest/v1/chapters?select=%2A&textbook=eq.abd70059-0f1d-4c17-82a5-9e034356f21c&order=chapter_number "HTTP/2 200 OK"
2025-02-28 23:45:45,378 - httpx - INFO - HTTP Request: GET https://hmdqtnywfebxjugxzlvc.supabase.co/rest/v1/exercises?select=%2A&chapter=eq.ebbec7dd-8f42-4c2a-9de9-20c1676e1a06&order=exercise_number "HTTP/2 200 OK"
2025-02-28 23:45:45,471 - httpx - INFO - HTTP Request: GET https://hmdqtnywfebxjugxzlvc.supabase.co/rest/v1/exercises?select=%2A&chapter=eq.0f25c3d4-ac47-429f-97e2-e8f34399b304&order=exercise_number "HTTP/2 200 OK"
2025-02-28 23:45:45,555 - httpx - INFO - HTTP Request: GET https://hmdqtnywfebxjugxzlvc.supabase.co/rest/v1/exercises?select=%2A&chapter=eq.50d241b3-ea25-4cf9-99a7-c49494c159ad&order=exercise_number "HTTP/2 200 OK"
2025-02-28 23:45:45,650 - httpx - INFO - HTTP Request: GET https://hmdqtnywfebxjugxzlvc.supabase.co/rest/v1/exercises?select=%2A&chapter=eq.1dd21854-30ec-46fa-81a7-afbd85d6ffde&order=exercise_number "HTTP/2 200 OK"
2025-02-28 23:45:45,743 - httpx - INFO - HTTP Request: GET https://hmdqtnywfebxjugxzlvc.supabase.co/rest/v1/exercises?select=%2A&chapter=eq.3d8882ba-e250-47a6-9126-d1d9686180c0&order=exercise_number "HTTP/2 200 OK"
2025-02-28 23:45:45,818 - httpx - INFO - HTTP Request: GET https://hmdqtnywfebxjugxzlvc.supabase.co/rest/v1/exercises?select=%2A&chapter=eq.7696d86e-4896-480c-97ca-074187a7d72f&order=exercise_number "HTTP/2 200 OK"
2025-02-28 23:45:45,868 - httpx - INFO - HTTP Request: GET https://hmdqtnywfebxjugxzlvc.supabase.co/rest/v1/exercises?select=%2A&chapter=eq.d3b6ee9b-f1bf-410f-8806-d58d70c2e472&order=exercise_number "HTTP/2 200 OK"
2025-02-28 23:45:45,917 - httpx - INFO - HTTP Request: GET https://hmdqtnywfebxjugxzlvc.supabase.co/rest/v1/exercises?select=%2A&chapter=eq.169eec6f-dfa7-4a23-8d87-3679d854fcab&order=exercise_number "HTTP/2 200 OK"
2025-02-28 23:45:45,962 - httpx - INFO - HTTP Request: GET https://hmdqtnywfebxjugxzlvc.supabase.co/rest/v1/exercises?select=%2A&chapter=eq.e6401d94-bec6-40d9-9143-0bc6f8c71395&order=exercise_number "HTTP/2 200 OK"
2025-02-28 23:45:46,034 - httpx - INFO - HTTP Request: GET https://hmdqtnywfebxjugxzlvc.supabase.co/rest/v1/exercises?select=%2A&chapter=eq.a4854a52-ef4b-4539-8855-6133e34166b4&order=exercise_number "HTTP/2 200 OK"
2025-02-28 23:45:46,078 - httpx - INFO - HTTP Request: GET https://hmdqtnywfebxjugxzlvc.supabase.co/rest/v1/exercises?select=%2A&chapter=eq.e2cbbaa5-185c-4ed4-9d9c-96b3060299c6&order=exercise_number "HTTP/2 200 OK"
2025-02-28 23:45:46,127 - httpx - INFO - HTTP Request: GET https://hmdqtnywfebxjugxzlvc.supabase.co/rest/v1/exercises?select=%2A&chapter=eq.053d2b85-ae6a-4f1a-9a02-9a288ee6ab36&order=exercise_number "HTTP/2 200 OK"
2025-02-28 23:45:46,213 - httpx - INFO - HTTP Request: GET https://hmdqtnywfebxjugxzlvc.supabase.co/rest/v1/exercises?select=%2A&chapter=eq.0a4c4fe7-67a6-4794-8d22-f0ac5731e91b&order=exercise_number "HTTP/2 200 OK"
2025-02-28 23:45:46,269 - httpx - INFO - HTTP Request: GET https://hmdqtnywfebxjugxzlvc.supabase.co/rest/v1/exercises?select=%2A&chapter=eq.af3171fa-3ef6-4ba6-8fef-d66ba81071b9&order=exercise_number "HTTP/2 200 OK"
2025-02-28 23:45:46,345 - httpx - INFO - HTTP Request: GET https://hmdqtnywfebxjugxzlvc.supabase.co/rest/v1/exercises?select=%2A&chapter=eq.88a42500-682b-4970-a065-c06ac5b5e0b2&order=exercise_number "HTTP/2 200 OK"
2025-02-28 23:45:46,388 - httpx - INFO - HTTP Request: GET https://hmdqtnywfebxjugxzlvc.supabase.co/rest/v1/exercises?select=%2A&chapter=eq.6c883d2a-3b32-4b41-971c-56151a80d6ec&order=exercise_number "HTTP/2 200 OK"
2025-02-28 23:45:46,457 - httpx - INFO - HTTP Request: GET https://hmdqtnywfebxjugxzlvc.supabase.co/rest/v1/exercises?select=%2A&chapter=eq.92bb1c5c-5f09-4fe9-bdbf-0b0d0378449c&order=exercise_number "HTTP/2 200 OK"
2025-02-28 23:45:46,504 - httpx - INFO - HTTP Request: GET https://hmdqtnywfebxjugxzlvc.supabase.co/rest/v1/exercises?select=%2A&chapter=eq.ac236f71-468c-4928-b83e-d8bcac6d79fa&order=exercise_number "HTTP/2 200 OK"
2025-02-28 23:45:46,582 - httpx - INFO - HTTP Request: GET https://hmdqtnywfebxjugxzlvc.supabase.co/rest/v1/exercises?select=%2A&chapter=eq.0648531a-f5ed-4bc2-8935-1c7372192e7f&order=exercise_number "HTTP/2 200 OK"
2025-02-28 23:45:46,652 - httpx - INFO - HTTP Request: GET https://hmdqtnywfebxjugxzlvc.supabase.co/rest/v1/exercises?select=%2A&chapter=eq.e1881f43-702c-4082-baf0-02f3c9c1b252&order=exercise_number "HTTP/2 200 OK"
2025-02-28 23:45:46,697 - httpx - INFO - HTTP Request: GET https://hmdqtnywfebxjugxzlvc.supabase.co/rest/v1/exercises?select=%2A&chapter=eq.6becf607-7626-4cf9-a9a4-fd0498f18da4&order=exercise_number "HTTP/2 200 OK"
2025-02-28 23:45:46,768 - httpx - INFO - HTTP Request: GET https://hmdqtnywfebxjugxzlvc.supabase.co/rest/v1/exercises?select=%2A&chapter=eq.8ded5b0d-8e60-44a4-b892-1c33d65e4a0e&order=exercise_number "HTTP/2 200 OK"
2025-02-28 23:45:46,837 - httpx - INFO - HTTP Request: GET https://hmdqtnywfebxjugxzlvc.supabase.co/rest/v1/exercises?select=%2A&chapter=eq.bb36a096-8c19-4eea-a904-f41503537c26&order=exercise_number "HTTP/2 200 OK"
2025-02-28 23:45:46,882 - httpx - INFO - HTTP Request: GET https://hmdqtnywfebxjugxzlvc.supabase.co/rest/v1/exercises?select=%2A&chapter=eq.c0cd93f5-72be-4242-807b-327333442869&order=exercise_number "HTTP/2 200 OK"
2025-02-28 23:45:46,929 - httpx - INFO - HTTP Request: GET https://hmdqtnywfebxjugxzlvc.supabase.co/rest/v1/exercises?select=%2A&chapter=eq.172e883b-c367-4458-8dbd-7979aea47753&order=exercise_number "HTTP/2 200 OK"
2025-02-28 23:45:46,931 - __main__ - INFO - Successfully copied textbook data from abd70059-0f1d-4c17-82a5-9e034356f21c to abd70059-0f1d-4c17-82a5-9e034356f21c
2025-02-28 23:45:46,931 - table_of_contents_extractor - INFO - Loaded existing TOC from /Users/ashoksaravanan/Coding/ScribeLec/server/uploads/toc_Vanderbei.json
2025-02-28 23:45:47,094 - httpx - INFO - HTTP Request: GET https://hmdqtnywfebxjugxzlvc.supabase.co/rest/v1/documents?select=%2A&textbook=eq.abd70059-0f1d-4c17-82a5-9e034356f21c "HTTP/2 200 OK"
2025-02-28 23:45:47,387 - httpx - INFO - HTTP Request: POST https://hmdqtnywfebxjugxzlvc.supabase.co/rest/v1/documents?columns=%22exercises%22%2C%22text%22%2C%22textbook%22%2C%22id%22%2C%22page%22%2C%22chapter%22 "HTTP/2 200 OK"
2025-02-28 23:45:47,392 - __main__ - INFO - Updated batch of 50 documents with chapter/exercise IDs
2025-02-28 23:45:47,559 - httpx - INFO - HTTP Request: POST https://hmdqtnywfebxjugxzlvc.supabase.co/rest/v1/documents?columns=%22exercises%22%2C%22text%22%2C%22textbook%22%2C%22id%22%2C%22page%22%2C%22chapter%22 "HTTP/2 200 OK"
2025-02-28 23:45:47,562 - __main__ - INFO - Updated batch of 50 documents with chapter/exercise IDs
2025-02-28 23:45:47,735 - httpx - INFO - HTTP Request: POST https://hmdqtnywfebxjugxzlvc.supabase.co/rest/v1/documents?columns=%22text%22%2C%22exercises%22%2C%22textbook%22%2C%22id%22%2C%22page%22%2C%22chapter%22 "HTTP/2 200 OK"
2025-02-28 23:45:47,750 - __main__ - INFO - Updated batch of 50 documents with chapter/exercise IDs
2025-02-28 23:45:47,953 - httpx - INFO - HTTP Request: POST https://hmdqtnywfebxjugxzlvc.supabase.co/rest/v1/documents?columns=%22text%22%2C%22exercises%22%2C%22textbook%22%2C%22id%22%2C%22page%22%2C%22chapter%22 "HTTP/2 200 OK"
2025-02-28 23:45:47,962 - __main__ - INFO - Updated batch of 50 documents with chapter/exercise IDs
2025-02-28 23:45:48,124 - httpx - INFO - HTTP Request: POST https://hmdqtnywfebxjugxzlvc.supabase.co/rest/v1/documents?columns=%22text%22%2C%22exercises%22%2C%22textbook%22%2C%22id%22%2C%22page%22%2C%22chapter%22 "HTTP/2 200 OK"
2025-02-28 23:45:48,137 - __main__ - INFO - Updated batch of 50 documents with chapter/exercise IDs
2025-02-28 23:45:48,329 - httpx - INFO - HTTP Request: POST https://hmdqtnywfebxjugxzlvc.supabase.co/rest/v1/documents?columns=%22text%22%2C%22exercises%22%2C%22textbook%22%2C%22id%22%2C%22page%22%2C%22chapter%22 "HTTP/2 200 OK"
2025-02-28 23:45:48,336 - __main__ - INFO - Updated batch of 50 documents with chapter/exercise IDs
2025-02-28 23:45:48,485 - httpx - INFO - HTTP Request: POST https://hmdqtnywfebxjugxzlvc.supabase.co/rest/v1/documents?columns=%22text%22%2C%22exercises%22%2C%22textbook%22%2C%22id%22%2C%22page%22%2C%22chapter%22 "HTTP/2 200 OK"
2025-02-28 23:45:48,490 - __main__ - INFO - Updated batch of 50 documents with chapter/exercise IDs
2025-02-28 23:45:48,635 - httpx - INFO - HTTP Request: POST https://hmdqtnywfebxjugxzlvc.supabase.co/rest/v1/documents?columns=%22text%22%2C%22exercises%22%2C%22textbook%22%2C%22id%22%2C%22page%22%2C%22chapter%22 "HTTP/2 200 OK"
2025-02-28 23:45:48,639 - __main__ - INFO - Updated batch of 50 documents with chapter/exercise IDs
2025-02-28 23:45:48,721 - httpx - INFO - HTTP Request: POST https://hmdqtnywfebxjugxzlvc.supabase.co/rest/v1/documents?columns=%22text%22%2C%22exercises%22%2C%22textbook%22%2C%22id%22%2C%22page%22%2C%22chapter%22 "HTTP/2 200 OK"
2025-02-28 23:45:48,729 - __main__ - INFO - Updated batch of 1 documents with chapter/exercise IDs
2025-02-28 23:45:49,153 - httpx - INFO - HTTP Request: POST https://hmdqtnywfebxjugxzlvc.supabase.co/storage/v1/object/exercises/c770c9bb-4de1-44be-aacb-b4bea3efbacf/abd70059-0f1d-4c17-82a5-9e034356f21c/0baaaaa8-0fa1-403b-b80f-77e45e17b4d9.png "HTTP/2 200 OK"
2025-02-28 23:45:49,577 - httpx - INFO - HTTP Request: POST https://hmdqtnywfebxjugxzlvc.supabase.co/storage/v1/object/exercises/c770c9bb-4de1-44be-aacb-b4bea3efbacf/abd70059-0f1d-4c17-82a5-9e034356f21c/d693f247-ac66-4d6c-afa5-545dc607ae34.png "HTTP/2 200 OK"
2025-02-28 23:45:49,815 - httpx - INFO - HTTP Request: POST https://hmdqtnywfebxjugxzlvc.supabase.co/storage/v1/object/exercises/c770c9bb-4de1-44be-aacb-b4bea3efbacf/abd70059-0f1d-4c17-82a5-9e034356f21c/d9c0b15a-0e51-4479-ab9c-af4545e6f031.png "HTTP/2 200 OK"
2025-02-28 23:45:50,027 - httpx - INFO - HTTP Request: POST https://hmdqtnywfebxjugxzlvc.supabase.co/storage/v1/object/exercises/c770c9bb-4de1-44be-aacb-b4bea3efbacf/abd70059-0f1d-4c17-82a5-9e034356f21c/af53413d-8e38-44ef-975c-b8c3352fecb6.png "HTTP/2 200 OK"
2025-02-28 23:45:50,219 - httpx - INFO - HTTP Request: POST https://hmdqtnywfebxjugxzlvc.supabase.co/storage/v1/object/exercises/c770c9bb-4de1-44be-aacb-b4bea3efbacf/abd70059-0f1d-4c17-82a5-9e034356f21c/c03cfe68-fb7f-477e-a4bc-5aff96e621d8.png "HTTP/2 200 OK"
2025-02-28 23:45:50,419 - httpx - INFO - HTTP Request: POST https://hmdqtnywfebxjugxzlvc.supabase.co/storage/v1/object/exercises/c770c9bb-4de1-44be-aacb-b4bea3efbacf/abd70059-0f1d-4c17-82a5-9e034356f21c/6d8ce2e2-3cd4-4a92-afef-6eda16a01679.png "HTTP/2 200 OK"
2025-02-28 23:45:50,623 - httpx - INFO - HTTP Request: POST https://hmdqtnywfebxjugxzlvc.supabase.co/storage/v1/object/exercises/c770c9bb-4de1-44be-aacb-b4bea3efbacf/abd70059-0f1d-4c17-82a5-9e034356f21c/5830d734-1096-4fa7-95c9-67cf380c5b64.png "HTTP/2 200 OK"
2025-02-28 23:45:50,831 - httpx - INFO - HTTP Request: POST https://hmdqtnywfebxjugxzlvc.supabase.co/storage/v1/object/exercises/c770c9bb-4de1-44be-aacb-b4bea3efbacf/abd70059-0f1d-4c17-82a5-9e034356f21c/14159020-b18b-40b8-8f78-443431f987c3.png "HTTP/2 200 OK"
2025-02-28 23:45:51,048 - httpx - INFO - HTTP Request: POST https://hmdqtnywfebxjugxzlvc.supabase.co/storage/v1/object/exercises/c770c9bb-4de1-44be-aacb-b4bea3efbacf/abd70059-0f1d-4c17-82a5-9e034356f21c/e61dec4c-2bc3-4125-b90e-0b00e19dc54f.png "HTTP/2 200 OK"
2025-02-28 23:45:51,310 - httpx - INFO - HTTP Request: POST https://hmdqtnywfebxjugxzlvc.supabase.co/storage/v1/object/exercises/c770c9bb-4de1-44be-aacb-b4bea3efbacf/abd70059-0f1d-4c17-82a5-9e034356f21c/6a071bfe-36ec-4ca3-8f13-54db51459643.png "HTTP/2 200 OK"
2025-02-28 23:45:51,635 - httpx - INFO - HTTP Request: POST https://hmdqtnywfebxjugxzlvc.supabase.co/storage/v1/object/exercises/c770c9bb-4de1-44be-aacb-b4bea3efbacf/abd70059-0f1d-4c17-82a5-9e034356f21c/ad0f5c78-e381-4e3a-bc63-b2b26cfdfba5.png "HTTP/2 200 OK"
2025-02-28 23:45:51,840 - httpx - INFO - HTTP Request: POST https://hmdqtnywfebxjugxzlvc.supabase.co/storage/v1/object/exercises/c770c9bb-4de1-44be-aacb-b4bea3efbacf/abd70059-0f1d-4c17-82a5-9e034356f21c/5a75d2d0-3a8c-49f0-9158-c47ac2232c33.png "HTTP/2 200 OK"
2025-02-28 23:45:52,011 - httpx - INFO - HTTP Request: POST https://hmdqtnywfebxjugxzlvc.supabase.co/storage/v1/object/exercises/c770c9bb-4de1-44be-aacb-b4bea3efbacf/abd70059-0f1d-4c17-82a5-9e034356f21c/6aef2b6f-90d6-45f6-928b-bc2967bd6153.png "HTTP/2 200 OK"
2025-02-28 23:45:52,334 - httpx - INFO - HTTP Request: POST https://hmdqtnywfebxjugxzlvc.supabase.co/storage/v1/object/exercises/c770c9bb-4de1-44be-aacb-b4bea3efbacf/abd70059-0f1d-4c17-82a5-9e034356f21c/849e2fa1-12ea-4d24-bd1c-7f115e821408.png "HTTP/2 200 OK"
2025-02-28 23:45:52,515 - httpx - INFO - HTTP Request: POST https://hmdqtnywfebxjugxzlvc.supabase.co/storage/v1/object/exercises/c770c9bb-4de1-44be-aacb-b4bea3efbacf/abd70059-0f1d-4c17-82a5-9e034356f21c/d76a9ded-1acc-48b0-a59b-b04fa3f135b6.png "HTTP/2 200 OK"
2025-02-28 23:45:52,703 - httpx - INFO - HTTP Request: POST https://hmdqtnywfebxjugxzlvc.supabase.co/storage/v1/object/exercises/c770c9bb-4de1-44be-aacb-b4bea3efbacf/abd70059-0f1d-4c17-82a5-9e034356f21c/e7fa45f5-adb5-4890-8130-0d04578aeee9.png "HTTP/2 200 OK"
2025-02-28 23:45:53,033 - httpx - INFO - HTTP Request: POST https://hmdqtnywfebxjugxzlvc.supabase.co/storage/v1/object/exercises/c770c9bb-4de1-44be-aacb-b4bea3efbacf/abd70059-0f1d-4c17-82a5-9e034356f21c/e42fd663-cc35-45cb-a710-cc0e1f82ebd1.png "HTTP/2 200 OK"
2025-02-28 23:45:53,225 - httpx - INFO - HTTP Request: POST https://hmdqtnywfebxjugxzlvc.supabase.co/storage/v1/object/exercises/c770c9bb-4de1-44be-aacb-b4bea3efbacf/abd70059-0f1d-4c17-82a5-9e034356f21c/12097610-eb95-4865-a298-bd17fde8a26c.png "HTTP/2 200 OK"
2025-02-28 23:45:53,410 - httpx - INFO - HTTP Request: POST https://hmdqtnywfebxjugxzlvc.supabase.co/storage/v1/object/exercises/c770c9bb-4de1-44be-aacb-b4bea3efbacf/abd70059-0f1d-4c17-82a5-9e034356f21c/111f2f51-64d3-499f-aa27-03c94531a3fd.png "HTTP/2 200 OK"
2025-02-28 23:45:53,801 - httpx - INFO - HTTP Request: POST https://hmdqtnywfebxjugxzlvc.supabase.co/storage/v1/object/exercises/c770c9bb-4de1-44be-aacb-b4bea3efbacf/abd70059-0f1d-4c17-82a5-9e034356f21c/3a7d294c-2d79-4ec7-8cf1-fa7c861f2314.png "HTTP/2 200 OK"
2025-02-28 23:45:53,993 - httpx - INFO - HTTP Request: POST https://hmdqtnywfebxjugxzlvc.supabase.co/storage/v1/object/exercises/c770c9bb-4de1-44be-aacb-b4bea3efbacf/abd70059-0f1d-4c17-82a5-9e034356f21c/583318ae-b9e0-4e0c-ad60-4a4cda72b428.png "HTTP/2 200 OK"
2025-02-28 23:45:54,344 - httpx - INFO - HTTP Request: POST https://hmdqtnywfebxjugxzlvc.supabase.co/storage/v1/object/exercises/c770c9bb-4de1-44be-aacb-b4bea3efbacf/abd70059-0f1d-4c17-82a5-9e034356f21c/a2a2bba9-f3b6-42da-baac-78ec94c05a7a.png "HTTP/2 200 OK"
2025-02-28 23:45:54,661 - httpx - INFO - HTTP Request: POST https://hmdqtnywfebxjugxzlvc.supabase.co/storage/v1/object/exercises/c770c9bb-4de1-44be-aacb-b4bea3efbacf/abd70059-0f1d-4c17-82a5-9e034356f21c/fa986941-f83f-4cc7-9b79-adb193b97072.png "HTTP/2 200 OK"
2025-02-28 23:45:54,976 - httpx - INFO - HTTP Request: POST https://hmdqtnywfebxjugxzlvc.supabase.co/storage/v1/object/exercises/c770c9bb-4de1-44be-aacb-b4bea3efbacf/abd70059-0f1d-4c17-82a5-9e034356f21c/6c876fcf-bafa-4ac3-86c2-00654bf33814.png "HTTP/2 200 OK"
2025-02-28 23:45:55,307 - httpx - INFO - HTTP Request: POST https://hmdqtnywfebxjugxzlvc.supabase.co/storage/v1/object/exercises/c770c9bb-4de1-44be-aacb-b4bea3efbacf/abd70059-0f1d-4c17-82a5-9e034356f21c/ac248347-47f4-4d60-8198-44556513d31c.png "HTTP/2 200 OK"
2025-02-28 23:45:55,672 - httpx - INFO - HTTP Request: POST https://hmdqtnywfebxjugxzlvc.supabase.co/storage/v1/object/exercises/c770c9bb-4de1-44be-aacb-b4bea3efbacf/abd70059-0f1d-4c17-82a5-9e034356f21c/034acf48-7fef-4eaa-a6f1-05f69c991254.png "HTTP/2 200 OK"
2025-02-28 23:45:56,169 - httpx - INFO - HTTP Request: POST https://hmdqtnywfebxjugxzlvc.supabase.co/storage/v1/object/exercises/c770c9bb-4de1-44be-aacb-b4bea3efbacf/abd70059-0f1d-4c17-82a5-9e034356f21c/92a694d3-3c3d-4126-8520-49a5a9230080.png "HTTP/2 200 OK"
2025-02-28 23:45:56,512 - httpx - INFO - HTTP Request: POST https://hmdqtnywfebxjugxzlvc.supabase.co/storage/v1/object/exercises/c770c9bb-4de1-44be-aacb-b4bea3efbacf/abd70059-0f1d-4c17-82a5-9e034356f21c/13f95f27-3fdb-48e8-8bc9-9243f66932db.png "HTTP/2 200 OK"
2025-02-28 23:45:56,859 - httpx - INFO - HTTP Request: POST https://hmdqtnywfebxjugxzlvc.supabase.co/storage/v1/object/exercises/c770c9bb-4de1-44be-aacb-b4bea3efbacf/abd70059-0f1d-4c17-82a5-9e034356f21c/ca442a36-2581-4fbf-884c-8b2702d169fc.png "HTTP/2 200 OK"
2025-02-28 23:45:57,031 - httpx - INFO - HTTP Request: POST https://hmdqtnywfebxjugxzlvc.supabase.co/storage/v1/object/exercises/c770c9bb-4de1-44be-aacb-b4bea3efbacf/abd70059-0f1d-4c17-82a5-9e034356f21c/02205ab4-ef41-48df-bd0f-ed52b23d8eaa.png "HTTP/2 200 OK"
2025-02-28 23:45:57,218 - httpx - INFO - HTTP Request: POST https://hmdqtnywfebxjugxzlvc.supabase.co/storage/v1/object/exercises/c770c9bb-4de1-44be-aacb-b4bea3efbacf/abd70059-0f1d-4c17-82a5-9e034356f21c/a04155e6-4957-41c1-bf42-16bea25a5695.png "HTTP/2 200 OK"
2025-02-28 23:45:57,628 - httpx - INFO - HTTP Request: POST https://hmdqtnywfebxjugxzlvc.supabase.co/storage/v1/object/exercises/c770c9bb-4de1-44be-aacb-b4bea3efbacf/abd70059-0f1d-4c17-82a5-9e034356f21c/b9aff2cd-1496-4d52-8d97-1fb6231887a4.png "HTTP/2 200 OK"
2025-02-28 23:45:57,894 - httpx - INFO - HTTP Request: POST https://hmdqtnywfebxjugxzlvc.supabase.co/storage/v1/object/exercises/c770c9bb-4de1-44be-aacb-b4bea3efbacf/abd70059-0f1d-4c17-82a5-9e034356f21c/3124c4c8-11db-4925-a388-cfb92010d568.png "HTTP/2 200 OK"
2025-02-28 23:45:58,112 - httpx - INFO - HTTP Request: POST https://hmdqtnywfebxjugxzlvc.supabase.co/storage/v1/object/exercises/c770c9bb-4de1-44be-aacb-b4bea3efbacf/abd70059-0f1d-4c17-82a5-9e034356f21c/ae12438d-255f-49a3-94fb-7a3f0de5e024.png "HTTP/2 200 OK"
2025-02-28 23:45:58,350 - httpx - INFO - HTTP Request: POST https://hmdqtnywfebxjugxzlvc.supabase.co/storage/v1/object/exercises/c770c9bb-4de1-44be-aacb-b4bea3efbacf/abd70059-0f1d-4c17-82a5-9e034356f21c/ec733cf6-353e-47b4-b582-b8c57bc69a8c.png "HTTP/2 200 OK"
2025-02-28 23:45:58,516 - httpx - INFO - HTTP Request: POST https://hmdqtnywfebxjugxzlvc.supabase.co/storage/v1/object/exercises/c770c9bb-4de1-44be-aacb-b4bea3efbacf/abd70059-0f1d-4c17-82a5-9e034356f21c/f050f7d9-58b5-40fc-a241-6eaece459159.png "HTTP/2 200 OK"
2025-02-28 23:45:58,687 - httpx - INFO - HTTP Request: POST https://hmdqtnywfebxjugxzlvc.supabase.co/storage/v1/object/exercises/c770c9bb-4de1-44be-aacb-b4bea3efbacf/abd70059-0f1d-4c17-82a5-9e034356f21c/fa248a79-8c30-411f-8d78-4b0c335406f1.png "HTTP/2 200 OK"
2025-02-28 23:45:58,872 - httpx - INFO - HTTP Request: POST https://hmdqtnywfebxjugxzlvc.supabase.co/storage/v1/object/exercises/c770c9bb-4de1-44be-aacb-b4bea3efbacf/abd70059-0f1d-4c17-82a5-9e034356f21c/694b80b9-5dd0-449e-9642-bd54a55adc98.png "HTTP/2 200 OK"
2025-02-28 23:45:59,111 - httpx - INFO - HTTP Request: POST https://hmdqtnywfebxjugxzlvc.supabase.co/storage/v1/object/exercises/c770c9bb-4de1-44be-aacb-b4bea3efbacf/abd70059-0f1d-4c17-82a5-9e034356f21c/aa069c2e-3f74-4f03-b474-7c003156c185.png "HTTP/2 200 OK"
2025-02-28 23:45:59,322 - httpx - INFO - HTTP Request: POST https://hmdqtnywfebxjugxzlvc.supabase.co/storage/v1/object/exercises/c770c9bb-4de1-44be-aacb-b4bea3efbacf/abd70059-0f1d-4c17-82a5-9e034356f21c/efa6180f-5a53-41c7-9d04-baa5d1057c0c.png "HTTP/2 200 OK"
2025-02-28 23:45:59,507 - httpx - INFO - HTTP Request: POST https://hmdqtnywfebxjugxzlvc.supabase.co/storage/v1/object/exercises/c770c9bb-4de1-44be-aacb-b4bea3efbacf/abd70059-0f1d-4c17-82a5-9e034356f21c/749026db-4f78-46ce-8486-6922a0003598.png "HTTP/2 200 OK"
2025-02-28 23:45:59,666 - httpx - INFO - HTTP Request: POST https://hmdqtnywfebxjugxzlvc.supabase.co/storage/v1/object/exercises/c770c9bb-4de1-44be-aacb-b4bea3efbacf/abd70059-0f1d-4c17-82a5-9e034356f21c/dd3f5e80-93ea-4d79-bc45-83e5d6277958.png "HTTP/2 200 OK"
2025-02-28 23:45:59,835 - httpx - INFO - HTTP Request: POST https://hmdqtnywfebxjugxzlvc.supabase.co/storage/v1/object/exercises/c770c9bb-4de1-44be-aacb-b4bea3efbacf/abd70059-0f1d-4c17-82a5-9e034356f21c/c9bb01b1-f668-4653-9700-23b801dbdf9c.png "HTTP/2 200 OK"
2025-02-28 23:46:00,003 - httpx - INFO - HTTP Request: POST https://hmdqtnywfebxjugxzlvc.supabase.co/storage/v1/object/exercises/c770c9bb-4de1-44be-aacb-b4bea3efbacf/abd70059-0f1d-4c17-82a5-9e034356f21c/94478688-62d6-4445-9d46-da80a53725ce.png "HTTP/2 200 OK"
2025-02-28 23:46:00,339 - httpx - INFO - HTTP Request: POST https://hmdqtnywfebxjugxzlvc.supabase.co/storage/v1/object/exercises/c770c9bb-4de1-44be-aacb-b4bea3efbacf/abd70059-0f1d-4c17-82a5-9e034356f21c/6093fa9f-15af-4774-ba5c-3f72c30a39ed.png "HTTP/2 200 OK"
2025-02-28 23:46:00,649 - httpx - INFO - HTTP Request: POST https://hmdqtnywfebxjugxzlvc.supabase.co/storage/v1/object/exercises/c770c9bb-4de1-44be-aacb-b4bea3efbacf/abd70059-0f1d-4c17-82a5-9e034356f21c/39c5f842-8550-49ca-a3ea-c721bf534045.png "HTTP/2 200 OK"
2025-02-28 23:46:00,830 - httpx - INFO - HTTP Request: POST https://hmdqtnywfebxjugxzlvc.supabase.co/storage/v1/object/exercises/c770c9bb-4de1-44be-aacb-b4bea3efbacf/abd70059-0f1d-4c17-82a5-9e034356f21c/b6869a9e-1f71-44a0-a6cf-05c38a3f6687.png "HTTP/2 200 OK"
2025-02-28 23:46:01,163 - httpx - INFO - HTTP Request: POST https://hmdqtnywfebxjugxzlvc.supabase.co/storage/v1/object/exercises/c770c9bb-4de1-44be-aacb-b4bea3efbacf/abd70059-0f1d-4c17-82a5-9e034356f21c/f6ecc48a-5fec-4812-85fb-dbecfc9f0427.png "HTTP/2 200 OK"
2025-02-28 23:46:01,398 - httpx - INFO - HTTP Request: POST https://hmdqtnywfebxjugxzlvc.supabase.co/storage/v1/object/exercises/c770c9bb-4de1-44be-aacb-b4bea3efbacf/abd70059-0f1d-4c17-82a5-9e034356f21c/84190b0b-3688-4173-ad54-2bbba17b13df.png "HTTP/2 200 OK"
2025-02-28 23:46:01,634 - httpx - INFO - HTTP Request: POST https://hmdqtnywfebxjugxzlvc.supabase.co/storage/v1/object/exercises/c770c9bb-4de1-44be-aacb-b4bea3efbacf/abd70059-0f1d-4c17-82a5-9e034356f21c/4b5aa28d-8d96-49f8-b073-0a206f319680.png "HTTP/2 200 OK"
2025-02-28 23:46:01,831 - httpx - INFO - HTTP Request: POST https://hmdqtnywfebxjugxzlvc.supabase.co/storage/v1/object/exercises/c770c9bb-4de1-44be-aacb-b4bea3efbacf/abd70059-0f1d-4c17-82a5-9e034356f21c/294ed4b3-f841-47f2-a512-7fa2ec91f923.png "HTTP/2 200 OK"
2025-02-28 23:46:02,096 - httpx - INFO - HTTP Request: POST https://hmdqtnywfebxjugxzlvc.supabase.co/storage/v1/object/exercises/c770c9bb-4de1-44be-aacb-b4bea3efbacf/abd70059-0f1d-4c17-82a5-9e034356f21c/4664d787-4092-4193-99d2-8f2ff0f16e90.png "HTTP/2 200 OK"
2025-02-28 23:46:02,349 - httpx - INFO - HTTP Request: POST https://hmdqtnywfebxjugxzlvc.supabase.co/storage/v1/object/exercises/c770c9bb-4de1-44be-aacb-b4bea3efbacf/abd70059-0f1d-4c17-82a5-9e034356f21c/d1e14751-b19a-4e8e-b7ec-33c7970abf16.png "HTTP/2 200 OK"
2025-02-28 23:46:02,837 - httpx - INFO - HTTP Request: POST https://hmdqtnywfebxjugxzlvc.supabase.co/storage/v1/object/exercises/c770c9bb-4de1-44be-aacb-b4bea3efbacf/abd70059-0f1d-4c17-82a5-9e034356f21c/afd5fbef-a65f-49c9-9913-3ef18c12c595.png "HTTP/2 200 OK"
2025-02-28 23:46:03,241 - httpx - INFO - HTTP Request: POST https://hmdqtnywfebxjugxzlvc.supabase.co/storage/v1/object/exercises/c770c9bb-4de1-44be-aacb-b4bea3efbacf/abd70059-0f1d-4c17-82a5-9e034356f21c/e12c02f9-cc79-48b4-8cda-36520be8b2d7.png "HTTP/2 200 OK"
2025-02-28 23:46:03,493 - httpx - INFO - HTTP Request: POST https://hmdqtnywfebxjugxzlvc.supabase.co/storage/v1/object/exercises/c770c9bb-4de1-44be-aacb-b4bea3efbacf/abd70059-0f1d-4c17-82a5-9e034356f21c/b6fe1529-77b0-4179-aaf3-508c8c838f8a.png "HTTP/2 200 OK"
2025-02-28 23:46:03,806 - httpx - INFO - HTTP Request: POST https://hmdqtnywfebxjugxzlvc.supabase.co/storage/v1/object/exercises/c770c9bb-4de1-44be-aacb-b4bea3efbacf/abd70059-0f1d-4c17-82a5-9e034356f21c/26cf73fc-d94e-45a2-a667-5387c16a9ec3.png "HTTP/2 200 OK"
2025-02-28 23:46:04,145 - httpx - INFO - HTTP Request: POST https://hmdqtnywfebxjugxzlvc.supabase.co/storage/v1/object/exercises/c770c9bb-4de1-44be-aacb-b4bea3efbacf/abd70059-0f1d-4c17-82a5-9e034356f21c/09d8cd91-99a7-442c-a265-967503511d96.png "HTTP/2 200 OK"
2025-02-28 23:46:04,378 - httpx - INFO - HTTP Request: POST https://hmdqtnywfebxjugxzlvc.supabase.co/storage/v1/object/exercises/c770c9bb-4de1-44be-aacb-b4bea3efbacf/abd70059-0f1d-4c17-82a5-9e034356f21c/fbe60d08-8994-4a90-9cf7-0c2287db5085.png "HTTP/2 200 OK"
2025-02-28 23:46:04,673 - httpx - INFO - HTTP Request: POST https://hmdqtnywfebxjugxzlvc.supabase.co/storage/v1/object/exercises/c770c9bb-4de1-44be-aacb-b4bea3efbacf/abd70059-0f1d-4c17-82a5-9e034356f21c/e9905f12-38bb-48b8-9393-ff8eae9ac57b.png "HTTP/2 200 OK"
2025-02-28 23:46:04,916 - httpx - INFO - HTTP Request: POST https://hmdqtnywfebxjugxzlvc.supabase.co/storage/v1/object/exercises/c770c9bb-4de1-44be-aacb-b4bea3efbacf/abd70059-0f1d-4c17-82a5-9e034356f21c/12507597-1981-45ec-8cbd-d0bd0a91fd2e.png "HTTP/2 200 OK"
2025-02-28 23:46:05,142 - httpx - INFO - HTTP Request: POST https://hmdqtnywfebxjugxzlvc.supabase.co/storage/v1/object/exercises/c770c9bb-4de1-44be-aacb-b4bea3efbacf/abd70059-0f1d-4c17-82a5-9e034356f21c/8466188a-eeb6-4967-a607-567c3ad919e5.png "HTTP/2 200 OK"
2025-02-28 23:46:05,325 - httpx - INFO - HTTP Request: POST https://hmdqtnywfebxjugxzlvc.supabase.co/storage/v1/object/exercises/c770c9bb-4de1-44be-aacb-b4bea3efbacf/abd70059-0f1d-4c17-82a5-9e034356f21c/6f35637a-1730-45d9-be0d-092605693794.png "HTTP/2 200 OK"
2025-02-28 23:46:05,495 - httpx - INFO - HTTP Request: POST https://hmdqtnywfebxjugxzlvc.supabase.co/storage/v1/object/exercises/c770c9bb-4de1-44be-aacb-b4bea3efbacf/abd70059-0f1d-4c17-82a5-9e034356f21c/8e631895-7a2e-4b7a-a2d0-16d164e0630b.png "HTTP/2 200 OK"
2025-02-28 23:46:05,770 - httpx - INFO - HTTP Request: POST https://hmdqtnywfebxjugxzlvc.supabase.co/storage/v1/object/exercises/c770c9bb-4de1-44be-aacb-b4bea3efbacf/abd70059-0f1d-4c17-82a5-9e034356f21c/c7e80b4a-3136-4f3a-8edd-e9d6050aa9ab.png "HTTP/2 200 OK"
2025-02-28 23:46:05,973 - httpx - INFO - HTTP Request: POST https://hmdqtnywfebxjugxzlvc.supabase.co/storage/v1/object/exercises/c770c9bb-4de1-44be-aacb-b4bea3efbacf/abd70059-0f1d-4c17-82a5-9e034356f21c/f5dcf36d-09c4-4ae2-aee8-5dcddd91f1a2.png "HTTP/2 200 OK"
2025-02-28 23:46:06,203 - httpx - INFO - HTTP Request: POST https://hmdqtnywfebxjugxzlvc.supabase.co/storage/v1/object/exercises/c770c9bb-4de1-44be-aacb-b4bea3efbacf/abd70059-0f1d-4c17-82a5-9e034356f21c/07fcde40-38b2-4bde-ab9b-3533040c3a93.png "HTTP/2 200 OK"
2025-02-28 23:46:06,410 - httpx - INFO - HTTP Request: POST https://hmdqtnywfebxjugxzlvc.supabase.co/storage/v1/object/exercises/c770c9bb-4de1-44be-aacb-b4bea3efbacf/abd70059-0f1d-4c17-82a5-9e034356f21c/3895eafc-c892-438f-ba3f-335bf9df5749.png "HTTP/2 200 OK"
2025-02-28 23:46:06,588 - httpx - INFO - HTTP Request: POST https://hmdqtnywfebxjugxzlvc.supabase.co/storage/v1/object/exercises/c770c9bb-4de1-44be-aacb-b4bea3efbacf/abd70059-0f1d-4c17-82a5-9e034356f21c/3968b822-300e-4cf7-8923-6ce0b79e2ceb.png "HTTP/2 200 OK"
2025-02-28 23:46:06,764 - httpx - INFO - HTTP Request: POST https://hmdqtnywfebxjugxzlvc.supabase.co/storage/v1/object/exercises/c770c9bb-4de1-44be-aacb-b4bea3efbacf/abd70059-0f1d-4c17-82a5-9e034356f21c/78155bbd-7692-4dd1-981a-05dcb3785d2d.png "HTTP/2 200 OK"
2025-02-28 23:46:06,987 - httpx - INFO - HTTP Request: POST https://hmdqtnywfebxjugxzlvc.supabase.co/storage/v1/object/exercises/c770c9bb-4de1-44be-aacb-b4bea3efbacf/abd70059-0f1d-4c17-82a5-9e034356f21c/990273b1-0e57-463f-b0a1-f83a7d4f4d77.png "HTTP/2 200 OK"
2025-02-28 23:46:07,201 - httpx - INFO - HTTP Request: POST https://hmdqtnywfebxjugxzlvc.supabase.co/storage/v1/object/exercises/c770c9bb-4de1-44be-aacb-b4bea3efbacf/abd70059-0f1d-4c17-82a5-9e034356f21c/4f26332c-d881-4554-8882-b255822270b5.png "HTTP/2 200 OK"
2025-02-28 23:46:07,397 - httpx - INFO - HTTP Request: POST https://hmdqtnywfebxjugxzlvc.supabase.co/storage/v1/object/exercises/c770c9bb-4de1-44be-aacb-b4bea3efbacf/abd70059-0f1d-4c17-82a5-9e034356f21c/227a62e8-a66f-4a09-aaa6-c9139ae5ba2e.png "HTTP/2 200 OK"
2025-02-28 23:46:07,623 - httpx - INFO - HTTP Request: POST https://hmdqtnywfebxjugxzlvc.supabase.co/storage/v1/object/exercises/c770c9bb-4de1-44be-aacb-b4bea3efbacf/abd70059-0f1d-4c17-82a5-9e034356f21c/c2f1f6c0-1a9d-47c4-b02f-ca78c6d549ca.png "HTTP/2 200 OK"
2025-02-28 23:46:07,823 - httpx - INFO - HTTP Request: POST https://hmdqtnywfebxjugxzlvc.supabase.co/storage/v1/object/exercises/c770c9bb-4de1-44be-aacb-b4bea3efbacf/abd70059-0f1d-4c17-82a5-9e034356f21c/cd9dfaf4-2392-4011-9e3d-58acb2ca73f5.png "HTTP/2 200 OK"
2025-02-28 23:46:08,053 - httpx - INFO - HTTP Request: POST https://hmdqtnywfebxjugxzlvc.supabase.co/storage/v1/object/exercises/c770c9bb-4de1-44be-aacb-b4bea3efbacf/abd70059-0f1d-4c17-82a5-9e034356f21c/d7117684-232b-4438-b6dd-b4d04231778a.png "HTTP/2 200 OK"
2025-02-28 23:46:08,236 - httpx - INFO - HTTP Request: POST https://hmdqtnywfebxjugxzlvc.supabase.co/storage/v1/object/exercises/c770c9bb-4de1-44be-aacb-b4bea3efbacf/abd70059-0f1d-4c17-82a5-9e034356f21c/26cb4f6a-d17c-4f74-b87e-6e697aaba0d8.png "HTTP/2 200 OK"
2025-02-28 23:46:08,441 - httpx - INFO - HTTP Request: POST https://hmdqtnywfebxjugxzlvc.supabase.co/storage/v1/object/exercises/c770c9bb-4de1-44be-aacb-b4bea3efbacf/abd70059-0f1d-4c17-82a5-9e034356f21c/807d971b-1a52-4e23-b67e-17b53e285b6a.png "HTTP/2 200 OK"
2025-02-28 23:46:08,700 - httpx - INFO - HTTP Request: POST https://hmdqtnywfebxjugxzlvc.supabase.co/storage/v1/object/exercises/c770c9bb-4de1-44be-aacb-b4bea3efbacf/abd70059-0f1d-4c17-82a5-9e034356f21c/86b48a3c-12c6-4f21-b831-e44316f9344e.png "HTTP/2 200 OK"
2025-02-28 23:46:08,919 - httpx - INFO - HTTP Request: POST https://hmdqtnywfebxjugxzlvc.supabase.co/storage/v1/object/exercises/c770c9bb-4de1-44be-aacb-b4bea3efbacf/abd70059-0f1d-4c17-82a5-9e034356f21c/286fdb41-75bf-43c2-8524-2bc614a0fbe2.png "HTTP/2 200 OK"
2025-02-28 23:46:09,091 - httpx - INFO - HTTP Request: POST https://hmdqtnywfebxjugxzlvc.supabase.co/storage/v1/object/exercises/c770c9bb-4de1-44be-aacb-b4bea3efbacf/abd70059-0f1d-4c17-82a5-9e034356f21c/a4c6392c-12d2-4cec-aa2f-a3516b7afb77.png "HTTP/2 200 OK"
2025-02-28 23:46:09,437 - httpx - INFO - HTTP Request: POST https://hmdqtnywfebxjugxzlvc.supabase.co/storage/v1/object/exercises/c770c9bb-4de1-44be-aacb-b4bea3efbacf/abd70059-0f1d-4c17-82a5-9e034356f21c/43e22083-90b6-417e-8d01-3222f46e57de.png "HTTP/2 200 OK"
2025-02-28 23:46:09,616 - httpx - INFO - HTTP Request: POST https://hmdqtnywfebxjugxzlvc.supabase.co/storage/v1/object/exercises/c770c9bb-4de1-44be-aacb-b4bea3efbacf/abd70059-0f1d-4c17-82a5-9e034356f21c/9e21b063-fa1c-4346-8a57-37fba423c2d5.png "HTTP/2 200 OK"
2025-02-28 23:46:09,999 - httpx - INFO - HTTP Request: POST https://hmdqtnywfebxjugxzlvc.supabase.co/storage/v1/object/exercises/c770c9bb-4de1-44be-aacb-b4bea3efbacf/abd70059-0f1d-4c17-82a5-9e034356f21c/5e448a49-f480-497a-b017-e6e831c73b1b.png "HTTP/2 200 OK"
2025-02-28 23:46:10,496 - httpx - INFO - HTTP Request: POST https://hmdqtnywfebxjugxzlvc.supabase.co/storage/v1/object/exercises/c770c9bb-4de1-44be-aacb-b4bea3efbacf/abd70059-0f1d-4c17-82a5-9e034356f21c/1af06782-d3a8-4b4c-a147-962849b45193.png "HTTP/2 200 OK"
2025-02-28 23:46:10,827 - httpx - INFO - HTTP Request: POST https://hmdqtnywfebxjugxzlvc.supabase.co/storage/v1/object/exercises/c770c9bb-4de1-44be-aacb-b4bea3efbacf/abd70059-0f1d-4c17-82a5-9e034356f21c/c4e01105-727c-4369-bc07-370587fad484.png "HTTP/2 200 OK"
2025-02-28 23:46:11,003 - httpx - INFO - HTTP Request: POST https://hmdqtnywfebxjugxzlvc.supabase.co/storage/v1/object/exercises/c770c9bb-4de1-44be-aacb-b4bea3efbacf/abd70059-0f1d-4c17-82a5-9e034356f21c/1456a7b0-c522-44de-b92c-f67130b9a2c0.png "HTTP/2 200 OK"
2025-02-28 23:46:11,178 - httpx - INFO - HTTP Request: POST https://hmdqtnywfebxjugxzlvc.supabase.co/storage/v1/object/exercises/c770c9bb-4de1-44be-aacb-b4bea3efbacf/abd70059-0f1d-4c17-82a5-9e034356f21c/da274dac-bd2a-4216-8d64-82fe7bd03244.png "HTTP/2 200 OK"
2025-02-28 23:46:11,365 - httpx - INFO - HTTP Request: POST https://hmdqtnywfebxjugxzlvc.supabase.co/storage/v1/object/exercises/c770c9bb-4de1-44be-aacb-b4bea3efbacf/abd70059-0f1d-4c17-82a5-9e034356f21c/2c11a33a-54f6-4d6f-b77c-ad5a8e72d214.png "HTTP/2 200 OK"
2025-02-28 23:46:11,653 - httpx - INFO - HTTP Request: POST https://hmdqtnywfebxjugxzlvc.supabase.co/storage/v1/object/exercises/c770c9bb-4de1-44be-aacb-b4bea3efbacf/abd70059-0f1d-4c17-82a5-9e034356f21c/d6925068-1748-4956-8614-deda31e1acfd.png "HTTP/2 200 OK"
2025-02-28 23:46:11,963 - httpx - INFO - HTTP Request: POST https://hmdqtnywfebxjugxzlvc.supabase.co/storage/v1/object/exercises/c770c9bb-4de1-44be-aacb-b4bea3efbacf/abd70059-0f1d-4c17-82a5-9e034356f21c/3d1ae179-f6cb-408d-b7b1-14d8792b6bb5.png "HTTP/2 200 OK"
2025-02-28 23:46:12,231 - httpx - INFO - HTTP Request: POST https://hmdqtnywfebxjugxzlvc.supabase.co/storage/v1/object/exercises/c770c9bb-4de1-44be-aacb-b4bea3efbacf/abd70059-0f1d-4c17-82a5-9e034356f21c/bc070fe8-6c96-4c6c-9278-9cfd5f42a34e.png "HTTP/2 200 OK"
2025-02-28 23:46:12,402 - httpx - INFO - HTTP Request: POST https://hmdqtnywfebxjugxzlvc.supabase.co/storage/v1/object/exercises/c770c9bb-4de1-44be-aacb-b4bea3efbacf/abd70059-0f1d-4c17-82a5-9e034356f21c/fd40f85a-11bf-488c-9892-4d3202245209.png "HTTP/2 200 OK"
2025-02-28 23:46:12,620 - httpx - INFO - HTTP Request: POST https://hmdqtnywfebxjugxzlvc.supabase.co/storage/v1/object/exercises/c770c9bb-4de1-44be-aacb-b4bea3efbacf/abd70059-0f1d-4c17-82a5-9e034356f21c/850f7b1a-6ede-4c66-b215-c7baf0e5056d.png "HTTP/2 200 OK"
2025-02-28 23:46:12,794 - httpx - INFO - HTTP Request: POST https://hmdqtnywfebxjugxzlvc.supabase.co/storage/v1/object/exercises/c770c9bb-4de1-44be-aacb-b4bea3efbacf/abd70059-0f1d-4c17-82a5-9e034356f21c/11ea949b-d98c-4fc1-afa9-add7efbf0e4a.png "HTTP/2 200 OK"
2025-02-28 23:46:13,433 - httpx - INFO - HTTP Request: POST https://hmdqtnywfebxjugxzlvc.supabase.co/storage/v1/object/exercises/c770c9bb-4de1-44be-aacb-b4bea3efbacf/abd70059-0f1d-4c17-82a5-9e034356f21c/19d9e344-1115-4b12-8954-af21f054e796.png "HTTP/2 200 OK"
2025-02-28 23:46:13,787 - httpx - INFO - HTTP Request: POST https://hmdqtnywfebxjugxzlvc.supabase.co/storage/v1/object/exercises/c770c9bb-4de1-44be-aacb-b4bea3efbacf/abd70059-0f1d-4c17-82a5-9e034356f21c/4e40b6bf-4c5f-49e2-b095-aa83b460e377.png "HTTP/2 200 OK"
2025-02-28 23:46:14,296 - httpx - INFO - HTTP Request: POST https://hmdqtnywfebxjugxzlvc.supabase.co/storage/v1/object/exercises/c770c9bb-4de1-44be-aacb-b4bea3efbacf/abd70059-0f1d-4c17-82a5-9e034356f21c/14ee2a9f-4a71-4d24-91cd-943e0b9c9acf.png "HTTP/2 200 OK"
2025-02-28 23:46:14,487 - httpx - INFO - HTTP Request: POST https://hmdqtnywfebxjugxzlvc.supabase.co/storage/v1/object/exercises/c770c9bb-4de1-44be-aacb-b4bea3efbacf/abd70059-0f1d-4c17-82a5-9e034356f21c/2156d666-4bb6-416d-aee0-0bcfc6f5858f.png "HTTP/2 200 OK"
2025-02-28 23:46:14,663 - httpx - INFO - HTTP Request: POST https://hmdqtnywfebxjugxzlvc.supabase.co/storage/v1/object/exercises/c770c9bb-4de1-44be-aacb-b4bea3efbacf/abd70059-0f1d-4c17-82a5-9e034356f21c/e938c767-1203-4f95-b2ec-ba6c21a6cefa.png "HTTP/2 200 OK"
2025-02-28 23:46:14,861 - httpx - INFO - HTTP Request: POST https://hmdqtnywfebxjugxzlvc.supabase.co/storage/v1/object/exercises/c770c9bb-4de1-44be-aacb-b4bea3efbacf/abd70059-0f1d-4c17-82a5-9e034356f21c/5332e7c7-b7a7-4c69-8b16-f4d4ee8f0139.png "HTTP/2 200 OK"
2025-02-28 23:46:15,429 - httpx - INFO - HTTP Request: POST https://hmdqtnywfebxjugxzlvc.supabase.co/storage/v1/object/exercises/c770c9bb-4de1-44be-aacb-b4bea3efbacf/abd70059-0f1d-4c17-82a5-9e034356f21c/a4742dc5-7701-4071-bfa8-92fb80275e6e.png "HTTP/2 200 OK"
2025-02-28 23:46:15,629 - httpx - INFO - HTTP Request: POST https://hmdqtnywfebxjugxzlvc.supabase.co/storage/v1/object/exercises/c770c9bb-4de1-44be-aacb-b4bea3efbacf/abd70059-0f1d-4c17-82a5-9e034356f21c/a9fcd6a0-1b21-4ae2-8d9b-29239b273a5c.png "HTTP/2 200 OK"
2025-02-28 23:46:15,874 - httpx - INFO - HTTP Request: POST https://hmdqtnywfebxjugxzlvc.supabase.co/storage/v1/object/exercises/c770c9bb-4de1-44be-aacb-b4bea3efbacf/abd70059-0f1d-4c17-82a5-9e034356f21c/026e50e0-8bf3-4414-894b-b2668f1242e3.png "HTTP/2 200 OK"
2025-02-28 23:46:16,137 - httpx - INFO - HTTP Request: POST https://hmdqtnywfebxjugxzlvc.supabase.co/storage/v1/object/exercises/c770c9bb-4de1-44be-aacb-b4bea3efbacf/abd70059-0f1d-4c17-82a5-9e034356f21c/e0c94588-99af-4d1f-bdd9-4af44877e66d.png "HTTP/2 200 OK"
2025-02-28 23:46:16,464 - httpx - INFO - HTTP Request: POST https://hmdqtnywfebxjugxzlvc.supabase.co/storage/v1/object/exercises/c770c9bb-4de1-44be-aacb-b4bea3efbacf/abd70059-0f1d-4c17-82a5-9e034356f21c/e86b26eb-f6e1-4bab-bb8f-e0b90a06fb73.png "HTTP/2 200 OK"
2025-02-28 23:46:16,684 - httpx - INFO - HTTP Request: POST https://hmdqtnywfebxjugxzlvc.supabase.co/storage/v1/object/exercises/c770c9bb-4de1-44be-aacb-b4bea3efbacf/abd70059-0f1d-4c17-82a5-9e034356f21c/de078b18-8ae1-4f0c-ae28-f978dc219633.png "HTTP/2 200 OK"
2025-02-28 23:46:16,933 - httpx - INFO - HTTP Request: POST https://hmdqtnywfebxjugxzlvc.supabase.co/storage/v1/object/exercises/c770c9bb-4de1-44be-aacb-b4bea3efbacf/abd70059-0f1d-4c17-82a5-9e034356f21c/13bcf7ae-8233-4583-8b3d-2eb753af91d6.png "HTTP/2 200 OK"
2025-02-28 23:46:17,113 - httpx - INFO - HTTP Request: POST https://hmdqtnywfebxjugxzlvc.supabase.co/storage/v1/object/exercises/c770c9bb-4de1-44be-aacb-b4bea3efbacf/abd70059-0f1d-4c17-82a5-9e034356f21c/f2e1e872-6342-47f3-87ee-15864bee1bec.png "HTTP/2 200 OK"
2025-02-28 23:46:17,339 - httpx - INFO - HTTP Request: POST https://hmdqtnywfebxjugxzlvc.supabase.co/storage/v1/object/exercises/c770c9bb-4de1-44be-aacb-b4bea3efbacf/abd70059-0f1d-4c17-82a5-9e034356f21c/5ca9cb54-358e-4cf6-8096-d6a29cbf1462.png "HTTP/2 200 OK"
2025-02-28 23:46:17,507 - httpx - INFO - HTTP Request: POST https://hmdqtnywfebxjugxzlvc.supabase.co/storage/v1/object/exercises/c770c9bb-4de1-44be-aacb-b4bea3efbacf/abd70059-0f1d-4c17-82a5-9e034356f21c/3c5bd2d5-7354-43a0-a920-d10a666e8393.png "HTTP/2 200 OK"
2025-02-28 23:46:17,736 - httpx - INFO - HTTP Request: POST https://hmdqtnywfebxjugxzlvc.supabase.co/storage/v1/object/exercises/c770c9bb-4de1-44be-aacb-b4bea3efbacf/abd70059-0f1d-4c17-82a5-9e034356f21c/0d5871da-4ef0-4edd-98cc-a3907b1a4d8f.png "HTTP/2 200 OK"
2025-02-28 23:46:17,908 - httpx - INFO - HTTP Request: POST https://hmdqtnywfebxjugxzlvc.supabase.co/storage/v1/object/exercises/c770c9bb-4de1-44be-aacb-b4bea3efbacf/abd70059-0f1d-4c17-82a5-9e034356f21c/79645b30-14d7-471f-a3c3-5f65b0590f4e.png "HTTP/2 200 OK"
2025-02-28 23:46:18,120 - httpx - INFO - HTTP Request: POST https://hmdqtnywfebxjugxzlvc.supabase.co/storage/v1/object/exercises/c770c9bb-4de1-44be-aacb-b4bea3efbacf/abd70059-0f1d-4c17-82a5-9e034356f21c/6cf9d6c5-7362-4ff8-8c7b-5d769d9ff6a2.png "HTTP/2 200 OK"
2025-02-28 23:46:18,321 - httpx - INFO - HTTP Request: POST https://hmdqtnywfebxjugxzlvc.supabase.co/storage/v1/object/exercises/c770c9bb-4de1-44be-aacb-b4bea3efbacf/abd70059-0f1d-4c17-82a5-9e034356f21c/972ce5da-5c37-411b-a605-e13c12792c53.png "HTTP/2 200 OK"
2025-02-28 23:46:18,511 - httpx - INFO - HTTP Request: POST https://hmdqtnywfebxjugxzlvc.supabase.co/storage/v1/object/exercises/c770c9bb-4de1-44be-aacb-b4bea3efbacf/abd70059-0f1d-4c17-82a5-9e034356f21c/55145362-a670-4dee-bbc7-fec8ae969536.png "HTTP/2 200 OK"
2025-02-28 23:46:18,720 - httpx - INFO - HTTP Request: POST https://hmdqtnywfebxjugxzlvc.supabase.co/storage/v1/object/exercises/c770c9bb-4de1-44be-aacb-b4bea3efbacf/abd70059-0f1d-4c17-82a5-9e034356f21c/1a3bd331-fe71-4d16-b2eb-123aee90acd1.png "HTTP/2 200 OK"
2025-02-28 23:46:18,941 - httpx - INFO - HTTP Request: POST https://hmdqtnywfebxjugxzlvc.supabase.co/storage/v1/object/exercises/c770c9bb-4de1-44be-aacb-b4bea3efbacf/abd70059-0f1d-4c17-82a5-9e034356f21c/e4459d08-87b6-47b4-9b6d-1d9df84e467d.png "HTTP/2 200 OK"
2025-02-28 23:46:19,147 - httpx - INFO - HTTP Request: POST https://hmdqtnywfebxjugxzlvc.supabase.co/storage/v1/object/exercises/c770c9bb-4de1-44be-aacb-b4bea3efbacf/abd70059-0f1d-4c17-82a5-9e034356f21c/91261d6d-8732-47de-b1ad-fa26c47fbc17.png "HTTP/2 200 OK"
2025-02-28 23:46:19,327 - httpx - INFO - HTTP Request: POST https://hmdqtnywfebxjugxzlvc.supabase.co/storage/v1/object/exercises/c770c9bb-4de1-44be-aacb-b4bea3efbacf/abd70059-0f1d-4c17-82a5-9e034356f21c/e06db49e-4d73-450f-9874-48739fd0508c.png "HTTP/2 200 OK"
2025-02-28 23:46:19,514 - httpx - INFO - HTTP Request: POST https://hmdqtnywfebxjugxzlvc.supabase.co/storage/v1/object/exercises/c770c9bb-4de1-44be-aacb-b4bea3efbacf/abd70059-0f1d-4c17-82a5-9e034356f21c/327f13f0-df3b-4f41-ae32-ac095c42d32b.png "HTTP/2 200 OK"
2025-02-28 23:46:19,768 - httpx - INFO - HTTP Request: POST https://hmdqtnywfebxjugxzlvc.supabase.co/storage/v1/object/exercises/c770c9bb-4de1-44be-aacb-b4bea3efbacf/abd70059-0f1d-4c17-82a5-9e034356f21c/bcd639de-c3be-4f79-a50d-4666a3a47f07.png "HTTP/2 200 OK"
2025-02-28 23:46:20,011 - httpx - INFO - HTTP Request: POST https://hmdqtnywfebxjugxzlvc.supabase.co/storage/v1/object/exercises/c770c9bb-4de1-44be-aacb-b4bea3efbacf/abd70059-0f1d-4c17-82a5-9e034356f21c/e0a4a5a7-793d-40bf-8fc5-ec3fc90d61c2.png "HTTP/2 200 OK"
2025-02-28 23:46:20,210 - httpx - INFO - HTTP Request: POST https://hmdqtnywfebxjugxzlvc.supabase.co/storage/v1/object/exercises/c770c9bb-4de1-44be-aacb-b4bea3efbacf/abd70059-0f1d-4c17-82a5-9e034356f21c/594f0689-b4aa-409f-acda-f27bfeb34584.png "HTTP/2 200 OK"
2025-02-28 23:46:20,411 - httpx - INFO - HTTP Request: POST https://hmdqtnywfebxjugxzlvc.supabase.co/storage/v1/object/exercises/c770c9bb-4de1-44be-aacb-b4bea3efbacf/abd70059-0f1d-4c17-82a5-9e034356f21c/1b6d8111-0ccb-4642-a7df-54cc1c741adf.png "HTTP/2 200 OK"
2025-02-28 23:46:20,621 - httpx - INFO - HTTP Request: POST https://hmdqtnywfebxjugxzlvc.supabase.co/storage/v1/object/exercises/c770c9bb-4de1-44be-aacb-b4bea3efbacf/abd70059-0f1d-4c17-82a5-9e034356f21c/43d6ce14-1bfb-4c70-8e2b-3d322ba4dd52.png "HTTP/2 200 OK"
2025-02-28 23:46:20,800 - httpx - INFO - HTTP Request: POST https://hmdqtnywfebxjugxzlvc.supabase.co/storage/v1/object/exercises/c770c9bb-4de1-44be-aacb-b4bea3efbacf/abd70059-0f1d-4c17-82a5-9e034356f21c/1ecc992a-84d4-4abf-99bb-4c1a3c1e1e71.png "HTTP/2 200 OK"
2025-02-28 23:46:20,999 - httpx - INFO - HTTP Request: POST https://hmdqtnywfebxjugxzlvc.supabase.co/storage/v1/object/exercises/c770c9bb-4de1-44be-aacb-b4bea3efbacf/abd70059-0f1d-4c17-82a5-9e034356f21c/72d8f3e1-0c4e-4e82-b15d-baa089e79b44.png "HTTP/2 200 OK"
2025-02-28 23:46:21,253 - httpx - INFO - HTTP Request: POST https://hmdqtnywfebxjugxzlvc.supabase.co/storage/v1/object/exercises/c770c9bb-4de1-44be-aacb-b4bea3efbacf/abd70059-0f1d-4c17-82a5-9e034356f21c/09216f2b-49c7-4199-82f2-e5f8d4ec789d.png "HTTP/2 200 OK"
2025-02-28 23:46:21,413 - httpx - INFO - HTTP Request: POST https://hmdqtnywfebxjugxzlvc.supabase.co/storage/v1/object/exercises/c770c9bb-4de1-44be-aacb-b4bea3efbacf/abd70059-0f1d-4c17-82a5-9e034356f21c/a07bad75-1796-4a7f-a357-f667044d0dd7.png "HTTP/2 200 OK"
2025-02-28 23:46:21,607 - httpx - INFO - HTTP Request: POST https://hmdqtnywfebxjugxzlvc.supabase.co/storage/v1/object/exercises/c770c9bb-4de1-44be-aacb-b4bea3efbacf/abd70059-0f1d-4c17-82a5-9e034356f21c/c148ccc7-2db4-4b5c-bb8f-7feb1136e3cd.png "HTTP/2 200 OK"
2025-02-28 23:46:22,241 - httpx - INFO - HTTP Request: POST https://hmdqtnywfebxjugxzlvc.supabase.co/storage/v1/object/exercises/c770c9bb-4de1-44be-aacb-b4bea3efbacf/abd70059-0f1d-4c17-82a5-9e034356f21c/99726871-42f7-45c9-99c0-09d5373fc078.png "HTTP/2 200 OK"
2025-02-28 23:46:22,396 - httpx - INFO - HTTP Request: POST https://hmdqtnywfebxjugxzlvc.supabase.co/storage/v1/object/exercises/c770c9bb-4de1-44be-aacb-b4bea3efbacf/abd70059-0f1d-4c17-82a5-9e034356f21c/09a72eb2-9e07-4075-9dc7-2ead90269abe.png "HTTP/2 200 OK"
2025-02-28 23:46:22,931 - httpx - INFO - HTTP Request: POST https://hmdqtnywfebxjugxzlvc.supabase.co/storage/v1/object/exercises/c770c9bb-4de1-44be-aacb-b4bea3efbacf/abd70059-0f1d-4c17-82a5-9e034356f21c/1080df22-c57b-4af3-9d45-28cacec573e3.png "HTTP/2 200 OK"
2025-02-28 23:46:23,182 - httpx - INFO - HTTP Request: POST https://hmdqtnywfebxjugxzlvc.supabase.co/storage/v1/object/exercises/c770c9bb-4de1-44be-aacb-b4bea3efbacf/abd70059-0f1d-4c17-82a5-9e034356f21c/83dd7149-3ba6-439c-bcda-ed28b66e4f26.png "HTTP/2 200 OK"
2025-02-28 23:46:23,392 - httpx - INFO - HTTP Request: POST https://hmdqtnywfebxjugxzlvc.supabase.co/storage/v1/object/exercises/c770c9bb-4de1-44be-aacb-b4bea3efbacf/abd70059-0f1d-4c17-82a5-9e034356f21c/1fd97563-42ce-493a-9ab4-f0ddc0df9b88.png "HTTP/2 200 OK"
2025-02-28 23:46:23,622 - httpx - INFO - HTTP Request: POST https://hmdqtnywfebxjugxzlvc.supabase.co/storage/v1/object/exercises/c770c9bb-4de1-44be-aacb-b4bea3efbacf/abd70059-0f1d-4c17-82a5-9e034356f21c/ad8325ef-52b7-46d8-8c30-5133b85caeaf.png "HTTP/2 200 OK"
2025-02-28 23:46:23,803 - httpx - INFO - HTTP Request: POST https://hmdqtnywfebxjugxzlvc.supabase.co/storage/v1/object/exercises/c770c9bb-4de1-44be-aacb-b4bea3efbacf/abd70059-0f1d-4c17-82a5-9e034356f21c/47500b38-36d1-4c36-a67d-55e1335e143b.png "HTTP/2 200 OK"
2025-02-28 23:46:24,017 - httpx - INFO - HTTP Request: POST https://hmdqtnywfebxjugxzlvc.supabase.co/storage/v1/object/exercises/c770c9bb-4de1-44be-aacb-b4bea3efbacf/abd70059-0f1d-4c17-82a5-9e034356f21c/6b2340fb-2534-4736-a4f3-2a2497b5a9e5.png "HTTP/2 200 OK"
2025-02-28 23:46:24,258 - httpx - INFO - HTTP Request: POST https://hmdqtnywfebxjugxzlvc.supabase.co/storage/v1/object/exercises/c770c9bb-4de1-44be-aacb-b4bea3efbacf/abd70059-0f1d-4c17-82a5-9e034356f21c/383095a0-ff20-49eb-99b9-167d88e5f814.png "HTTP/2 200 OK"
2025-02-28 23:46:24,641 - httpx - INFO - HTTP Request: POST https://hmdqtnywfebxjugxzlvc.supabase.co/storage/v1/object/exercises/c770c9bb-4de1-44be-aacb-b4bea3efbacf/abd70059-0f1d-4c17-82a5-9e034356f21c/7a151a4a-ab50-43ae-8f03-8e0bd798ad86.png "HTTP/2 200 OK"
2025-02-28 23:46:24,818 - httpx - INFO - HTTP Request: POST https://hmdqtnywfebxjugxzlvc.supabase.co/storage/v1/object/exercises/c770c9bb-4de1-44be-aacb-b4bea3efbacf/abd70059-0f1d-4c17-82a5-9e034356f21c/9980fcee-2ce7-4033-adda-b50ed6aab5fe.png "HTTP/2 200 OK"
2025-02-28 23:46:25,032 - httpx - INFO - HTTP Request: POST https://hmdqtnywfebxjugxzlvc.supabase.co/storage/v1/object/exercises/c770c9bb-4de1-44be-aacb-b4bea3efbacf/abd70059-0f1d-4c17-82a5-9e034356f21c/514f41d5-b0cd-4e4b-8a19-13ebcc8c8f62.png "HTTP/2 200 OK"
2025-02-28 23:46:25,251 - httpx - INFO - HTTP Request: POST https://hmdqtnywfebxjugxzlvc.supabase.co/storage/v1/object/exercises/c770c9bb-4de1-44be-aacb-b4bea3efbacf/abd70059-0f1d-4c17-82a5-9e034356f21c/4ca512e6-1924-4090-a27e-9f1d1c476c30.png "HTTP/2 200 OK"
2025-02-28 23:46:25,432 - httpx - INFO - HTTP Request: POST https://hmdqtnywfebxjugxzlvc.supabase.co/storage/v1/object/exercises/c770c9bb-4de1-44be-aacb-b4bea3efbacf/abd70059-0f1d-4c17-82a5-9e034356f21c/6786f192-f3e1-407f-a260-dc8dcc36c0d9.png "HTTP/2 200 OK"
2025-02-28 23:46:25,828 - httpx - INFO - HTTP Request: POST https://hmdqtnywfebxjugxzlvc.supabase.co/storage/v1/object/exercises/c770c9bb-4de1-44be-aacb-b4bea3efbacf/abd70059-0f1d-4c17-82a5-9e034356f21c/c90c5986-1304-4356-b434-6a2a8067299e.png "HTTP/2 200 OK"
2025-02-28 23:46:26,038 - httpx - INFO - HTTP Request: POST https://hmdqtnywfebxjugxzlvc.supabase.co/storage/v1/object/exercises/c770c9bb-4de1-44be-aacb-b4bea3efbacf/abd70059-0f1d-4c17-82a5-9e034356f21c/d340c48d-a91f-4043-b634-fd12b5fb228f.png "HTTP/2 200 OK"
2025-02-28 23:46:26,227 - httpx - INFO - HTTP Request: POST https://hmdqtnywfebxjugxzlvc.supabase.co/storage/v1/object/exercises/c770c9bb-4de1-44be-aacb-b4bea3efbacf/abd70059-0f1d-4c17-82a5-9e034356f21c/95c2585d-6875-416d-9f60-189f5c6b6bf6.png "HTTP/2 200 OK"
2025-02-28 23:46:26,490 - httpx - INFO - HTTP Request: POST https://hmdqtnywfebxjugxzlvc.supabase.co/storage/v1/object/exercises/c770c9bb-4de1-44be-aacb-b4bea3efbacf/abd70059-0f1d-4c17-82a5-9e034356f21c/17d484e5-a4fb-4cd1-bbbf-1f411dee2b53.png "HTTP/2 200 OK"
2025-02-28 23:46:26,734 - httpx - INFO - HTTP Request: POST https://hmdqtnywfebxjugxzlvc.supabase.co/storage/v1/object/exercises/c770c9bb-4de1-44be-aacb-b4bea3efbacf/abd70059-0f1d-4c17-82a5-9e034356f21c/382e6d93-4594-49c0-8c74-4f25534f29c1.png "HTTP/2 200 OK"
2025-02-28 23:46:26,978 - httpx - INFO - HTTP Request: POST https://hmdqtnywfebxjugxzlvc.supabase.co/storage/v1/object/exercises/c770c9bb-4de1-44be-aacb-b4bea3efbacf/abd70059-0f1d-4c17-82a5-9e034356f21c/c9405d2e-467e-4aa1-a8c9-035bf21860de.png "HTTP/2 200 OK"
2025-02-28 23:46:27,166 - httpx - INFO - HTTP Request: POST https://hmdqtnywfebxjugxzlvc.supabase.co/storage/v1/object/exercises/c770c9bb-4de1-44be-aacb-b4bea3efbacf/abd70059-0f1d-4c17-82a5-9e034356f21c/45a085c7-e7fe-4969-ac2a-89409c9bede1.png "HTTP/2 200 OK"
2025-02-28 23:46:27,579 - httpx - INFO - HTTP Request: POST https://hmdqtnywfebxjugxzlvc.supabase.co/storage/v1/object/exercises/c770c9bb-4de1-44be-aacb-b4bea3efbacf/abd70059-0f1d-4c17-82a5-9e034356f21c/a4653c4f-1be1-4134-bbfa-2fc93c62d491.png "HTTP/2 200 OK"
2025-02-28 23:46:28,107 - httpx - INFO - HTTP Request: POST https://hmdqtnywfebxjugxzlvc.supabase.co/storage/v1/object/exercises/c770c9bb-4de1-44be-aacb-b4bea3efbacf/abd70059-0f1d-4c17-82a5-9e034356f21c/6ad1e364-3cb8-4474-9789-bb0b5c7a0e71.png "HTTP/2 200 OK"
2025-02-28 23:46:28,614 - httpx - INFO - HTTP Request: POST https://hmdqtnywfebxjugxzlvc.supabase.co/storage/v1/object/exercises/c770c9bb-4de1-44be-aacb-b4bea3efbacf/abd70059-0f1d-4c17-82a5-9e034356f21c/3f2b4ff9-9ab9-466b-9ad0-af26ed702788.png "HTTP/2 200 OK"
2025-02-28 23:46:28,967 - httpx - INFO - HTTP Request: POST https://hmdqtnywfebxjugxzlvc.supabase.co/storage/v1/object/exercises/c770c9bb-4de1-44be-aacb-b4bea3efbacf/abd70059-0f1d-4c17-82a5-9e034356f21c/b1b520f5-66e5-47ff-b9d1-47e24649d53e.png "HTTP/2 200 OK"
2025-02-28 23:46:29,745 - httpx - INFO - HTTP Request: POST https://hmdqtnywfebxjugxzlvc.supabase.co/storage/v1/object/exercises/c770c9bb-4de1-44be-aacb-b4bea3efbacf/abd70059-0f1d-4c17-82a5-9e034356f21c/42e1d2fa-7ebf-463d-bc99-d1dcaabc788c.png "HTTP/2 200 OK"
2025-02-28 23:46:30,332 - httpx - INFO - HTTP Request: POST https://hmdqtnywfebxjugxzlvc.supabase.co/storage/v1/object/exercises/c770c9bb-4de1-44be-aacb-b4bea3efbacf/abd70059-0f1d-4c17-82a5-9e034356f21c/92e13edd-adaa-405d-bad3-1b64ff2e1e81.png "HTTP/2 200 OK"
2025-02-28 23:46:30,592 - httpx - INFO - HTTP Request: POST https://hmdqtnywfebxjugxzlvc.supabase.co/storage/v1/object/exercises/c770c9bb-4de1-44be-aacb-b4bea3efbacf/abd70059-0f1d-4c17-82a5-9e034356f21c/948ab714-d46e-4ef2-8170-9a088f7658f8.png "HTTP/2 200 OK"
2025-02-28 23:46:30,863 - httpx - INFO - HTTP Request: POST https://hmdqtnywfebxjugxzlvc.supabase.co/storage/v1/object/exercises/c770c9bb-4de1-44be-aacb-b4bea3efbacf/abd70059-0f1d-4c17-82a5-9e034356f21c/a8894dbe-4df1-4821-94a5-88d94e9fe1cb.png "HTTP/2 200 OK"
2025-02-28 23:46:31,095 - httpx - INFO - HTTP Request: POST https://hmdqtnywfebxjugxzlvc.supabase.co/storage/v1/object/exercises/c770c9bb-4de1-44be-aacb-b4bea3efbacf/abd70059-0f1d-4c17-82a5-9e034356f21c/a7d374d2-b857-4a63-a993-83bc2e0aad0a.png "HTTP/2 200 OK"
2025-02-28 23:46:31,427 - httpx - INFO - HTTP Request: POST https://hmdqtnywfebxjugxzlvc.supabase.co/storage/v1/object/exercises/c770c9bb-4de1-44be-aacb-b4bea3efbacf/abd70059-0f1d-4c17-82a5-9e034356f21c/913c3acc-2f85-446d-a317-35534c931921.png "HTTP/2 200 OK"
2025-02-28 23:46:31,637 - httpx - INFO - HTTP Request: POST https://hmdqtnywfebxjugxzlvc.supabase.co/storage/v1/object/exercises/c770c9bb-4de1-44be-aacb-b4bea3efbacf/abd70059-0f1d-4c17-82a5-9e034356f21c/a3f081a9-f31a-4b13-bf7b-872a0b7a7017.png "HTTP/2 200 OK"
2025-02-28 23:46:31,956 - httpx - INFO - HTTP Request: POST https://hmdqtnywfebxjugxzlvc.supabase.co/storage/v1/object/exercises/c770c9bb-4de1-44be-aacb-b4bea3efbacf/abd70059-0f1d-4c17-82a5-9e034356f21c/d975cf68-8e34-4929-a8d6-715523a8e334.png "HTTP/2 200 OK"
2025-02-28 23:46:32,318 - httpx - INFO - HTTP Request: POST https://hmdqtnywfebxjugxzlvc.supabase.co/storage/v1/object/exercises/c770c9bb-4de1-44be-aacb-b4bea3efbacf/abd70059-0f1d-4c17-82a5-9e034356f21c/21424352-ff48-41a0-b390-56bc3311c8ab.png "HTTP/2 200 OK"
2025-02-28 23:46:32,496 - httpx - INFO - HTTP Request: POST https://hmdqtnywfebxjugxzlvc.supabase.co/storage/v1/object/exercises/c770c9bb-4de1-44be-aacb-b4bea3efbacf/abd70059-0f1d-4c17-82a5-9e034356f21c/4d0c4932-e2da-408e-bf51-4f3530e38f67.png "HTTP/2 200 OK"
2025-02-28 23:46:33,166 - httpx - INFO - HTTP Request: POST https://hmdqtnywfebxjugxzlvc.supabase.co/storage/v1/object/exercises/c770c9bb-4de1-44be-aacb-b4bea3efbacf/abd70059-0f1d-4c17-82a5-9e034356f21c/40936db8-769d-41bf-be6b-07f1ef27b6e4.png "HTTP/2 200 OK"
2025-02-28 23:46:33,417 - httpx - INFO - HTTP Request: POST https://hmdqtnywfebxjugxzlvc.supabase.co/storage/v1/object/exercises/c770c9bb-4de1-44be-aacb-b4bea3efbacf/abd70059-0f1d-4c17-82a5-9e034356f21c/62a40e7a-97c3-4e2a-8752-41b40bf2066f.png "HTTP/2 200 OK"
2025-02-28 23:46:33,592 - httpx - INFO - HTTP Request: POST https://hmdqtnywfebxjugxzlvc.supabase.co/storage/v1/object/exercises/c770c9bb-4de1-44be-aacb-b4bea3efbacf/abd70059-0f1d-4c17-82a5-9e034356f21c/17c3264d-102b-4d79-8ec9-f5117247b311.png "HTTP/2 200 OK"
2025-02-28 23:46:33,765 - httpx - INFO - HTTP Request: POST https://hmdqtnywfebxjugxzlvc.supabase.co/storage/v1/object/exercises/c770c9bb-4de1-44be-aacb-b4bea3efbacf/abd70059-0f1d-4c17-82a5-9e034356f21c/b097bc71-59de-411c-b777-336bca925271.png "HTTP/2 200 OK"
2025-02-28 23:46:33,940 - httpx - INFO - HTTP Request: POST https://hmdqtnywfebxjugxzlvc.supabase.co/storage/v1/object/exercises/c770c9bb-4de1-44be-aacb-b4bea3efbacf/abd70059-0f1d-4c17-82a5-9e034356f21c/5978da37-7445-4f85-8a38-09afb049db89.png "HTTP/2 200 OK"
2025-02-28 23:46:34,132 - httpx - INFO - HTTP Request: POST https://hmdqtnywfebxjugxzlvc.supabase.co/storage/v1/object/exercises/c770c9bb-4de1-44be-aacb-b4bea3efbacf/abd70059-0f1d-4c17-82a5-9e034356f21c/98c85755-88f7-46a3-b927-a8e293fbf76b.png "HTTP/2 200 OK"
2025-02-28 23:46:34,372 - httpx - INFO - HTTP Request: POST https://hmdqtnywfebxjugxzlvc.supabase.co/storage/v1/object/exercises/c770c9bb-4de1-44be-aacb-b4bea3efbacf/abd70059-0f1d-4c17-82a5-9e034356f21c/ef834e95-ee14-4f9c-b940-065998f56851.png "HTTP/2 200 OK"
2025-02-28 23:46:34,939 - httpx - INFO - HTTP Request: POST https://hmdqtnywfebxjugxzlvc.supabase.co/storage/v1/object/exercises/c770c9bb-4de1-44be-aacb-b4bea3efbacf/abd70059-0f1d-4c17-82a5-9e034356f21c/f815f921-a064-4961-8676-b5fb7d6511ea.png "HTTP/2 200 OK"
2025-02-28 23:46:35,163 - httpx - INFO - HTTP Request: POST https://hmdqtnywfebxjugxzlvc.supabase.co/storage/v1/object/exercises/c770c9bb-4de1-44be-aacb-b4bea3efbacf/abd70059-0f1d-4c17-82a5-9e034356f21c/e0c78792-5e62-4e5d-a536-e37e0a93306c.png "HTTP/2 200 OK"
2025-02-28 23:46:35,347 - httpx - INFO - HTTP Request: POST https://hmdqtnywfebxjugxzlvc.supabase.co/storage/v1/object/exercises/c770c9bb-4de1-44be-aacb-b4bea3efbacf/abd70059-0f1d-4c17-82a5-9e034356f21c/28b628a5-953d-4ded-aadf-4ce21303a458.png "HTTP/2 200 OK"
2025-02-28 23:46:35,514 - httpx - INFO - HTTP Request: POST https://hmdqtnywfebxjugxzlvc.supabase.co/storage/v1/object/exercises/c770c9bb-4de1-44be-aacb-b4bea3efbacf/abd70059-0f1d-4c17-82a5-9e034356f21c/b1137633-0d2f-4e8f-9bea-c9a04aef7ec7.png "HTTP/2 200 OK"
2025-02-28 23:46:35,693 - httpx - INFO - HTTP Request: POST https://hmdqtnywfebxjugxzlvc.supabase.co/storage/v1/object/exercises/c770c9bb-4de1-44be-aacb-b4bea3efbacf/abd70059-0f1d-4c17-82a5-9e034356f21c/878038d2-0559-4784-b129-2c71e4395c83.png "HTTP/2 200 OK"
2025-02-28 23:46:35,882 - httpx - INFO - HTTP Request: POST https://hmdqtnywfebxjugxzlvc.supabase.co/storage/v1/object/exercises/c770c9bb-4de1-44be-aacb-b4bea3efbacf/abd70059-0f1d-4c17-82a5-9e034356f21c/506f2a6b-8166-46fa-ad22-fb6c763812f2.png "HTTP/2 200 OK"
2025-02-28 23:46:36,054 - httpx - INFO - HTTP Request: POST https://hmdqtnywfebxjugxzlvc.supabase.co/storage/v1/object/exercises/c770c9bb-4de1-44be-aacb-b4bea3efbacf/abd70059-0f1d-4c17-82a5-9e034356f21c/d1f84a42-8401-42ed-9b06-ec2271431cd9.png "HTTP/2 200 OK"
2025-02-28 23:46:36,253 - httpx - INFO - HTTP Request: POST https://hmdqtnywfebxjugxzlvc.supabase.co/storage/v1/object/exercises/c770c9bb-4de1-44be-aacb-b4bea3efbacf/abd70059-0f1d-4c17-82a5-9e034356f21c/ae26bb83-f3c4-49e3-9e85-ce7b4bd53f15.png "HTTP/2 200 OK"
2025-02-28 23:46:36,510 - httpx - INFO - HTTP Request: POST https://hmdqtnywfebxjugxzlvc.supabase.co/storage/v1/object/exercises/c770c9bb-4de1-44be-aacb-b4bea3efbacf/abd70059-0f1d-4c17-82a5-9e034356f21c/f1fab3d7-921b-4c04-b493-1d93819e85a8.png "HTTP/2 200 OK"
2025-02-28 23:46:36,695 - httpx - INFO - HTTP Request: POST https://hmdqtnywfebxjugxzlvc.supabase.co/storage/v1/object/exercises/c770c9bb-4de1-44be-aacb-b4bea3efbacf/abd70059-0f1d-4c17-82a5-9e034356f21c/f837a1de-c3ee-4e87-ae85-2cc34582369b.png "HTTP/2 200 OK"
2025-02-28 23:46:36,874 - httpx - INFO - HTTP Request: POST https://hmdqtnywfebxjugxzlvc.supabase.co/storage/v1/object/exercises/c770c9bb-4de1-44be-aacb-b4bea3efbacf/abd70059-0f1d-4c17-82a5-9e034356f21c/a15aa0dd-1c26-44e2-81f8-4a538a68f723.png "HTTP/2 200 OK"
2025-02-28 23:46:37,109 - httpx - INFO - HTTP Request: POST https://hmdqtnywfebxjugxzlvc.supabase.co/storage/v1/object/exercises/c770c9bb-4de1-44be-aacb-b4bea3efbacf/abd70059-0f1d-4c17-82a5-9e034356f21c/7468d67f-ea5f-4db3-8f6f-e96738af0bd8.png "HTTP/2 200 OK"
2025-02-28 23:46:37,349 - httpx - INFO - HTTP Request: POST https://hmdqtnywfebxjugxzlvc.supabase.co/storage/v1/object/exercises/c770c9bb-4de1-44be-aacb-b4bea3efbacf/abd70059-0f1d-4c17-82a5-9e034356f21c/f6018d3f-533f-47c5-a6cf-faac23963885.png "HTTP/2 200 OK"
2025-02-28 23:46:37,522 - httpx - INFO - HTTP Request: POST https://hmdqtnywfebxjugxzlvc.supabase.co/storage/v1/object/exercises/c770c9bb-4de1-44be-aacb-b4bea3efbacf/abd70059-0f1d-4c17-82a5-9e034356f21c/831c6999-f942-4791-9248-97544d972437.png "HTTP/2 200 OK"
2025-02-28 23:46:37,748 - httpx - INFO - HTTP Request: POST https://hmdqtnywfebxjugxzlvc.supabase.co/storage/v1/object/exercises/c770c9bb-4de1-44be-aacb-b4bea3efbacf/abd70059-0f1d-4c17-82a5-9e034356f21c/71196503-b61d-46f4-85f5-b6f5277b6619.png "HTTP/2 200 OK"
2025-02-28 23:46:37,907 - httpx - INFO - HTTP Request: POST https://hmdqtnywfebxjugxzlvc.supabase.co/storage/v1/object/exercises/c770c9bb-4de1-44be-aacb-b4bea3efbacf/abd70059-0f1d-4c17-82a5-9e034356f21c/40320222-b5a5-44e6-89c8-2b2e67e5aeb8.png "HTTP/2 200 OK"
2025-02-28 23:46:38,149 - httpx - INFO - HTTP Request: POST https://hmdqtnywfebxjugxzlvc.supabase.co/storage/v1/object/exercises/c770c9bb-4de1-44be-aacb-b4bea3efbacf/abd70059-0f1d-4c17-82a5-9e034356f21c/8c1a77a4-79a0-4fe7-9f0f-e0d00eff062f.png "HTTP/2 200 OK"
2025-02-28 23:46:38,368 - httpx - INFO - HTTP Request: POST https://hmdqtnywfebxjugxzlvc.supabase.co/storage/v1/object/exercises/c770c9bb-4de1-44be-aacb-b4bea3efbacf/abd70059-0f1d-4c17-82a5-9e034356f21c/a5a3d78f-65c4-48cd-9822-f510fadacb17.png "HTTP/2 200 OK"
2025-02-28 23:46:38,587 - httpx - INFO - HTTP Request: POST https://hmdqtnywfebxjugxzlvc.supabase.co/storage/v1/object/exercises/c770c9bb-4de1-44be-aacb-b4bea3efbacf/abd70059-0f1d-4c17-82a5-9e034356f21c/575bfdce-cc0c-4635-a590-84b86c0d23d2.png "HTTP/2 200 OK"
2025-02-28 23:46:38,783 - httpx - INFO - HTTP Request: POST https://hmdqtnywfebxjugxzlvc.supabase.co/storage/v1/object/exercises/c770c9bb-4de1-44be-aacb-b4bea3efbacf/abd70059-0f1d-4c17-82a5-9e034356f21c/87c815b0-1172-4546-ba84-aff184c5f715.png "HTTP/2 200 OK"
2025-02-28 23:46:38,783 - __main__ - INFO - Successfully uploaded all exercise images
2025-03-01 09:22:27,524 - table_of_contents_extractor - INFO - Loaded existing TOC from /Users/ashoksaravanan/Coding/ScribeLec/server/uploads/toc_Vanderbei.json
2025-03-01 09:22:27,537 - table_of_contents_extractor - INFO - Loaded existing TOC from /Users/ashoksaravanan/Coding/ScribeLec/server/uploads/toc_Vanderbei.json
2025-03-01 09:22:27,540 - table_of_contents_extractor - INFO - Loaded existing TOC from /Users/ashoksaravanan/Coding/ScribeLec/server/uploads/toc_Vanderbei.json
2025-03-01 09:22:27,992 - httpx - INFO - HTTP Request: POST https://hmdqtnywfebxjugxzlvc.supabase.co/rest/v1/textbooks "HTTP/2 201 Created"
2025-03-01 09:22:27,999 - __main__ - INFO - Created textbook with ID: 3813fd93-285a-4cf3-b805-45608c005a4d
2025-03-01 09:22:28,080 - httpx - INFO - HTTP Request: POST https://hmdqtnywfebxjugxzlvc.supabase.co/rest/v1/chapters "HTTP/2 201 Created"
2025-03-01 09:22:28,186 - httpx - INFO - HTTP Request: POST https://hmdqtnywfebxjugxzlvc.supabase.co/rest/v1/exercises "HTTP/2 201 Created"
2025-03-01 09:22:28,276 - httpx - INFO - HTTP Request: POST https://hmdqtnywfebxjugxzlvc.supabase.co/rest/v1/exercises "HTTP/2 201 Created"
2025-03-01 09:22:28,371 - httpx - INFO - HTTP Request: POST https://hmdqtnywfebxjugxzlvc.supabase.co/rest/v1/exercises "HTTP/2 201 Created"
2025-03-01 09:22:28,443 - httpx - INFO - HTTP Request: POST https://hmdqtnywfebxjugxzlvc.supabase.co/rest/v1/chapters "HTTP/2 201 Created"
2025-03-01 09:22:28,516 - httpx - INFO - HTTP Request: POST https://hmdqtnywfebxjugxzlvc.supabase.co/rest/v1/exercises "HTTP/2 201 Created"
2025-03-01 09:22:28,590 - httpx - INFO - HTTP Request: POST https://hmdqtnywfebxjugxzlvc.supabase.co/rest/v1/exercises "HTTP/2 201 Created"
2025-03-01 09:22:28,638 - httpx - INFO - HTTP Request: POST https://hmdqtnywfebxjugxzlvc.supabase.co/rest/v1/exercises "HTTP/2 201 Created"
2025-03-01 09:22:28,710 - httpx - INFO - HTTP Request: POST https://hmdqtnywfebxjugxzlvc.supabase.co/rest/v1/exercises "HTTP/2 201 Created"
2025-03-01 09:22:28,784 - httpx - INFO - HTTP Request: POST https://hmdqtnywfebxjugxzlvc.supabase.co/rest/v1/exercises "HTTP/2 201 Created"
2025-03-01 09:22:28,855 - httpx - INFO - HTTP Request: POST https://hmdqtnywfebxjugxzlvc.supabase.co/rest/v1/exercises "HTTP/2 201 Created"
2025-03-01 09:22:28,922 - httpx - INFO - HTTP Request: POST https://hmdqtnywfebxjugxzlvc.supabase.co/rest/v1/exercises "HTTP/2 201 Created"
2025-03-01 09:22:28,965 - httpx - INFO - HTTP Request: POST https://hmdqtnywfebxjugxzlvc.supabase.co/rest/v1/exercises "HTTP/2 201 Created"
2025-03-01 09:22:29,015 - httpx - INFO - HTTP Request: POST https://hmdqtnywfebxjugxzlvc.supabase.co/rest/v1/exercises "HTTP/2 201 Created"
2025-03-01 09:22:29,159 - httpx - INFO - HTTP Request: POST https://hmdqtnywfebxjugxzlvc.supabase.co/rest/v1/exercises "HTTP/2 201 Created"
2025-03-01 09:22:29,467 - httpx - INFO - HTTP Request: POST https://hmdqtnywfebxjugxzlvc.supabase.co/rest/v1/exercises "HTTP/2 201 Created"
2025-03-01 09:22:29,508 - httpx - INFO - HTTP Request: POST https://hmdqtnywfebxjugxzlvc.supabase.co/rest/v1/exercises "HTTP/2 201 Created"
2025-03-01 09:22:29,678 - httpx - INFO - HTTP Request: POST https://hmdqtnywfebxjugxzlvc.supabase.co/rest/v1/exercises "HTTP/2 201 Created"
2025-03-01 09:22:29,995 - httpx - INFO - HTTP Request: POST https://hmdqtnywfebxjugxzlvc.supabase.co/rest/v1/exercises "HTTP/2 201 Created"
2025-03-01 09:22:30,171 - httpx - INFO - HTTP Request: POST https://hmdqtnywfebxjugxzlvc.supabase.co/rest/v1/exercises "HTTP/2 201 Created"
2025-03-01 09:22:30,351 - httpx - INFO - HTTP Request: POST https://hmdqtnywfebxjugxzlvc.supabase.co/rest/v1/exercises "HTTP/2 201 Created"
2025-03-01 09:22:30,513 - httpx - INFO - HTTP Request: POST https://hmdqtnywfebxjugxzlvc.supabase.co/rest/v1/exercises "HTTP/2 201 Created"
2025-03-01 09:22:30,685 - httpx - INFO - HTTP Request: POST https://hmdqtnywfebxjugxzlvc.supabase.co/rest/v1/exercises "HTTP/2 201 Created"
2025-03-01 09:22:30,857 - httpx - INFO - HTTP Request: POST https://hmdqtnywfebxjugxzlvc.supabase.co/rest/v1/exercises "HTTP/2 201 Created"
2025-03-01 09:22:31,034 - httpx - INFO - HTTP Request: POST https://hmdqtnywfebxjugxzlvc.supabase.co/rest/v1/chapters "HTTP/2 201 Created"
2025-03-01 09:22:31,210 - httpx - INFO - HTTP Request: POST https://hmdqtnywfebxjugxzlvc.supabase.co/rest/v1/exercises "HTTP/2 201 Created"
2025-03-01 09:22:31,389 - httpx - INFO - HTTP Request: POST https://hmdqtnywfebxjugxzlvc.supabase.co/rest/v1/exercises "HTTP/2 201 Created"
2025-03-01 09:22:31,635 - httpx - INFO - HTTP Request: POST https://hmdqtnywfebxjugxzlvc.supabase.co/rest/v1/exercises "HTTP/2 201 Created"
2025-03-01 09:22:31,811 - httpx - INFO - HTTP Request: POST https://hmdqtnywfebxjugxzlvc.supabase.co/rest/v1/exercises "HTTP/2 201 Created"
2025-03-01 09:22:32,000 - httpx - INFO - HTTP Request: POST https://hmdqtnywfebxjugxzlvc.supabase.co/rest/v1/exercises "HTTP/2 201 Created"
2025-03-01 09:22:32,105 - httpx - INFO - HTTP Request: POST https://hmdqtnywfebxjugxzlvc.supabase.co/rest/v1/exercises "HTTP/2 201 Created"
2025-03-01 09:22:32,192 - httpx - INFO - HTTP Request: POST https://hmdqtnywfebxjugxzlvc.supabase.co/rest/v1/exercises "HTTP/2 201 Created"
2025-03-01 09:22:32,246 - httpx - INFO - HTTP Request: POST https://hmdqtnywfebxjugxzlvc.supabase.co/rest/v1/chapters "HTTP/2 201 Created"
2025-03-01 09:22:32,317 - httpx - INFO - HTTP Request: POST https://hmdqtnywfebxjugxzlvc.supabase.co/rest/v1/exercises "HTTP/2 201 Created"
2025-03-01 09:22:32,372 - httpx - INFO - HTTP Request: POST https://hmdqtnywfebxjugxzlvc.supabase.co/rest/v1/exercises "HTTP/2 201 Created"
2025-03-01 09:22:32,446 - httpx - INFO - HTTP Request: POST https://hmdqtnywfebxjugxzlvc.supabase.co/rest/v1/exercises "HTTP/2 201 Created"
2025-03-01 09:22:32,495 - httpx - INFO - HTTP Request: POST https://hmdqtnywfebxjugxzlvc.supabase.co/rest/v1/exercises "HTTP/2 201 Created"
2025-03-01 09:22:32,540 - httpx - INFO - HTTP Request: POST https://hmdqtnywfebxjugxzlvc.supabase.co/rest/v1/exercises "HTTP/2 201 Created"
2025-03-01 09:22:32,580 - httpx - INFO - HTTP Request: POST https://hmdqtnywfebxjugxzlvc.supabase.co/rest/v1/exercises "HTTP/2 201 Created"
2025-03-01 09:22:32,619 - httpx - INFO - HTTP Request: POST https://hmdqtnywfebxjugxzlvc.supabase.co/rest/v1/exercises "HTTP/2 201 Created"
2025-03-01 09:22:32,662 - httpx - INFO - HTTP Request: POST https://hmdqtnywfebxjugxzlvc.supabase.co/rest/v1/exercises "HTTP/2 201 Created"
2025-03-01 09:22:32,807 - httpx - INFO - HTTP Request: POST https://hmdqtnywfebxjugxzlvc.supabase.co/rest/v1/exercises "HTTP/2 201 Created"
2025-03-01 09:22:33,113 - httpx - INFO - HTTP Request: POST https://hmdqtnywfebxjugxzlvc.supabase.co/rest/v1/exercises "HTTP/2 201 Created"
2025-03-01 09:22:33,288 - httpx - INFO - HTTP Request: POST https://hmdqtnywfebxjugxzlvc.supabase.co/rest/v1/exercises "HTTP/2 201 Created"
2025-03-01 09:22:33,331 - httpx - INFO - HTTP Request: POST https://hmdqtnywfebxjugxzlvc.supabase.co/rest/v1/exercises "HTTP/2 201 Created"
2025-03-01 09:22:33,503 - httpx - INFO - HTTP Request: POST https://hmdqtnywfebxjugxzlvc.supabase.co/rest/v1/chapters "HTTP/2 201 Created"
2025-03-01 09:22:33,819 - httpx - INFO - HTTP Request: POST https://hmdqtnywfebxjugxzlvc.supabase.co/rest/v1/exercises "HTTP/2 201 Created"
2025-03-01 09:22:33,992 - httpx - INFO - HTTP Request: POST https://hmdqtnywfebxjugxzlvc.supabase.co/rest/v1/exercises "HTTP/2 201 Created"
2025-03-01 09:22:34,154 - httpx - INFO - HTTP Request: POST https://hmdqtnywfebxjugxzlvc.supabase.co/rest/v1/exercises "HTTP/2 201 Created"
2025-03-01 09:22:34,332 - httpx - INFO - HTTP Request: POST https://hmdqtnywfebxjugxzlvc.supabase.co/rest/v1/exercises "HTTP/2 201 Created"
2025-03-01 09:22:34,506 - httpx - INFO - HTTP Request: POST https://hmdqtnywfebxjugxzlvc.supabase.co/rest/v1/exercises "HTTP/2 201 Created"
2025-03-01 09:22:34,682 - httpx - INFO - HTTP Request: POST https://hmdqtnywfebxjugxzlvc.supabase.co/rest/v1/exercises "HTTP/2 201 Created"
2025-03-01 09:22:34,868 - httpx - INFO - HTTP Request: POST https://hmdqtnywfebxjugxzlvc.supabase.co/rest/v1/exercises "HTTP/2 201 Created"
2025-03-01 09:22:35,036 - httpx - INFO - HTTP Request: POST https://hmdqtnywfebxjugxzlvc.supabase.co/rest/v1/exercises "HTTP/2 201 Created"
2025-03-01 09:22:35,148 - httpx - INFO - HTTP Request: POST https://hmdqtnywfebxjugxzlvc.supabase.co/rest/v1/exercises "HTTP/2 201 Created"
2025-03-01 09:22:35,322 - httpx - INFO - HTTP Request: POST https://hmdqtnywfebxjugxzlvc.supabase.co/rest/v1/exercises "HTTP/2 201 Created"
2025-03-01 09:22:35,493 - httpx - INFO - HTTP Request: POST https://hmdqtnywfebxjugxzlvc.supabase.co/rest/v1/exercises "HTTP/2 201 Created"
2025-03-01 09:22:35,668 - httpx - INFO - HTTP Request: POST https://hmdqtnywfebxjugxzlvc.supabase.co/rest/v1/exercises "HTTP/2 201 Created"
2025-03-01 09:22:35,753 - httpx - INFO - HTTP Request: POST https://hmdqtnywfebxjugxzlvc.supabase.co/rest/v1/exercises "HTTP/2 201 Created"
2025-03-01 09:22:35,796 - httpx - INFO - HTTP Request: POST https://hmdqtnywfebxjugxzlvc.supabase.co/rest/v1/exercises "HTTP/2 201 Created"
2025-03-01 09:22:35,849 - httpx - INFO - HTTP Request: POST https://hmdqtnywfebxjugxzlvc.supabase.co/rest/v1/exercises "HTTP/2 201 Created"
2025-03-01 09:22:35,893 - httpx - INFO - HTTP Request: POST https://hmdqtnywfebxjugxzlvc.supabase.co/rest/v1/exercises "HTTP/2 201 Created"
2025-03-01 09:22:35,965 - httpx - INFO - HTTP Request: POST https://hmdqtnywfebxjugxzlvc.supabase.co/rest/v1/exercises "HTTP/2 201 Created"
2025-03-01 09:22:36,005 - httpx - INFO - HTTP Request: POST https://hmdqtnywfebxjugxzlvc.supabase.co/rest/v1/chapters "HTTP/2 201 Created"
2025-03-01 09:22:36,092 - httpx - INFO - HTTP Request: POST https://hmdqtnywfebxjugxzlvc.supabase.co/rest/v1/exercises "HTTP/2 201 Created"
2025-03-01 09:22:36,143 - httpx - INFO - HTTP Request: POST https://hmdqtnywfebxjugxzlvc.supabase.co/rest/v1/exercises "HTTP/2 201 Created"
2025-03-01 09:22:36,185 - httpx - INFO - HTTP Request: POST https://hmdqtnywfebxjugxzlvc.supabase.co/rest/v1/exercises "HTTP/2 201 Created"
2025-03-01 09:22:36,227 - httpx - INFO - HTTP Request: POST https://hmdqtnywfebxjugxzlvc.supabase.co/rest/v1/exercises "HTTP/2 201 Created"
2025-03-01 09:22:36,268 - httpx - INFO - HTTP Request: POST https://hmdqtnywfebxjugxzlvc.supabase.co/rest/v1/exercises "HTTP/2 201 Created"
2025-03-01 09:22:36,314 - httpx - INFO - HTTP Request: POST https://hmdqtnywfebxjugxzlvc.supabase.co/rest/v1/exercises "HTTP/2 201 Created"
2025-03-01 09:22:36,358 - httpx - INFO - HTTP Request: POST https://hmdqtnywfebxjugxzlvc.supabase.co/rest/v1/exercises "HTTP/2 201 Created"
2025-03-01 09:22:36,441 - httpx - INFO - HTTP Request: POST https://hmdqtnywfebxjugxzlvc.supabase.co/rest/v1/chapters "HTTP/2 201 Created"
2025-03-01 09:22:36,488 - httpx - INFO - HTTP Request: POST https://hmdqtnywfebxjugxzlvc.supabase.co/rest/v1/exercises "HTTP/2 201 Created"
2025-03-01 09:22:36,530 - httpx - INFO - HTTP Request: POST https://hmdqtnywfebxjugxzlvc.supabase.co/rest/v1/exercises "HTTP/2 201 Created"
2025-03-01 09:22:36,571 - httpx - INFO - HTTP Request: POST https://hmdqtnywfebxjugxzlvc.supabase.co/rest/v1/exercises "HTTP/2 201 Created"
2025-03-01 09:22:36,623 - httpx - INFO - HTTP Request: POST https://hmdqtnywfebxjugxzlvc.supabase.co/rest/v1/exercises "HTTP/2 201 Created"
2025-03-01 09:22:36,669 - httpx - INFO - HTTP Request: POST https://hmdqtnywfebxjugxzlvc.supabase.co/rest/v1/exercises "HTTP/2 201 Created"
2025-03-01 09:22:36,707 - httpx - INFO - HTTP Request: POST https://hmdqtnywfebxjugxzlvc.supabase.co/rest/v1/exercises "HTTP/2 201 Created"
2025-03-01 09:22:36,775 - httpx - INFO - HTTP Request: POST https://hmdqtnywfebxjugxzlvc.supabase.co/rest/v1/exercises "HTTP/2 201 Created"
2025-03-01 09:22:36,820 - httpx - INFO - HTTP Request: POST https://hmdqtnywfebxjugxzlvc.supabase.co/rest/v1/exercises "HTTP/2 201 Created"
2025-03-01 09:22:36,858 - httpx - INFO - HTTP Request: POST https://hmdqtnywfebxjugxzlvc.supabase.co/rest/v1/exercises "HTTP/2 201 Created"
2025-03-01 09:22:36,910 - httpx - INFO - HTTP Request: POST https://hmdqtnywfebxjugxzlvc.supabase.co/rest/v1/exercises "HTTP/2 201 Created"
2025-03-01 09:22:36,983 - httpx - INFO - HTTP Request: POST https://hmdqtnywfebxjugxzlvc.supabase.co/rest/v1/exercises "HTTP/2 201 Created"
2025-03-01 09:22:37,030 - httpx - INFO - HTTP Request: POST https://hmdqtnywfebxjugxzlvc.supabase.co/rest/v1/chapters "HTTP/2 201 Created"
2025-03-01 09:22:37,075 - httpx - INFO - HTTP Request: POST https://hmdqtnywfebxjugxzlvc.supabase.co/rest/v1/exercises "HTTP/2 201 Created"
2025-03-01 09:22:37,122 - httpx - INFO - HTTP Request: POST https://hmdqtnywfebxjugxzlvc.supabase.co/rest/v1/exercises "HTTP/2 201 Created"
2025-03-01 09:22:37,169 - httpx - INFO - HTTP Request: POST https://hmdqtnywfebxjugxzlvc.supabase.co/rest/v1/exercises "HTTP/2 201 Created"
2025-03-01 09:22:37,209 - httpx - INFO - HTTP Request: POST https://hmdqtnywfebxjugxzlvc.supabase.co/rest/v1/exercises "HTTP/2 201 Created"
2025-03-01 09:22:37,285 - httpx - INFO - HTTP Request: POST https://hmdqtnywfebxjugxzlvc.supabase.co/rest/v1/chapters "HTTP/2 201 Created"
2025-03-01 09:22:37,326 - httpx - INFO - HTTP Request: POST https://hmdqtnywfebxjugxzlvc.supabase.co/rest/v1/exercises "HTTP/2 201 Created"
2025-03-01 09:22:37,368 - httpx - INFO - HTTP Request: POST https://hmdqtnywfebxjugxzlvc.supabase.co/rest/v1/exercises "HTTP/2 201 Created"
2025-03-01 09:22:37,426 - httpx - INFO - HTTP Request: POST https://hmdqtnywfebxjugxzlvc.supabase.co/rest/v1/chapters "HTTP/2 201 Created"
2025-03-01 09:22:37,472 - httpx - INFO - HTTP Request: POST https://hmdqtnywfebxjugxzlvc.supabase.co/rest/v1/exercises "HTTP/2 201 Created"
2025-03-01 09:22:37,514 - httpx - INFO - HTTP Request: POST https://hmdqtnywfebxjugxzlvc.supabase.co/rest/v1/exercises "HTTP/2 201 Created"
2025-03-01 09:22:37,575 - httpx - INFO - HTTP Request: POST https://hmdqtnywfebxjugxzlvc.supabase.co/rest/v1/exercises "HTTP/2 201 Created"
2025-03-01 09:22:37,619 - httpx - INFO - HTTP Request: POST https://hmdqtnywfebxjugxzlvc.supabase.co/rest/v1/exercises "HTTP/2 201 Created"
2025-03-01 09:22:37,660 - httpx - INFO - HTTP Request: POST https://hmdqtnywfebxjugxzlvc.supabase.co/rest/v1/exercises "HTTP/2 201 Created"
2025-03-01 09:22:37,699 - httpx - INFO - HTTP Request: POST https://hmdqtnywfebxjugxzlvc.supabase.co/rest/v1/exercises "HTTP/2 201 Created"
2025-03-01 09:22:37,745 - httpx - INFO - HTTP Request: POST https://hmdqtnywfebxjugxzlvc.supabase.co/rest/v1/exercises "HTTP/2 201 Created"
2025-03-01 09:22:37,785 - httpx - INFO - HTTP Request: POST https://hmdqtnywfebxjugxzlvc.supabase.co/rest/v1/chapters "HTTP/2 201 Created"
2025-03-01 09:22:37,836 - httpx - INFO - HTTP Request: POST https://hmdqtnywfebxjugxzlvc.supabase.co/rest/v1/exercises "HTTP/2 201 Created"
2025-03-01 09:22:37,881 - httpx - INFO - HTTP Request: POST https://hmdqtnywfebxjugxzlvc.supabase.co/rest/v1/exercises "HTTP/2 201 Created"
2025-03-01 09:22:37,922 - httpx - INFO - HTTP Request: POST https://hmdqtnywfebxjugxzlvc.supabase.co/rest/v1/exercises "HTTP/2 201 Created"
2025-03-01 09:22:37,970 - httpx - INFO - HTTP Request: POST https://hmdqtnywfebxjugxzlvc.supabase.co/rest/v1/exercises "HTTP/2 201 Created"
2025-03-01 09:22:38,012 - httpx - INFO - HTTP Request: POST https://hmdqtnywfebxjugxzlvc.supabase.co/rest/v1/exercises "HTTP/2 201 Created"
2025-03-01 09:22:38,053 - httpx - INFO - HTTP Request: POST https://hmdqtnywfebxjugxzlvc.supabase.co/rest/v1/exercises "HTTP/2 201 Created"
2025-03-01 09:22:38,097 - httpx - INFO - HTTP Request: POST https://hmdqtnywfebxjugxzlvc.supabase.co/rest/v1/exercises "HTTP/2 201 Created"
2025-03-01 09:22:38,136 - httpx - INFO - HTTP Request: POST https://hmdqtnywfebxjugxzlvc.supabase.co/rest/v1/exercises "HTTP/2 201 Created"
2025-03-01 09:22:38,181 - httpx - INFO - HTTP Request: POST https://hmdqtnywfebxjugxzlvc.supabase.co/rest/v1/exercises "HTTP/2 201 Created"
2025-03-01 09:22:38,220 - httpx - INFO - HTTP Request: POST https://hmdqtnywfebxjugxzlvc.supabase.co/rest/v1/chapters "HTTP/2 201 Created"
2025-03-01 09:22:38,259 - httpx - INFO - HTTP Request: POST https://hmdqtnywfebxjugxzlvc.supabase.co/rest/v1/exercises "HTTP/2 201 Created"
2025-03-01 09:22:38,299 - httpx - INFO - HTTP Request: POST https://hmdqtnywfebxjugxzlvc.supabase.co/rest/v1/exercises "HTTP/2 201 Created"
2025-03-01 09:22:38,343 - httpx - INFO - HTTP Request: POST https://hmdqtnywfebxjugxzlvc.supabase.co/rest/v1/exercises "HTTP/2 201 Created"
2025-03-01 09:22:38,384 - httpx - INFO - HTTP Request: POST https://hmdqtnywfebxjugxzlvc.supabase.co/rest/v1/exercises "HTTP/2 201 Created"
2025-03-01 09:22:38,433 - httpx - INFO - HTTP Request: POST https://hmdqtnywfebxjugxzlvc.supabase.co/rest/v1/exercises "HTTP/2 201 Created"
2025-03-01 09:22:38,477 - httpx - INFO - HTTP Request: POST https://hmdqtnywfebxjugxzlvc.supabase.co/rest/v1/exercises "HTTP/2 201 Created"
2025-03-01 09:22:38,518 - httpx - INFO - HTTP Request: POST https://hmdqtnywfebxjugxzlvc.supabase.co/rest/v1/exercises "HTTP/2 201 Created"
2025-03-01 09:22:38,566 - httpx - INFO - HTTP Request: POST https://hmdqtnywfebxjugxzlvc.supabase.co/rest/v1/exercises "HTTP/2 201 Created"
2025-03-01 09:22:38,612 - httpx - INFO - HTTP Request: POST https://hmdqtnywfebxjugxzlvc.supabase.co/rest/v1/exercises "HTTP/2 201 Created"
2025-03-01 09:22:38,664 - httpx - INFO - HTTP Request: POST https://hmdqtnywfebxjugxzlvc.supabase.co/rest/v1/exercises "HTTP/2 201 Created"
2025-03-01 09:22:38,710 - httpx - INFO - HTTP Request: POST https://hmdqtnywfebxjugxzlvc.supabase.co/rest/v1/exercises "HTTP/2 201 Created"
2025-03-01 09:22:38,755 - httpx - INFO - HTTP Request: POST https://hmdqtnywfebxjugxzlvc.supabase.co/rest/v1/exercises "HTTP/2 201 Created"
2025-03-01 09:22:38,799 - httpx - INFO - HTTP Request: POST https://hmdqtnywfebxjugxzlvc.supabase.co/rest/v1/chapters "HTTP/2 201 Created"
2025-03-01 09:22:38,845 - httpx - INFO - HTTP Request: POST https://hmdqtnywfebxjugxzlvc.supabase.co/rest/v1/exercises "HTTP/2 201 Created"
2025-03-01 09:22:38,895 - httpx - INFO - HTTP Request: POST https://hmdqtnywfebxjugxzlvc.supabase.co/rest/v1/exercises "HTTP/2 201 Created"
2025-03-01 09:22:38,936 - httpx - INFO - HTTP Request: POST https://hmdqtnywfebxjugxzlvc.supabase.co/rest/v1/exercises "HTTP/2 201 Created"
2025-03-01 09:22:38,982 - httpx - INFO - HTTP Request: POST https://hmdqtnywfebxjugxzlvc.supabase.co/rest/v1/chapters "HTTP/2 201 Created"
2025-03-01 09:22:39,028 - httpx - INFO - HTTP Request: POST https://hmdqtnywfebxjugxzlvc.supabase.co/rest/v1/exercises "HTTP/2 201 Created"
2025-03-01 09:22:39,070 - httpx - INFO - HTTP Request: POST https://hmdqtnywfebxjugxzlvc.supabase.co/rest/v1/exercises "HTTP/2 201 Created"
2025-03-01 09:22:39,110 - httpx - INFO - HTTP Request: POST https://hmdqtnywfebxjugxzlvc.supabase.co/rest/v1/exercises "HTTP/2 201 Created"
2025-03-01 09:22:39,153 - httpx - INFO - HTTP Request: POST https://hmdqtnywfebxjugxzlvc.supabase.co/rest/v1/exercises "HTTP/2 201 Created"
2025-03-01 09:22:39,203 - httpx - INFO - HTTP Request: POST https://hmdqtnywfebxjugxzlvc.supabase.co/rest/v1/exercises "HTTP/2 201 Created"
2025-03-01 09:22:39,255 - httpx - INFO - HTTP Request: POST https://hmdqtnywfebxjugxzlvc.supabase.co/rest/v1/exercises "HTTP/2 201 Created"
2025-03-01 09:22:39,299 - httpx - INFO - HTTP Request: POST https://hmdqtnywfebxjugxzlvc.supabase.co/rest/v1/exercises "HTTP/2 201 Created"
2025-03-01 09:22:39,341 - httpx - INFO - HTTP Request: POST https://hmdqtnywfebxjugxzlvc.supabase.co/rest/v1/exercises "HTTP/2 201 Created"
2025-03-01 09:22:39,381 - httpx - INFO - HTTP Request: POST https://hmdqtnywfebxjugxzlvc.supabase.co/rest/v1/exercises "HTTP/2 201 Created"
2025-03-01 09:22:39,427 - httpx - INFO - HTTP Request: POST https://hmdqtnywfebxjugxzlvc.supabase.co/rest/v1/exercises "HTTP/2 201 Created"
2025-03-01 09:22:39,475 - httpx - INFO - HTTP Request: POST https://hmdqtnywfebxjugxzlvc.supabase.co/rest/v1/exercises "HTTP/2 201 Created"
2025-03-01 09:22:39,516 - httpx - INFO - HTTP Request: POST https://hmdqtnywfebxjugxzlvc.supabase.co/rest/v1/exercises "HTTP/2 201 Created"
2025-03-01 09:22:39,557 - httpx - INFO - HTTP Request: POST https://hmdqtnywfebxjugxzlvc.supabase.co/rest/v1/exercises "HTTP/2 201 Created"
2025-03-01 09:22:39,602 - httpx - INFO - HTTP Request: POST https://hmdqtnywfebxjugxzlvc.supabase.co/rest/v1/exercises "HTTP/2 201 Created"
2025-03-01 09:22:39,646 - httpx - INFO - HTTP Request: POST https://hmdqtnywfebxjugxzlvc.supabase.co/rest/v1/exercises "HTTP/2 201 Created"
2025-03-01 09:22:39,687 - httpx - INFO - HTTP Request: POST https://hmdqtnywfebxjugxzlvc.supabase.co/rest/v1/exercises "HTTP/2 201 Created"
2025-03-01 09:22:39,728 - httpx - INFO - HTTP Request: POST https://hmdqtnywfebxjugxzlvc.supabase.co/rest/v1/exercises "HTTP/2 201 Created"
2025-03-01 09:22:39,770 - httpx - INFO - HTTP Request: POST https://hmdqtnywfebxjugxzlvc.supabase.co/rest/v1/exercises "HTTP/2 201 Created"
2025-03-01 09:22:39,818 - httpx - INFO - HTTP Request: POST https://hmdqtnywfebxjugxzlvc.supabase.co/rest/v1/exercises "HTTP/2 201 Created"
2025-03-01 09:22:39,867 - httpx - INFO - HTTP Request: POST https://hmdqtnywfebxjugxzlvc.supabase.co/rest/v1/chapters "HTTP/2 201 Created"
2025-03-01 09:22:39,946 - httpx - INFO - HTTP Request: POST https://hmdqtnywfebxjugxzlvc.supabase.co/rest/v1/exercises "HTTP/2 201 Created"
2025-03-01 09:22:40,001 - httpx - INFO - HTTP Request: POST https://hmdqtnywfebxjugxzlvc.supabase.co/rest/v1/exercises "HTTP/2 201 Created"
2025-03-01 09:22:40,050 - httpx - INFO - HTTP Request: POST https://hmdqtnywfebxjugxzlvc.supabase.co/rest/v1/exercises "HTTP/2 201 Created"
2025-03-01 09:22:40,092 - httpx - INFO - HTTP Request: POST https://hmdqtnywfebxjugxzlvc.supabase.co/rest/v1/exercises "HTTP/2 201 Created"
2025-03-01 09:22:40,141 - httpx - INFO - HTTP Request: POST https://hmdqtnywfebxjugxzlvc.supabase.co/rest/v1/exercises "HTTP/2 201 Created"
2025-03-01 09:22:40,187 - httpx - INFO - HTTP Request: POST https://hmdqtnywfebxjugxzlvc.supabase.co/rest/v1/exercises "HTTP/2 201 Created"
2025-03-01 09:22:40,232 - httpx - INFO - HTTP Request: POST https://hmdqtnywfebxjugxzlvc.supabase.co/rest/v1/exercises "HTTP/2 201 Created"
2025-03-01 09:22:40,277 - httpx - INFO - HTTP Request: POST https://hmdqtnywfebxjugxzlvc.supabase.co/rest/v1/exercises "HTTP/2 201 Created"
2025-03-01 09:22:40,324 - httpx - INFO - HTTP Request: POST https://hmdqtnywfebxjugxzlvc.supabase.co/rest/v1/exercises "HTTP/2 201 Created"
2025-03-01 09:22:40,366 - httpx - INFO - HTTP Request: POST https://hmdqtnywfebxjugxzlvc.supabase.co/rest/v1/chapters "HTTP/2 201 Created"
2025-03-01 09:22:40,426 - httpx - INFO - HTTP Request: POST https://hmdqtnywfebxjugxzlvc.supabase.co/rest/v1/exercises "HTTP/2 201 Created"
2025-03-01 09:22:40,466 - httpx - INFO - HTTP Request: POST https://hmdqtnywfebxjugxzlvc.supabase.co/rest/v1/exercises "HTTP/2 201 Created"
2025-03-01 09:22:40,505 - httpx - INFO - HTTP Request: POST https://hmdqtnywfebxjugxzlvc.supabase.co/rest/v1/exercises "HTTP/2 201 Created"
2025-03-01 09:22:40,546 - httpx - INFO - HTTP Request: POST https://hmdqtnywfebxjugxzlvc.supabase.co/rest/v1/exercises "HTTP/2 201 Created"
2025-03-01 09:22:40,588 - httpx - INFO - HTTP Request: POST https://hmdqtnywfebxjugxzlvc.supabase.co/rest/v1/exercises "HTTP/2 201 Created"
2025-03-01 09:22:40,630 - httpx - INFO - HTTP Request: POST https://hmdqtnywfebxjugxzlvc.supabase.co/rest/v1/chapters "HTTP/2 201 Created"
2025-03-01 09:22:40,669 - httpx - INFO - HTTP Request: POST https://hmdqtnywfebxjugxzlvc.supabase.co/rest/v1/exercises "HTTP/2 201 Created"
2025-03-01 09:22:40,708 - httpx - INFO - HTTP Request: POST https://hmdqtnywfebxjugxzlvc.supabase.co/rest/v1/exercises "HTTP/2 201 Created"
2025-03-01 09:22:40,747 - httpx - INFO - HTTP Request: POST https://hmdqtnywfebxjugxzlvc.supabase.co/rest/v1/exercises "HTTP/2 201 Created"
2025-03-01 09:22:40,788 - httpx - INFO - HTTP Request: POST https://hmdqtnywfebxjugxzlvc.supabase.co/rest/v1/exercises "HTTP/2 201 Created"
2025-03-01 09:22:40,832 - httpx - INFO - HTTP Request: POST https://hmdqtnywfebxjugxzlvc.supabase.co/rest/v1/chapters "HTTP/2 201 Created"
2025-03-01 09:22:40,873 - httpx - INFO - HTTP Request: POST https://hmdqtnywfebxjugxzlvc.supabase.co/rest/v1/exercises "HTTP/2 201 Created"
2025-03-01 09:22:40,913 - httpx - INFO - HTTP Request: POST https://hmdqtnywfebxjugxzlvc.supabase.co/rest/v1/exercises "HTTP/2 201 Created"
2025-03-01 09:22:40,953 - httpx - INFO - HTTP Request: POST https://hmdqtnywfebxjugxzlvc.supabase.co/rest/v1/exercises "HTTP/2 201 Created"
2025-03-01 09:22:40,999 - httpx - INFO - HTTP Request: POST https://hmdqtnywfebxjugxzlvc.supabase.co/rest/v1/exercises "HTTP/2 201 Created"
2025-03-01 09:22:41,044 - httpx - INFO - HTTP Request: POST https://hmdqtnywfebxjugxzlvc.supabase.co/rest/v1/exercises "HTTP/2 201 Created"
2025-03-01 09:22:41,108 - httpx - INFO - HTTP Request: POST https://hmdqtnywfebxjugxzlvc.supabase.co/rest/v1/exercises "HTTP/2 201 Created"
2025-03-01 09:22:41,150 - httpx - INFO - HTTP Request: POST https://hmdqtnywfebxjugxzlvc.supabase.co/rest/v1/exercises "HTTP/2 201 Created"
2025-03-01 09:22:41,192 - httpx - INFO - HTTP Request: POST https://hmdqtnywfebxjugxzlvc.supabase.co/rest/v1/exercises "HTTP/2 201 Created"
2025-03-01 09:22:41,239 - httpx - INFO - HTTP Request: POST https://hmdqtnywfebxjugxzlvc.supabase.co/rest/v1/exercises "HTTP/2 201 Created"
2025-03-01 09:22:41,294 - httpx - INFO - HTTP Request: POST https://hmdqtnywfebxjugxzlvc.supabase.co/rest/v1/chapters "HTTP/2 201 Created"
2025-03-01 09:22:41,336 - httpx - INFO - HTTP Request: POST https://hmdqtnywfebxjugxzlvc.supabase.co/rest/v1/exercises "HTTP/2 201 Created"
2025-03-01 09:22:41,376 - httpx - INFO - HTTP Request: POST https://hmdqtnywfebxjugxzlvc.supabase.co/rest/v1/exercises "HTTP/2 201 Created"
2025-03-01 09:22:41,422 - httpx - INFO - HTTP Request: POST https://hmdqtnywfebxjugxzlvc.supabase.co/rest/v1/exercises "HTTP/2 201 Created"
2025-03-01 09:22:41,466 - httpx - INFO - HTTP Request: POST https://hmdqtnywfebxjugxzlvc.supabase.co/rest/v1/chapters "HTTP/2 201 Created"
2025-03-01 09:22:41,507 - httpx - INFO - HTTP Request: POST https://hmdqtnywfebxjugxzlvc.supabase.co/rest/v1/exercises "HTTP/2 201 Created"
2025-03-01 09:22:41,548 - httpx - INFO - HTTP Request: POST https://hmdqtnywfebxjugxzlvc.supabase.co/rest/v1/exercises "HTTP/2 201 Created"
2025-03-01 09:22:41,587 - httpx - INFO - HTTP Request: POST https://hmdqtnywfebxjugxzlvc.supabase.co/rest/v1/exercises "HTTP/2 201 Created"
2025-03-01 09:22:41,629 - httpx - INFO - HTTP Request: POST https://hmdqtnywfebxjugxzlvc.supabase.co/rest/v1/exercises "HTTP/2 201 Created"
2025-03-01 09:22:41,671 - httpx - INFO - HTTP Request: POST https://hmdqtnywfebxjugxzlvc.supabase.co/rest/v1/chapters "HTTP/2 201 Created"
2025-03-01 09:22:41,707 - httpx - INFO - HTTP Request: POST https://hmdqtnywfebxjugxzlvc.supabase.co/rest/v1/exercises "HTTP/2 201 Created"
2025-03-01 09:22:41,745 - httpx - INFO - HTTP Request: POST https://hmdqtnywfebxjugxzlvc.supabase.co/rest/v1/exercises "HTTP/2 201 Created"
2025-03-01 09:22:41,786 - httpx - INFO - HTTP Request: POST https://hmdqtnywfebxjugxzlvc.supabase.co/rest/v1/exercises "HTTP/2 201 Created"
2025-03-01 09:22:41,827 - httpx - INFO - HTTP Request: POST https://hmdqtnywfebxjugxzlvc.supabase.co/rest/v1/exercises "HTTP/2 201 Created"
2025-03-01 09:22:41,876 - httpx - INFO - HTTP Request: POST https://hmdqtnywfebxjugxzlvc.supabase.co/rest/v1/chapters "HTTP/2 201 Created"
2025-03-01 09:22:41,926 - httpx - INFO - HTTP Request: POST https://hmdqtnywfebxjugxzlvc.supabase.co/rest/v1/exercises "HTTP/2 201 Created"
2025-03-01 09:22:41,969 - httpx - INFO - HTTP Request: POST https://hmdqtnywfebxjugxzlvc.supabase.co/rest/v1/exercises "HTTP/2 201 Created"
2025-03-01 09:22:42,015 - httpx - INFO - HTTP Request: POST https://hmdqtnywfebxjugxzlvc.supabase.co/rest/v1/exercises "HTTP/2 201 Created"
2025-03-01 09:22:42,069 - httpx - INFO - HTTP Request: POST https://hmdqtnywfebxjugxzlvc.supabase.co/rest/v1/exercises "HTTP/2 201 Created"
2025-03-01 09:22:42,109 - httpx - INFO - HTTP Request: POST https://hmdqtnywfebxjugxzlvc.supabase.co/rest/v1/chapters "HTTP/2 201 Created"
2025-03-01 09:22:42,152 - httpx - INFO - HTTP Request: POST https://hmdqtnywfebxjugxzlvc.supabase.co/rest/v1/exercises "HTTP/2 201 Created"
2025-03-01 09:22:42,190 - httpx - INFO - HTTP Request: POST https://hmdqtnywfebxjugxzlvc.supabase.co/rest/v1/exercises "HTTP/2 201 Created"
2025-03-01 09:22:42,231 - httpx - INFO - HTTP Request: POST https://hmdqtnywfebxjugxzlvc.supabase.co/rest/v1/exercises "HTTP/2 201 Created"
2025-03-01 09:22:42,275 - httpx - INFO - HTTP Request: POST https://hmdqtnywfebxjugxzlvc.supabase.co/rest/v1/exercises "HTTP/2 201 Created"
2025-03-01 09:22:42,318 - httpx - INFO - HTTP Request: POST https://hmdqtnywfebxjugxzlvc.supabase.co/rest/v1/exercises "HTTP/2 201 Created"
2025-03-01 09:22:42,365 - httpx - INFO - HTTP Request: POST https://hmdqtnywfebxjugxzlvc.supabase.co/rest/v1/chapters "HTTP/2 201 Created"
2025-03-01 09:22:42,406 - httpx - INFO - HTTP Request: POST https://hmdqtnywfebxjugxzlvc.supabase.co/rest/v1/exercises "HTTP/2 201 Created"
2025-03-01 09:22:42,446 - httpx - INFO - HTTP Request: POST https://hmdqtnywfebxjugxzlvc.supabase.co/rest/v1/exercises "HTTP/2 201 Created"
2025-03-01 09:22:42,486 - httpx - INFO - HTTP Request: POST https://hmdqtnywfebxjugxzlvc.supabase.co/rest/v1/exercises "HTTP/2 201 Created"
2025-03-01 09:22:42,532 - httpx - INFO - HTTP Request: POST https://hmdqtnywfebxjugxzlvc.supabase.co/rest/v1/exercises "HTTP/2 201 Created"
2025-03-01 09:22:42,576 - httpx - INFO - HTTP Request: POST https://hmdqtnywfebxjugxzlvc.supabase.co/rest/v1/exercises "HTTP/2 201 Created"
2025-03-01 09:22:42,626 - httpx - INFO - HTTP Request: POST https://hmdqtnywfebxjugxzlvc.supabase.co/rest/v1/exercises "HTTP/2 201 Created"
2025-03-01 09:22:42,666 - httpx - INFO - HTTP Request: POST https://hmdqtnywfebxjugxzlvc.supabase.co/rest/v1/exercises "HTTP/2 201 Created"
2025-03-01 09:22:42,707 - httpx - INFO - HTTP Request: POST https://hmdqtnywfebxjugxzlvc.supabase.co/rest/v1/chapters "HTTP/2 201 Created"
2025-03-01 09:22:42,746 - httpx - INFO - HTTP Request: POST https://hmdqtnywfebxjugxzlvc.supabase.co/rest/v1/exercises "HTTP/2 201 Created"
2025-03-01 09:22:42,788 - httpx - INFO - HTTP Request: POST https://hmdqtnywfebxjugxzlvc.supabase.co/rest/v1/exercises "HTTP/2 201 Created"
2025-03-01 09:22:42,829 - httpx - INFO - HTTP Request: POST https://hmdqtnywfebxjugxzlvc.supabase.co/rest/v1/exercises "HTTP/2 201 Created"
2025-03-01 09:22:42,877 - httpx - INFO - HTTP Request: POST https://hmdqtnywfebxjugxzlvc.supabase.co/rest/v1/exercises "HTTP/2 201 Created"
2025-03-01 09:22:42,919 - httpx - INFO - HTTP Request: POST https://hmdqtnywfebxjugxzlvc.supabase.co/rest/v1/exercises "HTTP/2 201 Created"
2025-03-01 09:22:42,964 - httpx - INFO - HTTP Request: POST https://hmdqtnywfebxjugxzlvc.supabase.co/rest/v1/exercises "HTTP/2 201 Created"
2025-03-01 09:22:43,011 - httpx - INFO - HTTP Request: POST https://hmdqtnywfebxjugxzlvc.supabase.co/rest/v1/exercises "HTTP/2 201 Created"
2025-03-01 09:22:43,012 - __main__ - INFO - Successfully uploaded textbook data to Supabase
2025-03-01 09:32:09,920 - table_of_contents_extractor - INFO - Loaded existing TOC from /Users/ashoksaravanan/Coding/ScribeLec/server/uploads/toc_Vanderbei.json
2025-03-01 09:32:09,934 - table_of_contents_extractor - INFO - Loaded existing TOC from /Users/ashoksaravanan/Coding/ScribeLec/server/uploads/toc_Vanderbei.json
2025-03-01 09:32:09,937 - table_of_contents_extractor - INFO - Loaded existing TOC from /Users/ashoksaravanan/Coding/ScribeLec/server/uploads/toc_Vanderbei.json
2025-03-01 09:32:10,345 - httpx - INFO - HTTP Request: POST https://hmdqtnywfebxjugxzlvc.supabase.co/rest/v1/textbooks "HTTP/2 201 Created"
2025-03-01 09:32:10,347 - __main__ - INFO - Created textbook with ID: e25aae3e-aafa-4bf6-8deb-3a96ee40ae71
2025-03-01 09:32:10,649 - httpx - INFO - HTTP Request: POST https://hmdqtnywfebxjugxzlvc.supabase.co/rest/v1/chapters "HTTP/2 201 Created"
2025-03-01 09:32:10,820 - httpx - INFO - HTTP Request: POST https://hmdqtnywfebxjugxzlvc.supabase.co/rest/v1/exercises "HTTP/2 201 Created"
2025-03-01 09:32:11,004 - httpx - INFO - HTTP Request: POST https://hmdqtnywfebxjugxzlvc.supabase.co/rest/v1/exercises "HTTP/2 201 Created"
2025-03-01 09:32:11,174 - httpx - INFO - HTTP Request: POST https://hmdqtnywfebxjugxzlvc.supabase.co/rest/v1/exercises "HTTP/2 201 Created"
2025-03-01 09:32:11,350 - httpx - INFO - HTTP Request: POST https://hmdqtnywfebxjugxzlvc.supabase.co/rest/v1/chapters "HTTP/2 201 Created"
2025-03-01 09:32:11,529 - httpx - INFO - HTTP Request: POST https://hmdqtnywfebxjugxzlvc.supabase.co/rest/v1/exercises "HTTP/2 201 Created"
2025-03-01 09:32:11,683 - httpx - INFO - HTTP Request: POST https://hmdqtnywfebxjugxzlvc.supabase.co/rest/v1/exercises "HTTP/2 201 Created"
2025-03-01 09:32:11,859 - httpx - INFO - HTTP Request: POST https://hmdqtnywfebxjugxzlvc.supabase.co/rest/v1/exercises "HTTP/2 201 Created"
2025-03-01 09:32:12,034 - httpx - INFO - HTTP Request: POST https://hmdqtnywfebxjugxzlvc.supabase.co/rest/v1/exercises "HTTP/2 201 Created"
2025-03-01 09:32:12,214 - httpx - INFO - HTTP Request: POST https://hmdqtnywfebxjugxzlvc.supabase.co/rest/v1/exercises "HTTP/2 201 Created"
2025-03-01 09:32:12,391 - httpx - INFO - HTTP Request: POST https://hmdqtnywfebxjugxzlvc.supabase.co/rest/v1/exercises "HTTP/2 201 Created"
2025-03-01 09:32:12,566 - httpx - INFO - HTTP Request: POST https://hmdqtnywfebxjugxzlvc.supabase.co/rest/v1/exercises "HTTP/2 201 Created"
2025-03-01 09:32:12,657 - httpx - INFO - HTTP Request: POST https://hmdqtnywfebxjugxzlvc.supabase.co/rest/v1/exercises "HTTP/2 201 Created"
2025-03-01 09:32:12,813 - httpx - INFO - HTTP Request: POST https://hmdqtnywfebxjugxzlvc.supabase.co/rest/v1/exercises "HTTP/2 201 Created"
2025-03-01 09:32:12,988 - httpx - INFO - HTTP Request: POST https://hmdqtnywfebxjugxzlvc.supabase.co/rest/v1/exercises "HTTP/2 201 Created"
2025-03-01 09:32:13,165 - httpx - INFO - HTTP Request: POST https://hmdqtnywfebxjugxzlvc.supabase.co/rest/v1/exercises "HTTP/2 201 Created"
2025-03-01 09:32:13,281 - httpx - INFO - HTTP Request: POST https://hmdqtnywfebxjugxzlvc.supabase.co/rest/v1/exercises "HTTP/2 201 Created"
2025-03-01 09:32:13,368 - httpx - INFO - HTTP Request: POST https://hmdqtnywfebxjugxzlvc.supabase.co/rest/v1/exercises "HTTP/2 201 Created"
2025-03-01 09:32:13,447 - httpx - INFO - HTTP Request: POST https://hmdqtnywfebxjugxzlvc.supabase.co/rest/v1/exercises "HTTP/2 201 Created"
2025-03-01 09:32:13,503 - httpx - INFO - HTTP Request: POST https://hmdqtnywfebxjugxzlvc.supabase.co/rest/v1/exercises "HTTP/2 201 Created"
2025-03-01 09:32:13,594 - httpx - INFO - HTTP Request: POST https://hmdqtnywfebxjugxzlvc.supabase.co/rest/v1/exercises "HTTP/2 201 Created"
2025-03-01 09:32:13,676 - httpx - INFO - HTTP Request: POST https://hmdqtnywfebxjugxzlvc.supabase.co/rest/v1/exercises "HTTP/2 201 Created"
2025-03-01 09:32:13,738 - httpx - INFO - HTTP Request: POST https://hmdqtnywfebxjugxzlvc.supabase.co/rest/v1/exercises "HTTP/2 201 Created"
2025-03-01 09:32:13,785 - httpx - INFO - HTTP Request: POST https://hmdqtnywfebxjugxzlvc.supabase.co/rest/v1/exercises "HTTP/2 201 Created"
2025-03-01 09:32:13,863 - httpx - INFO - HTTP Request: POST https://hmdqtnywfebxjugxzlvc.supabase.co/rest/v1/chapters "HTTP/2 201 Created"
2025-03-01 09:32:13,936 - httpx - INFO - HTTP Request: POST https://hmdqtnywfebxjugxzlvc.supabase.co/rest/v1/exercises "HTTP/2 201 Created"
2025-03-01 09:32:14,010 - httpx - INFO - HTTP Request: POST https://hmdqtnywfebxjugxzlvc.supabase.co/rest/v1/exercises "HTTP/2 201 Created"
2025-03-01 09:32:14,060 - httpx - INFO - HTTP Request: POST https://hmdqtnywfebxjugxzlvc.supabase.co/rest/v1/exercises "HTTP/2 201 Created"
2025-03-01 09:32:14,110 - httpx - INFO - HTTP Request: POST https://hmdqtnywfebxjugxzlvc.supabase.co/rest/v1/exercises "HTTP/2 201 Created"
2025-03-01 09:32:14,158 - httpx - INFO - HTTP Request: POST https://hmdqtnywfebxjugxzlvc.supabase.co/rest/v1/exercises "HTTP/2 201 Created"
2025-03-01 09:32:14,206 - httpx - INFO - HTTP Request: POST https://hmdqtnywfebxjugxzlvc.supabase.co/rest/v1/exercises "HTTP/2 201 Created"
2025-03-01 09:32:14,288 - httpx - INFO - HTTP Request: POST https://hmdqtnywfebxjugxzlvc.supabase.co/rest/v1/exercises "HTTP/2 201 Created"
2025-03-01 09:32:14,343 - httpx - INFO - HTTP Request: POST https://hmdqtnywfebxjugxzlvc.supabase.co/rest/v1/chapters "HTTP/2 201 Created"
2025-03-01 09:32:14,391 - httpx - INFO - HTTP Request: POST https://hmdqtnywfebxjugxzlvc.supabase.co/rest/v1/exercises "HTTP/2 201 Created"
2025-03-01 09:32:14,464 - httpx - INFO - HTTP Request: POST https://hmdqtnywfebxjugxzlvc.supabase.co/rest/v1/exercises "HTTP/2 201 Created"
2025-03-01 09:32:14,544 - httpx - INFO - HTTP Request: POST https://hmdqtnywfebxjugxzlvc.supabase.co/rest/v1/exercises "HTTP/2 201 Created"
2025-03-01 09:32:14,591 - httpx - INFO - HTTP Request: POST https://hmdqtnywfebxjugxzlvc.supabase.co/rest/v1/exercises "HTTP/2 201 Created"
2025-03-01 09:32:14,676 - httpx - INFO - HTTP Request: POST https://hmdqtnywfebxjugxzlvc.supabase.co/rest/v1/exercises "HTTP/2 201 Created"
2025-03-01 09:32:14,773 - httpx - INFO - HTTP Request: POST https://hmdqtnywfebxjugxzlvc.supabase.co/rest/v1/exercises "HTTP/2 201 Created"
2025-03-01 09:32:14,828 - httpx - INFO - HTTP Request: POST https://hmdqtnywfebxjugxzlvc.supabase.co/rest/v1/exercises "HTTP/2 201 Created"
2025-03-01 09:32:14,891 - httpx - INFO - HTTP Request: POST https://hmdqtnywfebxjugxzlvc.supabase.co/rest/v1/exercises "HTTP/2 201 Created"
2025-03-01 09:32:14,940 - httpx - INFO - HTTP Request: POST https://hmdqtnywfebxjugxzlvc.supabase.co/rest/v1/exercises "HTTP/2 201 Created"
2025-03-01 09:32:14,995 - httpx - INFO - HTTP Request: POST https://hmdqtnywfebxjugxzlvc.supabase.co/rest/v1/exercises "HTTP/2 201 Created"
2025-03-01 09:32:15,050 - httpx - INFO - HTTP Request: POST https://hmdqtnywfebxjugxzlvc.supabase.co/rest/v1/exercises "HTTP/2 201 Created"
2025-03-01 09:32:15,108 - httpx - INFO - HTTP Request: POST https://hmdqtnywfebxjugxzlvc.supabase.co/rest/v1/exercises "HTTP/2 201 Created"
2025-03-01 09:32:15,158 - httpx - INFO - HTTP Request: POST https://hmdqtnywfebxjugxzlvc.supabase.co/rest/v1/chapters "HTTP/2 201 Created"
2025-03-01 09:32:15,206 - httpx - INFO - HTTP Request: POST https://hmdqtnywfebxjugxzlvc.supabase.co/rest/v1/exercises "HTTP/2 201 Created"
2025-03-01 09:32:15,251 - httpx - INFO - HTTP Request: POST https://hmdqtnywfebxjugxzlvc.supabase.co/rest/v1/exercises "HTTP/2 201 Created"
2025-03-01 09:32:15,297 - httpx - INFO - HTTP Request: POST https://hmdqtnywfebxjugxzlvc.supabase.co/rest/v1/exercises "HTTP/2 201 Created"
2025-03-01 09:32:15,345 - httpx - INFO - HTTP Request: POST https://hmdqtnywfebxjugxzlvc.supabase.co/rest/v1/exercises "HTTP/2 201 Created"
2025-03-01 09:32:15,429 - httpx - INFO - HTTP Request: POST https://hmdqtnywfebxjugxzlvc.supabase.co/rest/v1/exercises "HTTP/2 201 Created"
2025-03-01 09:32:15,478 - httpx - INFO - HTTP Request: POST https://hmdqtnywfebxjugxzlvc.supabase.co/rest/v1/exercises "HTTP/2 201 Created"
2025-03-01 09:32:15,528 - httpx - INFO - HTTP Request: POST https://hmdqtnywfebxjugxzlvc.supabase.co/rest/v1/exercises "HTTP/2 201 Created"
2025-03-01 09:32:15,607 - httpx - INFO - HTTP Request: POST https://hmdqtnywfebxjugxzlvc.supabase.co/rest/v1/exercises "HTTP/2 201 Created"
2025-03-01 09:32:15,671 - httpx - INFO - HTTP Request: POST https://hmdqtnywfebxjugxzlvc.supabase.co/rest/v1/exercises "HTTP/2 201 Created"
2025-03-01 09:32:15,722 - httpx - INFO - HTTP Request: POST https://hmdqtnywfebxjugxzlvc.supabase.co/rest/v1/exercises "HTTP/2 201 Created"
2025-03-01 09:32:15,777 - httpx - INFO - HTTP Request: POST https://hmdqtnywfebxjugxzlvc.supabase.co/rest/v1/exercises "HTTP/2 201 Created"
2025-03-01 09:32:15,829 - httpx - INFO - HTTP Request: POST https://hmdqtnywfebxjugxzlvc.supabase.co/rest/v1/exercises "HTTP/2 201 Created"
2025-03-01 09:32:15,879 - httpx - INFO - HTTP Request: POST https://hmdqtnywfebxjugxzlvc.supabase.co/rest/v1/exercises "HTTP/2 201 Created"
2025-03-01 09:32:15,930 - httpx - INFO - HTTP Request: POST https://hmdqtnywfebxjugxzlvc.supabase.co/rest/v1/exercises "HTTP/2 201 Created"
2025-03-01 09:32:15,987 - httpx - INFO - HTTP Request: POST https://hmdqtnywfebxjugxzlvc.supabase.co/rest/v1/exercises "HTTP/2 201 Created"
2025-03-01 09:32:16,038 - httpx - INFO - HTTP Request: POST https://hmdqtnywfebxjugxzlvc.supabase.co/rest/v1/exercises "HTTP/2 201 Created"
2025-03-01 09:32:16,087 - httpx - INFO - HTTP Request: POST https://hmdqtnywfebxjugxzlvc.supabase.co/rest/v1/exercises "HTTP/2 201 Created"
2025-03-01 09:32:16,136 - httpx - INFO - HTTP Request: POST https://hmdqtnywfebxjugxzlvc.supabase.co/rest/v1/chapters "HTTP/2 201 Created"
2025-03-01 09:32:16,184 - httpx - INFO - HTTP Request: POST https://hmdqtnywfebxjugxzlvc.supabase.co/rest/v1/exercises "HTTP/2 201 Created"
2025-03-01 09:32:16,236 - httpx - INFO - HTTP Request: POST https://hmdqtnywfebxjugxzlvc.supabase.co/rest/v1/exercises "HTTP/2 201 Created"
2025-03-01 09:32:16,285 - httpx - INFO - HTTP Request: POST https://hmdqtnywfebxjugxzlvc.supabase.co/rest/v1/exercises "HTTP/2 201 Created"
2025-03-01 09:32:16,343 - httpx - INFO - HTTP Request: POST https://hmdqtnywfebxjugxzlvc.supabase.co/rest/v1/exercises "HTTP/2 201 Created"
2025-03-01 09:32:16,393 - httpx - INFO - HTTP Request: POST https://hmdqtnywfebxjugxzlvc.supabase.co/rest/v1/exercises "HTTP/2 201 Created"
2025-03-01 09:32:16,458 - httpx - INFO - HTTP Request: POST https://hmdqtnywfebxjugxzlvc.supabase.co/rest/v1/exercises "HTTP/2 201 Created"
2025-03-01 09:32:16,509 - httpx - INFO - HTTP Request: POST https://hmdqtnywfebxjugxzlvc.supabase.co/rest/v1/exercises "HTTP/2 201 Created"
2025-03-01 09:32:16,563 - httpx - INFO - HTTP Request: POST https://hmdqtnywfebxjugxzlvc.supabase.co/rest/v1/chapters "HTTP/2 201 Created"
2025-03-01 09:32:16,611 - httpx - INFO - HTTP Request: POST https://hmdqtnywfebxjugxzlvc.supabase.co/rest/v1/exercises "HTTP/2 201 Created"
2025-03-01 09:32:16,662 - httpx - INFO - HTTP Request: POST https://hmdqtnywfebxjugxzlvc.supabase.co/rest/v1/exercises "HTTP/2 201 Created"
2025-03-01 09:32:16,721 - httpx - INFO - HTTP Request: POST https://hmdqtnywfebxjugxzlvc.supabase.co/rest/v1/exercises "HTTP/2 201 Created"
2025-03-01 09:32:16,773 - httpx - INFO - HTTP Request: POST https://hmdqtnywfebxjugxzlvc.supabase.co/rest/v1/exercises "HTTP/2 201 Created"
2025-03-01 09:32:16,841 - httpx - INFO - HTTP Request: POST https://hmdqtnywfebxjugxzlvc.supabase.co/rest/v1/exercises "HTTP/2 201 Created"
2025-03-01 09:32:16,908 - httpx - INFO - HTTP Request: POST https://hmdqtnywfebxjugxzlvc.supabase.co/rest/v1/exercises "HTTP/2 201 Created"
2025-03-01 09:32:16,967 - httpx - INFO - HTTP Request: POST https://hmdqtnywfebxjugxzlvc.supabase.co/rest/v1/exercises "HTTP/2 201 Created"
2025-03-01 09:32:17,024 - httpx - INFO - HTTP Request: POST https://hmdqtnywfebxjugxzlvc.supabase.co/rest/v1/exercises "HTTP/2 201 Created"
2025-03-01 09:32:17,084 - httpx - INFO - HTTP Request: POST https://hmdqtnywfebxjugxzlvc.supabase.co/rest/v1/exercises "HTTP/2 201 Created"
2025-03-01 09:32:17,142 - httpx - INFO - HTTP Request: POST https://hmdqtnywfebxjugxzlvc.supabase.co/rest/v1/exercises "HTTP/2 201 Created"
2025-03-01 09:32:17,200 - httpx - INFO - HTTP Request: POST https://hmdqtnywfebxjugxzlvc.supabase.co/rest/v1/exercises "HTTP/2 201 Created"
2025-03-01 09:32:17,248 - httpx - INFO - HTTP Request: POST https://hmdqtnywfebxjugxzlvc.supabase.co/rest/v1/chapters "HTTP/2 201 Created"
2025-03-01 09:32:17,305 - httpx - INFO - HTTP Request: POST https://hmdqtnywfebxjugxzlvc.supabase.co/rest/v1/exercises "HTTP/2 201 Created"
2025-03-01 09:32:17,355 - httpx - INFO - HTTP Request: POST https://hmdqtnywfebxjugxzlvc.supabase.co/rest/v1/exercises "HTTP/2 201 Created"
2025-03-01 09:32:17,413 - httpx - INFO - HTTP Request: POST https://hmdqtnywfebxjugxzlvc.supabase.co/rest/v1/exercises "HTTP/2 201 Created"
2025-03-01 09:32:17,471 - httpx - INFO - HTTP Request: POST https://hmdqtnywfebxjugxzlvc.supabase.co/rest/v1/exercises "HTTP/2 201 Created"
2025-03-01 09:32:17,530 - httpx - INFO - HTTP Request: POST https://hmdqtnywfebxjugxzlvc.supabase.co/rest/v1/chapters "HTTP/2 201 Created"
2025-03-01 09:32:17,577 - httpx - INFO - HTTP Request: POST https://hmdqtnywfebxjugxzlvc.supabase.co/rest/v1/exercises "HTTP/2 201 Created"
2025-03-01 09:32:17,634 - httpx - INFO - HTTP Request: POST https://hmdqtnywfebxjugxzlvc.supabase.co/rest/v1/exercises "HTTP/2 201 Created"
2025-03-01 09:32:17,691 - httpx - INFO - HTTP Request: POST https://hmdqtnywfebxjugxzlvc.supabase.co/rest/v1/chapters "HTTP/2 201 Created"
2025-03-01 09:32:17,741 - httpx - INFO - HTTP Request: POST https://hmdqtnywfebxjugxzlvc.supabase.co/rest/v1/exercises "HTTP/2 201 Created"
2025-03-01 09:32:17,795 - httpx - INFO - HTTP Request: POST https://hmdqtnywfebxjugxzlvc.supabase.co/rest/v1/exercises "HTTP/2 201 Created"
2025-03-01 09:32:17,845 - httpx - INFO - HTTP Request: POST https://hmdqtnywfebxjugxzlvc.supabase.co/rest/v1/exercises "HTTP/2 201 Created"
2025-03-01 09:32:17,896 - httpx - INFO - HTTP Request: POST https://hmdqtnywfebxjugxzlvc.supabase.co/rest/v1/exercises "HTTP/2 201 Created"
2025-03-01 09:32:17,954 - httpx - INFO - HTTP Request: POST https://hmdqtnywfebxjugxzlvc.supabase.co/rest/v1/exercises "HTTP/2 201 Created"
2025-03-01 09:32:18,001 - httpx - INFO - HTTP Request: POST https://hmdqtnywfebxjugxzlvc.supabase.co/rest/v1/exercises "HTTP/2 201 Created"
2025-03-01 09:32:18,053 - httpx - INFO - HTTP Request: POST https://hmdqtnywfebxjugxzlvc.supabase.co/rest/v1/exercises "HTTP/2 201 Created"
2025-03-01 09:32:18,101 - httpx - INFO - HTTP Request: POST https://hmdqtnywfebxjugxzlvc.supabase.co/rest/v1/chapters "HTTP/2 201 Created"
2025-03-01 09:32:18,150 - httpx - INFO - HTTP Request: POST https://hmdqtnywfebxjugxzlvc.supabase.co/rest/v1/exercises "HTTP/2 201 Created"
2025-03-01 09:32:18,208 - httpx - INFO - HTTP Request: POST https://hmdqtnywfebxjugxzlvc.supabase.co/rest/v1/exercises "HTTP/2 201 Created"
2025-03-01 09:32:18,257 - httpx - INFO - HTTP Request: POST https://hmdqtnywfebxjugxzlvc.supabase.co/rest/v1/exercises "HTTP/2 201 Created"
2025-03-01 09:32:18,309 - httpx - INFO - HTTP Request: POST https://hmdqtnywfebxjugxzlvc.supabase.co/rest/v1/exercises "HTTP/2 201 Created"
2025-03-01 09:32:18,361 - httpx - INFO - HTTP Request: POST https://hmdqtnywfebxjugxzlvc.supabase.co/rest/v1/exercises "HTTP/2 201 Created"
2025-03-01 09:32:18,422 - httpx - INFO - HTTP Request: POST https://hmdqtnywfebxjugxzlvc.supabase.co/rest/v1/exercises "HTTP/2 201 Created"
2025-03-01 09:32:18,475 - httpx - INFO - HTTP Request: POST https://hmdqtnywfebxjugxzlvc.supabase.co/rest/v1/exercises "HTTP/2 201 Created"
2025-03-01 09:32:18,525 - httpx - INFO - HTTP Request: POST https://hmdqtnywfebxjugxzlvc.supabase.co/rest/v1/exercises "HTTP/2 201 Created"
2025-03-01 09:32:18,582 - httpx - INFO - HTTP Request: POST https://hmdqtnywfebxjugxzlvc.supabase.co/rest/v1/exercises "HTTP/2 201 Created"
2025-03-01 09:32:18,634 - httpx - INFO - HTTP Request: POST https://hmdqtnywfebxjugxzlvc.supabase.co/rest/v1/chapters "HTTP/2 201 Created"
2025-03-01 09:32:18,683 - httpx - INFO - HTTP Request: POST https://hmdqtnywfebxjugxzlvc.supabase.co/rest/v1/exercises "HTTP/2 201 Created"
2025-03-01 09:32:18,740 - httpx - INFO - HTTP Request: POST https://hmdqtnywfebxjugxzlvc.supabase.co/rest/v1/exercises "HTTP/2 201 Created"
2025-03-01 09:32:18,790 - httpx - INFO - HTTP Request: POST https://hmdqtnywfebxjugxzlvc.supabase.co/rest/v1/exercises "HTTP/2 201 Created"
2025-03-01 09:32:18,847 - httpx - INFO - HTTP Request: POST https://hmdqtnywfebxjugxzlvc.supabase.co/rest/v1/exercises "HTTP/2 201 Created"
2025-03-01 09:32:18,898 - httpx - INFO - HTTP Request: POST https://hmdqtnywfebxjugxzlvc.supabase.co/rest/v1/exercises "HTTP/2 201 Created"
2025-03-01 09:32:18,963 - httpx - INFO - HTTP Request: POST https://hmdqtnywfebxjugxzlvc.supabase.co/rest/v1/exercises "HTTP/2 201 Created"
2025-03-01 09:32:19,012 - httpx - INFO - HTTP Request: POST https://hmdqtnywfebxjugxzlvc.supabase.co/rest/v1/exercises "HTTP/2 201 Created"
2025-03-01 09:32:19,067 - httpx - INFO - HTTP Request: POST https://hmdqtnywfebxjugxzlvc.supabase.co/rest/v1/exercises "HTTP/2 201 Created"
2025-03-01 09:32:19,126 - httpx - INFO - HTTP Request: POST https://hmdqtnywfebxjugxzlvc.supabase.co/rest/v1/exercises "HTTP/2 201 Created"
2025-03-01 09:32:19,178 - httpx - INFO - HTTP Request: POST https://hmdqtnywfebxjugxzlvc.supabase.co/rest/v1/exercises "HTTP/2 201 Created"
2025-03-01 09:32:19,229 - httpx - INFO - HTTP Request: POST https://hmdqtnywfebxjugxzlvc.supabase.co/rest/v1/exercises "HTTP/2 201 Created"
2025-03-01 09:32:19,281 - httpx - INFO - HTTP Request: POST https://hmdqtnywfebxjugxzlvc.supabase.co/rest/v1/exercises "HTTP/2 201 Created"
2025-03-01 09:32:19,334 - httpx - INFO - HTTP Request: POST https://hmdqtnywfebxjugxzlvc.supabase.co/rest/v1/chapters "HTTP/2 201 Created"
2025-03-01 09:32:19,382 - httpx - INFO - HTTP Request: POST https://hmdqtnywfebxjugxzlvc.supabase.co/rest/v1/exercises "HTTP/2 201 Created"
2025-03-01 09:32:19,451 - httpx - INFO - HTTP Request: POST https://hmdqtnywfebxjugxzlvc.supabase.co/rest/v1/exercises "HTTP/2 201 Created"
2025-03-01 09:32:19,503 - httpx - INFO - HTTP Request: POST https://hmdqtnywfebxjugxzlvc.supabase.co/rest/v1/exercises "HTTP/2 201 Created"
2025-03-01 09:32:19,558 - httpx - INFO - HTTP Request: POST https://hmdqtnywfebxjugxzlvc.supabase.co/rest/v1/chapters "HTTP/2 201 Created"
2025-03-01 09:32:19,607 - httpx - INFO - HTTP Request: POST https://hmdqtnywfebxjugxzlvc.supabase.co/rest/v1/exercises "HTTP/2 201 Created"
2025-03-01 09:32:19,660 - httpx - INFO - HTTP Request: POST https://hmdqtnywfebxjugxzlvc.supabase.co/rest/v1/exercises "HTTP/2 201 Created"
2025-03-01 09:32:19,708 - httpx - INFO - HTTP Request: POST https://hmdqtnywfebxjugxzlvc.supabase.co/rest/v1/exercises "HTTP/2 201 Created"
2025-03-01 09:32:19,761 - httpx - INFO - HTTP Request: POST https://hmdqtnywfebxjugxzlvc.supabase.co/rest/v1/exercises "HTTP/2 201 Created"
2025-03-01 09:32:19,818 - httpx - INFO - HTTP Request: POST https://hmdqtnywfebxjugxzlvc.supabase.co/rest/v1/exercises "HTTP/2 201 Created"
2025-03-01 09:32:19,869 - httpx - INFO - HTTP Request: POST https://hmdqtnywfebxjugxzlvc.supabase.co/rest/v1/exercises "HTTP/2 201 Created"
2025-03-01 09:32:19,936 - httpx - INFO - HTTP Request: POST https://hmdqtnywfebxjugxzlvc.supabase.co/rest/v1/exercises "HTTP/2 201 Created"
2025-03-01 09:32:19,990 - httpx - INFO - HTTP Request: POST https://hmdqtnywfebxjugxzlvc.supabase.co/rest/v1/exercises "HTTP/2 201 Created"
2025-03-01 09:32:20,072 - httpx - INFO - HTTP Request: POST https://hmdqtnywfebxjugxzlvc.supabase.co/rest/v1/exercises "HTTP/2 201 Created"
2025-03-01 09:32:20,121 - httpx - INFO - HTTP Request: POST https://hmdqtnywfebxjugxzlvc.supabase.co/rest/v1/exercises "HTTP/2 201 Created"
2025-03-01 09:32:20,183 - httpx - INFO - HTTP Request: POST https://hmdqtnywfebxjugxzlvc.supabase.co/rest/v1/exercises "HTTP/2 201 Created"
2025-03-01 09:32:20,226 - httpx - INFO - HTTP Request: POST https://hmdqtnywfebxjugxzlvc.supabase.co/rest/v1/exercises "HTTP/2 201 Created"
2025-03-01 09:32:20,281 - httpx - INFO - HTTP Request: POST https://hmdqtnywfebxjugxzlvc.supabase.co/rest/v1/exercises "HTTP/2 201 Created"
2025-03-01 09:32:20,341 - httpx - INFO - HTTP Request: POST https://hmdqtnywfebxjugxzlvc.supabase.co/rest/v1/exercises "HTTP/2 201 Created"
2025-03-01 09:32:20,398 - httpx - INFO - HTTP Request: POST https://hmdqtnywfebxjugxzlvc.supabase.co/rest/v1/exercises "HTTP/2 201 Created"
2025-03-01 09:32:20,447 - httpx - INFO - HTTP Request: POST https://hmdqtnywfebxjugxzlvc.supabase.co/rest/v1/exercises "HTTP/2 201 Created"
2025-03-01 09:32:20,496 - httpx - INFO - HTTP Request: POST https://hmdqtnywfebxjugxzlvc.supabase.co/rest/v1/exercises "HTTP/2 201 Created"
2025-03-01 09:32:20,555 - httpx - INFO - HTTP Request: POST https://hmdqtnywfebxjugxzlvc.supabase.co/rest/v1/exercises "HTTP/2 201 Created"
2025-03-01 09:32:20,610 - httpx - INFO - HTTP Request: POST https://hmdqtnywfebxjugxzlvc.supabase.co/rest/v1/exercises "HTTP/2 201 Created"
2025-03-01 09:32:20,660 - httpx - INFO - HTTP Request: POST https://hmdqtnywfebxjugxzlvc.supabase.co/rest/v1/chapters "HTTP/2 201 Created"
2025-03-01 09:32:20,711 - httpx - INFO - HTTP Request: POST https://hmdqtnywfebxjugxzlvc.supabase.co/rest/v1/exercises "HTTP/2 201 Created"
2025-03-01 09:32:20,759 - httpx - INFO - HTTP Request: POST https://hmdqtnywfebxjugxzlvc.supabase.co/rest/v1/exercises "HTTP/2 201 Created"
2025-03-01 09:32:20,813 - httpx - INFO - HTTP Request: POST https://hmdqtnywfebxjugxzlvc.supabase.co/rest/v1/exercises "HTTP/2 201 Created"
2025-03-01 09:32:20,863 - httpx - INFO - HTTP Request: POST https://hmdqtnywfebxjugxzlvc.supabase.co/rest/v1/exercises "HTTP/2 201 Created"
2025-03-01 09:32:20,917 - httpx - INFO - HTTP Request: POST https://hmdqtnywfebxjugxzlvc.supabase.co/rest/v1/exercises "HTTP/2 201 Created"
2025-03-01 09:32:20,972 - httpx - INFO - HTTP Request: POST https://hmdqtnywfebxjugxzlvc.supabase.co/rest/v1/exercises "HTTP/2 201 Created"
2025-03-01 09:32:21,026 - httpx - INFO - HTTP Request: POST https://hmdqtnywfebxjugxzlvc.supabase.co/rest/v1/exercises "HTTP/2 201 Created"
2025-03-01 09:32:21,097 - httpx - INFO - HTTP Request: POST https://hmdqtnywfebxjugxzlvc.supabase.co/rest/v1/exercises "HTTP/2 201 Created"
2025-03-01 09:32:21,156 - httpx - INFO - HTTP Request: POST https://hmdqtnywfebxjugxzlvc.supabase.co/rest/v1/exercises "HTTP/2 201 Created"
2025-03-01 09:32:21,210 - httpx - INFO - HTTP Request: POST https://hmdqtnywfebxjugxzlvc.supabase.co/rest/v1/chapters "HTTP/2 201 Created"
2025-03-01 09:32:21,263 - httpx - INFO - HTTP Request: POST https://hmdqtnywfebxjugxzlvc.supabase.co/rest/v1/exercises "HTTP/2 201 Created"
2025-03-01 09:32:21,313 - httpx - INFO - HTTP Request: POST https://hmdqtnywfebxjugxzlvc.supabase.co/rest/v1/exercises "HTTP/2 201 Created"
2025-03-01 09:32:21,375 - httpx - INFO - HTTP Request: POST https://hmdqtnywfebxjugxzlvc.supabase.co/rest/v1/exercises "HTTP/2 201 Created"
2025-03-01 09:32:21,443 - httpx - INFO - HTTP Request: POST https://hmdqtnywfebxjugxzlvc.supabase.co/rest/v1/exercises "HTTP/2 201 Created"
2025-03-01 09:32:21,503 - httpx - INFO - HTTP Request: POST https://hmdqtnywfebxjugxzlvc.supabase.co/rest/v1/exercises "HTTP/2 201 Created"
2025-03-01 09:32:21,563 - httpx - INFO - HTTP Request: POST https://hmdqtnywfebxjugxzlvc.supabase.co/rest/v1/chapters "HTTP/2 201 Created"
2025-03-01 09:32:21,628 - httpx - INFO - HTTP Request: POST https://hmdqtnywfebxjugxzlvc.supabase.co/rest/v1/exercises "HTTP/2 201 Created"
2025-03-01 09:32:21,699 - httpx - INFO - HTTP Request: POST https://hmdqtnywfebxjugxzlvc.supabase.co/rest/v1/exercises "HTTP/2 201 Created"
2025-03-01 09:32:21,759 - httpx - INFO - HTTP Request: POST https://hmdqtnywfebxjugxzlvc.supabase.co/rest/v1/exercises "HTTP/2 201 Created"
2025-03-01 09:32:21,811 - httpx - INFO - HTTP Request: POST https://hmdqtnywfebxjugxzlvc.supabase.co/rest/v1/exercises "HTTP/2 201 Created"
2025-03-01 09:32:21,871 - httpx - INFO - HTTP Request: POST https://hmdqtnywfebxjugxzlvc.supabase.co/rest/v1/chapters "HTTP/2 201 Created"
2025-03-01 09:32:21,922 - httpx - INFO - HTTP Request: POST https://hmdqtnywfebxjugxzlvc.supabase.co/rest/v1/exercises "HTTP/2 201 Created"
2025-03-01 09:32:21,986 - httpx - INFO - HTTP Request: POST https://hmdqtnywfebxjugxzlvc.supabase.co/rest/v1/exercises "HTTP/2 201 Created"
2025-03-01 09:32:22,036 - httpx - INFO - HTTP Request: POST https://hmdqtnywfebxjugxzlvc.supabase.co/rest/v1/exercises "HTTP/2 201 Created"
2025-03-01 09:32:22,088 - httpx - INFO - HTTP Request: POST https://hmdqtnywfebxjugxzlvc.supabase.co/rest/v1/exercises "HTTP/2 201 Created"
2025-03-01 09:32:22,138 - httpx - INFO - HTTP Request: POST https://hmdqtnywfebxjugxzlvc.supabase.co/rest/v1/exercises "HTTP/2 201 Created"
2025-03-01 09:32:22,185 - httpx - INFO - HTTP Request: POST https://hmdqtnywfebxjugxzlvc.supabase.co/rest/v1/exercises "HTTP/2 201 Created"
2025-03-01 09:32:22,237 - httpx - INFO - HTTP Request: POST https://hmdqtnywfebxjugxzlvc.supabase.co/rest/v1/exercises "HTTP/2 201 Created"
2025-03-01 09:32:22,289 - httpx - INFO - HTTP Request: POST https://hmdqtnywfebxjugxzlvc.supabase.co/rest/v1/exercises "HTTP/2 201 Created"
2025-03-01 09:32:22,338 - httpx - INFO - HTTP Request: POST https://hmdqtnywfebxjugxzlvc.supabase.co/rest/v1/exercises "HTTP/2 201 Created"
2025-03-01 09:32:22,389 - httpx - INFO - HTTP Request: POST https://hmdqtnywfebxjugxzlvc.supabase.co/rest/v1/chapters "HTTP/2 201 Created"
2025-03-01 09:32:22,443 - httpx - INFO - HTTP Request: POST https://hmdqtnywfebxjugxzlvc.supabase.co/rest/v1/exercises "HTTP/2 201 Created"
2025-03-01 09:32:22,493 - httpx - INFO - HTTP Request: POST https://hmdqtnywfebxjugxzlvc.supabase.co/rest/v1/exercises "HTTP/2 201 Created"
2025-03-01 09:32:22,544 - httpx - INFO - HTTP Request: POST https://hmdqtnywfebxjugxzlvc.supabase.co/rest/v1/exercises "HTTP/2 201 Created"
2025-03-01 09:32:22,594 - httpx - INFO - HTTP Request: POST https://hmdqtnywfebxjugxzlvc.supabase.co/rest/v1/chapters "HTTP/2 201 Created"
2025-03-01 09:32:22,643 - httpx - INFO - HTTP Request: POST https://hmdqtnywfebxjugxzlvc.supabase.co/rest/v1/exercises "HTTP/2 201 Created"
2025-03-01 09:32:22,690 - httpx - INFO - HTTP Request: POST https://hmdqtnywfebxjugxzlvc.supabase.co/rest/v1/exercises "HTTP/2 201 Created"
2025-03-01 09:32:22,745 - httpx - INFO - HTTP Request: POST https://hmdqtnywfebxjugxzlvc.supabase.co/rest/v1/exercises "HTTP/2 201 Created"
2025-03-01 09:32:22,796 - httpx - INFO - HTTP Request: POST https://hmdqtnywfebxjugxzlvc.supabase.co/rest/v1/exercises "HTTP/2 201 Created"
2025-03-01 09:32:22,850 - httpx - INFO - HTTP Request: POST https://hmdqtnywfebxjugxzlvc.supabase.co/rest/v1/chapters "HTTP/2 201 Created"
2025-03-01 09:32:22,901 - httpx - INFO - HTTP Request: POST https://hmdqtnywfebxjugxzlvc.supabase.co/rest/v1/exercises "HTTP/2 201 Created"
2025-03-01 09:32:22,963 - httpx - INFO - HTTP Request: POST https://hmdqtnywfebxjugxzlvc.supabase.co/rest/v1/exercises "HTTP/2 201 Created"
2025-03-01 09:32:23,022 - httpx - INFO - HTTP Request: POST https://hmdqtnywfebxjugxzlvc.supabase.co/rest/v1/exercises "HTTP/2 201 Created"
2025-03-01 09:32:23,079 - httpx - INFO - HTTP Request: POST https://hmdqtnywfebxjugxzlvc.supabase.co/rest/v1/exercises "HTTP/2 201 Created"
2025-03-01 09:32:23,126 - httpx - INFO - HTTP Request: POST https://hmdqtnywfebxjugxzlvc.supabase.co/rest/v1/chapters "HTTP/2 201 Created"
2025-03-01 09:32:23,175 - httpx - INFO - HTTP Request: POST https://hmdqtnywfebxjugxzlvc.supabase.co/rest/v1/exercises "HTTP/2 201 Created"
2025-03-01 09:32:23,254 - httpx - INFO - HTTP Request: POST https://hmdqtnywfebxjugxzlvc.supabase.co/rest/v1/exercises "HTTP/2 201 Created"
2025-03-01 09:32:23,302 - httpx - INFO - HTTP Request: POST https://hmdqtnywfebxjugxzlvc.supabase.co/rest/v1/exercises "HTTP/2 201 Created"
2025-03-01 09:32:23,357 - httpx - INFO - HTTP Request: POST https://hmdqtnywfebxjugxzlvc.supabase.co/rest/v1/exercises "HTTP/2 201 Created"
2025-03-01 09:32:23,418 - httpx - INFO - HTTP Request: POST https://hmdqtnywfebxjugxzlvc.supabase.co/rest/v1/chapters "HTTP/2 201 Created"
2025-03-01 09:32:23,469 - httpx - INFO - HTTP Request: POST https://hmdqtnywfebxjugxzlvc.supabase.co/rest/v1/exercises "HTTP/2 201 Created"
2025-03-01 09:32:23,519 - httpx - INFO - HTTP Request: POST https://hmdqtnywfebxjugxzlvc.supabase.co/rest/v1/exercises "HTTP/2 201 Created"
2025-03-01 09:32:23,567 - httpx - INFO - HTTP Request: POST https://hmdqtnywfebxjugxzlvc.supabase.co/rest/v1/exercises "HTTP/2 201 Created"
2025-03-01 09:32:23,618 - httpx - INFO - HTTP Request: POST https://hmdqtnywfebxjugxzlvc.supabase.co/rest/v1/exercises "HTTP/2 201 Created"
2025-03-01 09:32:23,670 - httpx - INFO - HTTP Request: POST https://hmdqtnywfebxjugxzlvc.supabase.co/rest/v1/exercises "HTTP/2 201 Created"
2025-03-01 09:32:23,720 - httpx - INFO - HTTP Request: POST https://hmdqtnywfebxjugxzlvc.supabase.co/rest/v1/chapters "HTTP/2 201 Created"
2025-03-01 09:32:23,774 - httpx - INFO - HTTP Request: POST https://hmdqtnywfebxjugxzlvc.supabase.co/rest/v1/exercises "HTTP/2 201 Created"
2025-03-01 09:32:23,833 - httpx - INFO - HTTP Request: POST https://hmdqtnywfebxjugxzlvc.supabase.co/rest/v1/exercises "HTTP/2 201 Created"
2025-03-01 09:32:23,884 - httpx - INFO - HTTP Request: POST https://hmdqtnywfebxjugxzlvc.supabase.co/rest/v1/exercises "HTTP/2 201 Created"
2025-03-01 09:32:23,934 - httpx - INFO - HTTP Request: POST https://hmdqtnywfebxjugxzlvc.supabase.co/rest/v1/exercises "HTTP/2 201 Created"
2025-03-01 09:32:23,985 - httpx - INFO - HTTP Request: POST https://hmdqtnywfebxjugxzlvc.supabase.co/rest/v1/exercises "HTTP/2 201 Created"
2025-03-01 09:32:24,040 - httpx - INFO - HTTP Request: POST https://hmdqtnywfebxjugxzlvc.supabase.co/rest/v1/exercises "HTTP/2 201 Created"
2025-03-01 09:32:24,094 - httpx - INFO - HTTP Request: POST https://hmdqtnywfebxjugxzlvc.supabase.co/rest/v1/exercises "HTTP/2 201 Created"
2025-03-01 09:32:24,141 - httpx - INFO - HTTP Request: POST https://hmdqtnywfebxjugxzlvc.supabase.co/rest/v1/chapters "HTTP/2 201 Created"
2025-03-01 09:32:24,189 - httpx - INFO - HTTP Request: POST https://hmdqtnywfebxjugxzlvc.supabase.co/rest/v1/exercises "HTTP/2 201 Created"
2025-03-01 09:32:24,242 - httpx - INFO - HTTP Request: POST https://hmdqtnywfebxjugxzlvc.supabase.co/rest/v1/exercises "HTTP/2 201 Created"
2025-03-01 09:32:24,294 - httpx - INFO - HTTP Request: POST https://hmdqtnywfebxjugxzlvc.supabase.co/rest/v1/exercises "HTTP/2 201 Created"
2025-03-01 09:32:24,343 - httpx - INFO - HTTP Request: POST https://hmdqtnywfebxjugxzlvc.supabase.co/rest/v1/exercises "HTTP/2 201 Created"
2025-03-01 09:32:24,411 - httpx - INFO - HTTP Request: POST https://hmdqtnywfebxjugxzlvc.supabase.co/rest/v1/exercises "HTTP/2 201 Created"
2025-03-01 09:32:24,472 - httpx - INFO - HTTP Request: POST https://hmdqtnywfebxjugxzlvc.supabase.co/rest/v1/exercises "HTTP/2 201 Created"
2025-03-01 09:32:24,528 - httpx - INFO - HTTP Request: POST https://hmdqtnywfebxjugxzlvc.supabase.co/rest/v1/exercises "HTTP/2 201 Created"
2025-03-01 09:32:24,532 - __main__ - INFO - Successfully uploaded textbook data to Supabase
2025-03-01 09:32:24,533 - table_of_contents_extractor - INFO - Loaded existing TOC from /Users/ashoksaravanan/Coding/ScribeLec/server/uploads/toc_Vanderbei.json
2025-03-01 09:32:24,815 - httpx - INFO - HTTP Request: GET https://hmdqtnywfebxjugxzlvc.supabase.co/rest/v1/documents?select=%2A&textbook=eq.e25aae3e-aafa-4bf6-8deb-3a96ee40ae71 "HTTP/2 200 OK"
2025-03-01 09:32:24,818 - __main__ - INFO - No documents to update
2025-03-01 09:37:25,718 - table_of_contents_extractor - INFO - Loaded existing TOC from /Users/ashoksaravanan/Coding/ScribeLec/server/uploads/toc_Vanderbei.json
2025-03-01 09:37:25,731 - table_of_contents_extractor - INFO - Loaded existing TOC from /Users/ashoksaravanan/Coding/ScribeLec/server/uploads/toc_Vanderbei.json
2025-03-01 09:37:25,734 - table_of_contents_extractor - INFO - Loaded existing TOC from /Users/ashoksaravanan/Coding/ScribeLec/server/uploads/toc_Vanderbei.json
2025-03-01 09:37:25,926 - httpx - INFO - HTTP Request: POST https://hmdqtnywfebxjugxzlvc.supabase.co/rest/v1/textbooks "HTTP/2 201 Created"
2025-03-01 09:37:25,929 - __main__ - INFO - Created textbook with ID: 83d44f35-025b-4696-a7c5-0fa4d0aae1e7
2025-03-01 09:37:25,994 - httpx - INFO - HTTP Request: POST https://hmdqtnywfebxjugxzlvc.supabase.co/rest/v1/chapters "HTTP/2 201 Created"
2025-03-01 09:37:26,039 - httpx - INFO - HTTP Request: POST https://hmdqtnywfebxjugxzlvc.supabase.co/rest/v1/exercises "HTTP/2 201 Created"
2025-03-01 09:37:26,105 - httpx - INFO - HTTP Request: POST https://hmdqtnywfebxjugxzlvc.supabase.co/rest/v1/exercises "HTTP/2 201 Created"
2025-03-01 09:37:26,168 - httpx - INFO - HTTP Request: POST https://hmdqtnywfebxjugxzlvc.supabase.co/rest/v1/exercises "HTTP/2 201 Created"
2025-03-01 09:37:26,233 - httpx - INFO - HTTP Request: POST https://hmdqtnywfebxjugxzlvc.supabase.co/rest/v1/chapters "HTTP/2 201 Created"
2025-03-01 09:37:26,302 - httpx - INFO - HTTP Request: POST https://hmdqtnywfebxjugxzlvc.supabase.co/rest/v1/exercises "HTTP/2 201 Created"
2025-03-01 09:37:26,350 - httpx - INFO - HTTP Request: POST https://hmdqtnywfebxjugxzlvc.supabase.co/rest/v1/exercises "HTTP/2 201 Created"
2025-03-01 09:37:26,416 - httpx - INFO - HTTP Request: POST https://hmdqtnywfebxjugxzlvc.supabase.co/rest/v1/exercises "HTTP/2 201 Created"
2025-03-01 09:37:26,485 - httpx - INFO - HTTP Request: POST https://hmdqtnywfebxjugxzlvc.supabase.co/rest/v1/exercises "HTTP/2 201 Created"
2025-03-01 09:37:26,562 - httpx - INFO - HTTP Request: POST https://hmdqtnywfebxjugxzlvc.supabase.co/rest/v1/exercises "HTTP/2 201 Created"
2025-03-01 09:37:26,627 - httpx - INFO - HTTP Request: POST https://hmdqtnywfebxjugxzlvc.supabase.co/rest/v1/exercises "HTTP/2 201 Created"
2025-03-01 09:37:26,682 - httpx - INFO - HTTP Request: POST https://hmdqtnywfebxjugxzlvc.supabase.co/rest/v1/exercises "HTTP/2 201 Created"
2025-03-01 09:37:26,722 - httpx - INFO - HTTP Request: POST https://hmdqtnywfebxjugxzlvc.supabase.co/rest/v1/exercises "HTTP/2 201 Created"
2025-03-01 09:37:26,789 - httpx - INFO - HTTP Request: POST https://hmdqtnywfebxjugxzlvc.supabase.co/rest/v1/exercises "HTTP/2 201 Created"
2025-03-01 09:37:26,860 - httpx - INFO - HTTP Request: POST https://hmdqtnywfebxjugxzlvc.supabase.co/rest/v1/exercises "HTTP/2 201 Created"
2025-03-01 09:37:26,928 - httpx - INFO - HTTP Request: POST https://hmdqtnywfebxjugxzlvc.supabase.co/rest/v1/exercises "HTTP/2 201 Created"
2025-03-01 09:37:26,967 - httpx - INFO - HTTP Request: POST https://hmdqtnywfebxjugxzlvc.supabase.co/rest/v1/exercises "HTTP/2 201 Created"
2025-03-01 09:37:27,032 - httpx - INFO - HTTP Request: POST https://hmdqtnywfebxjugxzlvc.supabase.co/rest/v1/exercises "HTTP/2 201 Created"
2025-03-01 09:37:27,094 - httpx - INFO - HTTP Request: POST https://hmdqtnywfebxjugxzlvc.supabase.co/rest/v1/exercises "HTTP/2 201 Created"
2025-03-01 09:37:27,134 - httpx - INFO - HTTP Request: POST https://hmdqtnywfebxjugxzlvc.supabase.co/rest/v1/exercises "HTTP/2 201 Created"
2025-03-01 09:37:27,198 - httpx - INFO - HTTP Request: POST https://hmdqtnywfebxjugxzlvc.supabase.co/rest/v1/exercises "HTTP/2 201 Created"
2025-03-01 09:37:27,270 - httpx - INFO - HTTP Request: POST https://hmdqtnywfebxjugxzlvc.supabase.co/rest/v1/exercises "HTTP/2 201 Created"
2025-03-01 09:37:27,317 - httpx - INFO - HTTP Request: POST https://hmdqtnywfebxjugxzlvc.supabase.co/rest/v1/exercises "HTTP/2 201 Created"
2025-03-01 09:37:27,356 - httpx - INFO - HTTP Request: POST https://hmdqtnywfebxjugxzlvc.supabase.co/rest/v1/exercises "HTTP/2 201 Created"
2025-03-01 09:37:27,427 - httpx - INFO - HTTP Request: POST https://hmdqtnywfebxjugxzlvc.supabase.co/rest/v1/chapters "HTTP/2 201 Created"
2025-03-01 09:37:27,473 - httpx - INFO - HTTP Request: POST https://hmdqtnywfebxjugxzlvc.supabase.co/rest/v1/exercises "HTTP/2 201 Created"
2025-03-01 09:37:27,537 - httpx - INFO - HTTP Request: POST https://hmdqtnywfebxjugxzlvc.supabase.co/rest/v1/exercises "HTTP/2 201 Created"
2025-03-01 09:37:27,604 - httpx - INFO - HTTP Request: POST https://hmdqtnywfebxjugxzlvc.supabase.co/rest/v1/exercises "HTTP/2 201 Created"
2025-03-01 09:37:27,643 - httpx - INFO - HTTP Request: POST https://hmdqtnywfebxjugxzlvc.supabase.co/rest/v1/exercises "HTTP/2 201 Created"
2025-03-01 09:37:27,689 - httpx - INFO - HTTP Request: POST https://hmdqtnywfebxjugxzlvc.supabase.co/rest/v1/exercises "HTTP/2 201 Created"
2025-03-01 09:37:27,760 - httpx - INFO - HTTP Request: POST https://hmdqtnywfebxjugxzlvc.supabase.co/rest/v1/exercises "HTTP/2 201 Created"
2025-03-01 09:37:27,845 - httpx - INFO - HTTP Request: POST https://hmdqtnywfebxjugxzlvc.supabase.co/rest/v1/exercises "HTTP/2 201 Created"
2025-03-01 09:37:27,912 - httpx - INFO - HTTP Request: POST https://hmdqtnywfebxjugxzlvc.supabase.co/rest/v1/chapters "HTTP/2 201 Created"
2025-03-01 09:37:27,952 - httpx - INFO - HTTP Request: POST https://hmdqtnywfebxjugxzlvc.supabase.co/rest/v1/exercises "HTTP/2 201 Created"
2025-03-01 09:37:27,992 - httpx - INFO - HTTP Request: POST https://hmdqtnywfebxjugxzlvc.supabase.co/rest/v1/exercises "HTTP/2 201 Created"
2025-03-01 09:37:28,032 - httpx - INFO - HTTP Request: POST https://hmdqtnywfebxjugxzlvc.supabase.co/rest/v1/exercises "HTTP/2 201 Created"
2025-03-01 09:37:28,071 - httpx - INFO - HTTP Request: POST https://hmdqtnywfebxjugxzlvc.supabase.co/rest/v1/exercises "HTTP/2 201 Created"
2025-03-01 09:37:28,113 - httpx - INFO - HTTP Request: POST https://hmdqtnywfebxjugxzlvc.supabase.co/rest/v1/exercises "HTTP/2 201 Created"
2025-03-01 09:37:28,155 - httpx - INFO - HTTP Request: POST https://hmdqtnywfebxjugxzlvc.supabase.co/rest/v1/exercises "HTTP/2 201 Created"
2025-03-01 09:37:28,218 - httpx - INFO - HTTP Request: POST https://hmdqtnywfebxjugxzlvc.supabase.co/rest/v1/exercises "HTTP/2 201 Created"
2025-03-01 09:37:28,264 - httpx - INFO - HTTP Request: POST https://hmdqtnywfebxjugxzlvc.supabase.co/rest/v1/exercises "HTTP/2 201 Created"
2025-03-01 09:37:28,303 - httpx - INFO - HTTP Request: POST https://hmdqtnywfebxjugxzlvc.supabase.co/rest/v1/exercises "HTTP/2 201 Created"
2025-03-01 09:37:28,367 - httpx - INFO - HTTP Request: POST https://hmdqtnywfebxjugxzlvc.supabase.co/rest/v1/exercises "HTTP/2 201 Created"
2025-03-01 09:37:28,410 - httpx - INFO - HTTP Request: POST https://hmdqtnywfebxjugxzlvc.supabase.co/rest/v1/exercises "HTTP/2 201 Created"
2025-03-01 09:37:28,456 - httpx - INFO - HTTP Request: POST https://hmdqtnywfebxjugxzlvc.supabase.co/rest/v1/exercises "HTTP/2 201 Created"
2025-03-01 09:37:28,504 - httpx - INFO - HTTP Request: POST https://hmdqtnywfebxjugxzlvc.supabase.co/rest/v1/chapters "HTTP/2 201 Created"
2025-03-01 09:37:28,551 - httpx - INFO - HTTP Request: POST https://hmdqtnywfebxjugxzlvc.supabase.co/rest/v1/exercises "HTTP/2 201 Created"
2025-03-01 09:37:28,602 - httpx - INFO - HTTP Request: POST https://hmdqtnywfebxjugxzlvc.supabase.co/rest/v1/exercises "HTTP/2 201 Created"
2025-03-01 09:37:28,641 - httpx - INFO - HTTP Request: POST https://hmdqtnywfebxjugxzlvc.supabase.co/rest/v1/exercises "HTTP/2 201 Created"
2025-03-01 09:37:28,677 - httpx - INFO - HTTP Request: POST https://hmdqtnywfebxjugxzlvc.supabase.co/rest/v1/exercises "HTTP/2 201 Created"
2025-03-01 09:37:28,728 - httpx - INFO - HTTP Request: POST https://hmdqtnywfebxjugxzlvc.supabase.co/rest/v1/exercises "HTTP/2 201 Created"
2025-03-01 09:37:28,796 - httpx - INFO - HTTP Request: POST https://hmdqtnywfebxjugxzlvc.supabase.co/rest/v1/exercises "HTTP/2 201 Created"
2025-03-01 09:37:28,856 - httpx - INFO - HTTP Request: POST https://hmdqtnywfebxjugxzlvc.supabase.co/rest/v1/exercises "HTTP/2 201 Created"
2025-03-01 09:37:28,895 - httpx - INFO - HTTP Request: POST https://hmdqtnywfebxjugxzlvc.supabase.co/rest/v1/exercises "HTTP/2 201 Created"
2025-03-01 09:37:28,936 - httpx - INFO - HTTP Request: POST https://hmdqtnywfebxjugxzlvc.supabase.co/rest/v1/exercises "HTTP/2 201 Created"
2025-03-01 09:37:28,978 - httpx - INFO - HTTP Request: POST https://hmdqtnywfebxjugxzlvc.supabase.co/rest/v1/exercises "HTTP/2 201 Created"
2025-03-01 09:37:29,066 - httpx - INFO - HTTP Request: POST https://hmdqtnywfebxjugxzlvc.supabase.co/rest/v1/exercises "HTTP/2 201 Created"
2025-03-01 09:37:29,108 - httpx - INFO - HTTP Request: POST https://hmdqtnywfebxjugxzlvc.supabase.co/rest/v1/exercises "HTTP/2 201 Created"
2025-03-01 09:37:29,149 - httpx - INFO - HTTP Request: POST https://hmdqtnywfebxjugxzlvc.supabase.co/rest/v1/exercises "HTTP/2 201 Created"
2025-03-01 09:37:29,192 - httpx - INFO - HTTP Request: POST https://hmdqtnywfebxjugxzlvc.supabase.co/rest/v1/exercises "HTTP/2 201 Created"
2025-03-01 09:37:29,237 - httpx - INFO - HTTP Request: POST https://hmdqtnywfebxjugxzlvc.supabase.co/rest/v1/exercises "HTTP/2 201 Created"
2025-03-01 09:37:29,275 - httpx - INFO - HTTP Request: POST https://hmdqtnywfebxjugxzlvc.supabase.co/rest/v1/exercises "HTTP/2 201 Created"
2025-03-01 09:37:29,322 - httpx - INFO - HTTP Request: POST https://hmdqtnywfebxjugxzlvc.supabase.co/rest/v1/exercises "HTTP/2 201 Created"
2025-03-01 09:37:29,382 - httpx - INFO - HTTP Request: POST https://hmdqtnywfebxjugxzlvc.supabase.co/rest/v1/chapters "HTTP/2 201 Created"
2025-03-01 09:37:29,428 - httpx - INFO - HTTP Request: POST https://hmdqtnywfebxjugxzlvc.supabase.co/rest/v1/exercises "HTTP/2 201 Created"
2025-03-01 09:37:29,473 - httpx - INFO - HTTP Request: POST https://hmdqtnywfebxjugxzlvc.supabase.co/rest/v1/exercises "HTTP/2 201 Created"
2025-03-01 09:37:29,537 - httpx - INFO - HTTP Request: POST https://hmdqtnywfebxjugxzlvc.supabase.co/rest/v1/exercises "HTTP/2 201 Created"
2025-03-01 09:37:29,613 - httpx - INFO - HTTP Request: POST https://hmdqtnywfebxjugxzlvc.supabase.co/rest/v1/exercises "HTTP/2 201 Created"
2025-03-01 09:37:29,659 - httpx - INFO - HTTP Request: POST https://hmdqtnywfebxjugxzlvc.supabase.co/rest/v1/exercises "HTTP/2 201 Created"
2025-03-01 09:37:29,728 - httpx - INFO - HTTP Request: POST https://hmdqtnywfebxjugxzlvc.supabase.co/rest/v1/exercises "HTTP/2 201 Created"
2025-03-01 09:37:29,772 - httpx - INFO - HTTP Request: POST https://hmdqtnywfebxjugxzlvc.supabase.co/rest/v1/exercises "HTTP/2 201 Created"
2025-03-01 09:37:29,823 - httpx - INFO - HTTP Request: POST https://hmdqtnywfebxjugxzlvc.supabase.co/rest/v1/chapters "HTTP/2 201 Created"
2025-03-01 09:37:29,874 - httpx - INFO - HTTP Request: POST https://hmdqtnywfebxjugxzlvc.supabase.co/rest/v1/exercises "HTTP/2 201 Created"
2025-03-01 09:37:29,919 - httpx - INFO - HTTP Request: POST https://hmdqtnywfebxjugxzlvc.supabase.co/rest/v1/exercises "HTTP/2 201 Created"
2025-03-01 09:37:29,964 - httpx - INFO - HTTP Request: POST https://hmdqtnywfebxjugxzlvc.supabase.co/rest/v1/exercises "HTTP/2 201 Created"
2025-03-01 09:37:30,044 - httpx - INFO - HTTP Request: POST https://hmdqtnywfebxjugxzlvc.supabase.co/rest/v1/exercises "HTTP/2 201 Created"
2025-03-01 09:37:30,086 - httpx - INFO - HTTP Request: POST https://hmdqtnywfebxjugxzlvc.supabase.co/rest/v1/exercises "HTTP/2 201 Created"
2025-03-01 09:37:30,141 - httpx - INFO - HTTP Request: POST https://hmdqtnywfebxjugxzlvc.supabase.co/rest/v1/exercises "HTTP/2 201 Created"
2025-03-01 09:37:30,188 - httpx - INFO - HTTP Request: POST https://hmdqtnywfebxjugxzlvc.supabase.co/rest/v1/exercises "HTTP/2 201 Created"
2025-03-01 09:37:30,242 - httpx - INFO - HTTP Request: POST https://hmdqtnywfebxjugxzlvc.supabase.co/rest/v1/exercises "HTTP/2 201 Created"
2025-03-01 09:37:30,309 - httpx - INFO - HTTP Request: POST https://hmdqtnywfebxjugxzlvc.supabase.co/rest/v1/exercises "HTTP/2 201 Created"
2025-03-01 09:37:30,353 - httpx - INFO - HTTP Request: POST https://hmdqtnywfebxjugxzlvc.supabase.co/rest/v1/exercises "HTTP/2 201 Created"
2025-03-01 09:37:30,397 - httpx - INFO - HTTP Request: POST https://hmdqtnywfebxjugxzlvc.supabase.co/rest/v1/exercises "HTTP/2 201 Created"
2025-03-01 09:37:30,450 - httpx - INFO - HTTP Request: POST https://hmdqtnywfebxjugxzlvc.supabase.co/rest/v1/chapters "HTTP/2 201 Created"
2025-03-01 09:37:30,493 - httpx - INFO - HTTP Request: POST https://hmdqtnywfebxjugxzlvc.supabase.co/rest/v1/exercises "HTTP/2 201 Created"
2025-03-01 09:37:30,549 - httpx - INFO - HTTP Request: POST https://hmdqtnywfebxjugxzlvc.supabase.co/rest/v1/exercises "HTTP/2 201 Created"
2025-03-01 09:37:30,592 - httpx - INFO - HTTP Request: POST https://hmdqtnywfebxjugxzlvc.supabase.co/rest/v1/exercises "HTTP/2 201 Created"
2025-03-01 09:37:30,632 - httpx - INFO - HTTP Request: POST https://hmdqtnywfebxjugxzlvc.supabase.co/rest/v1/exercises "HTTP/2 201 Created"
2025-03-01 09:37:30,688 - httpx - INFO - HTTP Request: POST https://hmdqtnywfebxjugxzlvc.supabase.co/rest/v1/chapters "HTTP/2 201 Created"
2025-03-01 09:37:30,728 - httpx - INFO - HTTP Request: POST https://hmdqtnywfebxjugxzlvc.supabase.co/rest/v1/exercises "HTTP/2 201 Created"
2025-03-01 09:37:30,766 - httpx - INFO - HTTP Request: POST https://hmdqtnywfebxjugxzlvc.supabase.co/rest/v1/exercises "HTTP/2 201 Created"
2025-03-01 09:37:30,804 - httpx - INFO - HTTP Request: POST https://hmdqtnywfebxjugxzlvc.supabase.co/rest/v1/chapters "HTTP/2 201 Created"
2025-03-01 09:37:30,863 - httpx - INFO - HTTP Request: POST https://hmdqtnywfebxjugxzlvc.supabase.co/rest/v1/exercises "HTTP/2 201 Created"
2025-03-01 09:37:30,936 - httpx - INFO - HTTP Request: POST https://hmdqtnywfebxjugxzlvc.supabase.co/rest/v1/exercises "HTTP/2 201 Created"
2025-03-01 09:37:30,984 - httpx - INFO - HTTP Request: POST https://hmdqtnywfebxjugxzlvc.supabase.co/rest/v1/exercises "HTTP/2 201 Created"
2025-03-01 09:37:31,035 - httpx - INFO - HTTP Request: POST https://hmdqtnywfebxjugxzlvc.supabase.co/rest/v1/exercises "HTTP/2 201 Created"
2025-03-01 09:37:31,082 - httpx - INFO - HTTP Request: POST https://hmdqtnywfebxjugxzlvc.supabase.co/rest/v1/exercises "HTTP/2 201 Created"
2025-03-01 09:37:31,125 - httpx - INFO - HTTP Request: POST https://hmdqtnywfebxjugxzlvc.supabase.co/rest/v1/exercises "HTTP/2 201 Created"
2025-03-01 09:37:31,168 - httpx - INFO - HTTP Request: POST https://hmdqtnywfebxjugxzlvc.supabase.co/rest/v1/exercises "HTTP/2 201 Created"
2025-03-01 09:37:31,213 - httpx - INFO - HTTP Request: POST https://hmdqtnywfebxjugxzlvc.supabase.co/rest/v1/chapters "HTTP/2 201 Created"
2025-03-01 09:37:31,268 - httpx - INFO - HTTP Request: POST https://hmdqtnywfebxjugxzlvc.supabase.co/rest/v1/exercises "HTTP/2 201 Created"
2025-03-01 09:37:31,308 - httpx - INFO - HTTP Request: POST https://hmdqtnywfebxjugxzlvc.supabase.co/rest/v1/exercises "HTTP/2 201 Created"
2025-03-01 09:37:31,346 - httpx - INFO - HTTP Request: POST https://hmdqtnywfebxjugxzlvc.supabase.co/rest/v1/exercises "HTTP/2 201 Created"
2025-03-01 09:37:31,386 - httpx - INFO - HTTP Request: POST https://hmdqtnywfebxjugxzlvc.supabase.co/rest/v1/exercises "HTTP/2 201 Created"
2025-03-01 09:37:31,424 - httpx - INFO - HTTP Request: POST https://hmdqtnywfebxjugxzlvc.supabase.co/rest/v1/exercises "HTTP/2 201 Created"
2025-03-01 09:37:31,474 - httpx - INFO - HTTP Request: POST https://hmdqtnywfebxjugxzlvc.supabase.co/rest/v1/exercises "HTTP/2 201 Created"
2025-03-01 09:37:31,513 - httpx - INFO - HTTP Request: POST https://hmdqtnywfebxjugxzlvc.supabase.co/rest/v1/exercises "HTTP/2 201 Created"
2025-03-01 09:37:31,557 - httpx - INFO - HTTP Request: POST https://hmdqtnywfebxjugxzlvc.supabase.co/rest/v1/exercises "HTTP/2 201 Created"
2025-03-01 09:37:31,598 - httpx - INFO - HTTP Request: POST https://hmdqtnywfebxjugxzlvc.supabase.co/rest/v1/exercises "HTTP/2 201 Created"
2025-03-01 09:37:31,638 - httpx - INFO - HTTP Request: POST https://hmdqtnywfebxjugxzlvc.supabase.co/rest/v1/chapters "HTTP/2 201 Created"
2025-03-01 09:37:31,682 - httpx - INFO - HTTP Request: POST https://hmdqtnywfebxjugxzlvc.supabase.co/rest/v1/exercises "HTTP/2 201 Created"
2025-03-01 09:37:31,733 - httpx - INFO - HTTP Request: POST https://hmdqtnywfebxjugxzlvc.supabase.co/rest/v1/exercises "HTTP/2 201 Created"
2025-03-01 09:37:31,777 - httpx - INFO - HTTP Request: POST https://hmdqtnywfebxjugxzlvc.supabase.co/rest/v1/exercises "HTTP/2 201 Created"
2025-03-01 09:37:31,820 - httpx - INFO - HTTP Request: POST https://hmdqtnywfebxjugxzlvc.supabase.co/rest/v1/exercises "HTTP/2 201 Created"
2025-03-01 09:37:31,860 - httpx - INFO - HTTP Request: POST https://hmdqtnywfebxjugxzlvc.supabase.co/rest/v1/exercises "HTTP/2 201 Created"
2025-03-01 09:37:31,903 - httpx - INFO - HTTP Request: POST https://hmdqtnywfebxjugxzlvc.supabase.co/rest/v1/exercises "HTTP/2 201 Created"
2025-03-01 09:37:32,156 - httpx - INFO - HTTP Request: POST https://hmdqtnywfebxjugxzlvc.supabase.co/rest/v1/exercises "HTTP/2 201 Created"
2025-03-01 09:37:32,328 - httpx - INFO - HTTP Request: POST https://hmdqtnywfebxjugxzlvc.supabase.co/rest/v1/exercises "HTTP/2 201 Created"
2025-03-01 09:37:32,501 - httpx - INFO - HTTP Request: POST https://hmdqtnywfebxjugxzlvc.supabase.co/rest/v1/exercises "HTTP/2 201 Created"
2025-03-01 09:37:32,678 - httpx - INFO - HTTP Request: POST https://hmdqtnywfebxjugxzlvc.supabase.co/rest/v1/exercises "HTTP/2 201 Created"
2025-03-01 09:37:32,854 - httpx - INFO - HTTP Request: POST https://hmdqtnywfebxjugxzlvc.supabase.co/rest/v1/exercises "HTTP/2 201 Created"
2025-03-01 09:37:33,030 - httpx - INFO - HTTP Request: POST https://hmdqtnywfebxjugxzlvc.supabase.co/rest/v1/exercises "HTTP/2 201 Created"
2025-03-01 09:37:33,207 - httpx - INFO - HTTP Request: POST https://hmdqtnywfebxjugxzlvc.supabase.co/rest/v1/chapters "HTTP/2 201 Created"
2025-03-01 09:37:33,360 - httpx - INFO - HTTP Request: POST https://hmdqtnywfebxjugxzlvc.supabase.co/rest/v1/exercises "HTTP/2 201 Created"
2025-03-01 09:37:33,536 - httpx - INFO - HTTP Request: POST https://hmdqtnywfebxjugxzlvc.supabase.co/rest/v1/exercises "HTTP/2 201 Created"
2025-03-01 09:37:33,721 - httpx - INFO - HTTP Request: POST https://hmdqtnywfebxjugxzlvc.supabase.co/rest/v1/exercises "HTTP/2 201 Created"
2025-03-01 09:37:33,889 - httpx - INFO - HTTP Request: POST https://hmdqtnywfebxjugxzlvc.supabase.co/rest/v1/chapters "HTTP/2 201 Created"
2025-03-01 09:37:33,930 - httpx - INFO - HTTP Request: POST https://hmdqtnywfebxjugxzlvc.supabase.co/rest/v1/exercises "HTTP/2 201 Created"
2025-03-01 09:37:34,098 - httpx - INFO - HTTP Request: POST https://hmdqtnywfebxjugxzlvc.supabase.co/rest/v1/exercises "HTTP/2 201 Created"
2025-03-01 09:37:34,244 - httpx - INFO - HTTP Request: POST https://hmdqtnywfebxjugxzlvc.supabase.co/rest/v1/exercises "HTTP/2 201 Created"
2025-03-01 09:37:34,334 - httpx - INFO - HTTP Request: POST https://hmdqtnywfebxjugxzlvc.supabase.co/rest/v1/exercises "HTTP/2 201 Created"
2025-03-01 09:37:34,487 - httpx - INFO - HTTP Request: POST https://hmdqtnywfebxjugxzlvc.supabase.co/rest/v1/exercises "HTTP/2 201 Created"
2025-03-01 09:37:34,672 - httpx - INFO - HTTP Request: POST https://hmdqtnywfebxjugxzlvc.supabase.co/rest/v1/exercises "HTTP/2 201 Created"
2025-03-01 09:37:34,846 - httpx - INFO - HTTP Request: POST https://hmdqtnywfebxjugxzlvc.supabase.co/rest/v1/exercises "HTTP/2 201 Created"
2025-03-01 09:37:34,954 - httpx - INFO - HTTP Request: POST https://hmdqtnywfebxjugxzlvc.supabase.co/rest/v1/exercises "HTTP/2 201 Created"
2025-03-01 09:37:34,998 - httpx - INFO - HTTP Request: POST https://hmdqtnywfebxjugxzlvc.supabase.co/rest/v1/exercises "HTTP/2 201 Created"
2025-03-01 09:37:35,047 - httpx - INFO - HTTP Request: POST https://hmdqtnywfebxjugxzlvc.supabase.co/rest/v1/exercises "HTTP/2 201 Created"
2025-03-01 09:37:35,105 - httpx - INFO - HTTP Request: POST https://hmdqtnywfebxjugxzlvc.supabase.co/rest/v1/exercises "HTTP/2 201 Created"
2025-03-01 09:37:35,153 - httpx - INFO - HTTP Request: POST https://hmdqtnywfebxjugxzlvc.supabase.co/rest/v1/exercises "HTTP/2 201 Created"
2025-03-01 09:37:35,193 - httpx - INFO - HTTP Request: POST https://hmdqtnywfebxjugxzlvc.supabase.co/rest/v1/exercises "HTTP/2 201 Created"
2025-03-01 09:37:35,240 - httpx - INFO - HTTP Request: POST https://hmdqtnywfebxjugxzlvc.supabase.co/rest/v1/exercises "HTTP/2 201 Created"
2025-03-01 09:37:35,284 - httpx - INFO - HTTP Request: POST https://hmdqtnywfebxjugxzlvc.supabase.co/rest/v1/exercises "HTTP/2 201 Created"
2025-03-01 09:37:35,326 - httpx - INFO - HTTP Request: POST https://hmdqtnywfebxjugxzlvc.supabase.co/rest/v1/exercises "HTTP/2 201 Created"
2025-03-01 09:37:35,369 - httpx - INFO - HTTP Request: POST https://hmdqtnywfebxjugxzlvc.supabase.co/rest/v1/exercises "HTTP/2 201 Created"
2025-03-01 09:37:35,407 - httpx - INFO - HTTP Request: POST https://hmdqtnywfebxjugxzlvc.supabase.co/rest/v1/exercises "HTTP/2 201 Created"
2025-03-01 09:37:35,456 - httpx - INFO - HTTP Request: POST https://hmdqtnywfebxjugxzlvc.supabase.co/rest/v1/exercises "HTTP/2 201 Created"
2025-03-01 09:37:35,497 - httpx - INFO - HTTP Request: POST https://hmdqtnywfebxjugxzlvc.supabase.co/rest/v1/chapters "HTTP/2 201 Created"
2025-03-01 09:37:35,544 - httpx - INFO - HTTP Request: POST https://hmdqtnywfebxjugxzlvc.supabase.co/rest/v1/exercises "HTTP/2 201 Created"
2025-03-01 09:37:35,583 - httpx - INFO - HTTP Request: POST https://hmdqtnywfebxjugxzlvc.supabase.co/rest/v1/exercises "HTTP/2 201 Created"
2025-03-01 09:37:35,714 - httpx - INFO - HTTP Request: POST https://hmdqtnywfebxjugxzlvc.supabase.co/rest/v1/exercises "HTTP/2 201 Created"
2025-03-01 09:37:36,010 - httpx - INFO - HTTP Request: POST https://hmdqtnywfebxjugxzlvc.supabase.co/rest/v1/exercises "HTTP/2 201 Created"
2025-03-01 09:37:36,188 - httpx - INFO - HTTP Request: POST https://hmdqtnywfebxjugxzlvc.supabase.co/rest/v1/exercises "HTTP/2 201 Created"
2025-03-01 09:37:36,367 - httpx - INFO - HTTP Request: POST https://hmdqtnywfebxjugxzlvc.supabase.co/rest/v1/exercises "HTTP/2 201 Created"
2025-03-01 09:37:36,541 - httpx - INFO - HTTP Request: POST https://hmdqtnywfebxjugxzlvc.supabase.co/rest/v1/exercises "HTTP/2 201 Created"
2025-03-01 09:37:36,582 - httpx - INFO - HTTP Request: POST https://hmdqtnywfebxjugxzlvc.supabase.co/rest/v1/exercises "HTTP/2 201 Created"
2025-03-01 09:37:36,755 - httpx - INFO - HTTP Request: POST https://hmdqtnywfebxjugxzlvc.supabase.co/rest/v1/exercises "HTTP/2 201 Created"
2025-03-01 09:37:37,046 - httpx - INFO - HTTP Request: POST https://hmdqtnywfebxjugxzlvc.supabase.co/rest/v1/chapters "HTTP/2 201 Created"
2025-03-01 09:37:37,088 - httpx - INFO - HTTP Request: POST https://hmdqtnywfebxjugxzlvc.supabase.co/rest/v1/exercises "HTTP/2 201 Created"
2025-03-01 09:37:37,405 - httpx - INFO - HTTP Request: POST https://hmdqtnywfebxjugxzlvc.supabase.co/rest/v1/exercises "HTTP/2 201 Created"
2025-03-01 09:37:37,574 - httpx - INFO - HTTP Request: POST https://hmdqtnywfebxjugxzlvc.supabase.co/rest/v1/exercises "HTTP/2 201 Created"
2025-03-01 09:37:37,752 - httpx - INFO - HTTP Request: POST https://hmdqtnywfebxjugxzlvc.supabase.co/rest/v1/exercises "HTTP/2 201 Created"
2025-03-01 09:37:37,928 - httpx - INFO - HTTP Request: POST https://hmdqtnywfebxjugxzlvc.supabase.co/rest/v1/exercises "HTTP/2 201 Created"
2025-03-01 09:37:38,019 - httpx - INFO - HTTP Request: POST https://hmdqtnywfebxjugxzlvc.supabase.co/rest/v1/chapters "HTTP/2 201 Created"
2025-03-01 09:37:38,172 - httpx - INFO - HTTP Request: POST https://hmdqtnywfebxjugxzlvc.supabase.co/rest/v1/exercises "HTTP/2 201 Created"
2025-03-01 09:37:38,353 - httpx - INFO - HTTP Request: POST https://hmdqtnywfebxjugxzlvc.supabase.co/rest/v1/exercises "HTTP/2 201 Created"
2025-03-01 09:37:38,522 - httpx - INFO - HTTP Request: POST https://hmdqtnywfebxjugxzlvc.supabase.co/rest/v1/exercises "HTTP/2 201 Created"
2025-03-01 09:37:38,638 - httpx - INFO - HTTP Request: POST https://hmdqtnywfebxjugxzlvc.supabase.co/rest/v1/exercises "HTTP/2 201 Created"
2025-03-01 09:37:38,679 - httpx - INFO - HTTP Request: POST https://hmdqtnywfebxjugxzlvc.supabase.co/rest/v1/chapters "HTTP/2 201 Created"
2025-03-01 09:37:38,719 - httpx - INFO - HTTP Request: POST https://hmdqtnywfebxjugxzlvc.supabase.co/rest/v1/exercises "HTTP/2 201 Created"
2025-03-01 09:37:38,754 - httpx - INFO - HTTP Request: POST https://hmdqtnywfebxjugxzlvc.supabase.co/rest/v1/exercises "HTTP/2 201 Created"
2025-03-01 09:37:38,804 - httpx - INFO - HTTP Request: POST https://hmdqtnywfebxjugxzlvc.supabase.co/rest/v1/exercises "HTTP/2 201 Created"
2025-03-01 09:37:38,846 - httpx - INFO - HTTP Request: POST https://hmdqtnywfebxjugxzlvc.supabase.co/rest/v1/exercises "HTTP/2 201 Created"
2025-03-01 09:37:38,887 - httpx - INFO - HTTP Request: POST https://hmdqtnywfebxjugxzlvc.supabase.co/rest/v1/exercises "HTTP/2 201 Created"
2025-03-01 09:37:38,927 - httpx - INFO - HTTP Request: POST https://hmdqtnywfebxjugxzlvc.supabase.co/rest/v1/exercises "HTTP/2 201 Created"
2025-03-01 09:37:38,974 - httpx - INFO - HTTP Request: POST https://hmdqtnywfebxjugxzlvc.supabase.co/rest/v1/exercises "HTTP/2 201 Created"
2025-03-01 09:37:39,024 - httpx - INFO - HTTP Request: POST https://hmdqtnywfebxjugxzlvc.supabase.co/rest/v1/exercises "HTTP/2 201 Created"
2025-03-01 09:37:39,065 - httpx - INFO - HTTP Request: POST https://hmdqtnywfebxjugxzlvc.supabase.co/rest/v1/exercises "HTTP/2 201 Created"
2025-03-01 09:37:39,118 - httpx - INFO - HTTP Request: POST https://hmdqtnywfebxjugxzlvc.supabase.co/rest/v1/chapters "HTTP/2 201 Created"
2025-03-01 09:37:39,169 - httpx - INFO - HTTP Request: POST https://hmdqtnywfebxjugxzlvc.supabase.co/rest/v1/exercises "HTTP/2 201 Created"
2025-03-01 09:37:39,217 - httpx - INFO - HTTP Request: POST https://hmdqtnywfebxjugxzlvc.supabase.co/rest/v1/exercises "HTTP/2 201 Created"
2025-03-01 09:37:39,268 - httpx - INFO - HTTP Request: POST https://hmdqtnywfebxjugxzlvc.supabase.co/rest/v1/exercises "HTTP/2 201 Created"
2025-03-01 09:37:39,309 - httpx - INFO - HTTP Request: POST https://hmdqtnywfebxjugxzlvc.supabase.co/rest/v1/chapters "HTTP/2 201 Created"
2025-03-01 09:37:39,359 - httpx - INFO - HTTP Request: POST https://hmdqtnywfebxjugxzlvc.supabase.co/rest/v1/exercises "HTTP/2 201 Created"
2025-03-01 09:37:39,399 - httpx - INFO - HTTP Request: POST https://hmdqtnywfebxjugxzlvc.supabase.co/rest/v1/exercises "HTTP/2 201 Created"
2025-03-01 09:37:39,440 - httpx - INFO - HTTP Request: POST https://hmdqtnywfebxjugxzlvc.supabase.co/rest/v1/exercises "HTTP/2 201 Created"
2025-03-01 09:37:39,479 - httpx - INFO - HTTP Request: POST https://hmdqtnywfebxjugxzlvc.supabase.co/rest/v1/exercises "HTTP/2 201 Created"
2025-03-01 09:37:39,521 - httpx - INFO - HTTP Request: POST https://hmdqtnywfebxjugxzlvc.supabase.co/rest/v1/chapters "HTTP/2 201 Created"
2025-03-01 09:37:39,562 - httpx - INFO - HTTP Request: POST https://hmdqtnywfebxjugxzlvc.supabase.co/rest/v1/exercises "HTTP/2 201 Created"
2025-03-01 09:37:39,616 - httpx - INFO - HTTP Request: POST https://hmdqtnywfebxjugxzlvc.supabase.co/rest/v1/exercises "HTTP/2 201 Created"
2025-03-01 09:37:39,658 - httpx - INFO - HTTP Request: POST https://hmdqtnywfebxjugxzlvc.supabase.co/rest/v1/exercises "HTTP/2 201 Created"
2025-03-01 09:37:39,699 - httpx - INFO - HTTP Request: POST https://hmdqtnywfebxjugxzlvc.supabase.co/rest/v1/exercises "HTTP/2 201 Created"
2025-03-01 09:37:39,743 - httpx - INFO - HTTP Request: POST https://hmdqtnywfebxjugxzlvc.supabase.co/rest/v1/chapters "HTTP/2 201 Created"
2025-03-01 09:37:39,797 - httpx - INFO - HTTP Request: POST https://hmdqtnywfebxjugxzlvc.supabase.co/rest/v1/exercises "HTTP/2 201 Created"
2025-03-01 09:37:39,840 - httpx - INFO - HTTP Request: POST https://hmdqtnywfebxjugxzlvc.supabase.co/rest/v1/exercises "HTTP/2 201 Created"
2025-03-01 09:37:39,886 - httpx - INFO - HTTP Request: POST https://hmdqtnywfebxjugxzlvc.supabase.co/rest/v1/exercises "HTTP/2 201 Created"
2025-03-01 09:37:39,928 - httpx - INFO - HTTP Request: POST https://hmdqtnywfebxjugxzlvc.supabase.co/rest/v1/exercises "HTTP/2 201 Created"
2025-03-01 09:37:39,968 - httpx - INFO - HTTP Request: POST https://hmdqtnywfebxjugxzlvc.supabase.co/rest/v1/chapters "HTTP/2 201 Created"
2025-03-01 09:37:40,017 - httpx - INFO - HTTP Request: POST https://hmdqtnywfebxjugxzlvc.supabase.co/rest/v1/exercises "HTTP/2 201 Created"
2025-03-01 09:37:40,083 - httpx - INFO - HTTP Request: POST https://hmdqtnywfebxjugxzlvc.supabase.co/rest/v1/exercises "HTTP/2 201 Created"
2025-03-01 09:37:40,125 - httpx - INFO - HTTP Request: POST https://hmdqtnywfebxjugxzlvc.supabase.co/rest/v1/exercises "HTTP/2 201 Created"
2025-03-01 09:37:40,166 - httpx - INFO - HTTP Request: POST https://hmdqtnywfebxjugxzlvc.supabase.co/rest/v1/exercises "HTTP/2 201 Created"
2025-03-01 09:37:40,209 - httpx - INFO - HTTP Request: POST https://hmdqtnywfebxjugxzlvc.supabase.co/rest/v1/exercises "HTTP/2 201 Created"
2025-03-01 09:37:40,250 - httpx - INFO - HTTP Request: POST https://hmdqtnywfebxjugxzlvc.supabase.co/rest/v1/chapters "HTTP/2 201 Created"
2025-03-01 09:37:40,301 - httpx - INFO - HTTP Request: POST https://hmdqtnywfebxjugxzlvc.supabase.co/rest/v1/exercises "HTTP/2 201 Created"
2025-03-01 09:37:40,353 - httpx - INFO - HTTP Request: POST https://hmdqtnywfebxjugxzlvc.supabase.co/rest/v1/exercises "HTTP/2 201 Created"
2025-03-01 09:37:40,405 - httpx - INFO - HTTP Request: POST https://hmdqtnywfebxjugxzlvc.supabase.co/rest/v1/exercises "HTTP/2 201 Created"
2025-03-01 09:37:40,450 - httpx - INFO - HTTP Request: POST https://hmdqtnywfebxjugxzlvc.supabase.co/rest/v1/exercises "HTTP/2 201 Created"
2025-03-01 09:37:40,498 - httpx - INFO - HTTP Request: POST https://hmdqtnywfebxjugxzlvc.supabase.co/rest/v1/exercises "HTTP/2 201 Created"
2025-03-01 09:37:40,552 - httpx - INFO - HTTP Request: POST https://hmdqtnywfebxjugxzlvc.supabase.co/rest/v1/exercises "HTTP/2 201 Created"
2025-03-01 09:37:40,597 - httpx - INFO - HTTP Request: POST https://hmdqtnywfebxjugxzlvc.supabase.co/rest/v1/exercises "HTTP/2 201 Created"
2025-03-01 09:37:40,636 - httpx - INFO - HTTP Request: POST https://hmdqtnywfebxjugxzlvc.supabase.co/rest/v1/chapters "HTTP/2 201 Created"
2025-03-01 09:37:40,678 - httpx - INFO - HTTP Request: POST https://hmdqtnywfebxjugxzlvc.supabase.co/rest/v1/exercises "HTTP/2 201 Created"
2025-03-01 09:37:40,719 - httpx - INFO - HTTP Request: POST https://hmdqtnywfebxjugxzlvc.supabase.co/rest/v1/exercises "HTTP/2 201 Created"
2025-03-01 09:37:40,761 - httpx - INFO - HTTP Request: POST https://hmdqtnywfebxjugxzlvc.supabase.co/rest/v1/exercises "HTTP/2 201 Created"
2025-03-01 09:37:40,807 - httpx - INFO - HTTP Request: POST https://hmdqtnywfebxjugxzlvc.supabase.co/rest/v1/exercises "HTTP/2 201 Created"
2025-03-01 09:37:40,854 - httpx - INFO - HTTP Request: POST https://hmdqtnywfebxjugxzlvc.supabase.co/rest/v1/exercises "HTTP/2 201 Created"
2025-03-01 09:37:40,899 - httpx - INFO - HTTP Request: POST https://hmdqtnywfebxjugxzlvc.supabase.co/rest/v1/exercises "HTTP/2 201 Created"
2025-03-01 09:37:40,941 - httpx - INFO - HTTP Request: POST https://hmdqtnywfebxjugxzlvc.supabase.co/rest/v1/exercises "HTTP/2 201 Created"
2025-03-01 09:37:40,943 - __main__ - INFO - Successfully uploaded textbook data to Supabase
2025-03-01 09:37:40,990 - httpx - INFO - HTTP Request: GET https://hmdqtnywfebxjugxzlvc.supabase.co/rest/v1/chapters?select=%2A&textbook=eq.83d44f35-025b-4696-a7c5-0fa4d0aae1e7 "HTTP/2 200 OK"
2025-03-01 09:37:42,312 - httpx - INFO - HTTP Request: POST https://hmdqtnywfebxjugxzlvc.supabase.co/rest/v1/documents?columns=%22page%22%2C%22processed%22%2C%22description%22%2C%22textbook%22%2C%22text%22 "HTTP/2 201 Created"
2025-03-01 09:37:42,375 - __main__ - INFO - Created 477 document entries
2025-03-01 09:37:42,981 - httpx - INFO - HTTP Request: POST https://hmdqtnywfebxjugxzlvc.supabase.co/storage/v1/object/textbooks/c770c9bb-4de1-44be-aacb-b4bea3efbacf/83d44f35-025b-4696-a7c5-0fa4d0aae1e7/201aee7b-4a75-4003-a976-cad3199d3adc.png "HTTP/2 200 OK"
2025-03-01 09:37:43,297 - httpx - INFO - HTTP Request: POST https://hmdqtnywfebxjugxzlvc.supabase.co/storage/v1/object/textbooks/c770c9bb-4de1-44be-aacb-b4bea3efbacf/83d44f35-025b-4696-a7c5-0fa4d0aae1e7/5126a01b-db8b-41b5-9a19-5976011b1fdd.png "HTTP/2 200 OK"
2025-03-01 09:37:43,563 - httpx - INFO - HTTP Request: POST https://hmdqtnywfebxjugxzlvc.supabase.co/storage/v1/object/textbooks/c770c9bb-4de1-44be-aacb-b4bea3efbacf/83d44f35-025b-4696-a7c5-0fa4d0aae1e7/a636e8e0-c95e-4dae-895f-085c70ddf24e.png "HTTP/2 200 OK"
2025-03-01 09:37:43,863 - httpx - INFO - HTTP Request: POST https://hmdqtnywfebxjugxzlvc.supabase.co/storage/v1/object/textbooks/c770c9bb-4de1-44be-aacb-b4bea3efbacf/83d44f35-025b-4696-a7c5-0fa4d0aae1e7/58a4de14-33ef-45aa-a8c9-4c0e6ae2e904.png "HTTP/2 200 OK"
2025-03-01 09:37:44,380 - httpx - INFO - HTTP Request: POST https://hmdqtnywfebxjugxzlvc.supabase.co/storage/v1/object/textbooks/c770c9bb-4de1-44be-aacb-b4bea3efbacf/83d44f35-025b-4696-a7c5-0fa4d0aae1e7/54d8fd85-9159-4978-8e1e-2b6d3a85241b.png "HTTP/2 200 OK"
2025-03-01 09:37:44,640 - httpx - INFO - HTTP Request: POST https://hmdqtnywfebxjugxzlvc.supabase.co/storage/v1/object/textbooks/c770c9bb-4de1-44be-aacb-b4bea3efbacf/83d44f35-025b-4696-a7c5-0fa4d0aae1e7/24f3b790-f6d2-4084-96fe-832f061529fa.png "HTTP/2 200 OK"
2025-03-01 09:37:45,090 - httpx - INFO - HTTP Request: POST https://hmdqtnywfebxjugxzlvc.supabase.co/storage/v1/object/textbooks/c770c9bb-4de1-44be-aacb-b4bea3efbacf/83d44f35-025b-4696-a7c5-0fa4d0aae1e7/cb29f913-4047-4e41-a568-2186a61e7464.png "HTTP/2 200 OK"
2025-03-01 09:37:45,584 - httpx - INFO - HTTP Request: POST https://hmdqtnywfebxjugxzlvc.supabase.co/storage/v1/object/textbooks/c770c9bb-4de1-44be-aacb-b4bea3efbacf/83d44f35-025b-4696-a7c5-0fa4d0aae1e7/da47d75c-a2b3-4c04-956a-9217adaa6e5c.png "HTTP/2 200 OK"
2025-03-01 09:37:45,966 - httpx - INFO - HTTP Request: POST https://hmdqtnywfebxjugxzlvc.supabase.co/storage/v1/object/textbooks/c770c9bb-4de1-44be-aacb-b4bea3efbacf/83d44f35-025b-4696-a7c5-0fa4d0aae1e7/0c74cd91-49f9-4645-b36a-3e8bc07c18bd.png "HTTP/2 200 OK"
2025-03-01 09:37:46,439 - httpx - INFO - HTTP Request: POST https://hmdqtnywfebxjugxzlvc.supabase.co/storage/v1/object/textbooks/c770c9bb-4de1-44be-aacb-b4bea3efbacf/83d44f35-025b-4696-a7c5-0fa4d0aae1e7/a72b2f59-a6ff-468b-afb1-515357b79a7e.png "HTTP/2 200 OK"
2025-03-01 09:37:46,954 - httpx - INFO - HTTP Request: POST https://hmdqtnywfebxjugxzlvc.supabase.co/storage/v1/object/textbooks/c770c9bb-4de1-44be-aacb-b4bea3efbacf/83d44f35-025b-4696-a7c5-0fa4d0aae1e7/3d3e1f4a-751c-44a9-aec6-0a1284007171.png "HTTP/2 200 OK"
2025-03-01 09:37:47,316 - httpx - INFO - HTTP Request: POST https://hmdqtnywfebxjugxzlvc.supabase.co/storage/v1/object/textbooks/c770c9bb-4de1-44be-aacb-b4bea3efbacf/83d44f35-025b-4696-a7c5-0fa4d0aae1e7/d470bf79-4349-4a83-ab05-fabb95a1dff9.png "HTTP/2 200 OK"
2025-03-01 09:37:47,655 - httpx - INFO - HTTP Request: POST https://hmdqtnywfebxjugxzlvc.supabase.co/storage/v1/object/textbooks/c770c9bb-4de1-44be-aacb-b4bea3efbacf/83d44f35-025b-4696-a7c5-0fa4d0aae1e7/573b7570-beae-455a-b9a8-daacf6ab777d.png "HTTP/2 200 OK"
2025-03-01 09:37:48,071 - httpx - INFO - HTTP Request: POST https://hmdqtnywfebxjugxzlvc.supabase.co/storage/v1/object/textbooks/c770c9bb-4de1-44be-aacb-b4bea3efbacf/83d44f35-025b-4696-a7c5-0fa4d0aae1e7/4d1d406c-8049-441e-91d0-cf7bea873103.png "HTTP/2 200 OK"
2025-03-01 09:37:48,391 - httpx - INFO - HTTP Request: POST https://hmdqtnywfebxjugxzlvc.supabase.co/storage/v1/object/textbooks/c770c9bb-4de1-44be-aacb-b4bea3efbacf/83d44f35-025b-4696-a7c5-0fa4d0aae1e7/bb73a698-60a1-4c57-9bf7-c23cf3bdb34e.png "HTTP/2 200 OK"
2025-03-01 09:37:48,777 - httpx - INFO - HTTP Request: POST https://hmdqtnywfebxjugxzlvc.supabase.co/storage/v1/object/textbooks/c770c9bb-4de1-44be-aacb-b4bea3efbacf/83d44f35-025b-4696-a7c5-0fa4d0aae1e7/0dd7e1cc-f7bc-43ad-a055-0ce1227a3b02.png "HTTP/2 200 OK"
2025-03-01 09:37:49,289 - httpx - INFO - HTTP Request: POST https://hmdqtnywfebxjugxzlvc.supabase.co/storage/v1/object/textbooks/c770c9bb-4de1-44be-aacb-b4bea3efbacf/83d44f35-025b-4696-a7c5-0fa4d0aae1e7/cee4ad6d-3fef-4459-991f-e37d1eef5731.png "HTTP/2 200 OK"
2025-03-01 09:37:49,745 - httpx - INFO - HTTP Request: POST https://hmdqtnywfebxjugxzlvc.supabase.co/storage/v1/object/textbooks/c770c9bb-4de1-44be-aacb-b4bea3efbacf/83d44f35-025b-4696-a7c5-0fa4d0aae1e7/17bd2e70-9b38-4fa6-b360-1d4fdc547d31.png "HTTP/2 200 OK"
2025-03-01 09:37:50,316 - httpx - INFO - HTTP Request: POST https://hmdqtnywfebxjugxzlvc.supabase.co/storage/v1/object/textbooks/c770c9bb-4de1-44be-aacb-b4bea3efbacf/83d44f35-025b-4696-a7c5-0fa4d0aae1e7/975092e1-b19a-4d1e-9019-547d0640013e.png "HTTP/2 200 OK"
2025-03-01 09:37:51,025 - httpx - INFO - HTTP Request: POST https://hmdqtnywfebxjugxzlvc.supabase.co/storage/v1/object/textbooks/c770c9bb-4de1-44be-aacb-b4bea3efbacf/83d44f35-025b-4696-a7c5-0fa4d0aae1e7/379d4fef-0c71-4be5-aeed-fed364e0a32b.png "HTTP/2 200 OK"
2025-03-01 09:37:51,712 - httpx - INFO - HTTP Request: POST https://hmdqtnywfebxjugxzlvc.supabase.co/storage/v1/object/textbooks/c770c9bb-4de1-44be-aacb-b4bea3efbacf/83d44f35-025b-4696-a7c5-0fa4d0aae1e7/d164d983-51bf-48f4-a5da-be6410d3d504.png "HTTP/2 200 OK"
2025-03-01 09:37:52,079 - httpx - INFO - HTTP Request: POST https://hmdqtnywfebxjugxzlvc.supabase.co/storage/v1/object/textbooks/c770c9bb-4de1-44be-aacb-b4bea3efbacf/83d44f35-025b-4696-a7c5-0fa4d0aae1e7/6d8217c0-511d-4f39-af96-08fb874a5dbd.png "HTTP/2 200 OK"
2025-03-01 09:37:52,667 - httpx - INFO - HTTP Request: POST https://hmdqtnywfebxjugxzlvc.supabase.co/storage/v1/object/textbooks/c770c9bb-4de1-44be-aacb-b4bea3efbacf/83d44f35-025b-4696-a7c5-0fa4d0aae1e7/13786f47-18cc-44a5-a452-cb7b3c75d01a.png "HTTP/2 200 OK"
2025-03-01 09:37:53,027 - httpx - INFO - HTTP Request: POST https://hmdqtnywfebxjugxzlvc.supabase.co/storage/v1/object/textbooks/c770c9bb-4de1-44be-aacb-b4bea3efbacf/83d44f35-025b-4696-a7c5-0fa4d0aae1e7/6816007e-8d8c-4ee3-97cf-94b0b6f9e949.png "HTTP/2 200 OK"
2025-03-01 09:37:53,555 - httpx - INFO - HTTP Request: POST https://hmdqtnywfebxjugxzlvc.supabase.co/storage/v1/object/textbooks/c770c9bb-4de1-44be-aacb-b4bea3efbacf/83d44f35-025b-4696-a7c5-0fa4d0aae1e7/92679c67-a63b-40f2-a311-80c80464d362.png "HTTP/2 200 OK"
2025-03-01 09:37:54,378 - httpx - INFO - HTTP Request: POST https://hmdqtnywfebxjugxzlvc.supabase.co/storage/v1/object/textbooks/c770c9bb-4de1-44be-aacb-b4bea3efbacf/83d44f35-025b-4696-a7c5-0fa4d0aae1e7/785a73ce-ab96-46bf-ab5a-76f37f995658.png "HTTP/2 200 OK"
2025-03-01 09:37:55,077 - httpx - INFO - HTTP Request: POST https://hmdqtnywfebxjugxzlvc.supabase.co/storage/v1/object/textbooks/c770c9bb-4de1-44be-aacb-b4bea3efbacf/83d44f35-025b-4696-a7c5-0fa4d0aae1e7/4c95cb08-c508-4cbb-9938-3292b77d3d7b.png "HTTP/2 200 OK"
2025-03-01 09:37:55,768 - httpx - INFO - HTTP Request: POST https://hmdqtnywfebxjugxzlvc.supabase.co/storage/v1/object/textbooks/c770c9bb-4de1-44be-aacb-b4bea3efbacf/83d44f35-025b-4696-a7c5-0fa4d0aae1e7/26d72387-8c0e-4a9f-a3fa-cbd58a573645.png "HTTP/2 200 OK"
2025-03-01 09:37:56,544 - httpx - INFO - HTTP Request: POST https://hmdqtnywfebxjugxzlvc.supabase.co/storage/v1/object/textbooks/c770c9bb-4de1-44be-aacb-b4bea3efbacf/83d44f35-025b-4696-a7c5-0fa4d0aae1e7/d5ee0983-33b1-422a-a685-a6e9fca949b0.png "HTTP/2 200 OK"
2025-03-01 09:37:57,010 - httpx - INFO - HTTP Request: POST https://hmdqtnywfebxjugxzlvc.supabase.co/storage/v1/object/textbooks/c770c9bb-4de1-44be-aacb-b4bea3efbacf/83d44f35-025b-4696-a7c5-0fa4d0aae1e7/04d42903-7d51-4671-a372-1ecb13a6ee50.png "HTTP/2 200 OK"
2025-03-01 09:37:57,444 - httpx - INFO - HTTP Request: POST https://hmdqtnywfebxjugxzlvc.supabase.co/storage/v1/object/textbooks/c770c9bb-4de1-44be-aacb-b4bea3efbacf/83d44f35-025b-4696-a7c5-0fa4d0aae1e7/f4ab2614-a98f-4dbf-bb92-e631a15823d1.png "HTTP/2 200 OK"
2025-03-01 09:37:57,832 - httpx - INFO - HTTP Request: POST https://hmdqtnywfebxjugxzlvc.supabase.co/storage/v1/object/textbooks/c770c9bb-4de1-44be-aacb-b4bea3efbacf/83d44f35-025b-4696-a7c5-0fa4d0aae1e7/7d338bfa-0944-4a2a-91fa-69b40d1a9f45.png "HTTP/2 200 OK"
2025-03-01 09:37:58,225 - httpx - INFO - HTTP Request: POST https://hmdqtnywfebxjugxzlvc.supabase.co/storage/v1/object/textbooks/c770c9bb-4de1-44be-aacb-b4bea3efbacf/83d44f35-025b-4696-a7c5-0fa4d0aae1e7/312e4304-2799-4154-bdbd-89cd90048463.png "HTTP/2 200 OK"
2025-03-01 09:37:58,934 - httpx - INFO - HTTP Request: POST https://hmdqtnywfebxjugxzlvc.supabase.co/storage/v1/object/textbooks/c770c9bb-4de1-44be-aacb-b4bea3efbacf/83d44f35-025b-4696-a7c5-0fa4d0aae1e7/c3285c93-cc9d-4c8f-8c82-4eee05971e92.png "HTTP/2 200 OK"
2025-03-01 09:37:59,348 - httpx - INFO - HTTP Request: POST https://hmdqtnywfebxjugxzlvc.supabase.co/storage/v1/object/textbooks/c770c9bb-4de1-44be-aacb-b4bea3efbacf/83d44f35-025b-4696-a7c5-0fa4d0aae1e7/f9329a3b-fc1d-44b8-b962-8d582bb4c806.png "HTTP/2 200 OK"
2025-03-01 09:37:59,844 - httpx - INFO - HTTP Request: POST https://hmdqtnywfebxjugxzlvc.supabase.co/storage/v1/object/textbooks/c770c9bb-4de1-44be-aacb-b4bea3efbacf/83d44f35-025b-4696-a7c5-0fa4d0aae1e7/c8e54f86-1cd5-4fa5-9f81-92f788c2c665.png "HTTP/2 200 OK"
2025-03-01 09:38:00,304 - httpx - INFO - HTTP Request: POST https://hmdqtnywfebxjugxzlvc.supabase.co/storage/v1/object/textbooks/c770c9bb-4de1-44be-aacb-b4bea3efbacf/83d44f35-025b-4696-a7c5-0fa4d0aae1e7/7b4dc771-ab81-4aa8-a1e8-5a7b2d2de11b.png "HTTP/2 200 OK"
2025-03-01 09:38:00,911 - httpx - INFO - HTTP Request: POST https://hmdqtnywfebxjugxzlvc.supabase.co/storage/v1/object/textbooks/c770c9bb-4de1-44be-aacb-b4bea3efbacf/83d44f35-025b-4696-a7c5-0fa4d0aae1e7/2ec0c78a-63b3-44f4-8f3a-75311d2435bb.png "HTTP/2 200 OK"
2025-03-01 09:38:01,378 - httpx - INFO - HTTP Request: POST https://hmdqtnywfebxjugxzlvc.supabase.co/storage/v1/object/textbooks/c770c9bb-4de1-44be-aacb-b4bea3efbacf/83d44f35-025b-4696-a7c5-0fa4d0aae1e7/8b138052-25f1-40cb-ab19-ffa0f53947dc.png "HTTP/2 200 OK"
2025-03-01 09:38:01,980 - httpx - INFO - HTTP Request: POST https://hmdqtnywfebxjugxzlvc.supabase.co/storage/v1/object/textbooks/c770c9bb-4de1-44be-aacb-b4bea3efbacf/83d44f35-025b-4696-a7c5-0fa4d0aae1e7/ed271f12-c9b0-4767-bc26-bf9bf7b96189.png "HTTP/2 200 OK"
2025-03-01 09:38:02,451 - httpx - INFO - HTTP Request: POST https://hmdqtnywfebxjugxzlvc.supabase.co/storage/v1/object/textbooks/c770c9bb-4de1-44be-aacb-b4bea3efbacf/83d44f35-025b-4696-a7c5-0fa4d0aae1e7/fcbc5716-5fa1-42bb-b718-51bb0116bf59.png "HTTP/2 200 OK"
2025-03-01 09:38:03,071 - httpx - INFO - HTTP Request: POST https://hmdqtnywfebxjugxzlvc.supabase.co/storage/v1/object/textbooks/c770c9bb-4de1-44be-aacb-b4bea3efbacf/83d44f35-025b-4696-a7c5-0fa4d0aae1e7/d394539b-b965-44d1-a657-77148c475de7.png "HTTP/2 200 OK"
2025-03-01 09:38:03,538 - httpx - INFO - HTTP Request: POST https://hmdqtnywfebxjugxzlvc.supabase.co/storage/v1/object/textbooks/c770c9bb-4de1-44be-aacb-b4bea3efbacf/83d44f35-025b-4696-a7c5-0fa4d0aae1e7/52a3067b-9f11-4b81-8951-cff2a8db777c.png "HTTP/2 200 OK"
2025-03-01 09:38:03,933 - httpx - INFO - HTTP Request: POST https://hmdqtnywfebxjugxzlvc.supabase.co/storage/v1/object/textbooks/c770c9bb-4de1-44be-aacb-b4bea3efbacf/83d44f35-025b-4696-a7c5-0fa4d0aae1e7/9ae636f2-d7bf-4bf8-ad74-978e4eecbae8.png "HTTP/2 200 OK"
2025-03-01 09:38:04,437 - httpx - INFO - HTTP Request: POST https://hmdqtnywfebxjugxzlvc.supabase.co/storage/v1/object/textbooks/c770c9bb-4de1-44be-aacb-b4bea3efbacf/83d44f35-025b-4696-a7c5-0fa4d0aae1e7/41747574-a1a8-41ab-9126-fd77cdc9f40a.png "HTTP/2 200 OK"
2025-03-01 09:38:04,948 - httpx - INFO - HTTP Request: POST https://hmdqtnywfebxjugxzlvc.supabase.co/storage/v1/object/textbooks/c770c9bb-4de1-44be-aacb-b4bea3efbacf/83d44f35-025b-4696-a7c5-0fa4d0aae1e7/fa74c16b-47b0-4dde-9faa-4866e0c24d99.png "HTTP/2 200 OK"
2025-03-01 09:38:05,443 - httpx - INFO - HTTP Request: POST https://hmdqtnywfebxjugxzlvc.supabase.co/storage/v1/object/textbooks/c770c9bb-4de1-44be-aacb-b4bea3efbacf/83d44f35-025b-4696-a7c5-0fa4d0aae1e7/ec54046c-71d5-4b29-bac6-09a218a80601.png "HTTP/2 200 OK"
2025-03-01 09:38:05,943 - httpx - INFO - HTTP Request: POST https://hmdqtnywfebxjugxzlvc.supabase.co/storage/v1/object/textbooks/c770c9bb-4de1-44be-aacb-b4bea3efbacf/83d44f35-025b-4696-a7c5-0fa4d0aae1e7/d5e88706-7a5a-40c3-97a0-b6cef5769b45.png "HTTP/2 200 OK"
2025-03-01 09:38:06,447 - httpx - INFO - HTTP Request: POST https://hmdqtnywfebxjugxzlvc.supabase.co/storage/v1/object/textbooks/c770c9bb-4de1-44be-aacb-b4bea3efbacf/83d44f35-025b-4696-a7c5-0fa4d0aae1e7/d36cb603-9b1c-42cc-94b1-573eb25862a8.png "HTTP/2 200 OK"
2025-03-01 09:38:06,936 - httpx - INFO - HTTP Request: POST https://hmdqtnywfebxjugxzlvc.supabase.co/storage/v1/object/textbooks/c770c9bb-4de1-44be-aacb-b4bea3efbacf/83d44f35-025b-4696-a7c5-0fa4d0aae1e7/921dae36-a53a-4d0a-bcd3-0c0a40cede97.png "HTTP/2 200 OK"
2025-03-01 09:38:07,410 - httpx - INFO - HTTP Request: POST https://hmdqtnywfebxjugxzlvc.supabase.co/storage/v1/object/textbooks/c770c9bb-4de1-44be-aacb-b4bea3efbacf/83d44f35-025b-4696-a7c5-0fa4d0aae1e7/dae74b37-c72c-4dd8-9b78-e9c670b3662b.png "HTTP/2 200 OK"
2025-03-01 09:38:08,058 - httpx - INFO - HTTP Request: POST https://hmdqtnywfebxjugxzlvc.supabase.co/storage/v1/object/textbooks/c770c9bb-4de1-44be-aacb-b4bea3efbacf/83d44f35-025b-4696-a7c5-0fa4d0aae1e7/6c854269-10e1-4ca9-91f6-18b50fab13cd.png "HTTP/2 200 OK"
2025-03-01 09:38:09,068 - httpx - INFO - HTTP Request: POST https://hmdqtnywfebxjugxzlvc.supabase.co/storage/v1/object/textbooks/c770c9bb-4de1-44be-aacb-b4bea3efbacf/83d44f35-025b-4696-a7c5-0fa4d0aae1e7/ffdddbb3-3b75-49b1-88d2-ac7ca113f71b.png "HTTP/2 200 OK"
2025-03-01 09:38:09,928 - httpx - INFO - HTTP Request: POST https://hmdqtnywfebxjugxzlvc.supabase.co/storage/v1/object/textbooks/c770c9bb-4de1-44be-aacb-b4bea3efbacf/83d44f35-025b-4696-a7c5-0fa4d0aae1e7/56caa362-c23e-4a2b-9dc6-f7a679d2ba50.png "HTTP/2 200 OK"
2025-03-01 09:38:10,998 - httpx - INFO - HTTP Request: POST https://hmdqtnywfebxjugxzlvc.supabase.co/storage/v1/object/textbooks/c770c9bb-4de1-44be-aacb-b4bea3efbacf/83d44f35-025b-4696-a7c5-0fa4d0aae1e7/db217433-3fb0-49fb-b1a2-699a895a03a7.png "HTTP/2 200 OK"
2025-03-01 09:38:11,409 - httpx - INFO - HTTP Request: POST https://hmdqtnywfebxjugxzlvc.supabase.co/storage/v1/object/textbooks/c770c9bb-4de1-44be-aacb-b4bea3efbacf/83d44f35-025b-4696-a7c5-0fa4d0aae1e7/f635edcd-cc4a-4e3a-af88-51dabefb7cba.png "HTTP/2 200 OK"
2025-03-01 09:38:12,054 - httpx - INFO - HTTP Request: POST https://hmdqtnywfebxjugxzlvc.supabase.co/storage/v1/object/textbooks/c770c9bb-4de1-44be-aacb-b4bea3efbacf/83d44f35-025b-4696-a7c5-0fa4d0aae1e7/f03c14f7-fb3a-4bc5-b7d0-100f44202f1a.png "HTTP/2 200 OK"
2025-03-01 09:38:12,750 - httpx - INFO - HTTP Request: POST https://hmdqtnywfebxjugxzlvc.supabase.co/storage/v1/object/textbooks/c770c9bb-4de1-44be-aacb-b4bea3efbacf/83d44f35-025b-4696-a7c5-0fa4d0aae1e7/9aa2e742-10a1-4d3b-9cd0-cd177a6d5891.png "HTTP/2 200 OK"
2025-03-01 09:38:13,610 - httpx - INFO - HTTP Request: POST https://hmdqtnywfebxjugxzlvc.supabase.co/storage/v1/object/textbooks/c770c9bb-4de1-44be-aacb-b4bea3efbacf/83d44f35-025b-4696-a7c5-0fa4d0aae1e7/d41f0f77-8198-44c1-9650-3434531c7226.png "HTTP/2 200 OK"
2025-03-01 09:38:14,229 - httpx - INFO - HTTP Request: POST https://hmdqtnywfebxjugxzlvc.supabase.co/storage/v1/object/textbooks/c770c9bb-4de1-44be-aacb-b4bea3efbacf/83d44f35-025b-4696-a7c5-0fa4d0aae1e7/fa27da42-8ee0-4a60-881d-9d2e9ae7e3c8.png "HTTP/2 200 OK"
2025-03-01 09:38:14,866 - httpx - INFO - HTTP Request: POST https://hmdqtnywfebxjugxzlvc.supabase.co/storage/v1/object/textbooks/c770c9bb-4de1-44be-aacb-b4bea3efbacf/83d44f35-025b-4696-a7c5-0fa4d0aae1e7/77a57631-e322-4676-8b42-04a569432fb3.png "HTTP/2 200 OK"
2025-03-01 09:38:15,248 - httpx - INFO - HTTP Request: POST https://hmdqtnywfebxjugxzlvc.supabase.co/storage/v1/object/textbooks/c770c9bb-4de1-44be-aacb-b4bea3efbacf/83d44f35-025b-4696-a7c5-0fa4d0aae1e7/22552ca9-797f-4ebb-b242-0b061940bb99.png "HTTP/2 200 OK"
2025-03-01 09:38:16,182 - httpx - INFO - HTTP Request: POST https://hmdqtnywfebxjugxzlvc.supabase.co/storage/v1/object/textbooks/c770c9bb-4de1-44be-aacb-b4bea3efbacf/83d44f35-025b-4696-a7c5-0fa4d0aae1e7/a5967912-8d21-4536-9736-1fd1f2f2020c.png "HTTP/2 200 OK"
2025-03-01 09:38:16,601 - httpx - INFO - HTTP Request: POST https://hmdqtnywfebxjugxzlvc.supabase.co/storage/v1/object/textbooks/c770c9bb-4de1-44be-aacb-b4bea3efbacf/83d44f35-025b-4696-a7c5-0fa4d0aae1e7/08bad1b7-0dce-476f-a43d-f51b2ef60bc4.png "HTTP/2 200 OK"
2025-03-01 09:38:17,083 - httpx - INFO - HTTP Request: POST https://hmdqtnywfebxjugxzlvc.supabase.co/storage/v1/object/textbooks/c770c9bb-4de1-44be-aacb-b4bea3efbacf/83d44f35-025b-4696-a7c5-0fa4d0aae1e7/e311be49-7a85-471c-b3a7-e8682f0c0d1f.png "HTTP/2 200 OK"
2025-03-01 09:38:17,570 - httpx - INFO - HTTP Request: POST https://hmdqtnywfebxjugxzlvc.supabase.co/storage/v1/object/textbooks/c770c9bb-4de1-44be-aacb-b4bea3efbacf/83d44f35-025b-4696-a7c5-0fa4d0aae1e7/151e6e68-0c0d-4119-8062-8752cba05187.png "HTTP/2 200 OK"
2025-03-01 09:38:18,057 - httpx - INFO - HTTP Request: POST https://hmdqtnywfebxjugxzlvc.supabase.co/storage/v1/object/textbooks/c770c9bb-4de1-44be-aacb-b4bea3efbacf/83d44f35-025b-4696-a7c5-0fa4d0aae1e7/1b96f27e-c55b-4df5-98c2-95825d7a9c8b.png "HTTP/2 200 OK"
2025-03-01 09:38:18,530 - httpx - INFO - HTTP Request: POST https://hmdqtnywfebxjugxzlvc.supabase.co/storage/v1/object/textbooks/c770c9bb-4de1-44be-aacb-b4bea3efbacf/83d44f35-025b-4696-a7c5-0fa4d0aae1e7/fd4d9a65-96df-4175-b851-ac8a099d6749.png "HTTP/2 200 OK"
2025-03-01 09:38:18,950 - httpx - INFO - HTTP Request: POST https://hmdqtnywfebxjugxzlvc.supabase.co/storage/v1/object/textbooks/c770c9bb-4de1-44be-aacb-b4bea3efbacf/83d44f35-025b-4696-a7c5-0fa4d0aae1e7/e0753e14-6445-446e-b03d-16c6a3793990.png "HTTP/2 200 OK"
2025-03-01 09:38:19,459 - httpx - INFO - HTTP Request: POST https://hmdqtnywfebxjugxzlvc.supabase.co/storage/v1/object/textbooks/c770c9bb-4de1-44be-aacb-b4bea3efbacf/83d44f35-025b-4696-a7c5-0fa4d0aae1e7/526fadd8-f403-4240-8c16-c1e7980753c9.png "HTTP/2 200 OK"
2025-03-01 09:38:19,950 - httpx - INFO - HTTP Request: POST https://hmdqtnywfebxjugxzlvc.supabase.co/storage/v1/object/textbooks/c770c9bb-4de1-44be-aacb-b4bea3efbacf/83d44f35-025b-4696-a7c5-0fa4d0aae1e7/54d73a81-f1bd-453f-a7b6-e4bef3baef14.png "HTTP/2 200 OK"
2025-03-01 09:38:20,357 - httpx - INFO - HTTP Request: POST https://hmdqtnywfebxjugxzlvc.supabase.co/storage/v1/object/textbooks/c770c9bb-4de1-44be-aacb-b4bea3efbacf/83d44f35-025b-4696-a7c5-0fa4d0aae1e7/d2098865-9599-400b-b807-b403b631f971.png "HTTP/2 200 OK"
2025-03-01 09:38:20,921 - httpx - INFO - HTTP Request: POST https://hmdqtnywfebxjugxzlvc.supabase.co/storage/v1/object/textbooks/c770c9bb-4de1-44be-aacb-b4bea3efbacf/83d44f35-025b-4696-a7c5-0fa4d0aae1e7/5cb00e99-5a24-417f-8b86-e731e252cab0.png "HTTP/2 200 OK"
2025-03-01 09:38:21,441 - httpx - INFO - HTTP Request: POST https://hmdqtnywfebxjugxzlvc.supabase.co/storage/v1/object/textbooks/c770c9bb-4de1-44be-aacb-b4bea3efbacf/83d44f35-025b-4696-a7c5-0fa4d0aae1e7/f4b503f9-d12e-4b7f-be04-2709510fbb47.png "HTTP/2 200 OK"
2025-03-01 09:38:21,922 - httpx - INFO - HTTP Request: POST https://hmdqtnywfebxjugxzlvc.supabase.co/storage/v1/object/textbooks/c770c9bb-4de1-44be-aacb-b4bea3efbacf/83d44f35-025b-4696-a7c5-0fa4d0aae1e7/e0ec88c6-8e06-4b50-b5be-e0f250f1e6ad.png "HTTP/2 200 OK"
2025-03-01 09:38:22,332 - httpx - INFO - HTTP Request: POST https://hmdqtnywfebxjugxzlvc.supabase.co/storage/v1/object/textbooks/c770c9bb-4de1-44be-aacb-b4bea3efbacf/83d44f35-025b-4696-a7c5-0fa4d0aae1e7/52ef437e-a8f3-43db-a07b-2487197da76a.png "HTTP/2 200 OK"
2025-03-01 09:38:22,661 - httpx - INFO - HTTP Request: POST https://hmdqtnywfebxjugxzlvc.supabase.co/storage/v1/object/textbooks/c770c9bb-4de1-44be-aacb-b4bea3efbacf/83d44f35-025b-4696-a7c5-0fa4d0aae1e7/21633c8b-fb57-40c1-b36e-5b0783deac2c.png "HTTP/2 200 OK"
2025-03-01 09:38:23,114 - httpx - INFO - HTTP Request: POST https://hmdqtnywfebxjugxzlvc.supabase.co/storage/v1/object/textbooks/c770c9bb-4de1-44be-aacb-b4bea3efbacf/83d44f35-025b-4696-a7c5-0fa4d0aae1e7/44f55fc5-dd71-42b1-a61f-8e0cde4e3850.png "HTTP/2 200 OK"
2025-03-01 09:38:23,542 - httpx - INFO - HTTP Request: POST https://hmdqtnywfebxjugxzlvc.supabase.co/storage/v1/object/textbooks/c770c9bb-4de1-44be-aacb-b4bea3efbacf/83d44f35-025b-4696-a7c5-0fa4d0aae1e7/ac3bd912-f58d-4500-be5b-7970f0717e83.png "HTTP/2 200 OK"
2025-03-01 09:38:23,971 - httpx - INFO - HTTP Request: POST https://hmdqtnywfebxjugxzlvc.supabase.co/storage/v1/object/textbooks/c770c9bb-4de1-44be-aacb-b4bea3efbacf/83d44f35-025b-4696-a7c5-0fa4d0aae1e7/0eb92b61-0771-4e66-8549-419201404f8d.png "HTTP/2 200 OK"
2025-03-01 09:38:24,392 - httpx - INFO - HTTP Request: POST https://hmdqtnywfebxjugxzlvc.supabase.co/storage/v1/object/textbooks/c770c9bb-4de1-44be-aacb-b4bea3efbacf/83d44f35-025b-4696-a7c5-0fa4d0aae1e7/f0038083-5acb-4fc5-906e-cce5e7ed799a.png "HTTP/2 200 OK"
2025-03-01 09:38:24,844 - httpx - INFO - HTTP Request: POST https://hmdqtnywfebxjugxzlvc.supabase.co/storage/v1/object/textbooks/c770c9bb-4de1-44be-aacb-b4bea3efbacf/83d44f35-025b-4696-a7c5-0fa4d0aae1e7/52db817c-29e6-47bd-80db-5f7495416623.png "HTTP/2 200 OK"
2025-03-01 09:38:25,308 - httpx - INFO - HTTP Request: POST https://hmdqtnywfebxjugxzlvc.supabase.co/storage/v1/object/textbooks/c770c9bb-4de1-44be-aacb-b4bea3efbacf/83d44f35-025b-4696-a7c5-0fa4d0aae1e7/0688a492-5eaf-4244-ac73-13f04b517ff1.png "HTTP/2 200 OK"
2025-03-01 09:38:25,782 - httpx - INFO - HTTP Request: POST https://hmdqtnywfebxjugxzlvc.supabase.co/storage/v1/object/textbooks/c770c9bb-4de1-44be-aacb-b4bea3efbacf/83d44f35-025b-4696-a7c5-0fa4d0aae1e7/eeb0c07e-3bf1-4a84-90d2-edca32a4308d.png "HTTP/2 200 OK"
2025-03-01 09:38:26,573 - httpx - INFO - HTTP Request: POST https://hmdqtnywfebxjugxzlvc.supabase.co/storage/v1/object/textbooks/c770c9bb-4de1-44be-aacb-b4bea3efbacf/83d44f35-025b-4696-a7c5-0fa4d0aae1e7/4d1db0fb-b758-46ba-b7f0-52cccf0a00e9.png "HTTP/2 200 OK"
2025-03-01 09:38:27,444 - httpx - INFO - HTTP Request: POST https://hmdqtnywfebxjugxzlvc.supabase.co/storage/v1/object/textbooks/c770c9bb-4de1-44be-aacb-b4bea3efbacf/83d44f35-025b-4696-a7c5-0fa4d0aae1e7/8b61cfce-2c03-4ae3-b083-ce1c8601d1e0.png "HTTP/2 200 OK"
2025-03-01 09:38:28,162 - httpx - INFO - HTTP Request: POST https://hmdqtnywfebxjugxzlvc.supabase.co/storage/v1/object/textbooks/c770c9bb-4de1-44be-aacb-b4bea3efbacf/83d44f35-025b-4696-a7c5-0fa4d0aae1e7/e55f19de-7960-47c8-a2cd-0b32b68a9235.png "HTTP/2 200 OK"
2025-03-01 09:38:28,915 - httpx - INFO - HTTP Request: POST https://hmdqtnywfebxjugxzlvc.supabase.co/storage/v1/object/textbooks/c770c9bb-4de1-44be-aacb-b4bea3efbacf/83d44f35-025b-4696-a7c5-0fa4d0aae1e7/0b308f4f-6d60-4906-9882-79063eb709e8.png "HTTP/2 200 OK"
2025-03-01 09:38:29,364 - httpx - INFO - HTTP Request: POST https://hmdqtnywfebxjugxzlvc.supabase.co/storage/v1/object/textbooks/c770c9bb-4de1-44be-aacb-b4bea3efbacf/83d44f35-025b-4696-a7c5-0fa4d0aae1e7/51baba62-73a6-47a1-b7a3-b363c6288e9e.png "HTTP/2 200 OK"
2025-03-01 09:38:29,903 - httpx - INFO - HTTP Request: POST https://hmdqtnywfebxjugxzlvc.supabase.co/storage/v1/object/textbooks/c770c9bb-4de1-44be-aacb-b4bea3efbacf/83d44f35-025b-4696-a7c5-0fa4d0aae1e7/debc8aca-dd62-4325-8095-1c226e6a0d9d.png "HTTP/2 200 OK"
2025-03-01 09:38:30,939 - httpx - INFO - HTTP Request: POST https://hmdqtnywfebxjugxzlvc.supabase.co/storage/v1/object/textbooks/c770c9bb-4de1-44be-aacb-b4bea3efbacf/83d44f35-025b-4696-a7c5-0fa4d0aae1e7/112f02a8-0439-4f20-b501-aabe28f23722.png "HTTP/2 200 OK"
2025-03-01 09:38:31,651 - httpx - INFO - HTTP Request: POST https://hmdqtnywfebxjugxzlvc.supabase.co/storage/v1/object/textbooks/c770c9bb-4de1-44be-aacb-b4bea3efbacf/83d44f35-025b-4696-a7c5-0fa4d0aae1e7/bafb3744-c40f-4be9-8af7-76a5f2dac78f.png "HTTP/2 200 OK"
2025-03-01 09:38:32,249 - httpx - INFO - HTTP Request: POST https://hmdqtnywfebxjugxzlvc.supabase.co/storage/v1/object/textbooks/c770c9bb-4de1-44be-aacb-b4bea3efbacf/83d44f35-025b-4696-a7c5-0fa4d0aae1e7/4e7bb33f-b6bb-4de3-9933-4c10858df871.png "HTTP/2 200 OK"
2025-03-01 09:38:32,903 - httpx - INFO - HTTP Request: POST https://hmdqtnywfebxjugxzlvc.supabase.co/storage/v1/object/textbooks/c770c9bb-4de1-44be-aacb-b4bea3efbacf/83d44f35-025b-4696-a7c5-0fa4d0aae1e7/6d9909f8-343c-4393-9ec4-1b4aa0b6265c.png "HTTP/2 200 OK"
2025-03-01 09:38:33,264 - httpx - INFO - HTTP Request: POST https://hmdqtnywfebxjugxzlvc.supabase.co/storage/v1/object/textbooks/c770c9bb-4de1-44be-aacb-b4bea3efbacf/83d44f35-025b-4696-a7c5-0fa4d0aae1e7/a808ec3d-2530-4077-8d8e-0b84c2ee7de8.png "HTTP/2 200 OK"
2025-03-01 09:38:33,711 - httpx - INFO - HTTP Request: POST https://hmdqtnywfebxjugxzlvc.supabase.co/storage/v1/object/textbooks/c770c9bb-4de1-44be-aacb-b4bea3efbacf/83d44f35-025b-4696-a7c5-0fa4d0aae1e7/6d61da65-719e-41d2-8958-cccb59b356c2.png "HTTP/2 200 OK"
2025-03-01 09:38:34,085 - httpx - INFO - HTTP Request: POST https://hmdqtnywfebxjugxzlvc.supabase.co/storage/v1/object/textbooks/c770c9bb-4de1-44be-aacb-b4bea3efbacf/83d44f35-025b-4696-a7c5-0fa4d0aae1e7/b4aff62c-8b96-43a0-826e-e37848169607.png "HTTP/2 200 OK"
2025-03-01 09:38:34,463 - httpx - INFO - HTTP Request: POST https://hmdqtnywfebxjugxzlvc.supabase.co/storage/v1/object/textbooks/c770c9bb-4de1-44be-aacb-b4bea3efbacf/83d44f35-025b-4696-a7c5-0fa4d0aae1e7/c1e532b5-721b-458c-9fdb-a9c87ce96103.png "HTTP/2 200 OK"
2025-03-01 09:38:34,921 - httpx - INFO - HTTP Request: POST https://hmdqtnywfebxjugxzlvc.supabase.co/storage/v1/object/textbooks/c770c9bb-4de1-44be-aacb-b4bea3efbacf/83d44f35-025b-4696-a7c5-0fa4d0aae1e7/3bcdefd3-ace2-451b-a9a0-8559fe94c5c0.png "HTTP/2 200 OK"
2025-03-01 09:38:35,269 - httpx - INFO - HTTP Request: POST https://hmdqtnywfebxjugxzlvc.supabase.co/storage/v1/object/textbooks/c770c9bb-4de1-44be-aacb-b4bea3efbacf/83d44f35-025b-4696-a7c5-0fa4d0aae1e7/deadc799-1d71-4d4f-9900-84f611c18e28.png "HTTP/2 200 OK"
2025-03-01 09:38:36,115 - httpx - INFO - HTTP Request: POST https://hmdqtnywfebxjugxzlvc.supabase.co/storage/v1/object/textbooks/c770c9bb-4de1-44be-aacb-b4bea3efbacf/83d44f35-025b-4696-a7c5-0fa4d0aae1e7/79202a58-12be-4818-8d4b-bb362995b49e.png "HTTP/2 200 OK"
2025-03-01 09:38:36,536 - httpx - INFO - HTTP Request: POST https://hmdqtnywfebxjugxzlvc.supabase.co/storage/v1/object/textbooks/c770c9bb-4de1-44be-aacb-b4bea3efbacf/83d44f35-025b-4696-a7c5-0fa4d0aae1e7/3e335ffa-42b3-4718-ae0e-537ceb460308.png "HTTP/2 200 OK"
2025-03-01 09:38:36,929 - httpx - INFO - HTTP Request: POST https://hmdqtnywfebxjugxzlvc.supabase.co/storage/v1/object/textbooks/c770c9bb-4de1-44be-aacb-b4bea3efbacf/83d44f35-025b-4696-a7c5-0fa4d0aae1e7/8d5a6e2d-c43f-46a4-be52-d203c2c298c8.png "HTTP/2 200 OK"
2025-03-01 09:38:37,409 - httpx - INFO - HTTP Request: POST https://hmdqtnywfebxjugxzlvc.supabase.co/storage/v1/object/textbooks/c770c9bb-4de1-44be-aacb-b4bea3efbacf/83d44f35-025b-4696-a7c5-0fa4d0aae1e7/ec71f22b-10c8-4e1d-a9e9-1249f407baa6.png "HTTP/2 200 OK"
2025-03-01 09:38:37,822 - httpx - INFO - HTTP Request: POST https://hmdqtnywfebxjugxzlvc.supabase.co/storage/v1/object/textbooks/c770c9bb-4de1-44be-aacb-b4bea3efbacf/83d44f35-025b-4696-a7c5-0fa4d0aae1e7/5cf9d2e1-8d42-4a46-a9f5-7c37355b2709.png "HTTP/2 200 OK"
2025-03-01 09:38:38,332 - httpx - INFO - HTTP Request: POST https://hmdqtnywfebxjugxzlvc.supabase.co/storage/v1/object/textbooks/c770c9bb-4de1-44be-aacb-b4bea3efbacf/83d44f35-025b-4696-a7c5-0fa4d0aae1e7/0f23b6bf-ae83-4c91-b8a9-4c634e6d994f.png "HTTP/2 200 OK"
2025-03-01 09:38:38,840 - httpx - INFO - HTTP Request: POST https://hmdqtnywfebxjugxzlvc.supabase.co/storage/v1/object/textbooks/c770c9bb-4de1-44be-aacb-b4bea3efbacf/83d44f35-025b-4696-a7c5-0fa4d0aae1e7/5a4b4d6e-7592-41e5-9158-0c89028a6bca.png "HTTP/2 200 OK"
2025-03-01 09:38:39,320 - httpx - INFO - HTTP Request: POST https://hmdqtnywfebxjugxzlvc.supabase.co/storage/v1/object/textbooks/c770c9bb-4de1-44be-aacb-b4bea3efbacf/83d44f35-025b-4696-a7c5-0fa4d0aae1e7/16651310-aec9-48dd-ad08-bed92eea74b5.png "HTTP/2 200 OK"
2025-03-01 09:38:39,830 - httpx - INFO - HTTP Request: POST https://hmdqtnywfebxjugxzlvc.supabase.co/storage/v1/object/textbooks/c770c9bb-4de1-44be-aacb-b4bea3efbacf/83d44f35-025b-4696-a7c5-0fa4d0aae1e7/91afee40-07fb-4437-bb25-c163b3e0e280.png "HTTP/2 200 OK"
2025-03-01 09:38:40,243 - httpx - INFO - HTTP Request: POST https://hmdqtnywfebxjugxzlvc.supabase.co/storage/v1/object/textbooks/c770c9bb-4de1-44be-aacb-b4bea3efbacf/83d44f35-025b-4696-a7c5-0fa4d0aae1e7/763dc279-3552-40a9-b9a6-f995c3ab67ef.png "HTTP/2 200 OK"
2025-03-01 09:38:40,777 - httpx - INFO - HTTP Request: POST https://hmdqtnywfebxjugxzlvc.supabase.co/storage/v1/object/textbooks/c770c9bb-4de1-44be-aacb-b4bea3efbacf/83d44f35-025b-4696-a7c5-0fa4d0aae1e7/47fdf4d8-6293-45a4-8099-be294739301f.png "HTTP/2 200 OK"
2025-03-01 09:38:41,252 - httpx - INFO - HTTP Request: POST https://hmdqtnywfebxjugxzlvc.supabase.co/storage/v1/object/textbooks/c770c9bb-4de1-44be-aacb-b4bea3efbacf/83d44f35-025b-4696-a7c5-0fa4d0aae1e7/d4b8f442-a4c8-4a4b-9e26-2e121c0cc024.png "HTTP/2 200 OK"
2025-03-01 09:38:41,891 - httpx - INFO - HTTP Request: POST https://hmdqtnywfebxjugxzlvc.supabase.co/storage/v1/object/textbooks/c770c9bb-4de1-44be-aacb-b4bea3efbacf/83d44f35-025b-4696-a7c5-0fa4d0aae1e7/dd6aa787-84ea-436a-9d5c-f3a1f654415d.png "HTTP/2 200 OK"
2025-03-01 09:38:42,425 - httpx - INFO - HTTP Request: POST https://hmdqtnywfebxjugxzlvc.supabase.co/storage/v1/object/textbooks/c770c9bb-4de1-44be-aacb-b4bea3efbacf/83d44f35-025b-4696-a7c5-0fa4d0aae1e7/db306d05-11a0-4d91-bcbd-e92f610404cd.png "HTTP/2 200 OK"
2025-03-01 09:38:42,864 - httpx - INFO - HTTP Request: POST https://hmdqtnywfebxjugxzlvc.supabase.co/storage/v1/object/textbooks/c770c9bb-4de1-44be-aacb-b4bea3efbacf/83d44f35-025b-4696-a7c5-0fa4d0aae1e7/fe739854-3b3d-4bf2-8ba9-d54f1ec001e8.png "HTTP/2 200 OK"
2025-03-01 09:38:43,256 - httpx - INFO - HTTP Request: POST https://hmdqtnywfebxjugxzlvc.supabase.co/storage/v1/object/textbooks/c770c9bb-4de1-44be-aacb-b4bea3efbacf/83d44f35-025b-4696-a7c5-0fa4d0aae1e7/821906d1-f730-40a6-9766-9345199df688.png "HTTP/2 200 OK"
2025-03-01 09:38:43,766 - httpx - INFO - HTTP Request: POST https://hmdqtnywfebxjugxzlvc.supabase.co/storage/v1/object/textbooks/c770c9bb-4de1-44be-aacb-b4bea3efbacf/83d44f35-025b-4696-a7c5-0fa4d0aae1e7/4d110705-22d0-4ea2-98d1-535283a8ba8e.png "HTTP/2 200 OK"
2025-03-01 09:38:44,178 - httpx - INFO - HTTP Request: POST https://hmdqtnywfebxjugxzlvc.supabase.co/storage/v1/object/textbooks/c770c9bb-4de1-44be-aacb-b4bea3efbacf/83d44f35-025b-4696-a7c5-0fa4d0aae1e7/506341f0-42bb-4b1e-a80f-b04797dce937.png "HTTP/2 200 OK"
2025-03-01 09:38:44,850 - httpx - INFO - HTTP Request: POST https://hmdqtnywfebxjugxzlvc.supabase.co/storage/v1/object/textbooks/c770c9bb-4de1-44be-aacb-b4bea3efbacf/83d44f35-025b-4696-a7c5-0fa4d0aae1e7/a3377391-bb68-4e1d-9540-b50bfd672fb9.png "HTTP/2 200 OK"
2025-03-01 09:38:45,367 - httpx - INFO - HTTP Request: POST https://hmdqtnywfebxjugxzlvc.supabase.co/storage/v1/object/textbooks/c770c9bb-4de1-44be-aacb-b4bea3efbacf/83d44f35-025b-4696-a7c5-0fa4d0aae1e7/0bd68afa-45a9-4578-990e-126e10b76095.png "HTTP/2 200 OK"
2025-03-01 09:38:46,045 - httpx - INFO - HTTP Request: POST https://hmdqtnywfebxjugxzlvc.supabase.co/storage/v1/object/textbooks/c770c9bb-4de1-44be-aacb-b4bea3efbacf/83d44f35-025b-4696-a7c5-0fa4d0aae1e7/2edd9b10-2cb7-422a-93e0-ac99c6fe5dff.png "HTTP/2 200 OK"
2025-03-01 09:38:46,642 - httpx - INFO - HTTP Request: POST https://hmdqtnywfebxjugxzlvc.supabase.co/storage/v1/object/textbooks/c770c9bb-4de1-44be-aacb-b4bea3efbacf/83d44f35-025b-4696-a7c5-0fa4d0aae1e7/b956e675-fd10-477a-ac46-bcef672fab8d.png "HTTP/2 200 OK"
2025-03-01 09:38:47,151 - httpx - INFO - HTTP Request: POST https://hmdqtnywfebxjugxzlvc.supabase.co/storage/v1/object/textbooks/c770c9bb-4de1-44be-aacb-b4bea3efbacf/83d44f35-025b-4696-a7c5-0fa4d0aae1e7/dd2ab5c2-fe9e-48a7-8c04-715667864d46.png "HTTP/2 200 OK"
2025-03-01 09:38:47,576 - httpx - INFO - HTTP Request: POST https://hmdqtnywfebxjugxzlvc.supabase.co/storage/v1/object/textbooks/c770c9bb-4de1-44be-aacb-b4bea3efbacf/83d44f35-025b-4696-a7c5-0fa4d0aae1e7/91c0df82-9ea1-4fa2-a012-1dd46f67df06.png "HTTP/2 200 OK"
2025-03-01 09:38:48,472 - httpx - INFO - HTTP Request: POST https://hmdqtnywfebxjugxzlvc.supabase.co/storage/v1/object/textbooks/c770c9bb-4de1-44be-aacb-b4bea3efbacf/83d44f35-025b-4696-a7c5-0fa4d0aae1e7/8c04d8a9-e4bb-4fa9-9ffb-9e559e6c96ac.png "HTTP/2 200 OK"
2025-03-01 09:38:49,161 - httpx - INFO - HTTP Request: POST https://hmdqtnywfebxjugxzlvc.supabase.co/storage/v1/object/textbooks/c770c9bb-4de1-44be-aacb-b4bea3efbacf/83d44f35-025b-4696-a7c5-0fa4d0aae1e7/37e27b5f-cf95-433f-a649-3d34545ccd6d.png "HTTP/2 200 OK"
2025-03-01 09:38:49,685 - httpx - INFO - HTTP Request: POST https://hmdqtnywfebxjugxzlvc.supabase.co/storage/v1/object/textbooks/c770c9bb-4de1-44be-aacb-b4bea3efbacf/83d44f35-025b-4696-a7c5-0fa4d0aae1e7/613bd7ac-aa6f-43aa-aefb-812ef75a3001.png "HTTP/2 200 OK"
2025-03-01 09:38:50,289 - httpx - INFO - HTTP Request: POST https://hmdqtnywfebxjugxzlvc.supabase.co/storage/v1/object/textbooks/c770c9bb-4de1-44be-aacb-b4bea3efbacf/83d44f35-025b-4696-a7c5-0fa4d0aae1e7/4e4a126a-7d72-4a9e-99f9-61f33783c503.png "HTTP/2 200 OK"
2025-03-01 09:38:50,757 - httpx - INFO - HTTP Request: POST https://hmdqtnywfebxjugxzlvc.supabase.co/storage/v1/object/textbooks/c770c9bb-4de1-44be-aacb-b4bea3efbacf/83d44f35-025b-4696-a7c5-0fa4d0aae1e7/9e209988-bcf8-477c-9fb3-794e7e70d53d.png "HTTP/2 200 OK"
2025-03-01 09:38:51,458 - httpx - INFO - HTTP Request: POST https://hmdqtnywfebxjugxzlvc.supabase.co/storage/v1/object/textbooks/c770c9bb-4de1-44be-aacb-b4bea3efbacf/83d44f35-025b-4696-a7c5-0fa4d0aae1e7/ad8d189d-a846-4cc5-ac57-584f41687ff7.png "HTTP/2 200 OK"
2025-03-01 09:38:51,957 - httpx - INFO - HTTP Request: POST https://hmdqtnywfebxjugxzlvc.supabase.co/storage/v1/object/textbooks/c770c9bb-4de1-44be-aacb-b4bea3efbacf/83d44f35-025b-4696-a7c5-0fa4d0aae1e7/31ce7093-1ba2-435d-9bdd-6629553e34f2.png "HTTP/2 200 OK"
2025-03-01 09:38:52,370 - httpx - INFO - HTTP Request: POST https://hmdqtnywfebxjugxzlvc.supabase.co/storage/v1/object/textbooks/c770c9bb-4de1-44be-aacb-b4bea3efbacf/83d44f35-025b-4696-a7c5-0fa4d0aae1e7/d890067b-0c9e-411d-965c-d054d6dd38f0.png "HTTP/2 200 OK"
2025-03-01 09:38:52,919 - httpx - INFO - HTTP Request: POST https://hmdqtnywfebxjugxzlvc.supabase.co/storage/v1/object/textbooks/c770c9bb-4de1-44be-aacb-b4bea3efbacf/83d44f35-025b-4696-a7c5-0fa4d0aae1e7/7c075bcd-25a4-4b2f-8e1d-88a072b1295e.png "HTTP/2 200 OK"
2025-03-01 09:38:53,382 - httpx - INFO - HTTP Request: POST https://hmdqtnywfebxjugxzlvc.supabase.co/storage/v1/object/textbooks/c770c9bb-4de1-44be-aacb-b4bea3efbacf/83d44f35-025b-4696-a7c5-0fa4d0aae1e7/87914d2a-5b1a-44b1-8a81-1b121f2d437f.png "HTTP/2 200 OK"
2025-03-01 09:38:53,949 - httpx - INFO - HTTP Request: POST https://hmdqtnywfebxjugxzlvc.supabase.co/storage/v1/object/textbooks/c770c9bb-4de1-44be-aacb-b4bea3efbacf/83d44f35-025b-4696-a7c5-0fa4d0aae1e7/84744651-6ad7-437e-8b98-5c910860a7f1.png "HTTP/2 200 OK"
2025-03-01 09:38:54,364 - httpx - INFO - HTTP Request: POST https://hmdqtnywfebxjugxzlvc.supabase.co/storage/v1/object/textbooks/c770c9bb-4de1-44be-aacb-b4bea3efbacf/83d44f35-025b-4696-a7c5-0fa4d0aae1e7/2c36b432-6dad-4841-8e4b-94839ace2d27.png "HTTP/2 200 OK"
2025-03-01 09:38:54,818 - httpx - INFO - HTTP Request: POST https://hmdqtnywfebxjugxzlvc.supabase.co/storage/v1/object/textbooks/c770c9bb-4de1-44be-aacb-b4bea3efbacf/83d44f35-025b-4696-a7c5-0fa4d0aae1e7/92195faa-3807-432e-bc6f-8b64341100bd.png "HTTP/2 200 OK"
2025-03-01 09:38:55,190 - httpx - INFO - HTTP Request: POST https://hmdqtnywfebxjugxzlvc.supabase.co/storage/v1/object/textbooks/c770c9bb-4de1-44be-aacb-b4bea3efbacf/83d44f35-025b-4696-a7c5-0fa4d0aae1e7/dbb091b4-ca27-48d6-8f2c-d36e90f036dd.png "HTTP/2 200 OK"
2025-03-01 09:38:55,739 - httpx - INFO - HTTP Request: POST https://hmdqtnywfebxjugxzlvc.supabase.co/storage/v1/object/textbooks/c770c9bb-4de1-44be-aacb-b4bea3efbacf/83d44f35-025b-4696-a7c5-0fa4d0aae1e7/0332a3e0-3c76-433b-81fe-1b73ccdf192b.png "HTTP/2 200 OK"
2025-03-01 09:38:56,078 - httpx - INFO - HTTP Request: POST https://hmdqtnywfebxjugxzlvc.supabase.co/storage/v1/object/textbooks/c770c9bb-4de1-44be-aacb-b4bea3efbacf/83d44f35-025b-4696-a7c5-0fa4d0aae1e7/0579fce6-e516-4d81-b530-1f1ee6c091d0.png "HTTP/2 200 OK"
2025-03-01 09:38:56,458 - httpx - INFO - HTTP Request: POST https://hmdqtnywfebxjugxzlvc.supabase.co/storage/v1/object/textbooks/c770c9bb-4de1-44be-aacb-b4bea3efbacf/83d44f35-025b-4696-a7c5-0fa4d0aae1e7/0308f45f-ee3c-4577-aa30-5c4a6a6dd2eb.png "HTTP/2 200 OK"
2025-03-01 09:38:56,817 - httpx - INFO - HTTP Request: POST https://hmdqtnywfebxjugxzlvc.supabase.co/storage/v1/object/textbooks/c770c9bb-4de1-44be-aacb-b4bea3efbacf/83d44f35-025b-4696-a7c5-0fa4d0aae1e7/294d7db7-48eb-4fec-86d5-6d31e8187fc8.png "HTTP/2 200 OK"
2025-03-01 09:38:57,188 - httpx - INFO - HTTP Request: POST https://hmdqtnywfebxjugxzlvc.supabase.co/storage/v1/object/textbooks/c770c9bb-4de1-44be-aacb-b4bea3efbacf/83d44f35-025b-4696-a7c5-0fa4d0aae1e7/ec74a8ad-be83-4221-becd-c92918b77c09.png "HTTP/2 200 OK"
2025-03-01 09:38:57,586 - httpx - INFO - HTTP Request: POST https://hmdqtnywfebxjugxzlvc.supabase.co/storage/v1/object/textbooks/c770c9bb-4de1-44be-aacb-b4bea3efbacf/83d44f35-025b-4696-a7c5-0fa4d0aae1e7/c54b3d42-3892-4269-9882-76bd445179b5.png "HTTP/2 200 OK"
2025-03-01 09:38:57,959 - httpx - INFO - HTTP Request: POST https://hmdqtnywfebxjugxzlvc.supabase.co/storage/v1/object/textbooks/c770c9bb-4de1-44be-aacb-b4bea3efbacf/83d44f35-025b-4696-a7c5-0fa4d0aae1e7/91cf6615-e4f9-4032-9470-1035811aeed9.png "HTTP/2 200 OK"
2025-03-01 09:38:58,333 - httpx - INFO - HTTP Request: POST https://hmdqtnywfebxjugxzlvc.supabase.co/storage/v1/object/textbooks/c770c9bb-4de1-44be-aacb-b4bea3efbacf/83d44f35-025b-4696-a7c5-0fa4d0aae1e7/2b81d757-398d-48dc-bf7f-aef7c94a06fa.png "HTTP/2 200 OK"
2025-03-01 09:38:58,972 - httpx - INFO - HTTP Request: POST https://hmdqtnywfebxjugxzlvc.supabase.co/storage/v1/object/textbooks/c770c9bb-4de1-44be-aacb-b4bea3efbacf/83d44f35-025b-4696-a7c5-0fa4d0aae1e7/a489608a-3906-41ef-90f8-319efada6db6.png "HTTP/2 200 OK"
2025-03-01 09:38:59,560 - httpx - INFO - HTTP Request: POST https://hmdqtnywfebxjugxzlvc.supabase.co/storage/v1/object/textbooks/c770c9bb-4de1-44be-aacb-b4bea3efbacf/83d44f35-025b-4696-a7c5-0fa4d0aae1e7/3f59ea8e-e529-4875-97d9-9da34e86c47c.png "HTTP/2 200 OK"
2025-03-01 09:39:00,043 - httpx - INFO - HTTP Request: POST https://hmdqtnywfebxjugxzlvc.supabase.co/storage/v1/object/textbooks/c770c9bb-4de1-44be-aacb-b4bea3efbacf/83d44f35-025b-4696-a7c5-0fa4d0aae1e7/c1bc75f5-1cea-42eb-adb0-b9142a635008.png "HTTP/2 200 OK"
2025-03-01 09:39:00,417 - httpx - INFO - HTTP Request: POST https://hmdqtnywfebxjugxzlvc.supabase.co/storage/v1/object/textbooks/c770c9bb-4de1-44be-aacb-b4bea3efbacf/83d44f35-025b-4696-a7c5-0fa4d0aae1e7/23871d2e-498a-46b2-85ca-a3f6dc7fd4dd.png "HTTP/2 200 OK"
2025-03-01 09:39:00,963 - httpx - INFO - HTTP Request: POST https://hmdqtnywfebxjugxzlvc.supabase.co/storage/v1/object/textbooks/c770c9bb-4de1-44be-aacb-b4bea3efbacf/83d44f35-025b-4696-a7c5-0fa4d0aae1e7/143d1b52-3767-42e9-8e67-91c44921ed15.png "HTTP/2 200 OK"
2025-03-01 09:39:01,387 - httpx - INFO - HTTP Request: POST https://hmdqtnywfebxjugxzlvc.supabase.co/storage/v1/object/textbooks/c770c9bb-4de1-44be-aacb-b4bea3efbacf/83d44f35-025b-4696-a7c5-0fa4d0aae1e7/e28c07d0-1375-44ab-bc96-7998f682e3e2.png "HTTP/2 200 OK"
2025-03-01 09:39:01,851 - httpx - INFO - HTTP Request: POST https://hmdqtnywfebxjugxzlvc.supabase.co/storage/v1/object/textbooks/c770c9bb-4de1-44be-aacb-b4bea3efbacf/83d44f35-025b-4696-a7c5-0fa4d0aae1e7/c39578a2-3cfc-45a4-8546-497326157ab4.png "HTTP/2 200 OK"
2025-03-01 09:39:02,461 - httpx - INFO - HTTP Request: POST https://hmdqtnywfebxjugxzlvc.supabase.co/storage/v1/object/textbooks/c770c9bb-4de1-44be-aacb-b4bea3efbacf/83d44f35-025b-4696-a7c5-0fa4d0aae1e7/d13f3c01-11c1-4826-a79f-1cd63ec6ca0e.png "HTTP/2 200 OK"
2025-03-01 09:39:03,166 - httpx - INFO - HTTP Request: POST https://hmdqtnywfebxjugxzlvc.supabase.co/storage/v1/object/textbooks/c770c9bb-4de1-44be-aacb-b4bea3efbacf/83d44f35-025b-4696-a7c5-0fa4d0aae1e7/babfc355-8c30-4e76-891f-23060aa6494b.png "HTTP/2 200 OK"
2025-03-01 09:39:04,023 - httpx - INFO - HTTP Request: POST https://hmdqtnywfebxjugxzlvc.supabase.co/storage/v1/object/textbooks/c770c9bb-4de1-44be-aacb-b4bea3efbacf/83d44f35-025b-4696-a7c5-0fa4d0aae1e7/47443956-c7db-4a73-bf55-023417327c53.png "HTTP/2 200 OK"
2025-03-01 09:39:04,984 - httpx - INFO - HTTP Request: POST https://hmdqtnywfebxjugxzlvc.supabase.co/storage/v1/object/textbooks/c770c9bb-4de1-44be-aacb-b4bea3efbacf/83d44f35-025b-4696-a7c5-0fa4d0aae1e7/2ee2c18a-99f6-4dfc-aa8a-5b1895ff2662.png "HTTP/2 200 OK"
2025-03-01 09:39:05,408 - httpx - INFO - HTTP Request: POST https://hmdqtnywfebxjugxzlvc.supabase.co/storage/v1/object/textbooks/c770c9bb-4de1-44be-aacb-b4bea3efbacf/83d44f35-025b-4696-a7c5-0fa4d0aae1e7/77c6ac53-3696-4100-af3d-0cf8ebe3ab36.png "HTTP/2 200 OK"
2025-03-01 09:39:05,853 - httpx - INFO - HTTP Request: POST https://hmdqtnywfebxjugxzlvc.supabase.co/storage/v1/object/textbooks/c770c9bb-4de1-44be-aacb-b4bea3efbacf/83d44f35-025b-4696-a7c5-0fa4d0aae1e7/a8db03dd-be45-411f-bff9-f9b92702caf7.png "HTTP/2 200 OK"
2025-03-01 09:39:06,340 - httpx - INFO - HTTP Request: POST https://hmdqtnywfebxjugxzlvc.supabase.co/storage/v1/object/textbooks/c770c9bb-4de1-44be-aacb-b4bea3efbacf/83d44f35-025b-4696-a7c5-0fa4d0aae1e7/ea65b7d8-8a40-44d9-a179-5031f3eced88.png "HTTP/2 200 OK"
2025-03-01 09:39:07,201 - httpx - INFO - HTTP Request: POST https://hmdqtnywfebxjugxzlvc.supabase.co/storage/v1/object/textbooks/c770c9bb-4de1-44be-aacb-b4bea3efbacf/83d44f35-025b-4696-a7c5-0fa4d0aae1e7/a188e635-423a-4ac7-9a46-f76a21313a82.png "HTTP/2 200 OK"
2025-03-01 09:39:07,902 - httpx - INFO - HTTP Request: POST https://hmdqtnywfebxjugxzlvc.supabase.co/storage/v1/object/textbooks/c770c9bb-4de1-44be-aacb-b4bea3efbacf/83d44f35-025b-4696-a7c5-0fa4d0aae1e7/0cf1b4a8-6574-43d8-9f02-59e17c434588.png "HTTP/2 200 OK"
2025-03-01 09:39:08,686 - httpx - INFO - HTTP Request: POST https://hmdqtnywfebxjugxzlvc.supabase.co/storage/v1/object/textbooks/c770c9bb-4de1-44be-aacb-b4bea3efbacf/83d44f35-025b-4696-a7c5-0fa4d0aae1e7/a50d8cee-586e-41d8-b78d-76f744aa4115.png "HTTP/2 200 OK"
2025-03-01 09:39:09,073 - httpx - INFO - HTTP Request: POST https://hmdqtnywfebxjugxzlvc.supabase.co/storage/v1/object/textbooks/c770c9bb-4de1-44be-aacb-b4bea3efbacf/83d44f35-025b-4696-a7c5-0fa4d0aae1e7/e4931600-f502-4c7b-a83f-dac2da3c606d.png "HTTP/2 200 OK"
2025-03-01 09:39:09,500 - httpx - INFO - HTTP Request: POST https://hmdqtnywfebxjugxzlvc.supabase.co/storage/v1/object/textbooks/c770c9bb-4de1-44be-aacb-b4bea3efbacf/83d44f35-025b-4696-a7c5-0fa4d0aae1e7/93c2628f-8933-4fa0-8066-7136c3e0279d.png "HTTP/2 200 OK"
2025-03-01 09:39:09,902 - httpx - INFO - HTTP Request: POST https://hmdqtnywfebxjugxzlvc.supabase.co/storage/v1/object/textbooks/c770c9bb-4de1-44be-aacb-b4bea3efbacf/83d44f35-025b-4696-a7c5-0fa4d0aae1e7/b1c53256-6a43-4041-8760-672485697fef.png "HTTP/2 200 OK"
2025-03-01 09:39:10,269 - httpx - INFO - HTTP Request: POST https://hmdqtnywfebxjugxzlvc.supabase.co/storage/v1/object/textbooks/c770c9bb-4de1-44be-aacb-b4bea3efbacf/83d44f35-025b-4696-a7c5-0fa4d0aae1e7/381e7605-4f61-403a-9f6a-34b94ef054da.png "HTTP/2 200 OK"
2025-03-01 09:39:10,704 - httpx - INFO - HTTP Request: POST https://hmdqtnywfebxjugxzlvc.supabase.co/storage/v1/object/textbooks/c770c9bb-4de1-44be-aacb-b4bea3efbacf/83d44f35-025b-4696-a7c5-0fa4d0aae1e7/458d806e-e9fb-4c1d-b490-0991e85ecda2.png "HTTP/2 200 OK"
2025-03-01 09:39:11,166 - httpx - INFO - HTTP Request: POST https://hmdqtnywfebxjugxzlvc.supabase.co/storage/v1/object/textbooks/c770c9bb-4de1-44be-aacb-b4bea3efbacf/83d44f35-025b-4696-a7c5-0fa4d0aae1e7/0d585994-3cbd-4b48-b655-9b142569bab9.png "HTTP/2 200 OK"
2025-03-01 09:39:11,776 - httpx - INFO - HTTP Request: POST https://hmdqtnywfebxjugxzlvc.supabase.co/storage/v1/object/textbooks/c770c9bb-4de1-44be-aacb-b4bea3efbacf/83d44f35-025b-4696-a7c5-0fa4d0aae1e7/af4155eb-55f9-4430-8aba-3f110ed5994c.png "HTTP/2 200 OK"
2025-03-01 09:39:12,177 - httpx - INFO - HTTP Request: POST https://hmdqtnywfebxjugxzlvc.supabase.co/storage/v1/object/textbooks/c770c9bb-4de1-44be-aacb-b4bea3efbacf/83d44f35-025b-4696-a7c5-0fa4d0aae1e7/dd2b1bb2-824d-4264-bff2-7de78c45c29d.png "HTTP/2 200 OK"
2025-03-01 09:39:12,540 - httpx - INFO - HTTP Request: POST https://hmdqtnywfebxjugxzlvc.supabase.co/storage/v1/object/textbooks/c770c9bb-4de1-44be-aacb-b4bea3efbacf/83d44f35-025b-4696-a7c5-0fa4d0aae1e7/b36bb916-e39e-4102-89cc-0b99094fe459.png "HTTP/2 200 OK"
2025-03-01 09:39:12,924 - httpx - INFO - HTTP Request: POST https://hmdqtnywfebxjugxzlvc.supabase.co/storage/v1/object/textbooks/c770c9bb-4de1-44be-aacb-b4bea3efbacf/83d44f35-025b-4696-a7c5-0fa4d0aae1e7/491727a3-5862-44f9-9fc3-fef37ba3b77a.png "HTTP/2 200 OK"
2025-03-01 09:39:13,451 - httpx - INFO - HTTP Request: POST https://hmdqtnywfebxjugxzlvc.supabase.co/storage/v1/object/textbooks/c770c9bb-4de1-44be-aacb-b4bea3efbacf/83d44f35-025b-4696-a7c5-0fa4d0aae1e7/2db03bbd-0297-442d-9e7a-97d944f71cbc.png "HTTP/2 200 OK"
2025-03-01 09:39:14,017 - httpx - INFO - HTTP Request: POST https://hmdqtnywfebxjugxzlvc.supabase.co/storage/v1/object/textbooks/c770c9bb-4de1-44be-aacb-b4bea3efbacf/83d44f35-025b-4696-a7c5-0fa4d0aae1e7/0e1563ea-a3f5-4cd9-99cd-e4b5a70ab13b.png "HTTP/2 200 OK"
2025-03-01 09:39:14,689 - httpx - INFO - HTTP Request: POST https://hmdqtnywfebxjugxzlvc.supabase.co/storage/v1/object/textbooks/c770c9bb-4de1-44be-aacb-b4bea3efbacf/83d44f35-025b-4696-a7c5-0fa4d0aae1e7/c04e21b1-ab97-441e-8271-89976ea2fc50.png "HTTP/2 200 OK"
2025-03-01 09:39:15,135 - httpx - INFO - HTTP Request: POST https://hmdqtnywfebxjugxzlvc.supabase.co/storage/v1/object/textbooks/c770c9bb-4de1-44be-aacb-b4bea3efbacf/83d44f35-025b-4696-a7c5-0fa4d0aae1e7/14bafd9b-1f5c-4f4c-9387-18cd2e28146b.png "HTTP/2 200 OK"
2025-03-01 09:39:15,514 - httpx - INFO - HTTP Request: POST https://hmdqtnywfebxjugxzlvc.supabase.co/storage/v1/object/textbooks/c770c9bb-4de1-44be-aacb-b4bea3efbacf/83d44f35-025b-4696-a7c5-0fa4d0aae1e7/5459a5c0-10e6-476a-a7f4-25fe5eaa58d8.png "HTTP/2 200 OK"
2025-03-01 09:39:15,951 - httpx - INFO - HTTP Request: POST https://hmdqtnywfebxjugxzlvc.supabase.co/storage/v1/object/textbooks/c770c9bb-4de1-44be-aacb-b4bea3efbacf/83d44f35-025b-4696-a7c5-0fa4d0aae1e7/e07f33bd-4561-40b0-9661-73bf09177454.png "HTTP/2 200 OK"
2025-03-01 09:39:16,350 - httpx - INFO - HTTP Request: POST https://hmdqtnywfebxjugxzlvc.supabase.co/storage/v1/object/textbooks/c770c9bb-4de1-44be-aacb-b4bea3efbacf/83d44f35-025b-4696-a7c5-0fa4d0aae1e7/c0664f1c-2052-4840-92ce-020b940ac51b.png "HTTP/2 200 OK"
2025-03-01 09:39:16,750 - httpx - INFO - HTTP Request: POST https://hmdqtnywfebxjugxzlvc.supabase.co/storage/v1/object/textbooks/c770c9bb-4de1-44be-aacb-b4bea3efbacf/83d44f35-025b-4696-a7c5-0fa4d0aae1e7/3f44af1f-cb4f-406d-84f8-60729b8c9aba.png "HTTP/2 200 OK"
2025-03-01 09:39:17,192 - httpx - INFO - HTTP Request: POST https://hmdqtnywfebxjugxzlvc.supabase.co/storage/v1/object/textbooks/c770c9bb-4de1-44be-aacb-b4bea3efbacf/83d44f35-025b-4696-a7c5-0fa4d0aae1e7/d33d261d-a608-4ff6-ac9d-d2e95b43445e.png "HTTP/2 200 OK"
2025-03-01 09:39:17,581 - httpx - INFO - HTTP Request: POST https://hmdqtnywfebxjugxzlvc.supabase.co/storage/v1/object/textbooks/c770c9bb-4de1-44be-aacb-b4bea3efbacf/83d44f35-025b-4696-a7c5-0fa4d0aae1e7/2e13cb3c-8052-423d-adac-4cf8eb07f7b5.png "HTTP/2 200 OK"
2025-03-01 09:39:18,033 - httpx - INFO - HTTP Request: POST https://hmdqtnywfebxjugxzlvc.supabase.co/storage/v1/object/textbooks/c770c9bb-4de1-44be-aacb-b4bea3efbacf/83d44f35-025b-4696-a7c5-0fa4d0aae1e7/233252b4-1c20-44bc-9a8d-f41087b4b2f6.png "HTTP/2 200 OK"
2025-03-01 09:39:18,451 - httpx - INFO - HTTP Request: POST https://hmdqtnywfebxjugxzlvc.supabase.co/storage/v1/object/textbooks/c770c9bb-4de1-44be-aacb-b4bea3efbacf/83d44f35-025b-4696-a7c5-0fa4d0aae1e7/27b8f33d-02b3-4cc4-b10b-7978d585061f.png "HTTP/2 200 OK"
2025-03-01 09:39:18,878 - httpx - INFO - HTTP Request: POST https://hmdqtnywfebxjugxzlvc.supabase.co/storage/v1/object/textbooks/c770c9bb-4de1-44be-aacb-b4bea3efbacf/83d44f35-025b-4696-a7c5-0fa4d0aae1e7/1b1f8a0d-9ed7-4b0e-bc82-a2319641903e.png "HTTP/2 200 OK"
2025-03-01 09:39:19,318 - httpx - INFO - HTTP Request: POST https://hmdqtnywfebxjugxzlvc.supabase.co/storage/v1/object/textbooks/c770c9bb-4de1-44be-aacb-b4bea3efbacf/83d44f35-025b-4696-a7c5-0fa4d0aae1e7/77ad3391-ef8b-45ba-9872-a906413aff05.png "HTTP/2 200 OK"
2025-03-01 09:39:19,653 - httpx - INFO - HTTP Request: POST https://hmdqtnywfebxjugxzlvc.supabase.co/storage/v1/object/textbooks/c770c9bb-4de1-44be-aacb-b4bea3efbacf/83d44f35-025b-4696-a7c5-0fa4d0aae1e7/bf87996b-9012-4286-86d1-a1ec70ba1c35.png "HTTP/2 200 OK"
2025-03-01 09:39:20,214 - httpx - INFO - HTTP Request: POST https://hmdqtnywfebxjugxzlvc.supabase.co/storage/v1/object/textbooks/c770c9bb-4de1-44be-aacb-b4bea3efbacf/83d44f35-025b-4696-a7c5-0fa4d0aae1e7/1d868247-11a3-406e-b4ad-178f5c9cd4cd.png "HTTP/2 200 OK"
2025-03-01 09:39:21,223 - httpx - INFO - HTTP Request: POST https://hmdqtnywfebxjugxzlvc.supabase.co/storage/v1/object/textbooks/c770c9bb-4de1-44be-aacb-b4bea3efbacf/83d44f35-025b-4696-a7c5-0fa4d0aae1e7/ab5fd74f-0973-43af-b6e9-dbe507ead20f.png "HTTP/2 200 OK"
2025-03-01 09:39:22,086 - httpx - INFO - HTTP Request: POST https://hmdqtnywfebxjugxzlvc.supabase.co/storage/v1/object/textbooks/c770c9bb-4de1-44be-aacb-b4bea3efbacf/83d44f35-025b-4696-a7c5-0fa4d0aae1e7/dd67c642-ddde-49f0-bd76-4bf3d65755a6.png "HTTP/2 200 OK"
2025-03-01 09:39:22,694 - httpx - INFO - HTTP Request: POST https://hmdqtnywfebxjugxzlvc.supabase.co/storage/v1/object/textbooks/c770c9bb-4de1-44be-aacb-b4bea3efbacf/83d44f35-025b-4696-a7c5-0fa4d0aae1e7/9d7b7c45-6a89-4ac8-b376-bd1bae7ea7a9.png "HTTP/2 200 OK"
2025-03-01 09:39:23,302 - httpx - INFO - HTTP Request: POST https://hmdqtnywfebxjugxzlvc.supabase.co/storage/v1/object/textbooks/c770c9bb-4de1-44be-aacb-b4bea3efbacf/83d44f35-025b-4696-a7c5-0fa4d0aae1e7/a3ac84dd-3033-4f5a-acf0-92dfa469f3a3.png "HTTP/2 200 OK"
2025-03-01 09:39:23,664 - httpx - INFO - HTTP Request: POST https://hmdqtnywfebxjugxzlvc.supabase.co/storage/v1/object/textbooks/c770c9bb-4de1-44be-aacb-b4bea3efbacf/83d44f35-025b-4696-a7c5-0fa4d0aae1e7/b8b3e9e7-9269-4399-80c9-c1a3bf311125.png "HTTP/2 200 OK"
2025-03-01 09:39:24,383 - httpx - INFO - HTTP Request: POST https://hmdqtnywfebxjugxzlvc.supabase.co/storage/v1/object/textbooks/c770c9bb-4de1-44be-aacb-b4bea3efbacf/83d44f35-025b-4696-a7c5-0fa4d0aae1e7/3779cf0e-579f-472a-9f1d-5a336243986d.png "HTTP/2 200 OK"
2025-03-01 09:39:25,090 - httpx - INFO - HTTP Request: POST https://hmdqtnywfebxjugxzlvc.supabase.co/storage/v1/object/textbooks/c770c9bb-4de1-44be-aacb-b4bea3efbacf/83d44f35-025b-4696-a7c5-0fa4d0aae1e7/6afc3764-2423-4527-82b9-692e668b4d7d.png "HTTP/2 200 OK"
2025-03-01 09:39:25,774 - httpx - INFO - HTTP Request: POST https://hmdqtnywfebxjugxzlvc.supabase.co/storage/v1/object/textbooks/c770c9bb-4de1-44be-aacb-b4bea3efbacf/83d44f35-025b-4696-a7c5-0fa4d0aae1e7/b3be1d3f-c2c2-4fda-8cfd-da20387a7b69.png "HTTP/2 200 OK"
2025-03-01 09:39:26,559 - httpx - INFO - HTTP Request: POST https://hmdqtnywfebxjugxzlvc.supabase.co/storage/v1/object/textbooks/c770c9bb-4de1-44be-aacb-b4bea3efbacf/83d44f35-025b-4696-a7c5-0fa4d0aae1e7/8f7e2f73-210b-4c01-ab42-9b9c20e47832.png "HTTP/2 200 OK"
2025-03-01 09:39:27,149 - httpx - INFO - HTTP Request: POST https://hmdqtnywfebxjugxzlvc.supabase.co/storage/v1/object/textbooks/c770c9bb-4de1-44be-aacb-b4bea3efbacf/83d44f35-025b-4696-a7c5-0fa4d0aae1e7/4bb60e0b-484b-4cc8-9a14-6bd648b6fcda.png "HTTP/2 200 OK"
2025-03-01 09:39:27,510 - httpx - INFO - HTTP Request: POST https://hmdqtnywfebxjugxzlvc.supabase.co/storage/v1/object/textbooks/c770c9bb-4de1-44be-aacb-b4bea3efbacf/83d44f35-025b-4696-a7c5-0fa4d0aae1e7/9acda37e-789b-4137-a453-9db6c8d5bdd3.png "HTTP/2 200 OK"
2025-03-01 09:39:27,908 - httpx - INFO - HTTP Request: POST https://hmdqtnywfebxjugxzlvc.supabase.co/storage/v1/object/textbooks/c770c9bb-4de1-44be-aacb-b4bea3efbacf/83d44f35-025b-4696-a7c5-0fa4d0aae1e7/d2b65f41-1d19-4fde-a93e-1d80d462be33.png "HTTP/2 200 OK"
2025-03-01 09:39:28,323 - httpx - INFO - HTTP Request: POST https://hmdqtnywfebxjugxzlvc.supabase.co/storage/v1/object/textbooks/c770c9bb-4de1-44be-aacb-b4bea3efbacf/83d44f35-025b-4696-a7c5-0fa4d0aae1e7/4f19c463-7c6e-4969-a14c-050c681929d0.png "HTTP/2 200 OK"
2025-03-01 09:39:28,833 - httpx - INFO - HTTP Request: POST https://hmdqtnywfebxjugxzlvc.supabase.co/storage/v1/object/textbooks/c770c9bb-4de1-44be-aacb-b4bea3efbacf/83d44f35-025b-4696-a7c5-0fa4d0aae1e7/d2d83f94-99e9-4e9b-8db0-5926612681fa.png "HTTP/2 200 OK"
2025-03-01 09:39:29,519 - httpx - INFO - HTTP Request: POST https://hmdqtnywfebxjugxzlvc.supabase.co/storage/v1/object/textbooks/c770c9bb-4de1-44be-aacb-b4bea3efbacf/83d44f35-025b-4696-a7c5-0fa4d0aae1e7/95580cda-c8df-4986-b944-a1dcfd5754e9.png "HTTP/2 200 OK"
2025-03-01 09:39:30,044 - httpx - INFO - HTTP Request: POST https://hmdqtnywfebxjugxzlvc.supabase.co/storage/v1/object/textbooks/c770c9bb-4de1-44be-aacb-b4bea3efbacf/83d44f35-025b-4696-a7c5-0fa4d0aae1e7/65111303-f49f-4e9c-b5ad-ff918085cad4.png "HTTP/2 200 OK"
2025-03-01 09:39:30,481 - httpx - INFO - HTTP Request: POST https://hmdqtnywfebxjugxzlvc.supabase.co/storage/v1/object/textbooks/c770c9bb-4de1-44be-aacb-b4bea3efbacf/83d44f35-025b-4696-a7c5-0fa4d0aae1e7/da439d18-10b2-46a9-b5da-8da2d66210f1.png "HTTP/2 200 OK"
2025-03-01 09:39:30,966 - httpx - INFO - HTTP Request: POST https://hmdqtnywfebxjugxzlvc.supabase.co/storage/v1/object/textbooks/c770c9bb-4de1-44be-aacb-b4bea3efbacf/83d44f35-025b-4696-a7c5-0fa4d0aae1e7/bbfaa10c-fab0-4982-8477-c53518771c90.png "HTTP/2 200 OK"
2025-03-01 09:39:31,429 - httpx - INFO - HTTP Request: POST https://hmdqtnywfebxjugxzlvc.supabase.co/storage/v1/object/textbooks/c770c9bb-4de1-44be-aacb-b4bea3efbacf/83d44f35-025b-4696-a7c5-0fa4d0aae1e7/009d96a3-cb1f-47ba-8dcd-6a1c8923bcc3.png "HTTP/2 200 OK"
2025-03-01 09:39:31,832 - httpx - INFO - HTTP Request: POST https://hmdqtnywfebxjugxzlvc.supabase.co/storage/v1/object/textbooks/c770c9bb-4de1-44be-aacb-b4bea3efbacf/83d44f35-025b-4696-a7c5-0fa4d0aae1e7/1c4b2ebe-292e-487f-b1e8-01f5d08f9cab.png "HTTP/2 200 OK"
2025-03-01 09:39:32,246 - httpx - INFO - HTTP Request: POST https://hmdqtnywfebxjugxzlvc.supabase.co/storage/v1/object/textbooks/c770c9bb-4de1-44be-aacb-b4bea3efbacf/83d44f35-025b-4696-a7c5-0fa4d0aae1e7/ebc3b1e0-39ac-4986-b10e-79dac094b7b3.png "HTTP/2 200 OK"
2025-03-01 09:39:32,678 - httpx - INFO - HTTP Request: POST https://hmdqtnywfebxjugxzlvc.supabase.co/storage/v1/object/textbooks/c770c9bb-4de1-44be-aacb-b4bea3efbacf/83d44f35-025b-4696-a7c5-0fa4d0aae1e7/c2c412bc-99ec-4141-809a-a6989400a279.png "HTTP/2 200 OK"
2025-03-01 09:39:33,156 - httpx - INFO - HTTP Request: POST https://hmdqtnywfebxjugxzlvc.supabase.co/storage/v1/object/textbooks/c770c9bb-4de1-44be-aacb-b4bea3efbacf/83d44f35-025b-4696-a7c5-0fa4d0aae1e7/aaf13986-1c15-4d35-9774-3ae0d8a2d624.png "HTTP/2 200 OK"
2025-03-01 09:39:33,685 - httpx - INFO - HTTP Request: POST https://hmdqtnywfebxjugxzlvc.supabase.co/storage/v1/object/textbooks/c770c9bb-4de1-44be-aacb-b4bea3efbacf/83d44f35-025b-4696-a7c5-0fa4d0aae1e7/0d3d1f50-3ed0-41da-b9fa-4fcd2f2dfd2a.png "HTTP/2 200 OK"
2025-03-01 09:39:34,327 - httpx - INFO - HTTP Request: POST https://hmdqtnywfebxjugxzlvc.supabase.co/storage/v1/object/textbooks/c770c9bb-4de1-44be-aacb-b4bea3efbacf/83d44f35-025b-4696-a7c5-0fa4d0aae1e7/708abe7a-b601-4a51-8d66-c7ae421dec02.png "HTTP/2 200 OK"
2025-03-01 09:39:34,855 - httpx - INFO - HTTP Request: POST https://hmdqtnywfebxjugxzlvc.supabase.co/storage/v1/object/textbooks/c770c9bb-4de1-44be-aacb-b4bea3efbacf/83d44f35-025b-4696-a7c5-0fa4d0aae1e7/5ec84d54-8c4d-483f-a65b-0adb9fa195b9.png "HTTP/2 200 OK"
2025-03-01 09:39:35,343 - httpx - INFO - HTTP Request: POST https://hmdqtnywfebxjugxzlvc.supabase.co/storage/v1/object/textbooks/c770c9bb-4de1-44be-aacb-b4bea3efbacf/83d44f35-025b-4696-a7c5-0fa4d0aae1e7/67d441c3-4cbf-43fe-9235-fd28a26137c9.png "HTTP/2 200 OK"
2025-03-01 09:39:35,858 - httpx - INFO - HTTP Request: POST https://hmdqtnywfebxjugxzlvc.supabase.co/storage/v1/object/textbooks/c770c9bb-4de1-44be-aacb-b4bea3efbacf/83d44f35-025b-4696-a7c5-0fa4d0aae1e7/43896ba8-303b-413a-bb89-d1ae37462a55.png "HTTP/2 200 OK"
2025-03-01 09:39:36,398 - httpx - INFO - HTTP Request: POST https://hmdqtnywfebxjugxzlvc.supabase.co/storage/v1/object/textbooks/c770c9bb-4de1-44be-aacb-b4bea3efbacf/83d44f35-025b-4696-a7c5-0fa4d0aae1e7/7fdb4901-aaf3-4be2-a565-467f6a25a140.png "HTTP/2 200 OK"
2025-03-01 09:39:36,788 - httpx - INFO - HTTP Request: POST https://hmdqtnywfebxjugxzlvc.supabase.co/storage/v1/object/textbooks/c770c9bb-4de1-44be-aacb-b4bea3efbacf/83d44f35-025b-4696-a7c5-0fa4d0aae1e7/1e921c24-151f-4368-b5fc-d0aace4f455a.png "HTTP/2 200 OK"
2025-03-01 09:39:37,201 - httpx - INFO - HTTP Request: POST https://hmdqtnywfebxjugxzlvc.supabase.co/storage/v1/object/textbooks/c770c9bb-4de1-44be-aacb-b4bea3efbacf/83d44f35-025b-4696-a7c5-0fa4d0aae1e7/3933dd97-1c24-4bfd-9379-59420b23843a.png "HTTP/2 200 OK"
2025-03-01 09:39:37,706 - httpx - INFO - HTTP Request: POST https://hmdqtnywfebxjugxzlvc.supabase.co/storage/v1/object/textbooks/c770c9bb-4de1-44be-aacb-b4bea3efbacf/83d44f35-025b-4696-a7c5-0fa4d0aae1e7/702ff2a8-94b7-45e5-994e-ea7f48d37704.png "HTTP/2 200 OK"
2025-03-01 09:39:38,400 - httpx - INFO - HTTP Request: POST https://hmdqtnywfebxjugxzlvc.supabase.co/storage/v1/object/textbooks/c770c9bb-4de1-44be-aacb-b4bea3efbacf/83d44f35-025b-4696-a7c5-0fa4d0aae1e7/791acbcc-f98f-4693-8635-081b8c3ce70d.png "HTTP/2 200 OK"
2025-03-01 09:39:39,090 - httpx - INFO - HTTP Request: POST https://hmdqtnywfebxjugxzlvc.supabase.co/storage/v1/object/textbooks/c770c9bb-4de1-44be-aacb-b4bea3efbacf/83d44f35-025b-4696-a7c5-0fa4d0aae1e7/2b1d3577-c521-433c-8216-c0f95d9257e8.png "HTTP/2 200 OK"
2025-03-01 09:39:40,133 - httpx - INFO - HTTP Request: POST https://hmdqtnywfebxjugxzlvc.supabase.co/storage/v1/object/textbooks/c770c9bb-4de1-44be-aacb-b4bea3efbacf/83d44f35-025b-4696-a7c5-0fa4d0aae1e7/76dadc6e-a1e6-4d36-af3c-f7fe2271129b.png "HTTP/2 200 OK"
2025-03-01 09:39:40,735 - httpx - INFO - HTTP Request: POST https://hmdqtnywfebxjugxzlvc.supabase.co/storage/v1/object/textbooks/c770c9bb-4de1-44be-aacb-b4bea3efbacf/83d44f35-025b-4696-a7c5-0fa4d0aae1e7/7c94d896-8464-4eb7-bd79-fa2505b66860.png "HTTP/2 200 OK"
2025-03-01 09:39:41,411 - httpx - INFO - HTTP Request: POST https://hmdqtnywfebxjugxzlvc.supabase.co/storage/v1/object/textbooks/c770c9bb-4de1-44be-aacb-b4bea3efbacf/83d44f35-025b-4696-a7c5-0fa4d0aae1e7/6c2d7876-3c23-412d-bb81-deb0115de93c.png "HTTP/2 200 OK"
2025-03-01 09:39:41,845 - httpx - INFO - HTTP Request: POST https://hmdqtnywfebxjugxzlvc.supabase.co/storage/v1/object/textbooks/c770c9bb-4de1-44be-aacb-b4bea3efbacf/83d44f35-025b-4696-a7c5-0fa4d0aae1e7/66d8002f-de8d-4900-9c22-91f48570e715.png "HTTP/2 200 OK"
2025-03-01 09:39:42,451 - httpx - INFO - HTTP Request: POST https://hmdqtnywfebxjugxzlvc.supabase.co/storage/v1/object/textbooks/c770c9bb-4de1-44be-aacb-b4bea3efbacf/83d44f35-025b-4696-a7c5-0fa4d0aae1e7/c7acd281-bf4a-4b69-addd-b3f9537d1d3a.png "HTTP/2 200 OK"
2025-03-01 09:39:43,152 - httpx - INFO - HTTP Request: POST https://hmdqtnywfebxjugxzlvc.supabase.co/storage/v1/object/textbooks/c770c9bb-4de1-44be-aacb-b4bea3efbacf/83d44f35-025b-4696-a7c5-0fa4d0aae1e7/056f2c11-678f-4d50-b4e7-9c4cd28bf109.png "HTTP/2 200 OK"
2025-03-01 09:39:43,660 - httpx - INFO - HTTP Request: POST https://hmdqtnywfebxjugxzlvc.supabase.co/storage/v1/object/textbooks/c770c9bb-4de1-44be-aacb-b4bea3efbacf/83d44f35-025b-4696-a7c5-0fa4d0aae1e7/755899e8-281e-4f0d-8ddc-4123a02f148c.png "HTTP/2 200 OK"
2025-03-01 09:39:44,309 - httpx - INFO - HTTP Request: POST https://hmdqtnywfebxjugxzlvc.supabase.co/storage/v1/object/textbooks/c770c9bb-4de1-44be-aacb-b4bea3efbacf/83d44f35-025b-4696-a7c5-0fa4d0aae1e7/bbc81028-eade-4f3e-a550-c5bd99ed6329.png "HTTP/2 200 OK"
2025-03-01 09:39:44,915 - httpx - INFO - HTTP Request: POST https://hmdqtnywfebxjugxzlvc.supabase.co/storage/v1/object/textbooks/c770c9bb-4de1-44be-aacb-b4bea3efbacf/83d44f35-025b-4696-a7c5-0fa4d0aae1e7/07c43d0d-e80d-4b4a-9433-f57a2ad41b89.png "HTTP/2 200 OK"
2025-03-01 09:39:45,300 - httpx - INFO - HTTP Request: POST https://hmdqtnywfebxjugxzlvc.supabase.co/storage/v1/object/textbooks/c770c9bb-4de1-44be-aacb-b4bea3efbacf/83d44f35-025b-4696-a7c5-0fa4d0aae1e7/2ff6ca64-66c0-402d-a1cb-638c15e163f2.png "HTTP/2 200 OK"
2025-03-01 09:39:45,724 - httpx - INFO - HTTP Request: POST https://hmdqtnywfebxjugxzlvc.supabase.co/storage/v1/object/textbooks/c770c9bb-4de1-44be-aacb-b4bea3efbacf/83d44f35-025b-4696-a7c5-0fa4d0aae1e7/2f4a2db9-d2c2-4600-abbe-2914a3c9dde1.png "HTTP/2 200 OK"
2025-03-01 09:39:46,124 - httpx - INFO - HTTP Request: POST https://hmdqtnywfebxjugxzlvc.supabase.co/storage/v1/object/textbooks/c770c9bb-4de1-44be-aacb-b4bea3efbacf/83d44f35-025b-4696-a7c5-0fa4d0aae1e7/f7d25051-976a-4397-a23c-7c60a33dfda8.png "HTTP/2 200 OK"
2025-03-01 09:39:46,463 - httpx - INFO - HTTP Request: POST https://hmdqtnywfebxjugxzlvc.supabase.co/storage/v1/object/textbooks/c770c9bb-4de1-44be-aacb-b4bea3efbacf/83d44f35-025b-4696-a7c5-0fa4d0aae1e7/40699e99-f3d8-497f-ba87-f3371f50c0cf.png "HTTP/2 200 OK"
2025-03-01 09:39:47,077 - httpx - INFO - HTTP Request: POST https://hmdqtnywfebxjugxzlvc.supabase.co/storage/v1/object/textbooks/c770c9bb-4de1-44be-aacb-b4bea3efbacf/83d44f35-025b-4696-a7c5-0fa4d0aae1e7/3d872c04-bf8b-4ced-9ca7-dae27e4e5879.png "HTTP/2 200 OK"
2025-03-01 09:39:47,670 - httpx - INFO - HTTP Request: POST https://hmdqtnywfebxjugxzlvc.supabase.co/storage/v1/object/textbooks/c770c9bb-4de1-44be-aacb-b4bea3efbacf/83d44f35-025b-4696-a7c5-0fa4d0aae1e7/9bda1555-216c-46d0-bfb8-f74fd2ce42ab.png "HTTP/2 200 OK"
2025-03-01 09:39:48,097 - httpx - INFO - HTTP Request: POST https://hmdqtnywfebxjugxzlvc.supabase.co/storage/v1/object/textbooks/c770c9bb-4de1-44be-aacb-b4bea3efbacf/83d44f35-025b-4696-a7c5-0fa4d0aae1e7/a1c38703-f90a-4696-9b10-1ee290bf7533.png "HTTP/2 200 OK"
2025-03-01 09:39:48,549 - httpx - INFO - HTTP Request: POST https://hmdqtnywfebxjugxzlvc.supabase.co/storage/v1/object/textbooks/c770c9bb-4de1-44be-aacb-b4bea3efbacf/83d44f35-025b-4696-a7c5-0fa4d0aae1e7/7a7babb1-b1da-4eeb-aaf0-ee73c887c35e.png "HTTP/2 200 OK"
2025-03-01 09:39:48,951 - httpx - INFO - HTTP Request: POST https://hmdqtnywfebxjugxzlvc.supabase.co/storage/v1/object/textbooks/c770c9bb-4de1-44be-aacb-b4bea3efbacf/83d44f35-025b-4696-a7c5-0fa4d0aae1e7/48ad5dd6-be93-40d1-ba1c-c00ac3eb30aa.png "HTTP/2 200 OK"
2025-03-01 09:39:49,398 - httpx - INFO - HTTP Request: POST https://hmdqtnywfebxjugxzlvc.supabase.co/storage/v1/object/textbooks/c770c9bb-4de1-44be-aacb-b4bea3efbacf/83d44f35-025b-4696-a7c5-0fa4d0aae1e7/0458c055-7530-4827-a517-693a9e3d4bf2.png "HTTP/2 200 OK"
2025-03-01 09:39:49,675 - httpx - INFO - HTTP Request: POST https://hmdqtnywfebxjugxzlvc.supabase.co/storage/v1/object/textbooks/c770c9bb-4de1-44be-aacb-b4bea3efbacf/83d44f35-025b-4696-a7c5-0fa4d0aae1e7/b1d89bc8-7874-4808-b700-c4ebb81bd3d4.png "HTTP/2 200 OK"
2025-03-01 09:39:49,940 - httpx - INFO - HTTP Request: POST https://hmdqtnywfebxjugxzlvc.supabase.co/storage/v1/object/textbooks/c770c9bb-4de1-44be-aacb-b4bea3efbacf/83d44f35-025b-4696-a7c5-0fa4d0aae1e7/616ca3c8-daf9-4ab3-a884-01be8883f1ad.png "HTTP/2 200 OK"
2025-03-01 09:39:50,420 - httpx - INFO - HTTP Request: POST https://hmdqtnywfebxjugxzlvc.supabase.co/storage/v1/object/textbooks/c770c9bb-4de1-44be-aacb-b4bea3efbacf/83d44f35-025b-4696-a7c5-0fa4d0aae1e7/79aff97b-5787-4605-9e20-c086c2f9c192.png "HTTP/2 200 OK"
2025-03-01 09:39:50,747 - httpx - INFO - HTTP Request: POST https://hmdqtnywfebxjugxzlvc.supabase.co/storage/v1/object/textbooks/c770c9bb-4de1-44be-aacb-b4bea3efbacf/83d44f35-025b-4696-a7c5-0fa4d0aae1e7/9e4f4677-ee29-4b86-b6a0-fdab7d964d07.png "HTTP/2 200 OK"
2025-03-01 09:39:51,126 - httpx - INFO - HTTP Request: POST https://hmdqtnywfebxjugxzlvc.supabase.co/storage/v1/object/textbooks/c770c9bb-4de1-44be-aacb-b4bea3efbacf/83d44f35-025b-4696-a7c5-0fa4d0aae1e7/16f12b3f-e676-49f5-af9e-f00de2b810cb.png "HTTP/2 200 OK"
2025-03-01 09:39:51,597 - httpx - INFO - HTTP Request: POST https://hmdqtnywfebxjugxzlvc.supabase.co/storage/v1/object/textbooks/c770c9bb-4de1-44be-aacb-b4bea3efbacf/83d44f35-025b-4696-a7c5-0fa4d0aae1e7/d20208df-70b5-413f-a134-777784eb4796.png "HTTP/2 200 OK"
2025-03-01 09:39:52,075 - httpx - INFO - HTTP Request: POST https://hmdqtnywfebxjugxzlvc.supabase.co/storage/v1/object/textbooks/c770c9bb-4de1-44be-aacb-b4bea3efbacf/83d44f35-025b-4696-a7c5-0fa4d0aae1e7/f6f88306-3838-4df3-9d2f-a1bfe93f9c25.png "HTTP/2 200 OK"
2025-03-01 09:39:52,510 - httpx - INFO - HTTP Request: POST https://hmdqtnywfebxjugxzlvc.supabase.co/storage/v1/object/textbooks/c770c9bb-4de1-44be-aacb-b4bea3efbacf/83d44f35-025b-4696-a7c5-0fa4d0aae1e7/cccd42cb-337e-4f69-8346-951a02f8e6ad.png "HTTP/2 200 OK"
2025-03-01 09:39:53,203 - httpx - INFO - HTTP Request: POST https://hmdqtnywfebxjugxzlvc.supabase.co/storage/v1/object/textbooks/c770c9bb-4de1-44be-aacb-b4bea3efbacf/83d44f35-025b-4696-a7c5-0fa4d0aae1e7/e293e97c-97ea-4cee-962b-ab3da4bd9406.png "HTTP/2 200 OK"
2025-03-01 09:39:53,744 - httpx - INFO - HTTP Request: POST https://hmdqtnywfebxjugxzlvc.supabase.co/storage/v1/object/textbooks/c770c9bb-4de1-44be-aacb-b4bea3efbacf/83d44f35-025b-4696-a7c5-0fa4d0aae1e7/f8a6c717-6b5a-47a3-be5d-237271c13588.png "HTTP/2 200 OK"
2025-03-01 09:39:54,383 - httpx - INFO - HTTP Request: POST https://hmdqtnywfebxjugxzlvc.supabase.co/storage/v1/object/textbooks/c770c9bb-4de1-44be-aacb-b4bea3efbacf/83d44f35-025b-4696-a7c5-0fa4d0aae1e7/4935811d-2b54-4a8c-a75a-aa61d2df74a6.png "HTTP/2 200 OK"
2025-03-01 09:39:54,828 - httpx - INFO - HTTP Request: POST https://hmdqtnywfebxjugxzlvc.supabase.co/storage/v1/object/textbooks/c770c9bb-4de1-44be-aacb-b4bea3efbacf/83d44f35-025b-4696-a7c5-0fa4d0aae1e7/7e579a63-5a7a-45e2-a967-853e154d1fd0.png "HTTP/2 200 OK"
2025-03-01 09:39:55,193 - httpx - INFO - HTTP Request: POST https://hmdqtnywfebxjugxzlvc.supabase.co/storage/v1/object/textbooks/c770c9bb-4de1-44be-aacb-b4bea3efbacf/83d44f35-025b-4696-a7c5-0fa4d0aae1e7/000bbabb-51af-42be-a63c-bea626dd59c9.png "HTTP/2 200 OK"
2025-03-01 09:39:55,638 - httpx - INFO - HTTP Request: POST https://hmdqtnywfebxjugxzlvc.supabase.co/storage/v1/object/textbooks/c770c9bb-4de1-44be-aacb-b4bea3efbacf/83d44f35-025b-4696-a7c5-0fa4d0aae1e7/0317b0e4-4277-4ecb-8476-c15792f03833.png "HTTP/2 200 OK"
2025-03-01 09:39:56,097 - httpx - INFO - HTTP Request: POST https://hmdqtnywfebxjugxzlvc.supabase.co/storage/v1/object/textbooks/c770c9bb-4de1-44be-aacb-b4bea3efbacf/83d44f35-025b-4696-a7c5-0fa4d0aae1e7/116e16b8-5081-44b4-b716-d4ecfe6c0d46.png "HTTP/2 200 OK"
2025-03-01 09:39:56,788 - httpx - INFO - HTTP Request: POST https://hmdqtnywfebxjugxzlvc.supabase.co/storage/v1/object/textbooks/c770c9bb-4de1-44be-aacb-b4bea3efbacf/83d44f35-025b-4696-a7c5-0fa4d0aae1e7/ae3fbd90-a2b9-49b0-a594-ad4b477f0027.png "HTTP/2 200 OK"
2025-03-01 09:39:57,495 - httpx - INFO - HTTP Request: POST https://hmdqtnywfebxjugxzlvc.supabase.co/storage/v1/object/textbooks/c770c9bb-4de1-44be-aacb-b4bea3efbacf/83d44f35-025b-4696-a7c5-0fa4d0aae1e7/6acfa838-9527-4f26-860f-d3e43cbd12c2.png "HTTP/2 200 OK"
2025-03-01 09:39:58,355 - httpx - INFO - HTTP Request: POST https://hmdqtnywfebxjugxzlvc.supabase.co/storage/v1/object/textbooks/c770c9bb-4de1-44be-aacb-b4bea3efbacf/83d44f35-025b-4696-a7c5-0fa4d0aae1e7/3790cfa2-7732-4e27-a5e3-41315783a658.png "HTTP/2 200 OK"
2025-03-01 09:39:59,146 - httpx - INFO - HTTP Request: POST https://hmdqtnywfebxjugxzlvc.supabase.co/storage/v1/object/textbooks/c770c9bb-4de1-44be-aacb-b4bea3efbacf/83d44f35-025b-4696-a7c5-0fa4d0aae1e7/acc84528-7f2a-4699-b6e9-96c68006a35e.png "HTTP/2 200 OK"
2025-03-01 09:39:59,658 - httpx - INFO - HTTP Request: POST https://hmdqtnywfebxjugxzlvc.supabase.co/storage/v1/object/textbooks/c770c9bb-4de1-44be-aacb-b4bea3efbacf/83d44f35-025b-4696-a7c5-0fa4d0aae1e7/63ec3a1a-14b9-4011-a0e3-ae8b1bc18c27.png "HTTP/2 200 OK"
2025-03-01 09:40:00,133 - httpx - INFO - HTTP Request: POST https://hmdqtnywfebxjugxzlvc.supabase.co/storage/v1/object/textbooks/c770c9bb-4de1-44be-aacb-b4bea3efbacf/83d44f35-025b-4696-a7c5-0fa4d0aae1e7/e8f04ad7-a0fe-4285-91fe-260475ca7fb2.png "HTTP/2 200 OK"
2025-03-01 09:40:00,854 - httpx - INFO - HTTP Request: POST https://hmdqtnywfebxjugxzlvc.supabase.co/storage/v1/object/textbooks/c770c9bb-4de1-44be-aacb-b4bea3efbacf/83d44f35-025b-4696-a7c5-0fa4d0aae1e7/6115cb84-a9f9-4c42-83d9-5da1ffb786a7.png "HTTP/2 200 OK"
2025-03-01 09:40:01,518 - httpx - INFO - HTTP Request: POST https://hmdqtnywfebxjugxzlvc.supabase.co/storage/v1/object/textbooks/c770c9bb-4de1-44be-aacb-b4bea3efbacf/83d44f35-025b-4696-a7c5-0fa4d0aae1e7/b812b130-76c4-45b9-b4ca-d19c0505c08c.png "HTTP/2 200 OK"
2025-03-01 09:40:02,219 - httpx - INFO - HTTP Request: POST https://hmdqtnywfebxjugxzlvc.supabase.co/storage/v1/object/textbooks/c770c9bb-4de1-44be-aacb-b4bea3efbacf/83d44f35-025b-4696-a7c5-0fa4d0aae1e7/e201c231-0b9e-46b3-a609-493d44f46e22.png "HTTP/2 200 OK"
2025-03-01 09:40:02,836 - httpx - INFO - HTTP Request: POST https://hmdqtnywfebxjugxzlvc.supabase.co/storage/v1/object/textbooks/c770c9bb-4de1-44be-aacb-b4bea3efbacf/83d44f35-025b-4696-a7c5-0fa4d0aae1e7/581b850b-a842-457a-a547-a1d61fad3d60.png "HTTP/2 200 OK"
2025-03-01 09:40:03,464 - httpx - INFO - HTTP Request: POST https://hmdqtnywfebxjugxzlvc.supabase.co/storage/v1/object/textbooks/c770c9bb-4de1-44be-aacb-b4bea3efbacf/83d44f35-025b-4696-a7c5-0fa4d0aae1e7/e967d7ce-4ae6-42c7-9a25-3d2c6312904f.png "HTTP/2 200 OK"
2025-03-01 09:40:03,887 - httpx - INFO - HTTP Request: POST https://hmdqtnywfebxjugxzlvc.supabase.co/storage/v1/object/textbooks/c770c9bb-4de1-44be-aacb-b4bea3efbacf/83d44f35-025b-4696-a7c5-0fa4d0aae1e7/f7a3106d-1eaf-495e-99d7-e85b3530393f.png "HTTP/2 200 OK"
2025-03-01 09:40:04,494 - httpx - INFO - HTTP Request: POST https://hmdqtnywfebxjugxzlvc.supabase.co/storage/v1/object/textbooks/c770c9bb-4de1-44be-aacb-b4bea3efbacf/83d44f35-025b-4696-a7c5-0fa4d0aae1e7/314c9843-fba4-4f40-8820-6344313bcbba.png "HTTP/2 200 OK"
2025-03-01 09:40:04,943 - httpx - INFO - HTTP Request: POST https://hmdqtnywfebxjugxzlvc.supabase.co/storage/v1/object/textbooks/c770c9bb-4de1-44be-aacb-b4bea3efbacf/83d44f35-025b-4696-a7c5-0fa4d0aae1e7/548f8e81-a39e-4f44-9881-ca303ef3ef35.png "HTTP/2 200 OK"
2025-03-01 09:40:05,460 - httpx - INFO - HTTP Request: POST https://hmdqtnywfebxjugxzlvc.supabase.co/storage/v1/object/textbooks/c770c9bb-4de1-44be-aacb-b4bea3efbacf/83d44f35-025b-4696-a7c5-0fa4d0aae1e7/d16c6055-8741-4500-8b85-32dae2588437.png "HTTP/2 200 OK"
2025-03-01 09:40:06,071 - httpx - INFO - HTTP Request: POST https://hmdqtnywfebxjugxzlvc.supabase.co/storage/v1/object/textbooks/c770c9bb-4de1-44be-aacb-b4bea3efbacf/83d44f35-025b-4696-a7c5-0fa4d0aae1e7/0e0b86fc-170b-4f36-b439-fd56d64e4234.png "HTTP/2 200 OK"
2025-03-01 09:40:06,538 - httpx - INFO - HTTP Request: POST https://hmdqtnywfebxjugxzlvc.supabase.co/storage/v1/object/textbooks/c770c9bb-4de1-44be-aacb-b4bea3efbacf/83d44f35-025b-4696-a7c5-0fa4d0aae1e7/25d65459-4194-4cd3-ac1c-7a870554826c.png "HTTP/2 200 OK"
2025-03-01 09:40:06,869 - httpx - INFO - HTTP Request: POST https://hmdqtnywfebxjugxzlvc.supabase.co/storage/v1/object/textbooks/c770c9bb-4de1-44be-aacb-b4bea3efbacf/83d44f35-025b-4696-a7c5-0fa4d0aae1e7/14de20d4-edf2-4cbb-8ef6-15e33756425b.png "HTTP/2 200 OK"
2025-03-01 09:40:07,475 - httpx - INFO - HTTP Request: POST https://hmdqtnywfebxjugxzlvc.supabase.co/storage/v1/object/textbooks/c770c9bb-4de1-44be-aacb-b4bea3efbacf/83d44f35-025b-4696-a7c5-0fa4d0aae1e7/f635141a-ad56-469b-a81c-0bd20fe691ff.png "HTTP/2 200 OK"
2025-03-01 09:40:08,043 - httpx - INFO - HTTP Request: POST https://hmdqtnywfebxjugxzlvc.supabase.co/storage/v1/object/textbooks/c770c9bb-4de1-44be-aacb-b4bea3efbacf/83d44f35-025b-4696-a7c5-0fa4d0aae1e7/1369bfc9-e1f2-4e8f-8ff7-952b3aa22d6f.png "HTTP/2 200 OK"
2025-03-01 09:40:08,589 - httpx - INFO - HTTP Request: POST https://hmdqtnywfebxjugxzlvc.supabase.co/storage/v1/object/textbooks/c770c9bb-4de1-44be-aacb-b4bea3efbacf/83d44f35-025b-4696-a7c5-0fa4d0aae1e7/30288b56-60bd-42cb-bf8b-eb98340ad556.png "HTTP/2 200 OK"
2025-03-01 09:40:08,969 - httpx - INFO - HTTP Request: POST https://hmdqtnywfebxjugxzlvc.supabase.co/storage/v1/object/textbooks/c770c9bb-4de1-44be-aacb-b4bea3efbacf/83d44f35-025b-4696-a7c5-0fa4d0aae1e7/db6a22aa-2589-4c17-9c33-5b44d47065ae.png "HTTP/2 200 OK"
2025-03-01 09:40:09,354 - httpx - INFO - HTTP Request: POST https://hmdqtnywfebxjugxzlvc.supabase.co/storage/v1/object/textbooks/c770c9bb-4de1-44be-aacb-b4bea3efbacf/83d44f35-025b-4696-a7c5-0fa4d0aae1e7/b5d477c5-c0b7-46f3-bbe5-e3807f1ad95c.png "HTTP/2 200 OK"
2025-03-01 09:40:09,789 - httpx - INFO - HTTP Request: POST https://hmdqtnywfebxjugxzlvc.supabase.co/storage/v1/object/textbooks/c770c9bb-4de1-44be-aacb-b4bea3efbacf/83d44f35-025b-4696-a7c5-0fa4d0aae1e7/eec50f84-1f3c-43a8-9716-f1b19bd5daa0.png "HTTP/2 200 OK"
2025-03-01 09:40:10,255 - httpx - INFO - HTTP Request: POST https://hmdqtnywfebxjugxzlvc.supabase.co/storage/v1/object/textbooks/c770c9bb-4de1-44be-aacb-b4bea3efbacf/83d44f35-025b-4696-a7c5-0fa4d0aae1e7/4d52403b-ee49-4f45-bb87-8e840842853c.png "HTTP/2 200 OK"
2025-03-01 09:40:10,701 - httpx - INFO - HTTP Request: POST https://hmdqtnywfebxjugxzlvc.supabase.co/storage/v1/object/textbooks/c770c9bb-4de1-44be-aacb-b4bea3efbacf/83d44f35-025b-4696-a7c5-0fa4d0aae1e7/525a3863-f810-4b84-957d-7ce97edf8071.png "HTTP/2 200 OK"
2025-03-01 09:40:11,205 - httpx - INFO - HTTP Request: POST https://hmdqtnywfebxjugxzlvc.supabase.co/storage/v1/object/textbooks/c770c9bb-4de1-44be-aacb-b4bea3efbacf/83d44f35-025b-4696-a7c5-0fa4d0aae1e7/e6e57c19-ac9b-4bed-9283-860a0b65e2a5.png "HTTP/2 200 OK"
2025-03-01 09:40:11,677 - httpx - INFO - HTTP Request: POST https://hmdqtnywfebxjugxzlvc.supabase.co/storage/v1/object/textbooks/c770c9bb-4de1-44be-aacb-b4bea3efbacf/83d44f35-025b-4696-a7c5-0fa4d0aae1e7/a62da7f1-4f6a-4fd6-add5-a0a824e9b149.png "HTTP/2 200 OK"
2025-03-01 09:40:12,248 - httpx - INFO - HTTP Request: POST https://hmdqtnywfebxjugxzlvc.supabase.co/storage/v1/object/textbooks/c770c9bb-4de1-44be-aacb-b4bea3efbacf/83d44f35-025b-4696-a7c5-0fa4d0aae1e7/5ee8003c-312d-404b-98a6-67a919041baa.png "HTTP/2 200 OK"
2025-03-01 09:40:12,761 - httpx - INFO - HTTP Request: POST https://hmdqtnywfebxjugxzlvc.supabase.co/storage/v1/object/textbooks/c770c9bb-4de1-44be-aacb-b4bea3efbacf/83d44f35-025b-4696-a7c5-0fa4d0aae1e7/b1ec6b0f-e3ae-4d30-a0c6-ef2c184ce564.png "HTTP/2 200 OK"
2025-03-01 09:40:13,255 - httpx - INFO - HTTP Request: POST https://hmdqtnywfebxjugxzlvc.supabase.co/storage/v1/object/textbooks/c770c9bb-4de1-44be-aacb-b4bea3efbacf/83d44f35-025b-4696-a7c5-0fa4d0aae1e7/615249a8-d9a1-4714-8e71-7d3f9f5e488f.png "HTTP/2 200 OK"
2025-03-01 09:40:13,654 - httpx - INFO - HTTP Request: POST https://hmdqtnywfebxjugxzlvc.supabase.co/storage/v1/object/textbooks/c770c9bb-4de1-44be-aacb-b4bea3efbacf/83d44f35-025b-4696-a7c5-0fa4d0aae1e7/20a39652-09db-4500-b9ce-4e6e5b66267f.png "HTTP/2 200 OK"
2025-03-01 09:40:14,187 - httpx - INFO - HTTP Request: POST https://hmdqtnywfebxjugxzlvc.supabase.co/storage/v1/object/textbooks/c770c9bb-4de1-44be-aacb-b4bea3efbacf/83d44f35-025b-4696-a7c5-0fa4d0aae1e7/e2ccf935-76eb-4b28-8f04-28d2779548ad.png "HTTP/2 200 OK"
2025-03-01 09:40:15,203 - httpx - INFO - HTTP Request: POST https://hmdqtnywfebxjugxzlvc.supabase.co/storage/v1/object/textbooks/c770c9bb-4de1-44be-aacb-b4bea3efbacf/83d44f35-025b-4696-a7c5-0fa4d0aae1e7/d04d2c4e-a0f7-4272-9263-fd1b75802a65.png "HTTP/2 200 OK"
2025-03-01 09:40:16,043 - httpx - INFO - HTTP Request: POST https://hmdqtnywfebxjugxzlvc.supabase.co/storage/v1/object/textbooks/c770c9bb-4de1-44be-aacb-b4bea3efbacf/83d44f35-025b-4696-a7c5-0fa4d0aae1e7/edefde3a-a64c-4994-b02c-385824c21c15.png "HTTP/2 200 OK"
2025-03-01 09:40:16,665 - httpx - INFO - HTTP Request: POST https://hmdqtnywfebxjugxzlvc.supabase.co/storage/v1/object/textbooks/c770c9bb-4de1-44be-aacb-b4bea3efbacf/83d44f35-025b-4696-a7c5-0fa4d0aae1e7/faa6cdb4-c78f-4843-b93a-11a0d71dc97f.png "HTTP/2 200 OK"
2025-03-01 09:40:17,457 - httpx - INFO - HTTP Request: POST https://hmdqtnywfebxjugxzlvc.supabase.co/storage/v1/object/textbooks/c770c9bb-4de1-44be-aacb-b4bea3efbacf/83d44f35-025b-4696-a7c5-0fa4d0aae1e7/fb97efee-496a-44bf-bc52-74151d31490a.png "HTTP/2 200 OK"
2025-03-01 09:40:17,874 - httpx - INFO - HTTP Request: POST https://hmdqtnywfebxjugxzlvc.supabase.co/storage/v1/object/textbooks/c770c9bb-4de1-44be-aacb-b4bea3efbacf/83d44f35-025b-4696-a7c5-0fa4d0aae1e7/2e8e913f-7e88-4188-b2b1-63d016cdc69e.png "HTTP/2 200 OK"
2025-03-01 09:40:18,861 - httpx - INFO - HTTP Request: POST https://hmdqtnywfebxjugxzlvc.supabase.co/storage/v1/object/textbooks/c770c9bb-4de1-44be-aacb-b4bea3efbacf/83d44f35-025b-4696-a7c5-0fa4d0aae1e7/99441adc-80c3-4672-a440-025bdeb80c0f.png "HTTP/2 200 OK"
2025-03-01 09:40:19,544 - httpx - INFO - HTTP Request: POST https://hmdqtnywfebxjugxzlvc.supabase.co/storage/v1/object/textbooks/c770c9bb-4de1-44be-aacb-b4bea3efbacf/83d44f35-025b-4696-a7c5-0fa4d0aae1e7/cedba735-cb28-4d27-81f5-f4c1e075b220.png "HTTP/2 200 OK"
2025-03-01 09:40:20,073 - httpx - INFO - HTTP Request: POST https://hmdqtnywfebxjugxzlvc.supabase.co/storage/v1/object/textbooks/c770c9bb-4de1-44be-aacb-b4bea3efbacf/83d44f35-025b-4696-a7c5-0fa4d0aae1e7/677ac0ee-c0a3-490e-8b69-1621fa253193.png "HTTP/2 200 OK"
2025-03-01 09:40:21,139 - httpx - INFO - HTTP Request: POST https://hmdqtnywfebxjugxzlvc.supabase.co/storage/v1/object/textbooks/c770c9bb-4de1-44be-aacb-b4bea3efbacf/83d44f35-025b-4696-a7c5-0fa4d0aae1e7/0764db7b-7b4e-4237-bfbf-9a197c803c16.png "HTTP/2 200 OK"
2025-03-01 09:40:21,547 - httpx - INFO - HTTP Request: POST https://hmdqtnywfebxjugxzlvc.supabase.co/storage/v1/object/textbooks/c770c9bb-4de1-44be-aacb-b4bea3efbacf/83d44f35-025b-4696-a7c5-0fa4d0aae1e7/269c844e-8e98-4b75-9ef0-d4bdf904429c.png "HTTP/2 200 OK"
2025-03-01 09:40:22,012 - httpx - INFO - HTTP Request: POST https://hmdqtnywfebxjugxzlvc.supabase.co/storage/v1/object/textbooks/c770c9bb-4de1-44be-aacb-b4bea3efbacf/83d44f35-025b-4696-a7c5-0fa4d0aae1e7/63e731c3-f66b-4c7a-ad77-75a2a92db4c8.png "HTTP/2 200 OK"
2025-03-01 09:40:22,386 - httpx - INFO - HTTP Request: POST https://hmdqtnywfebxjugxzlvc.supabase.co/storage/v1/object/textbooks/c770c9bb-4de1-44be-aacb-b4bea3efbacf/83d44f35-025b-4696-a7c5-0fa4d0aae1e7/db71e43e-1686-4204-96c6-b5f8a54b2cc6.png "HTTP/2 200 OK"
2025-03-01 09:40:22,906 - httpx - INFO - HTTP Request: POST https://hmdqtnywfebxjugxzlvc.supabase.co/storage/v1/object/textbooks/c770c9bb-4de1-44be-aacb-b4bea3efbacf/83d44f35-025b-4696-a7c5-0fa4d0aae1e7/a74ae0cb-ebe8-49e0-9cca-1c6745103ca1.png "HTTP/2 200 OK"
2025-03-01 09:40:23,222 - httpx - INFO - HTTP Request: POST https://hmdqtnywfebxjugxzlvc.supabase.co/storage/v1/object/textbooks/c770c9bb-4de1-44be-aacb-b4bea3efbacf/83d44f35-025b-4696-a7c5-0fa4d0aae1e7/1624c9f0-d247-48b7-becb-0013f783089c.png "HTTP/2 200 OK"
2025-03-01 09:40:23,601 - httpx - INFO - HTTP Request: POST https://hmdqtnywfebxjugxzlvc.supabase.co/storage/v1/object/textbooks/c770c9bb-4de1-44be-aacb-b4bea3efbacf/83d44f35-025b-4696-a7c5-0fa4d0aae1e7/f372bad1-dc46-4ca5-bee0-c1670aacd8e0.png "HTTP/2 200 OK"
2025-03-01 09:40:24,058 - httpx - INFO - HTTP Request: POST https://hmdqtnywfebxjugxzlvc.supabase.co/storage/v1/object/textbooks/c770c9bb-4de1-44be-aacb-b4bea3efbacf/83d44f35-025b-4696-a7c5-0fa4d0aae1e7/45e87735-e64b-4bda-9f11-6353c9bde9cc.png "HTTP/2 200 OK"
2025-03-01 09:40:24,318 - httpx - INFO - HTTP Request: POST https://hmdqtnywfebxjugxzlvc.supabase.co/storage/v1/object/textbooks/c770c9bb-4de1-44be-aacb-b4bea3efbacf/83d44f35-025b-4696-a7c5-0fa4d0aae1e7/2ddcfcd8-d67d-48e6-8fba-7acc9f779d47.png "HTTP/2 200 OK"
2025-03-01 09:40:24,604 - httpx - INFO - HTTP Request: POST https://hmdqtnywfebxjugxzlvc.supabase.co/storage/v1/object/textbooks/c770c9bb-4de1-44be-aacb-b4bea3efbacf/83d44f35-025b-4696-a7c5-0fa4d0aae1e7/bfe78da7-55e1-4409-892b-54edcc159507.png "HTTP/2 200 OK"
2025-03-01 09:40:25,089 - httpx - INFO - HTTP Request: POST https://hmdqtnywfebxjugxzlvc.supabase.co/storage/v1/object/textbooks/c770c9bb-4de1-44be-aacb-b4bea3efbacf/83d44f35-025b-4696-a7c5-0fa4d0aae1e7/316f1c73-ee22-40a7-ad83-6b8add089de5.png "HTTP/2 200 OK"
2025-03-01 09:40:25,555 - httpx - INFO - HTTP Request: POST https://hmdqtnywfebxjugxzlvc.supabase.co/storage/v1/object/textbooks/c770c9bb-4de1-44be-aacb-b4bea3efbacf/83d44f35-025b-4696-a7c5-0fa4d0aae1e7/07f89cfd-0e77-4eca-8c2f-bd11b15ca641.png "HTTP/2 200 OK"
2025-03-01 09:40:26,069 - httpx - INFO - HTTP Request: POST https://hmdqtnywfebxjugxzlvc.supabase.co/storage/v1/object/textbooks/c770c9bb-4de1-44be-aacb-b4bea3efbacf/83d44f35-025b-4696-a7c5-0fa4d0aae1e7/7374b50f-0a21-4928-886e-b19a1e90cb45.png "HTTP/2 200 OK"
2025-03-01 09:40:26,515 - httpx - INFO - HTTP Request: POST https://hmdqtnywfebxjugxzlvc.supabase.co/storage/v1/object/textbooks/c770c9bb-4de1-44be-aacb-b4bea3efbacf/83d44f35-025b-4696-a7c5-0fa4d0aae1e7/8c9c6c90-702e-4683-b056-940f1a87e41c.png "HTTP/2 200 OK"
2025-03-01 09:40:26,916 - httpx - INFO - HTTP Request: POST https://hmdqtnywfebxjugxzlvc.supabase.co/storage/v1/object/textbooks/c770c9bb-4de1-44be-aacb-b4bea3efbacf/83d44f35-025b-4696-a7c5-0fa4d0aae1e7/6f16df57-0d44-4488-9e78-b9a149536117.png "HTTP/2 200 OK"
2025-03-01 09:40:27,359 - httpx - INFO - HTTP Request: POST https://hmdqtnywfebxjugxzlvc.supabase.co/storage/v1/object/textbooks/c770c9bb-4de1-44be-aacb-b4bea3efbacf/83d44f35-025b-4696-a7c5-0fa4d0aae1e7/fd9085f5-ec3b-4d06-8800-fc3a13289c95.png "HTTP/2 200 OK"
2025-03-01 09:40:27,775 - httpx - INFO - HTTP Request: POST https://hmdqtnywfebxjugxzlvc.supabase.co/storage/v1/object/textbooks/c770c9bb-4de1-44be-aacb-b4bea3efbacf/83d44f35-025b-4696-a7c5-0fa4d0aae1e7/2ab7c200-96c4-4b65-85e9-83ab257856c5.png "HTTP/2 200 OK"
2025-03-01 09:40:28,194 - httpx - INFO - HTTP Request: POST https://hmdqtnywfebxjugxzlvc.supabase.co/storage/v1/object/textbooks/c770c9bb-4de1-44be-aacb-b4bea3efbacf/83d44f35-025b-4696-a7c5-0fa4d0aae1e7/e86efcb6-4b5a-4033-92e8-ab87825af283.png "HTTP/2 200 OK"
2025-03-01 09:40:28,616 - httpx - INFO - HTTP Request: POST https://hmdqtnywfebxjugxzlvc.supabase.co/storage/v1/object/textbooks/c770c9bb-4de1-44be-aacb-b4bea3efbacf/83d44f35-025b-4696-a7c5-0fa4d0aae1e7/f45d2e39-8e34-4d78-999f-9305e3303fd2.png "HTTP/2 200 OK"
2025-03-01 09:40:30,459 - httpx - INFO - HTTP Request: POST https://hmdqtnywfebxjugxzlvc.supabase.co/storage/v1/object/textbooks/c770c9bb-4de1-44be-aacb-b4bea3efbacf/83d44f35-025b-4696-a7c5-0fa4d0aae1e7/38e19966-7249-4454-a496-a4c365088891.png "HTTP/2 200 OK"
2025-03-01 09:40:30,991 - httpx - INFO - HTTP Request: POST https://hmdqtnywfebxjugxzlvc.supabase.co/storage/v1/object/textbooks/c770c9bb-4de1-44be-aacb-b4bea3efbacf/83d44f35-025b-4696-a7c5-0fa4d0aae1e7/4e9135a0-59d6-4630-aa8b-338a64a4dcaf.png "HTTP/2 200 OK"
2025-03-01 09:40:31,486 - httpx - INFO - HTTP Request: POST https://hmdqtnywfebxjugxzlvc.supabase.co/storage/v1/object/textbooks/c770c9bb-4de1-44be-aacb-b4bea3efbacf/83d44f35-025b-4696-a7c5-0fa4d0aae1e7/8fc80ae5-bff3-455c-84d1-beb0af195642.png "HTTP/2 200 OK"
2025-03-01 09:40:31,881 - httpx - INFO - HTTP Request: POST https://hmdqtnywfebxjugxzlvc.supabase.co/storage/v1/object/textbooks/c770c9bb-4de1-44be-aacb-b4bea3efbacf/83d44f35-025b-4696-a7c5-0fa4d0aae1e7/77af80aa-8cc1-473b-aa2c-6a66343be53c.png "HTTP/2 200 OK"
2025-03-01 09:40:32,486 - httpx - INFO - HTTP Request: POST https://hmdqtnywfebxjugxzlvc.supabase.co/storage/v1/object/textbooks/c770c9bb-4de1-44be-aacb-b4bea3efbacf/83d44f35-025b-4696-a7c5-0fa4d0aae1e7/83ef59ac-886b-4cee-bdc4-67d8f810ebf3.png "HTTP/2 200 OK"
2025-03-01 09:40:33,362 - httpx - INFO - HTTP Request: POST https://hmdqtnywfebxjugxzlvc.supabase.co/storage/v1/object/textbooks/c770c9bb-4de1-44be-aacb-b4bea3efbacf/83d44f35-025b-4696-a7c5-0fa4d0aae1e7/9efe5578-5eba-4959-8e8a-abdbb0f31d87.png "HTTP/2 200 OK"
2025-03-01 09:40:34,218 - httpx - INFO - HTTP Request: POST https://hmdqtnywfebxjugxzlvc.supabase.co/storage/v1/object/textbooks/c770c9bb-4de1-44be-aacb-b4bea3efbacf/83d44f35-025b-4696-a7c5-0fa4d0aae1e7/80fc4f08-ec5d-49a2-9b09-272a54758508.png "HTTP/2 200 OK"
2025-03-01 09:40:34,993 - httpx - INFO - HTTP Request: POST https://hmdqtnywfebxjugxzlvc.supabase.co/storage/v1/object/textbooks/c770c9bb-4de1-44be-aacb-b4bea3efbacf/83d44f35-025b-4696-a7c5-0fa4d0aae1e7/c7fcd1cf-ea48-4f5b-845a-727b4825745d.png "HTTP/2 200 OK"
2025-03-01 09:40:35,606 - httpx - INFO - HTTP Request: POST https://hmdqtnywfebxjugxzlvc.supabase.co/storage/v1/object/textbooks/c770c9bb-4de1-44be-aacb-b4bea3efbacf/83d44f35-025b-4696-a7c5-0fa4d0aae1e7/2cd06c51-7a4a-4864-8db1-e1667f9c24f4.png "HTTP/2 200 OK"
2025-03-01 09:40:36,012 - httpx - INFO - HTTP Request: POST https://hmdqtnywfebxjugxzlvc.supabase.co/storage/v1/object/textbooks/c770c9bb-4de1-44be-aacb-b4bea3efbacf/83d44f35-025b-4696-a7c5-0fa4d0aae1e7/beb732a2-28ae-4202-9bab-0a78da47a3f3.png "HTTP/2 200 OK"
2025-03-01 09:40:36,684 - httpx - INFO - HTTP Request: POST https://hmdqtnywfebxjugxzlvc.supabase.co/storage/v1/object/textbooks/c770c9bb-4de1-44be-aacb-b4bea3efbacf/83d44f35-025b-4696-a7c5-0fa4d0aae1e7/f6f1c73e-069d-4fef-a694-53af3935cf28.png "HTTP/2 200 OK"
2025-03-01 09:40:37,354 - httpx - INFO - HTTP Request: POST https://hmdqtnywfebxjugxzlvc.supabase.co/storage/v1/object/textbooks/c770c9bb-4de1-44be-aacb-b4bea3efbacf/83d44f35-025b-4696-a7c5-0fa4d0aae1e7/02e90e68-be74-497f-9244-a0c9fe9da328.png "HTTP/2 200 OK"
2025-03-01 09:40:38,063 - httpx - INFO - HTTP Request: POST https://hmdqtnywfebxjugxzlvc.supabase.co/storage/v1/object/textbooks/c770c9bb-4de1-44be-aacb-b4bea3efbacf/83d44f35-025b-4696-a7c5-0fa4d0aae1e7/565d1e79-c5bd-4cfe-91c5-92391eaba2d8.png "HTTP/2 200 OK"
2025-03-01 09:40:38,953 - httpx - INFO - HTTP Request: POST https://hmdqtnywfebxjugxzlvc.supabase.co/storage/v1/object/textbooks/c770c9bb-4de1-44be-aacb-b4bea3efbacf/83d44f35-025b-4696-a7c5-0fa4d0aae1e7/89eeb32f-978e-4dae-8548-a5f755cb14f2.png "HTTP/2 200 OK"
2025-03-01 09:40:39,308 - httpx - INFO - HTTP Request: POST https://hmdqtnywfebxjugxzlvc.supabase.co/storage/v1/object/textbooks/c770c9bb-4de1-44be-aacb-b4bea3efbacf/83d44f35-025b-4696-a7c5-0fa4d0aae1e7/8a912fa8-9873-4518-83bb-91e9c32f7ed2.png "HTTP/2 200 OK"
2025-03-01 09:40:39,716 - httpx - INFO - HTTP Request: POST https://hmdqtnywfebxjugxzlvc.supabase.co/storage/v1/object/textbooks/c770c9bb-4de1-44be-aacb-b4bea3efbacf/83d44f35-025b-4696-a7c5-0fa4d0aae1e7/1456ea0e-0abd-4f9c-b27d-75e3191d736a.png "HTTP/2 200 OK"
2025-03-01 09:40:40,187 - httpx - INFO - HTTP Request: POST https://hmdqtnywfebxjugxzlvc.supabase.co/storage/v1/object/textbooks/c770c9bb-4de1-44be-aacb-b4bea3efbacf/83d44f35-025b-4696-a7c5-0fa4d0aae1e7/8cc49cdd-90d4-4193-a974-7438c96a2df0.png "HTTP/2 200 OK"
2025-03-01 09:40:40,635 - httpx - INFO - HTTP Request: POST https://hmdqtnywfebxjugxzlvc.supabase.co/storage/v1/object/textbooks/c770c9bb-4de1-44be-aacb-b4bea3efbacf/83d44f35-025b-4696-a7c5-0fa4d0aae1e7/6ca55fc0-a03d-43af-b1fc-679a35ef0592.png "HTTP/2 200 OK"
2025-03-01 09:40:41,173 - httpx - INFO - HTTP Request: POST https://hmdqtnywfebxjugxzlvc.supabase.co/storage/v1/object/textbooks/c770c9bb-4de1-44be-aacb-b4bea3efbacf/83d44f35-025b-4696-a7c5-0fa4d0aae1e7/e6f663d6-9755-45fd-83e0-4af72fa7acc7.png "HTTP/2 200 OK"
2025-03-01 09:40:41,665 - httpx - INFO - HTTP Request: POST https://hmdqtnywfebxjugxzlvc.supabase.co/storage/v1/object/textbooks/c770c9bb-4de1-44be-aacb-b4bea3efbacf/83d44f35-025b-4696-a7c5-0fa4d0aae1e7/4798a517-cd17-4f1b-860c-db1af21be361.png "HTTP/2 200 OK"
2025-03-01 09:40:42,119 - httpx - INFO - HTTP Request: POST https://hmdqtnywfebxjugxzlvc.supabase.co/storage/v1/object/textbooks/c770c9bb-4de1-44be-aacb-b4bea3efbacf/83d44f35-025b-4696-a7c5-0fa4d0aae1e7/c1b49e52-c07e-48d3-be40-1eb263cfe115.png "HTTP/2 200 OK"
2025-03-01 09:40:42,642 - httpx - INFO - HTTP Request: POST https://hmdqtnywfebxjugxzlvc.supabase.co/storage/v1/object/textbooks/c770c9bb-4de1-44be-aacb-b4bea3efbacf/83d44f35-025b-4696-a7c5-0fa4d0aae1e7/69336435-6463-4b81-9c87-a0adbd57a8a6.png "HTTP/2 200 OK"
2025-03-01 09:40:43,097 - httpx - INFO - HTTP Request: POST https://hmdqtnywfebxjugxzlvc.supabase.co/storage/v1/object/textbooks/c770c9bb-4de1-44be-aacb-b4bea3efbacf/83d44f35-025b-4696-a7c5-0fa4d0aae1e7/2582e8b3-6d7b-46bb-becb-d1d6bc6b9dc3.png "HTTP/2 200 OK"
2025-03-01 09:40:43,633 - httpx - INFO - HTTP Request: POST https://hmdqtnywfebxjugxzlvc.supabase.co/storage/v1/object/textbooks/c770c9bb-4de1-44be-aacb-b4bea3efbacf/83d44f35-025b-4696-a7c5-0fa4d0aae1e7/134f1fe5-3b9c-42d5-a7f2-e55631074e9f.png "HTTP/2 200 OK"
2025-03-01 09:40:44,182 - httpx - INFO - HTTP Request: POST https://hmdqtnywfebxjugxzlvc.supabase.co/storage/v1/object/textbooks/c770c9bb-4de1-44be-aacb-b4bea3efbacf/83d44f35-025b-4696-a7c5-0fa4d0aae1e7/d8a5f73e-3ad3-4092-bb4a-932c330a154c.png "HTTP/2 200 OK"
2025-03-01 09:40:44,689 - httpx - INFO - HTTP Request: POST https://hmdqtnywfebxjugxzlvc.supabase.co/storage/v1/object/textbooks/c770c9bb-4de1-44be-aacb-b4bea3efbacf/83d44f35-025b-4696-a7c5-0fa4d0aae1e7/9d6509ae-59fa-4139-ab9f-122d5adcf1de.png "HTTP/2 200 OK"
2025-03-01 09:40:45,135 - httpx - INFO - HTTP Request: POST https://hmdqtnywfebxjugxzlvc.supabase.co/storage/v1/object/textbooks/c770c9bb-4de1-44be-aacb-b4bea3efbacf/83d44f35-025b-4696-a7c5-0fa4d0aae1e7/83ba6a57-c2a6-4ec3-a522-77946af89ec4.png "HTTP/2 200 OK"
2025-03-01 09:40:45,628 - httpx - INFO - HTTP Request: POST https://hmdqtnywfebxjugxzlvc.supabase.co/storage/v1/object/textbooks/c770c9bb-4de1-44be-aacb-b4bea3efbacf/83d44f35-025b-4696-a7c5-0fa4d0aae1e7/8db8a64e-5e3e-4f92-a2f9-a134022fb103.png "HTTP/2 200 OK"
2025-03-01 09:40:46,173 - httpx - INFO - HTTP Request: POST https://hmdqtnywfebxjugxzlvc.supabase.co/storage/v1/object/textbooks/c770c9bb-4de1-44be-aacb-b4bea3efbacf/83d44f35-025b-4696-a7c5-0fa4d0aae1e7/0cc8cff2-f3a8-4610-a167-f3dc8742fb33.png "HTTP/2 200 OK"
2025-03-01 09:40:46,580 - httpx - INFO - HTTP Request: POST https://hmdqtnywfebxjugxzlvc.supabase.co/storage/v1/object/textbooks/c770c9bb-4de1-44be-aacb-b4bea3efbacf/83d44f35-025b-4696-a7c5-0fa4d0aae1e7/3b731b09-ca77-4005-a7f3-bf28a2c4f3ee.png "HTTP/2 200 OK"
2025-03-01 09:40:47,123 - httpx - INFO - HTTP Request: POST https://hmdqtnywfebxjugxzlvc.supabase.co/storage/v1/object/textbooks/c770c9bb-4de1-44be-aacb-b4bea3efbacf/83d44f35-025b-4696-a7c5-0fa4d0aae1e7/919c2c0d-f2e3-4001-8ea4-fe0ed8ccf9de.png "HTTP/2 200 OK"
2025-03-01 09:40:47,569 - httpx - INFO - HTTP Request: POST https://hmdqtnywfebxjugxzlvc.supabase.co/storage/v1/object/textbooks/c770c9bb-4de1-44be-aacb-b4bea3efbacf/83d44f35-025b-4696-a7c5-0fa4d0aae1e7/59432193-20a7-499f-ad01-4b3a3547b798.png "HTTP/2 200 OK"
2025-03-01 09:40:47,978 - httpx - INFO - HTTP Request: POST https://hmdqtnywfebxjugxzlvc.supabase.co/storage/v1/object/textbooks/c770c9bb-4de1-44be-aacb-b4bea3efbacf/83d44f35-025b-4696-a7c5-0fa4d0aae1e7/3130f830-f9c3-47db-af0c-193da8c4ee1a.png "HTTP/2 200 OK"
2025-03-01 09:40:48,320 - httpx - INFO - HTTP Request: POST https://hmdqtnywfebxjugxzlvc.supabase.co/storage/v1/object/textbooks/c770c9bb-4de1-44be-aacb-b4bea3efbacf/83d44f35-025b-4696-a7c5-0fa4d0aae1e7/65c201a2-249a-4eab-bada-df9418839274.png "HTTP/2 200 OK"
2025-03-01 09:40:48,847 - httpx - INFO - HTTP Request: POST https://hmdqtnywfebxjugxzlvc.supabase.co/storage/v1/object/textbooks/c770c9bb-4de1-44be-aacb-b4bea3efbacf/83d44f35-025b-4696-a7c5-0fa4d0aae1e7/75db4b56-82fb-4439-9097-b379ff389cd7.png "HTTP/2 200 OK"
2025-03-01 09:40:49,273 - httpx - INFO - HTTP Request: POST https://hmdqtnywfebxjugxzlvc.supabase.co/storage/v1/object/textbooks/c770c9bb-4de1-44be-aacb-b4bea3efbacf/83d44f35-025b-4696-a7c5-0fa4d0aae1e7/d545e798-fb3f-4f5c-84af-936a56fe6d68.png "HTTP/2 200 OK"
2025-03-01 09:40:49,759 - httpx - INFO - HTTP Request: POST https://hmdqtnywfebxjugxzlvc.supabase.co/storage/v1/object/textbooks/c770c9bb-4de1-44be-aacb-b4bea3efbacf/83d44f35-025b-4696-a7c5-0fa4d0aae1e7/50ee45e0-151b-4b0e-b829-96063dd79e18.png "HTTP/2 200 OK"
2025-03-01 09:40:50,350 - httpx - INFO - HTTP Request: POST https://hmdqtnywfebxjugxzlvc.supabase.co/storage/v1/object/textbooks/c770c9bb-4de1-44be-aacb-b4bea3efbacf/83d44f35-025b-4696-a7c5-0fa4d0aae1e7/cacf8a3d-ffa5-44b7-8019-c13040b2534a.png "HTTP/2 200 OK"
2025-03-01 09:40:51,186 - httpx - INFO - HTTP Request: POST https://hmdqtnywfebxjugxzlvc.supabase.co/storage/v1/object/textbooks/c770c9bb-4de1-44be-aacb-b4bea3efbacf/83d44f35-025b-4696-a7c5-0fa4d0aae1e7/de8ed0ba-1511-460a-a486-191569590f12.png "HTTP/2 200 OK"
2025-03-01 09:40:52,045 - httpx - INFO - HTTP Request: POST https://hmdqtnywfebxjugxzlvc.supabase.co/storage/v1/object/textbooks/c770c9bb-4de1-44be-aacb-b4bea3efbacf/83d44f35-025b-4696-a7c5-0fa4d0aae1e7/977a80c7-f839-419a-a2fd-711f415ab42d.png "HTTP/2 200 OK"
2025-03-01 09:40:52,824 - httpx - INFO - HTTP Request: POST https://hmdqtnywfebxjugxzlvc.supabase.co/storage/v1/object/textbooks/c770c9bb-4de1-44be-aacb-b4bea3efbacf/83d44f35-025b-4696-a7c5-0fa4d0aae1e7/5025fdbb-b615-4afb-9f5a-98494cd5d28b.png "HTTP/2 200 OK"
2025-03-01 09:40:53,476 - httpx - INFO - HTTP Request: POST https://hmdqtnywfebxjugxzlvc.supabase.co/storage/v1/object/textbooks/c770c9bb-4de1-44be-aacb-b4bea3efbacf/83d44f35-025b-4696-a7c5-0fa4d0aae1e7/1e7da8fb-3053-4753-aa99-160e042a6179.png "HTTP/2 200 OK"
2025-03-01 09:40:54,187 - httpx - INFO - HTTP Request: POST https://hmdqtnywfebxjugxzlvc.supabase.co/storage/v1/object/textbooks/c770c9bb-4de1-44be-aacb-b4bea3efbacf/83d44f35-025b-4696-a7c5-0fa4d0aae1e7/6ed880fd-2b38-47c2-9411-22c9b2de68ad.png "HTTP/2 200 OK"
2025-03-01 09:40:54,708 - httpx - INFO - HTTP Request: POST https://hmdqtnywfebxjugxzlvc.supabase.co/storage/v1/object/textbooks/c770c9bb-4de1-44be-aacb-b4bea3efbacf/83d44f35-025b-4696-a7c5-0fa4d0aae1e7/5b968367-c5aa-4491-aa3e-28940f499b68.png "HTTP/2 200 OK"
2025-03-01 09:40:55,394 - httpx - INFO - HTTP Request: POST https://hmdqtnywfebxjugxzlvc.supabase.co/storage/v1/object/textbooks/c770c9bb-4de1-44be-aacb-b4bea3efbacf/83d44f35-025b-4696-a7c5-0fa4d0aae1e7/68f482a6-fa0d-4706-ba01-b0b6e8eac3d7.png "HTTP/2 200 OK"
2025-03-01 09:40:56,276 - httpx - INFO - HTTP Request: POST https://hmdqtnywfebxjugxzlvc.supabase.co/storage/v1/object/textbooks/c770c9bb-4de1-44be-aacb-b4bea3efbacf/83d44f35-025b-4696-a7c5-0fa4d0aae1e7/d976c2eb-835a-499d-a462-e5eb3593a0f9.png "HTTP/2 200 OK"
2025-03-01 09:40:56,992 - httpx - INFO - HTTP Request: POST https://hmdqtnywfebxjugxzlvc.supabase.co/storage/v1/object/textbooks/c770c9bb-4de1-44be-aacb-b4bea3efbacf/83d44f35-025b-4696-a7c5-0fa4d0aae1e7/d1d8c17e-22f2-4078-9dd2-19b9f311e068.png "HTTP/2 200 OK"
2025-03-01 09:40:57,527 - httpx - INFO - HTTP Request: POST https://hmdqtnywfebxjugxzlvc.supabase.co/storage/v1/object/textbooks/c770c9bb-4de1-44be-aacb-b4bea3efbacf/83d44f35-025b-4696-a7c5-0fa4d0aae1e7/55b399a9-f1ff-4282-8355-577d8e304025.png "HTTP/2 200 OK"
2025-03-01 09:40:58,036 - httpx - INFO - HTTP Request: POST https://hmdqtnywfebxjugxzlvc.supabase.co/storage/v1/object/textbooks/c770c9bb-4de1-44be-aacb-b4bea3efbacf/83d44f35-025b-4696-a7c5-0fa4d0aae1e7/1a137f7b-0b42-489d-b4e9-b540771d7e28.png "HTTP/2 200 OK"
2025-03-01 09:40:58,371 - httpx - INFO - HTTP Request: POST https://hmdqtnywfebxjugxzlvc.supabase.co/storage/v1/object/textbooks/c770c9bb-4de1-44be-aacb-b4bea3efbacf/83d44f35-025b-4696-a7c5-0fa4d0aae1e7/19f16d9d-e4c4-425e-9194-34eea9a52184.png "HTTP/2 200 OK"
2025-03-01 09:40:58,716 - httpx - INFO - HTTP Request: POST https://hmdqtnywfebxjugxzlvc.supabase.co/storage/v1/object/textbooks/c770c9bb-4de1-44be-aacb-b4bea3efbacf/83d44f35-025b-4696-a7c5-0fa4d0aae1e7/814bb83f-e0a4-4c82-a480-503ed21280aa.png "HTTP/2 200 OK"
2025-03-01 09:40:59,013 - httpx - INFO - HTTP Request: POST https://hmdqtnywfebxjugxzlvc.supabase.co/storage/v1/object/textbooks/c770c9bb-4de1-44be-aacb-b4bea3efbacf/83d44f35-025b-4696-a7c5-0fa4d0aae1e7/5f85fbc5-5b0c-4289-ab52-736481f7b87a.png "HTTP/2 200 OK"
2025-03-01 09:40:59,412 - httpx - INFO - HTTP Request: POST https://hmdqtnywfebxjugxzlvc.supabase.co/storage/v1/object/textbooks/c770c9bb-4de1-44be-aacb-b4bea3efbacf/83d44f35-025b-4696-a7c5-0fa4d0aae1e7/b8342399-b620-494e-a051-68a4173851f2.png "HTTP/2 200 OK"
2025-03-01 09:40:59,996 - httpx - INFO - HTTP Request: POST https://hmdqtnywfebxjugxzlvc.supabase.co/storage/v1/object/textbooks/c770c9bb-4de1-44be-aacb-b4bea3efbacf/83d44f35-025b-4696-a7c5-0fa4d0aae1e7/2c587b1f-a06d-4a85-b269-cc1f008ff2a3.png "HTTP/2 200 OK"
2025-03-01 09:41:00,363 - httpx - INFO - HTTP Request: POST https://hmdqtnywfebxjugxzlvc.supabase.co/storage/v1/object/textbooks/c770c9bb-4de1-44be-aacb-b4bea3efbacf/83d44f35-025b-4696-a7c5-0fa4d0aae1e7/2682545f-c341-485c-8144-5e885c357367.png "HTTP/2 200 OK"
2025-03-01 09:41:00,731 - httpx - INFO - HTTP Request: POST https://hmdqtnywfebxjugxzlvc.supabase.co/storage/v1/object/textbooks/c770c9bb-4de1-44be-aacb-b4bea3efbacf/83d44f35-025b-4696-a7c5-0fa4d0aae1e7/4e4ab0e9-16bb-4486-8ea8-f9e8a880988c.png "HTTP/2 200 OK"
2025-03-01 09:41:01,179 - httpx - INFO - HTTP Request: POST https://hmdqtnywfebxjugxzlvc.supabase.co/storage/v1/object/textbooks/c770c9bb-4de1-44be-aacb-b4bea3efbacf/83d44f35-025b-4696-a7c5-0fa4d0aae1e7/fa70c8c6-053a-44d2-955e-8aba6880b4c4.png "HTTP/2 200 OK"
2025-03-01 09:41:01,737 - httpx - INFO - HTTP Request: POST https://hmdqtnywfebxjugxzlvc.supabase.co/storage/v1/object/textbooks/c770c9bb-4de1-44be-aacb-b4bea3efbacf/83d44f35-025b-4696-a7c5-0fa4d0aae1e7/59df330d-2e16-41a6-b8a3-ea49b28409a4.png "HTTP/2 200 OK"
2025-03-01 09:41:02,166 - httpx - INFO - HTTP Request: POST https://hmdqtnywfebxjugxzlvc.supabase.co/storage/v1/object/textbooks/c770c9bb-4de1-44be-aacb-b4bea3efbacf/83d44f35-025b-4696-a7c5-0fa4d0aae1e7/4e3e3743-d551-4f44-86da-95b5d31439dc.png "HTTP/2 200 OK"
2025-03-01 09:41:02,528 - httpx - INFO - HTTP Request: POST https://hmdqtnywfebxjugxzlvc.supabase.co/storage/v1/object/textbooks/c770c9bb-4de1-44be-aacb-b4bea3efbacf/83d44f35-025b-4696-a7c5-0fa4d0aae1e7/561fdbdd-daf1-4c61-b89e-705db94254fc.png "HTTP/2 200 OK"
2025-03-01 09:41:02,934 - httpx - INFO - HTTP Request: POST https://hmdqtnywfebxjugxzlvc.supabase.co/storage/v1/object/textbooks/c770c9bb-4de1-44be-aacb-b4bea3efbacf/83d44f35-025b-4696-a7c5-0fa4d0aae1e7/d43260f4-be5c-4716-8ce4-45c7844565f6.png "HTTP/2 200 OK"
2025-03-01 09:41:03,408 - httpx - INFO - HTTP Request: POST https://hmdqtnywfebxjugxzlvc.supabase.co/storage/v1/object/textbooks/c770c9bb-4de1-44be-aacb-b4bea3efbacf/83d44f35-025b-4696-a7c5-0fa4d0aae1e7/8a670252-9795-4416-b1e8-dc5a96316f01.png "HTTP/2 200 OK"
2025-03-01 09:41:03,856 - httpx - INFO - HTTP Request: POST https://hmdqtnywfebxjugxzlvc.supabase.co/storage/v1/object/textbooks/c770c9bb-4de1-44be-aacb-b4bea3efbacf/83d44f35-025b-4696-a7c5-0fa4d0aae1e7/66556d22-a9df-4b68-b702-65b2cf8fac52.png "HTTP/2 200 OK"
2025-03-01 09:41:04,336 - httpx - INFO - HTTP Request: POST https://hmdqtnywfebxjugxzlvc.supabase.co/storage/v1/object/textbooks/c770c9bb-4de1-44be-aacb-b4bea3efbacf/83d44f35-025b-4696-a7c5-0fa4d0aae1e7/b93e4602-4275-4050-bcdf-2a07c15fe783.png "HTTP/2 200 OK"
2025-03-01 09:41:04,738 - httpx - INFO - HTTP Request: POST https://hmdqtnywfebxjugxzlvc.supabase.co/storage/v1/object/textbooks/c770c9bb-4de1-44be-aacb-b4bea3efbacf/83d44f35-025b-4696-a7c5-0fa4d0aae1e7/d38f53a3-5532-48ac-85cc-007147879d2f.png "HTTP/2 200 OK"
2025-03-01 09:41:05,193 - httpx - INFO - HTTP Request: POST https://hmdqtnywfebxjugxzlvc.supabase.co/storage/v1/object/textbooks/c770c9bb-4de1-44be-aacb-b4bea3efbacf/83d44f35-025b-4696-a7c5-0fa4d0aae1e7/e57682f1-bef5-4c26-aa7a-b98bd0b77585.png "HTTP/2 200 OK"
2025-03-01 09:41:05,623 - httpx - INFO - HTTP Request: POST https://hmdqtnywfebxjugxzlvc.supabase.co/storage/v1/object/textbooks/c770c9bb-4de1-44be-aacb-b4bea3efbacf/83d44f35-025b-4696-a7c5-0fa4d0aae1e7/a22c43e7-e2cb-423b-aa6f-69d721bc928f.png "HTTP/2 200 OK"
2025-03-01 09:41:06,039 - httpx - INFO - HTTP Request: POST https://hmdqtnywfebxjugxzlvc.supabase.co/storage/v1/object/textbooks/c770c9bb-4de1-44be-aacb-b4bea3efbacf/83d44f35-025b-4696-a7c5-0fa4d0aae1e7/da04de59-8ce2-450d-a6c8-a4bf8ac9b6e6.png "HTTP/2 200 OK"
2025-03-01 09:41:06,438 - httpx - INFO - HTTP Request: POST https://hmdqtnywfebxjugxzlvc.supabase.co/storage/v1/object/textbooks/c770c9bb-4de1-44be-aacb-b4bea3efbacf/83d44f35-025b-4696-a7c5-0fa4d0aae1e7/08db5244-662a-43a5-a8b4-93759e8f621d.png "HTTP/2 200 OK"
2025-03-01 09:41:06,871 - httpx - INFO - HTTP Request: POST https://hmdqtnywfebxjugxzlvc.supabase.co/storage/v1/object/textbooks/c770c9bb-4de1-44be-aacb-b4bea3efbacf/83d44f35-025b-4696-a7c5-0fa4d0aae1e7/96c42b4d-1dc3-4b4c-b612-565650e51427.png "HTTP/2 200 OK"
2025-03-01 09:41:07,293 - httpx - INFO - HTTP Request: POST https://hmdqtnywfebxjugxzlvc.supabase.co/storage/v1/object/textbooks/c770c9bb-4de1-44be-aacb-b4bea3efbacf/83d44f35-025b-4696-a7c5-0fa4d0aae1e7/e21fe6c6-7866-4881-bcf4-6d73649b8ebd.png "HTTP/2 200 OK"
2025-03-01 09:41:07,709 - httpx - INFO - HTTP Request: POST https://hmdqtnywfebxjugxzlvc.supabase.co/storage/v1/object/textbooks/c770c9bb-4de1-44be-aacb-b4bea3efbacf/83d44f35-025b-4696-a7c5-0fa4d0aae1e7/62d18434-c415-43a7-8487-5ccde3441b63.png "HTTP/2 200 OK"
2025-03-01 09:41:08,193 - httpx - INFO - HTTP Request: POST https://hmdqtnywfebxjugxzlvc.supabase.co/storage/v1/object/textbooks/c770c9bb-4de1-44be-aacb-b4bea3efbacf/83d44f35-025b-4696-a7c5-0fa4d0aae1e7/35e9ad50-27c2-4cfc-8a76-e8d42eafa511.png "HTTP/2 200 OK"
2025-03-01 09:41:09,027 - httpx - INFO - HTTP Request: POST https://hmdqtnywfebxjugxzlvc.supabase.co/storage/v1/object/textbooks/c770c9bb-4de1-44be-aacb-b4bea3efbacf/83d44f35-025b-4696-a7c5-0fa4d0aae1e7/64a9fd8a-ce7d-4425-bf96-9a0cc12ba070.png "HTTP/2 200 OK"
2025-03-01 09:41:09,892 - httpx - INFO - HTTP Request: POST https://hmdqtnywfebxjugxzlvc.supabase.co/storage/v1/object/textbooks/c770c9bb-4de1-44be-aacb-b4bea3efbacf/83d44f35-025b-4696-a7c5-0fa4d0aae1e7/bc4d32bc-c569-4d9a-9139-80e8355a58fe.png "HTTP/2 200 OK"
2025-03-01 09:41:10,600 - httpx - INFO - HTTP Request: POST https://hmdqtnywfebxjugxzlvc.supabase.co/storage/v1/object/textbooks/c770c9bb-4de1-44be-aacb-b4bea3efbacf/83d44f35-025b-4696-a7c5-0fa4d0aae1e7/a484d074-9ec6-4322-a5e7-6aea7969e7b4.png "HTTP/2 200 OK"
2025-03-01 09:41:11,320 - httpx - INFO - HTTP Request: POST https://hmdqtnywfebxjugxzlvc.supabase.co/storage/v1/object/textbooks/c770c9bb-4de1-44be-aacb-b4bea3efbacf/83d44f35-025b-4696-a7c5-0fa4d0aae1e7/a464d36f-2300-43b0-93fb-5e51ee77a423.png "HTTP/2 200 OK"
2025-03-01 09:41:11,755 - httpx - INFO - HTTP Request: POST https://hmdqtnywfebxjugxzlvc.supabase.co/storage/v1/object/textbooks/c770c9bb-4de1-44be-aacb-b4bea3efbacf/83d44f35-025b-4696-a7c5-0fa4d0aae1e7/1a5a6a6f-c392-4b4d-9f9a-ced33c98b436.png "HTTP/2 200 OK"
2025-03-01 09:41:12,172 - httpx - INFO - HTTP Request: POST https://hmdqtnywfebxjugxzlvc.supabase.co/storage/v1/object/textbooks/c770c9bb-4de1-44be-aacb-b4bea3efbacf/83d44f35-025b-4696-a7c5-0fa4d0aae1e7/b29e3a39-4168-4998-a03a-62fb17754de7.png "HTTP/2 200 OK"
2025-03-01 09:41:12,531 - httpx - INFO - HTTP Request: POST https://hmdqtnywfebxjugxzlvc.supabase.co/storage/v1/object/textbooks/c770c9bb-4de1-44be-aacb-b4bea3efbacf/83d44f35-025b-4696-a7c5-0fa4d0aae1e7/50097a39-95b1-4b1f-bd9f-2ac880514923.png "HTTP/2 200 OK"
2025-03-01 09:41:13,046 - httpx - INFO - HTTP Request: POST https://hmdqtnywfebxjugxzlvc.supabase.co/storage/v1/object/textbooks/c770c9bb-4de1-44be-aacb-b4bea3efbacf/83d44f35-025b-4696-a7c5-0fa4d0aae1e7/b80fe432-e630-41ee-8d3b-1a0a84279523.png "HTTP/2 200 OK"
2025-03-01 09:41:14,352 - httpx - INFO - HTTP Request: POST https://hmdqtnywfebxjugxzlvc.supabase.co/storage/v1/object/textbooks/c770c9bb-4de1-44be-aacb-b4bea3efbacf/83d44f35-025b-4696-a7c5-0fa4d0aae1e7/f61bcdac-1426-45d8-a614-aa8e1b1c995e.png "HTTP/2 200 OK"
2025-03-01 09:41:14,975 - httpx - INFO - HTTP Request: POST https://hmdqtnywfebxjugxzlvc.supabase.co/storage/v1/object/textbooks/c770c9bb-4de1-44be-aacb-b4bea3efbacf/83d44f35-025b-4696-a7c5-0fa4d0aae1e7/ece8ae7c-a6d8-4e1e-8270-1db1dbfbe2b5.png "HTTP/2 200 OK"
2025-03-01 09:41:15,538 - httpx - INFO - HTTP Request: POST https://hmdqtnywfebxjugxzlvc.supabase.co/storage/v1/object/textbooks/c770c9bb-4de1-44be-aacb-b4bea3efbacf/83d44f35-025b-4696-a7c5-0fa4d0aae1e7/e68fd51a-2e59-448c-869c-cbef14535501.png "HTTP/2 200 OK"
2025-03-01 09:41:16,087 - httpx - INFO - HTTP Request: POST https://hmdqtnywfebxjugxzlvc.supabase.co/storage/v1/object/textbooks/c770c9bb-4de1-44be-aacb-b4bea3efbacf/83d44f35-025b-4696-a7c5-0fa4d0aae1e7/6e4b1c5e-1988-4265-b1bb-af8bf4b73e65.png "HTTP/2 200 OK"
2025-03-01 09:41:16,817 - httpx - INFO - HTTP Request: POST https://hmdqtnywfebxjugxzlvc.supabase.co/storage/v1/object/textbooks/c770c9bb-4de1-44be-aacb-b4bea3efbacf/83d44f35-025b-4696-a7c5-0fa4d0aae1e7/cf1e994c-7d71-4009-b95d-f04375071c13.png "HTTP/2 200 OK"
2025-03-01 09:41:17,217 - httpx - INFO - HTTP Request: POST https://hmdqtnywfebxjugxzlvc.supabase.co/storage/v1/object/textbooks/c770c9bb-4de1-44be-aacb-b4bea3efbacf/83d44f35-025b-4696-a7c5-0fa4d0aae1e7/97331ebf-3aa7-4bd6-b4b7-d4419c262ad0.png "HTTP/2 200 OK"
2025-03-01 09:41:17,513 - httpx - INFO - HTTP Request: POST https://hmdqtnywfebxjugxzlvc.supabase.co/storage/v1/object/textbooks/c770c9bb-4de1-44be-aacb-b4bea3efbacf/83d44f35-025b-4696-a7c5-0fa4d0aae1e7/7315af86-0afd-490b-9582-f5b6fe1336aa.png "HTTP/2 200 OK"
2025-03-01 09:41:18,077 - httpx - INFO - HTTP Request: POST https://hmdqtnywfebxjugxzlvc.supabase.co/storage/v1/object/textbooks/c770c9bb-4de1-44be-aacb-b4bea3efbacf/83d44f35-025b-4696-a7c5-0fa4d0aae1e7/2d34fead-85e7-4daf-8e6e-c5a8802433eb.png "HTTP/2 200 OK"
2025-03-01 09:41:18,418 - httpx - INFO - HTTP Request: POST https://hmdqtnywfebxjugxzlvc.supabase.co/storage/v1/object/textbooks/c770c9bb-4de1-44be-aacb-b4bea3efbacf/83d44f35-025b-4696-a7c5-0fa4d0aae1e7/0162a280-af7d-49ea-8f0c-368b40d48d9e.png "HTTP/2 200 OK"
2025-03-01 09:41:18,779 - httpx - INFO - HTTP Request: POST https://hmdqtnywfebxjugxzlvc.supabase.co/storage/v1/object/textbooks/c770c9bb-4de1-44be-aacb-b4bea3efbacf/83d44f35-025b-4696-a7c5-0fa4d0aae1e7/dfa47c2f-e786-45ce-bde3-0b8f8948898e.png "HTTP/2 200 OK"
2025-03-01 09:41:19,164 - httpx - INFO - HTTP Request: POST https://hmdqtnywfebxjugxzlvc.supabase.co/storage/v1/object/textbooks/c770c9bb-4de1-44be-aacb-b4bea3efbacf/83d44f35-025b-4696-a7c5-0fa4d0aae1e7/2a4649ff-3912-4072-9093-c14eef437704.png "HTTP/2 200 OK"
2025-03-01 09:41:19,614 - httpx - INFO - HTTP Request: POST https://hmdqtnywfebxjugxzlvc.supabase.co/storage/v1/object/textbooks/c770c9bb-4de1-44be-aacb-b4bea3efbacf/83d44f35-025b-4696-a7c5-0fa4d0aae1e7/3af9efa8-f03e-4616-aaad-109c60012103.png "HTTP/2 200 OK"
2025-03-01 09:41:20,001 - httpx - INFO - HTTP Request: POST https://hmdqtnywfebxjugxzlvc.supabase.co/storage/v1/object/textbooks/c770c9bb-4de1-44be-aacb-b4bea3efbacf/83d44f35-025b-4696-a7c5-0fa4d0aae1e7/67b32f3c-eeb6-4259-b80e-b48cd984ca3c.png "HTTP/2 200 OK"
2025-03-01 09:41:20,327 - httpx - INFO - HTTP Request: POST https://hmdqtnywfebxjugxzlvc.supabase.co/storage/v1/object/textbooks/c770c9bb-4de1-44be-aacb-b4bea3efbacf/83d44f35-025b-4696-a7c5-0fa4d0aae1e7/f715506b-3f37-468b-9b94-739689a2f8cc.png "HTTP/2 200 OK"
2025-03-01 09:41:20,623 - httpx - INFO - HTTP Request: POST https://hmdqtnywfebxjugxzlvc.supabase.co/storage/v1/object/textbooks/c770c9bb-4de1-44be-aacb-b4bea3efbacf/83d44f35-025b-4696-a7c5-0fa4d0aae1e7/e39c71cf-6a0a-4318-a155-62059bae5b35.png "HTTP/2 200 OK"
2025-03-01 09:41:20,979 - httpx - INFO - HTTP Request: POST https://hmdqtnywfebxjugxzlvc.supabase.co/storage/v1/object/textbooks/c770c9bb-4de1-44be-aacb-b4bea3efbacf/83d44f35-025b-4696-a7c5-0fa4d0aae1e7/df00ad27-f028-4ee6-abb3-452ad61f2cf1.png "HTTP/2 200 OK"
2025-03-01 09:41:21,349 - httpx - INFO - HTTP Request: POST https://hmdqtnywfebxjugxzlvc.supabase.co/storage/v1/object/textbooks/c770c9bb-4de1-44be-aacb-b4bea3efbacf/83d44f35-025b-4696-a7c5-0fa4d0aae1e7/ba45a7af-cd36-4e0f-a623-261e4094fe32.png "HTTP/2 200 OK"
2025-03-01 09:41:21,668 - httpx - INFO - HTTP Request: POST https://hmdqtnywfebxjugxzlvc.supabase.co/storage/v1/object/textbooks/c770c9bb-4de1-44be-aacb-b4bea3efbacf/83d44f35-025b-4696-a7c5-0fa4d0aae1e7/28f885d1-913f-420c-851c-138e9b9331a4.png "HTTP/2 200 OK"
2025-03-01 09:41:22,172 - httpx - INFO - HTTP Request: POST https://hmdqtnywfebxjugxzlvc.supabase.co/storage/v1/object/textbooks/c770c9bb-4de1-44be-aacb-b4bea3efbacf/83d44f35-025b-4696-a7c5-0fa4d0aae1e7/a9a61c25-3f07-4074-a10c-58a328039be5.png "HTTP/2 200 OK"
2025-03-01 09:41:22,563 - httpx - INFO - HTTP Request: POST https://hmdqtnywfebxjugxzlvc.supabase.co/storage/v1/object/textbooks/c770c9bb-4de1-44be-aacb-b4bea3efbacf/83d44f35-025b-4696-a7c5-0fa4d0aae1e7/a8163b44-3289-45c1-9257-2bafc6124a12.png "HTTP/2 200 OK"
2025-03-01 09:41:22,942 - httpx - INFO - HTTP Request: POST https://hmdqtnywfebxjugxzlvc.supabase.co/storage/v1/object/textbooks/c770c9bb-4de1-44be-aacb-b4bea3efbacf/83d44f35-025b-4696-a7c5-0fa4d0aae1e7/7639fa8a-ebdc-42fe-ac79-6ad01c652bbf.png "HTTP/2 200 OK"
2025-03-01 09:41:23,406 - httpx - INFO - HTTP Request: POST https://hmdqtnywfebxjugxzlvc.supabase.co/storage/v1/object/textbooks/c770c9bb-4de1-44be-aacb-b4bea3efbacf/83d44f35-025b-4696-a7c5-0fa4d0aae1e7/561b1ee7-4acc-48e1-825c-863fa55bf530.png "HTTP/2 200 OK"
2025-03-01 09:41:23,785 - httpx - INFO - HTTP Request: POST https://hmdqtnywfebxjugxzlvc.supabase.co/storage/v1/object/textbooks/c770c9bb-4de1-44be-aacb-b4bea3efbacf/83d44f35-025b-4696-a7c5-0fa4d0aae1e7/71e290e2-f4fe-4256-af0a-8c94ea28a9e1.png "HTTP/2 200 OK"
2025-03-01 09:41:24,223 - httpx - INFO - HTTP Request: POST https://hmdqtnywfebxjugxzlvc.supabase.co/storage/v1/object/textbooks/c770c9bb-4de1-44be-aacb-b4bea3efbacf/83d44f35-025b-4696-a7c5-0fa4d0aae1e7/93580a6a-2ac0-4128-955e-dbd533c2f5b3.png "HTTP/2 200 OK"
2025-03-01 09:41:24,635 - httpx - INFO - HTTP Request: POST https://hmdqtnywfebxjugxzlvc.supabase.co/storage/v1/object/textbooks/c770c9bb-4de1-44be-aacb-b4bea3efbacf/83d44f35-025b-4696-a7c5-0fa4d0aae1e7/5dc2510f-fe95-4715-b31e-1e8425de4c47.png "HTTP/2 200 OK"
2025-03-01 09:41:25,049 - httpx - INFO - HTTP Request: POST https://hmdqtnywfebxjugxzlvc.supabase.co/storage/v1/object/textbooks/c770c9bb-4de1-44be-aacb-b4bea3efbacf/83d44f35-025b-4696-a7c5-0fa4d0aae1e7/bcc4524e-ebce-4df0-bb42-b107a403006f.png "HTTP/2 200 OK"
2025-03-01 09:41:25,505 - httpx - INFO - HTTP Request: POST https://hmdqtnywfebxjugxzlvc.supabase.co/storage/v1/object/textbooks/c770c9bb-4de1-44be-aacb-b4bea3efbacf/83d44f35-025b-4696-a7c5-0fa4d0aae1e7/d82fb5e9-79a7-4442-9026-b0421b1f89c7.png "HTTP/2 200 OK"
2025-03-01 09:41:25,938 - httpx - INFO - HTTP Request: POST https://hmdqtnywfebxjugxzlvc.supabase.co/storage/v1/object/textbooks/c770c9bb-4de1-44be-aacb-b4bea3efbacf/83d44f35-025b-4696-a7c5-0fa4d0aae1e7/36915414-a5e7-49c3-9605-7ce2a2d22fee.png "HTTP/2 200 OK"
2025-03-01 09:41:26,678 - httpx - INFO - HTTP Request: POST https://hmdqtnywfebxjugxzlvc.supabase.co/storage/v1/object/textbooks/c770c9bb-4de1-44be-aacb-b4bea3efbacf/83d44f35-025b-4696-a7c5-0fa4d0aae1e7/ce2efe97-b94d-40aa-8a85-51aa9dcc09f8.png "HTTP/2 200 OK"
2025-03-01 09:41:27,921 - httpx - INFO - HTTP Request: POST https://hmdqtnywfebxjugxzlvc.supabase.co/storage/v1/object/textbooks/c770c9bb-4de1-44be-aacb-b4bea3efbacf/83d44f35-025b-4696-a7c5-0fa4d0aae1e7/a7a5456f-27ab-4a5f-89ee-f454086e0f31.png "HTTP/2 200 OK"
2025-03-01 09:41:28,847 - httpx - INFO - HTTP Request: POST https://hmdqtnywfebxjugxzlvc.supabase.co/storage/v1/object/textbooks/c770c9bb-4de1-44be-aacb-b4bea3efbacf/83d44f35-025b-4696-a7c5-0fa4d0aae1e7/5a53d6fb-0730-4bb7-843e-c09d30236f94.png "HTTP/2 200 OK"
2025-03-01 09:41:29,594 - httpx - INFO - HTTP Request: POST https://hmdqtnywfebxjugxzlvc.supabase.co/storage/v1/object/textbooks/c770c9bb-4de1-44be-aacb-b4bea3efbacf/83d44f35-025b-4696-a7c5-0fa4d0aae1e7/ab3e37b2-6295-4647-880b-57f120a96d90.png "HTTP/2 200 OK"
2025-03-01 09:41:30,029 - httpx - INFO - HTTP Request: POST https://hmdqtnywfebxjugxzlvc.supabase.co/storage/v1/object/textbooks/c770c9bb-4de1-44be-aacb-b4bea3efbacf/83d44f35-025b-4696-a7c5-0fa4d0aae1e7/c292212e-9c3b-4930-8339-c4cc8c0918ec.png "HTTP/2 200 OK"
2025-03-01 09:41:30,869 - httpx - INFO - HTTP Request: POST https://hmdqtnywfebxjugxzlvc.supabase.co/storage/v1/object/textbooks/c770c9bb-4de1-44be-aacb-b4bea3efbacf/83d44f35-025b-4696-a7c5-0fa4d0aae1e7/b768b537-f33b-4c2e-87a8-dffbe54e8893.png "HTTP/2 200 OK"
2025-03-01 09:41:31,729 - httpx - INFO - HTTP Request: POST https://hmdqtnywfebxjugxzlvc.supabase.co/storage/v1/object/textbooks/c770c9bb-4de1-44be-aacb-b4bea3efbacf/83d44f35-025b-4696-a7c5-0fa4d0aae1e7/496ab90f-d1a8-4c24-9d9f-2782a0348774.png "HTTP/2 200 OK"
2025-03-01 09:41:32,514 - httpx - INFO - HTTP Request: POST https://hmdqtnywfebxjugxzlvc.supabase.co/storage/v1/object/textbooks/c770c9bb-4de1-44be-aacb-b4bea3efbacf/83d44f35-025b-4696-a7c5-0fa4d0aae1e7/5bb208c3-ad7b-4f51-8a20-025f46c02f36.png "HTTP/2 200 OK"
2025-03-01 09:41:33,099 - httpx - INFO - HTTP Request: POST https://hmdqtnywfebxjugxzlvc.supabase.co/storage/v1/object/textbooks/c770c9bb-4de1-44be-aacb-b4bea3efbacf/83d44f35-025b-4696-a7c5-0fa4d0aae1e7/2b27bb9c-cac4-46bd-984a-94c662f93c8b.png "HTTP/2 200 OK"
2025-03-01 09:41:33,506 - httpx - INFO - HTTP Request: POST https://hmdqtnywfebxjugxzlvc.supabase.co/storage/v1/object/textbooks/c770c9bb-4de1-44be-aacb-b4bea3efbacf/83d44f35-025b-4696-a7c5-0fa4d0aae1e7/813ac1cc-aa38-4a12-babc-c76347d312d1.png "HTTP/2 200 OK"
2025-03-01 09:41:33,952 - httpx - INFO - HTTP Request: POST https://hmdqtnywfebxjugxzlvc.supabase.co/storage/v1/object/textbooks/c770c9bb-4de1-44be-aacb-b4bea3efbacf/83d44f35-025b-4696-a7c5-0fa4d0aae1e7/8372c52c-88ab-427b-bc43-8c496a64cc73.png "HTTP/2 200 OK"
2025-03-01 09:41:34,387 - httpx - INFO - HTTP Request: POST https://hmdqtnywfebxjugxzlvc.supabase.co/storage/v1/object/textbooks/c770c9bb-4de1-44be-aacb-b4bea3efbacf/83d44f35-025b-4696-a7c5-0fa4d0aae1e7/54bef831-4fff-4d80-8883-60adbd7bd88e.png "HTTP/2 200 OK"
2025-03-01 09:41:34,897 - httpx - INFO - HTTP Request: POST https://hmdqtnywfebxjugxzlvc.supabase.co/storage/v1/object/textbooks/c770c9bb-4de1-44be-aacb-b4bea3efbacf/83d44f35-025b-4696-a7c5-0fa4d0aae1e7/ba13784b-d5c4-4479-8d06-2dc3be616459.png "HTTP/2 200 OK"
2025-03-01 09:41:35,319 - httpx - INFO - HTTP Request: POST https://hmdqtnywfebxjugxzlvc.supabase.co/storage/v1/object/textbooks/c770c9bb-4de1-44be-aacb-b4bea3efbacf/83d44f35-025b-4696-a7c5-0fa4d0aae1e7/6e50e4fc-d18f-49dc-8404-e2949b948d98.png "HTTP/2 200 OK"
2025-03-01 09:41:35,744 - httpx - INFO - HTTP Request: POST https://hmdqtnywfebxjugxzlvc.supabase.co/storage/v1/object/textbooks/c770c9bb-4de1-44be-aacb-b4bea3efbacf/83d44f35-025b-4696-a7c5-0fa4d0aae1e7/79e4b712-f7b2-43e1-9f1e-4f5dc6b769b0.png "HTTP/2 200 OK"
2025-03-01 09:41:36,132 - httpx - INFO - HTTP Request: POST https://hmdqtnywfebxjugxzlvc.supabase.co/storage/v1/object/textbooks/c770c9bb-4de1-44be-aacb-b4bea3efbacf/83d44f35-025b-4696-a7c5-0fa4d0aae1e7/ee9d36b3-0e92-4bad-a65b-01a4c0007cee.png "HTTP/2 200 OK"
2025-03-01 09:41:36,609 - httpx - INFO - HTTP Request: POST https://hmdqtnywfebxjugxzlvc.supabase.co/storage/v1/object/textbooks/c770c9bb-4de1-44be-aacb-b4bea3efbacf/83d44f35-025b-4696-a7c5-0fa4d0aae1e7/513050e9-3422-4cb2-a28a-8f12169faf57.png "HTTP/2 200 OK"
2025-03-01 09:41:36,971 - httpx - INFO - HTTP Request: POST https://hmdqtnywfebxjugxzlvc.supabase.co/storage/v1/object/textbooks/c770c9bb-4de1-44be-aacb-b4bea3efbacf/83d44f35-025b-4696-a7c5-0fa4d0aae1e7/eb736b9a-fd65-48c3-a415-b7c640c53b2b.png "HTTP/2 200 OK"
2025-03-01 09:41:37,611 - httpx - INFO - HTTP Request: POST https://hmdqtnywfebxjugxzlvc.supabase.co/storage/v1/object/textbooks/c770c9bb-4de1-44be-aacb-b4bea3efbacf/83d44f35-025b-4696-a7c5-0fa4d0aae1e7/abf55971-2fe8-4b82-9f19-7e4e7dc49868.png "HTTP/2 200 OK"
2025-03-01 09:41:38,031 - httpx - INFO - HTTP Request: POST https://hmdqtnywfebxjugxzlvc.supabase.co/storage/v1/object/textbooks/c770c9bb-4de1-44be-aacb-b4bea3efbacf/83d44f35-025b-4696-a7c5-0fa4d0aae1e7/1b213f6e-ec8e-4dd8-a72f-c0286502306e.png "HTTP/2 200 OK"
2025-03-01 09:41:38,453 - httpx - INFO - HTTP Request: POST https://hmdqtnywfebxjugxzlvc.supabase.co/storage/v1/object/textbooks/c770c9bb-4de1-44be-aacb-b4bea3efbacf/83d44f35-025b-4696-a7c5-0fa4d0aae1e7/fc44877e-6a6a-4465-8f31-0de31ee178a4.png "HTTP/2 200 OK"
2025-03-01 09:41:38,857 - httpx - INFO - HTTP Request: POST https://hmdqtnywfebxjugxzlvc.supabase.co/storage/v1/object/textbooks/c770c9bb-4de1-44be-aacb-b4bea3efbacf/83d44f35-025b-4696-a7c5-0fa4d0aae1e7/2388c22e-1918-40ea-bffa-d234a18ecb8f.png "HTTP/2 200 OK"
2025-03-01 09:41:39,215 - httpx - INFO - HTTP Request: POST https://hmdqtnywfebxjugxzlvc.supabase.co/storage/v1/object/textbooks/c770c9bb-4de1-44be-aacb-b4bea3efbacf/83d44f35-025b-4696-a7c5-0fa4d0aae1e7/5849562b-34f1-4bc8-87c2-b553e287d92d.png "HTTP/2 200 OK"
2025-03-01 09:41:39,578 - httpx - INFO - HTTP Request: POST https://hmdqtnywfebxjugxzlvc.supabase.co/storage/v1/object/textbooks/c770c9bb-4de1-44be-aacb-b4bea3efbacf/83d44f35-025b-4696-a7c5-0fa4d0aae1e7/c27e2743-c27a-47f7-9a27-ace1f126dabf.png "HTTP/2 200 OK"
2025-03-01 09:41:40,053 - httpx - INFO - HTTP Request: POST https://hmdqtnywfebxjugxzlvc.supabase.co/storage/v1/object/textbooks/c770c9bb-4de1-44be-aacb-b4bea3efbacf/83d44f35-025b-4696-a7c5-0fa4d0aae1e7/c8adf267-23ef-4d5b-957a-96bf4d89fcf0.png "HTTP/2 200 OK"
2025-03-01 09:41:40,452 - httpx - INFO - HTTP Request: POST https://hmdqtnywfebxjugxzlvc.supabase.co/storage/v1/object/textbooks/c770c9bb-4de1-44be-aacb-b4bea3efbacf/83d44f35-025b-4696-a7c5-0fa4d0aae1e7/7189acdc-8e62-4bac-ad3b-ec333176c2df.png "HTTP/2 200 OK"
2025-03-01 09:41:40,884 - httpx - INFO - HTTP Request: POST https://hmdqtnywfebxjugxzlvc.supabase.co/storage/v1/object/textbooks/c770c9bb-4de1-44be-aacb-b4bea3efbacf/83d44f35-025b-4696-a7c5-0fa4d0aae1e7/ec7bbe1d-c66e-4eac-abc3-c5dcbe418e38.png "HTTP/2 200 OK"
2025-03-01 09:41:41,240 - httpx - INFO - HTTP Request: POST https://hmdqtnywfebxjugxzlvc.supabase.co/storage/v1/object/textbooks/c770c9bb-4de1-44be-aacb-b4bea3efbacf/83d44f35-025b-4696-a7c5-0fa4d0aae1e7/7355a32f-f5b8-4221-ae56-b80ca096e333.png "HTTP/2 200 OK"
2025-03-01 09:41:41,633 - httpx - INFO - HTTP Request: POST https://hmdqtnywfebxjugxzlvc.supabase.co/storage/v1/object/textbooks/c770c9bb-4de1-44be-aacb-b4bea3efbacf/83d44f35-025b-4696-a7c5-0fa4d0aae1e7/31d3b105-e9ba-45cf-84d3-cbc027379dba.png "HTTP/2 200 OK"
2025-03-01 09:41:41,984 - httpx - INFO - HTTP Request: POST https://hmdqtnywfebxjugxzlvc.supabase.co/storage/v1/object/textbooks/c770c9bb-4de1-44be-aacb-b4bea3efbacf/83d44f35-025b-4696-a7c5-0fa4d0aae1e7/2e15c327-4b96-43bc-bbf5-2c74289e0e3e.png "HTTP/2 200 OK"
2025-03-01 09:41:42,341 - httpx - INFO - HTTP Request: POST https://hmdqtnywfebxjugxzlvc.supabase.co/storage/v1/object/textbooks/c770c9bb-4de1-44be-aacb-b4bea3efbacf/83d44f35-025b-4696-a7c5-0fa4d0aae1e7/ba6768ea-1ab5-4a1b-acb6-5fc53bc57d15.png "HTTP/2 200 OK"
2025-03-01 09:41:42,712 - httpx - INFO - HTTP Request: POST https://hmdqtnywfebxjugxzlvc.supabase.co/storage/v1/object/textbooks/c770c9bb-4de1-44be-aacb-b4bea3efbacf/83d44f35-025b-4696-a7c5-0fa4d0aae1e7/62b53761-0bfe-47da-89fc-2f621a188edc.png "HTTP/2 200 OK"
2025-03-01 09:41:42,981 - httpx - INFO - HTTP Request: POST https://hmdqtnywfebxjugxzlvc.supabase.co/storage/v1/object/textbooks/c770c9bb-4de1-44be-aacb-b4bea3efbacf/83d44f35-025b-4696-a7c5-0fa4d0aae1e7/8b9c4db9-3955-46bf-ae15-1b9863eb85f4.png "HTTP/2 200 OK"
2025-03-01 09:41:43,466 - httpx - INFO - HTTP Request: POST https://hmdqtnywfebxjugxzlvc.supabase.co/storage/v1/object/textbooks/c770c9bb-4de1-44be-aacb-b4bea3efbacf/83d44f35-025b-4696-a7c5-0fa4d0aae1e7/0c0e0465-6a58-444b-b57d-e5ef316b30c0.png "HTTP/2 200 OK"
2025-03-01 09:41:44,187 - httpx - INFO - HTTP Request: POST https://hmdqtnywfebxjugxzlvc.supabase.co/storage/v1/object/textbooks/c770c9bb-4de1-44be-aacb-b4bea3efbacf/83d44f35-025b-4696-a7c5-0fa4d0aae1e7/890830d3-e976-485f-99b7-2aebb1008c9d.png "HTTP/2 200 OK"
2025-03-01 09:41:44,680 - httpx - INFO - HTTP Request: POST https://hmdqtnywfebxjugxzlvc.supabase.co/storage/v1/object/textbooks/c770c9bb-4de1-44be-aacb-b4bea3efbacf/83d44f35-025b-4696-a7c5-0fa4d0aae1e7/542f5f93-35e4-4022-a296-fabf265b7cec.png "HTTP/2 200 OK"
2025-03-01 09:41:45,723 - httpx - INFO - HTTP Request: POST https://hmdqtnywfebxjugxzlvc.supabase.co/storage/v1/object/textbooks/c770c9bb-4de1-44be-aacb-b4bea3efbacf/83d44f35-025b-4696-a7c5-0fa4d0aae1e7/c4098910-fc95-48c9-84d5-7a598e4caf36.png "HTTP/2 200 OK"
2025-03-01 09:41:46,892 - httpx - INFO - HTTP Request: POST https://hmdqtnywfebxjugxzlvc.supabase.co/storage/v1/object/textbooks/c770c9bb-4de1-44be-aacb-b4bea3efbacf/83d44f35-025b-4696-a7c5-0fa4d0aae1e7/dd633280-8e48-4dc1-b1a2-db2eeb03d258.png "HTTP/2 200 OK"
2025-03-01 09:41:47,619 - httpx - INFO - HTTP Request: POST https://hmdqtnywfebxjugxzlvc.supabase.co/storage/v1/object/textbooks/c770c9bb-4de1-44be-aacb-b4bea3efbacf/83d44f35-025b-4696-a7c5-0fa4d0aae1e7/0b88aae1-116e-43b4-a945-7a8a723d2c35.png "HTTP/2 200 OK"
2025-03-01 09:41:48,201 - httpx - INFO - HTTP Request: POST https://hmdqtnywfebxjugxzlvc.supabase.co/storage/v1/object/textbooks/c770c9bb-4de1-44be-aacb-b4bea3efbacf/83d44f35-025b-4696-a7c5-0fa4d0aae1e7/9ac6d1dd-885c-48f2-8212-5903d25e8305.png "HTTP/2 200 OK"
2025-03-01 09:41:49,251 - httpx - INFO - HTTP Request: POST https://hmdqtnywfebxjugxzlvc.supabase.co/storage/v1/object/textbooks/c770c9bb-4de1-44be-aacb-b4bea3efbacf/83d44f35-025b-4696-a7c5-0fa4d0aae1e7/9d43f613-5126-4d47-9383-59daecba86f3.png "HTTP/2 200 OK"
2025-03-01 09:41:50,107 - httpx - INFO - HTTP Request: POST https://hmdqtnywfebxjugxzlvc.supabase.co/storage/v1/object/textbooks/c770c9bb-4de1-44be-aacb-b4bea3efbacf/83d44f35-025b-4696-a7c5-0fa4d0aae1e7/9a236584-755f-4391-87b8-59b0cbac5251.png "HTTP/2 200 OK"
2025-03-01 09:41:51,193 - httpx - INFO - HTTP Request: POST https://hmdqtnywfebxjugxzlvc.supabase.co/storage/v1/object/textbooks/c770c9bb-4de1-44be-aacb-b4bea3efbacf/83d44f35-025b-4696-a7c5-0fa4d0aae1e7/1ce8fe7b-5a25-455d-909b-4a26f93aeab1.png "HTTP/2 200 OK"
2025-03-01 09:41:51,557 - httpx - INFO - HTTP Request: POST https://hmdqtnywfebxjugxzlvc.supabase.co/storage/v1/object/textbooks/c770c9bb-4de1-44be-aacb-b4bea3efbacf/83d44f35-025b-4696-a7c5-0fa4d0aae1e7/731fcab3-33eb-436b-91d4-851329c1b48a.png "HTTP/2 200 OK"
2025-03-01 09:41:52,049 - httpx - INFO - HTTP Request: POST https://hmdqtnywfebxjugxzlvc.supabase.co/storage/v1/object/textbooks/c770c9bb-4de1-44be-aacb-b4bea3efbacf/83d44f35-025b-4696-a7c5-0fa4d0aae1e7/de03f251-02eb-48f4-bf46-891a2f13e09a.png "HTTP/2 200 OK"
2025-03-01 09:41:52,786 - httpx - INFO - HTTP Request: POST https://hmdqtnywfebxjugxzlvc.supabase.co/storage/v1/object/textbooks/c770c9bb-4de1-44be-aacb-b4bea3efbacf/83d44f35-025b-4696-a7c5-0fa4d0aae1e7/83dad579-ce06-44b0-bd4f-8ace222dcb7c.png "HTTP/2 200 OK"
2025-03-01 09:41:53,402 - httpx - INFO - HTTP Request: POST https://hmdqtnywfebxjugxzlvc.supabase.co/storage/v1/object/textbooks/c770c9bb-4de1-44be-aacb-b4bea3efbacf/83d44f35-025b-4696-a7c5-0fa4d0aae1e7/e0de82de-2c02-40db-8715-63feda01bd36.png "HTTP/2 200 OK"
2025-03-01 09:41:53,968 - httpx - INFO - HTTP Request: POST https://hmdqtnywfebxjugxzlvc.supabase.co/storage/v1/object/textbooks/c770c9bb-4de1-44be-aacb-b4bea3efbacf/83d44f35-025b-4696-a7c5-0fa4d0aae1e7/a7120382-c0e1-4319-8d15-54fa45a9bbf2.png "HTTP/2 200 OK"
2025-03-01 09:41:54,533 - httpx - INFO - HTTP Request: POST https://hmdqtnywfebxjugxzlvc.supabase.co/storage/v1/object/textbooks/c770c9bb-4de1-44be-aacb-b4bea3efbacf/83d44f35-025b-4696-a7c5-0fa4d0aae1e7/31dbefc0-aae3-4f48-bb47-4c75e198ff13.png "HTTP/2 200 OK"
2025-03-01 09:41:55,053 - httpx - INFO - HTTP Request: POST https://hmdqtnywfebxjugxzlvc.supabase.co/storage/v1/object/textbooks/c770c9bb-4de1-44be-aacb-b4bea3efbacf/83d44f35-025b-4696-a7c5-0fa4d0aae1e7/26152415-18dc-402d-9c77-5bd3b6349b62.png "HTTP/2 200 OK"
2025-03-01 09:41:55,379 - httpx - INFO - HTTP Request: POST https://hmdqtnywfebxjugxzlvc.supabase.co/storage/v1/object/textbooks/c770c9bb-4de1-44be-aacb-b4bea3efbacf/83d44f35-025b-4696-a7c5-0fa4d0aae1e7/1c6776d8-9548-4728-9335-bd36aff8f8a1.png "HTTP/2 200 OK"
2025-03-01 09:41:55,381 - __main__ - INFO - Successfully uploaded all page images
2025-03-01 09:41:55,389 - table_of_contents_extractor - INFO - Loaded existing TOC from /Users/ashoksaravanan/Coding/ScribeLec/server/uploads/toc_Vanderbei.json
2025-03-01 09:41:55,963 - httpx - INFO - HTTP Request: GET https://hmdqtnywfebxjugxzlvc.supabase.co/rest/v1/documents?select=%2A&textbook=eq.83d44f35-025b-4696-a7c5-0fa4d0aae1e7 "HTTP/2 200 OK"
2025-03-01 09:41:56,206 - httpx - INFO - HTTP Request: POST https://hmdqtnywfebxjugxzlvc.supabase.co/rest/v1/documents?columns=%22page%22%2C%22text%22%2C%22chapter%22%2C%22textbook%22%2C%22exercises%22%2C%22id%22 "HTTP/2 200 OK"
2025-03-01 09:41:56,214 - __main__ - INFO - Updated batch of 50 documents with chapter/exercise IDs
2025-03-01 09:41:56,420 - httpx - INFO - HTTP Request: POST https://hmdqtnywfebxjugxzlvc.supabase.co/rest/v1/documents?columns=%22page%22%2C%22text%22%2C%22chapter%22%2C%22textbook%22%2C%22exercises%22%2C%22id%22 "HTTP/2 200 OK"
2025-03-01 09:41:56,432 - __main__ - INFO - Updated batch of 50 documents with chapter/exercise IDs
2025-03-01 09:41:56,592 - httpx - INFO - HTTP Request: POST https://hmdqtnywfebxjugxzlvc.supabase.co/rest/v1/documents?columns=%22page%22%2C%22chapter%22%2C%22exercises%22%2C%22textbook%22%2C%22text%22%2C%22id%22 "HTTP/2 200 OK"
2025-03-01 09:41:56,595 - __main__ - INFO - Updated batch of 50 documents with chapter/exercise IDs
2025-03-01 09:41:56,740 - httpx - INFO - HTTP Request: POST https://hmdqtnywfebxjugxzlvc.supabase.co/rest/v1/documents?columns=%22page%22%2C%22chapter%22%2C%22exercises%22%2C%22textbook%22%2C%22text%22%2C%22id%22 "HTTP/2 200 OK"
2025-03-01 09:41:56,759 - __main__ - INFO - Updated batch of 50 documents with chapter/exercise IDs
2025-03-01 09:41:56,946 - httpx - INFO - HTTP Request: POST https://hmdqtnywfebxjugxzlvc.supabase.co/rest/v1/documents?columns=%22page%22%2C%22chapter%22%2C%22exercises%22%2C%22textbook%22%2C%22text%22%2C%22id%22 "HTTP/2 200 OK"
2025-03-01 09:41:56,956 - __main__ - INFO - Updated batch of 50 documents with chapter/exercise IDs
2025-03-01 09:41:57,087 - httpx - INFO - HTTP Request: POST https://hmdqtnywfebxjugxzlvc.supabase.co/rest/v1/documents?columns=%22page%22%2C%22chapter%22%2C%22exercises%22%2C%22textbook%22%2C%22text%22%2C%22id%22 "HTTP/2 200 OK"
2025-03-01 09:41:57,092 - __main__ - INFO - Updated batch of 50 documents with chapter/exercise IDs
2025-03-01 09:41:57,258 - httpx - INFO - HTTP Request: POST https://hmdqtnywfebxjugxzlvc.supabase.co/rest/v1/documents?columns=%22page%22%2C%22chapter%22%2C%22exercises%22%2C%22textbook%22%2C%22text%22%2C%22id%22 "HTTP/2 200 OK"
2025-03-01 09:41:57,266 - __main__ - INFO - Updated batch of 50 documents with chapter/exercise IDs
2025-03-01 09:41:57,389 - httpx - INFO - HTTP Request: POST https://hmdqtnywfebxjugxzlvc.supabase.co/rest/v1/documents?columns=%22page%22%2C%22chapter%22%2C%22exercises%22%2C%22textbook%22%2C%22text%22%2C%22id%22 "HTTP/2 200 OK"
2025-03-01 09:41:57,392 - __main__ - INFO - Updated batch of 50 documents with chapter/exercise IDs
2025-03-01 09:41:57,461 - httpx - INFO - HTTP Request: POST https://hmdqtnywfebxjugxzlvc.supabase.co/rest/v1/documents?columns=%22page%22%2C%22chapter%22%2C%22exercises%22%2C%22textbook%22%2C%22text%22%2C%22id%22 "HTTP/2 200 OK"
2025-03-01 09:41:57,461 - __main__ - INFO - Updated batch of 1 documents with chapter/exercise IDs
2025-03-01 09:41:57,719 - httpx - INFO - HTTP Request: POST https://hmdqtnywfebxjugxzlvc.supabase.co/storage/v1/object/exercises/c770c9bb-4de1-44be-aacb-b4bea3efbacf/83d44f35-025b-4696-a7c5-0fa4d0aae1e7/3dabd6e4-e7b9-4cc0-8ab6-d98e6237815f.png "HTTP/2 200 OK"
2025-03-01 09:41:58,213 - httpx - INFO - HTTP Request: POST https://hmdqtnywfebxjugxzlvc.supabase.co/storage/v1/object/exercises/c770c9bb-4de1-44be-aacb-b4bea3efbacf/83d44f35-025b-4696-a7c5-0fa4d0aae1e7/083e7f96-1251-4c45-bd86-cbb0ea2be28c.png "HTTP/2 200 OK"
2025-03-01 09:41:58,584 - httpx - INFO - HTTP Request: POST https://hmdqtnywfebxjugxzlvc.supabase.co/storage/v1/object/exercises/c770c9bb-4de1-44be-aacb-b4bea3efbacf/83d44f35-025b-4696-a7c5-0fa4d0aae1e7/e21fb0ec-35b9-44d5-a107-8ba033070f86.png "HTTP/2 200 OK"
2025-03-01 09:41:58,784 - httpx - INFO - HTTP Request: POST https://hmdqtnywfebxjugxzlvc.supabase.co/storage/v1/object/exercises/c770c9bb-4de1-44be-aacb-b4bea3efbacf/83d44f35-025b-4696-a7c5-0fa4d0aae1e7/dbd4dffc-05d3-4e98-be4b-f56a1bfa19ff.png "HTTP/2 200 OK"
2025-03-01 09:41:58,988 - httpx - INFO - HTTP Request: POST https://hmdqtnywfebxjugxzlvc.supabase.co/storage/v1/object/exercises/c770c9bb-4de1-44be-aacb-b4bea3efbacf/83d44f35-025b-4696-a7c5-0fa4d0aae1e7/a5c28220-96d3-407c-9c2a-8d466949646d.png "HTTP/2 200 OK"
2025-03-01 09:41:59,244 - httpx - INFO - HTTP Request: POST https://hmdqtnywfebxjugxzlvc.supabase.co/storage/v1/object/exercises/c770c9bb-4de1-44be-aacb-b4bea3efbacf/83d44f35-025b-4696-a7c5-0fa4d0aae1e7/549e4ce1-9f99-481b-a50b-a9f1f53c4b34.png "HTTP/2 200 OK"
2025-03-01 09:41:59,455 - httpx - INFO - HTTP Request: POST https://hmdqtnywfebxjugxzlvc.supabase.co/storage/v1/object/exercises/c770c9bb-4de1-44be-aacb-b4bea3efbacf/83d44f35-025b-4696-a7c5-0fa4d0aae1e7/eacbbc68-c7f9-4bc5-af9d-538745a8964a.png "HTTP/2 200 OK"
2025-03-01 09:41:59,673 - httpx - INFO - HTTP Request: POST https://hmdqtnywfebxjugxzlvc.supabase.co/storage/v1/object/exercises/c770c9bb-4de1-44be-aacb-b4bea3efbacf/83d44f35-025b-4696-a7c5-0fa4d0aae1e7/291dc74c-7e57-4a5e-aee7-4e0cd59aac95.png "HTTP/2 200 OK"
2025-03-01 09:42:00,054 - httpx - INFO - HTTP Request: POST https://hmdqtnywfebxjugxzlvc.supabase.co/storage/v1/object/exercises/c770c9bb-4de1-44be-aacb-b4bea3efbacf/83d44f35-025b-4696-a7c5-0fa4d0aae1e7/ae7ad52e-a02d-4d70-9602-4e5420dd25af.png "HTTP/2 200 OK"
2025-03-01 09:42:00,341 - httpx - INFO - HTTP Request: POST https://hmdqtnywfebxjugxzlvc.supabase.co/storage/v1/object/exercises/c770c9bb-4de1-44be-aacb-b4bea3efbacf/83d44f35-025b-4696-a7c5-0fa4d0aae1e7/5b4eac20-0208-40b1-9cf8-71587b4ed220.png "HTTP/2 200 OK"
2025-03-01 09:42:00,570 - httpx - INFO - HTTP Request: POST https://hmdqtnywfebxjugxzlvc.supabase.co/storage/v1/object/exercises/c770c9bb-4de1-44be-aacb-b4bea3efbacf/83d44f35-025b-4696-a7c5-0fa4d0aae1e7/8ed5d248-77ac-4bb2-bd58-5c136add0f6e.png "HTTP/2 200 OK"
2025-03-01 09:42:00,880 - httpx - INFO - HTTP Request: POST https://hmdqtnywfebxjugxzlvc.supabase.co/storage/v1/object/exercises/c770c9bb-4de1-44be-aacb-b4bea3efbacf/83d44f35-025b-4696-a7c5-0fa4d0aae1e7/a12e76bf-4db8-4458-9630-16bcc2aa1004.png "HTTP/2 200 OK"
2025-03-01 09:42:01,112 - httpx - INFO - HTTP Request: POST https://hmdqtnywfebxjugxzlvc.supabase.co/storage/v1/object/exercises/c770c9bb-4de1-44be-aacb-b4bea3efbacf/83d44f35-025b-4696-a7c5-0fa4d0aae1e7/6781fb6a-6380-4931-bff6-af778599e7dc.png "HTTP/2 200 OK"
2025-03-01 09:42:01,387 - httpx - INFO - HTTP Request: POST https://hmdqtnywfebxjugxzlvc.supabase.co/storage/v1/object/exercises/c770c9bb-4de1-44be-aacb-b4bea3efbacf/83d44f35-025b-4696-a7c5-0fa4d0aae1e7/9adcfbc7-40ed-4e68-a1ee-162f75272608.png "HTTP/2 200 OK"
2025-03-01 09:42:01,699 - httpx - INFO - HTTP Request: POST https://hmdqtnywfebxjugxzlvc.supabase.co/storage/v1/object/exercises/c770c9bb-4de1-44be-aacb-b4bea3efbacf/83d44f35-025b-4696-a7c5-0fa4d0aae1e7/135b2fee-2ebb-4174-bff3-f2d8a1938a87.png "HTTP/2 200 OK"
2025-03-01 09:42:02,211 - httpx - INFO - HTTP Request: POST https://hmdqtnywfebxjugxzlvc.supabase.co/storage/v1/object/exercises/c770c9bb-4de1-44be-aacb-b4bea3efbacf/83d44f35-025b-4696-a7c5-0fa4d0aae1e7/d6097644-6849-4db8-bf8e-ffee73fe1bc5.png "HTTP/2 200 OK"
2025-03-01 09:42:02,582 - httpx - INFO - HTTP Request: POST https://hmdqtnywfebxjugxzlvc.supabase.co/storage/v1/object/exercises/c770c9bb-4de1-44be-aacb-b4bea3efbacf/83d44f35-025b-4696-a7c5-0fa4d0aae1e7/61d864a4-2ea5-4004-8fbb-a1b3a648017b.png "HTTP/2 200 OK"
2025-03-01 09:42:02,933 - httpx - INFO - HTTP Request: POST https://hmdqtnywfebxjugxzlvc.supabase.co/storage/v1/object/exercises/c770c9bb-4de1-44be-aacb-b4bea3efbacf/83d44f35-025b-4696-a7c5-0fa4d0aae1e7/e677788d-353e-4564-b022-335d95f6fef7.png "HTTP/2 200 OK"
2025-03-01 09:42:03,283 - httpx - INFO - HTTP Request: POST https://hmdqtnywfebxjugxzlvc.supabase.co/storage/v1/object/exercises/c770c9bb-4de1-44be-aacb-b4bea3efbacf/83d44f35-025b-4696-a7c5-0fa4d0aae1e7/262a21e9-7000-43ec-bdeb-43eafe215405.png "HTTP/2 200 OK"
2025-03-01 09:42:03,643 - httpx - INFO - HTTP Request: POST https://hmdqtnywfebxjugxzlvc.supabase.co/storage/v1/object/exercises/c770c9bb-4de1-44be-aacb-b4bea3efbacf/83d44f35-025b-4696-a7c5-0fa4d0aae1e7/67c9e1bd-f87a-47fa-afb5-117d77b34ba9.png "HTTP/2 200 OK"
2025-03-01 09:42:03,824 - httpx - INFO - HTTP Request: POST https://hmdqtnywfebxjugxzlvc.supabase.co/storage/v1/object/exercises/c770c9bb-4de1-44be-aacb-b4bea3efbacf/83d44f35-025b-4696-a7c5-0fa4d0aae1e7/7403a44b-f04e-49ab-bd86-0baf30aa3712.png "HTTP/2 200 OK"
2025-03-01 09:42:04,160 - httpx - INFO - HTTP Request: POST https://hmdqtnywfebxjugxzlvc.supabase.co/storage/v1/object/exercises/c770c9bb-4de1-44be-aacb-b4bea3efbacf/83d44f35-025b-4696-a7c5-0fa4d0aae1e7/9d4dce4f-0535-4f4b-9e8f-a251a5361aef.png "HTTP/2 200 OK"
2025-03-01 09:42:04,507 - httpx - INFO - HTTP Request: POST https://hmdqtnywfebxjugxzlvc.supabase.co/storage/v1/object/exercises/c770c9bb-4de1-44be-aacb-b4bea3efbacf/83d44f35-025b-4696-a7c5-0fa4d0aae1e7/0bdf6010-7211-4566-9a43-48bcfb57c831.png "HTTP/2 200 OK"
2025-03-01 09:42:04,696 - httpx - INFO - HTTP Request: POST https://hmdqtnywfebxjugxzlvc.supabase.co/storage/v1/object/exercises/c770c9bb-4de1-44be-aacb-b4bea3efbacf/83d44f35-025b-4696-a7c5-0fa4d0aae1e7/f567340d-74c1-4efb-a22f-4553a7c5f832.png "HTTP/2 200 OK"
2025-03-01 09:42:05,098 - httpx - INFO - HTTP Request: POST https://hmdqtnywfebxjugxzlvc.supabase.co/storage/v1/object/exercises/c770c9bb-4de1-44be-aacb-b4bea3efbacf/83d44f35-025b-4696-a7c5-0fa4d0aae1e7/3e37b3af-1457-4f17-97a6-33f64d92308d.png "HTTP/2 200 OK"
2025-03-01 09:42:05,294 - httpx - INFO - HTTP Request: POST https://hmdqtnywfebxjugxzlvc.supabase.co/storage/v1/object/exercises/c770c9bb-4de1-44be-aacb-b4bea3efbacf/83d44f35-025b-4696-a7c5-0fa4d0aae1e7/9f31e9df-a404-4ee2-80fb-5b224e666b68.png "HTTP/2 200 OK"
2025-03-01 09:42:05,468 - httpx - INFO - HTTP Request: POST https://hmdqtnywfebxjugxzlvc.supabase.co/storage/v1/object/exercises/c770c9bb-4de1-44be-aacb-b4bea3efbacf/83d44f35-025b-4696-a7c5-0fa4d0aae1e7/633af202-0e49-43dc-bfd2-e963fb4b760e.png "HTTP/2 200 OK"
2025-03-01 09:42:05,702 - httpx - INFO - HTTP Request: POST https://hmdqtnywfebxjugxzlvc.supabase.co/storage/v1/object/exercises/c770c9bb-4de1-44be-aacb-b4bea3efbacf/83d44f35-025b-4696-a7c5-0fa4d0aae1e7/af77d793-67ca-45fe-953c-5fc3769be91b.png "HTTP/2 200 OK"
2025-03-01 09:42:05,895 - httpx - INFO - HTTP Request: POST https://hmdqtnywfebxjugxzlvc.supabase.co/storage/v1/object/exercises/c770c9bb-4de1-44be-aacb-b4bea3efbacf/83d44f35-025b-4696-a7c5-0fa4d0aae1e7/986d1bfa-d354-4487-aa8c-949f41d2b702.png "HTTP/2 200 OK"
2025-03-01 09:42:06,132 - httpx - INFO - HTTP Request: POST https://hmdqtnywfebxjugxzlvc.supabase.co/storage/v1/object/exercises/c770c9bb-4de1-44be-aacb-b4bea3efbacf/83d44f35-025b-4696-a7c5-0fa4d0aae1e7/274fcf7e-bbe3-48b3-8b4c-8e9544455f24.png "HTTP/2 200 OK"
2025-03-01 09:42:06,460 - httpx - INFO - HTTP Request: POST https://hmdqtnywfebxjugxzlvc.supabase.co/storage/v1/object/exercises/c770c9bb-4de1-44be-aacb-b4bea3efbacf/83d44f35-025b-4696-a7c5-0fa4d0aae1e7/da3644d4-48ae-4b43-b3b7-7e9c972687b8.png "HTTP/2 200 OK"
2025-03-01 09:42:06,791 - httpx - INFO - HTTP Request: POST https://hmdqtnywfebxjugxzlvc.supabase.co/storage/v1/object/exercises/c770c9bb-4de1-44be-aacb-b4bea3efbacf/83d44f35-025b-4696-a7c5-0fa4d0aae1e7/6c197037-8793-4866-a5cf-9203f093747a.png "HTTP/2 200 OK"
2025-03-01 09:42:07,140 - httpx - INFO - HTTP Request: POST https://hmdqtnywfebxjugxzlvc.supabase.co/storage/v1/object/exercises/c770c9bb-4de1-44be-aacb-b4bea3efbacf/83d44f35-025b-4696-a7c5-0fa4d0aae1e7/d6cd91aa-6492-40ef-afca-44592ca5ef7f.png "HTTP/2 200 OK"
2025-03-01 09:42:07,475 - httpx - INFO - HTTP Request: POST https://hmdqtnywfebxjugxzlvc.supabase.co/storage/v1/object/exercises/c770c9bb-4de1-44be-aacb-b4bea3efbacf/83d44f35-025b-4696-a7c5-0fa4d0aae1e7/0748b69f-a512-49b4-81ea-92c0225ee010.png "HTTP/2 200 OK"
2025-03-01 09:42:07,663 - httpx - INFO - HTTP Request: POST https://hmdqtnywfebxjugxzlvc.supabase.co/storage/v1/object/exercises/c770c9bb-4de1-44be-aacb-b4bea3efbacf/83d44f35-025b-4696-a7c5-0fa4d0aae1e7/38970c17-4d77-4afc-a567-7ae9d8c6458d.png "HTTP/2 200 OK"
2025-03-01 09:42:08,009 - httpx - INFO - HTTP Request: POST https://hmdqtnywfebxjugxzlvc.supabase.co/storage/v1/object/exercises/c770c9bb-4de1-44be-aacb-b4bea3efbacf/83d44f35-025b-4696-a7c5-0fa4d0aae1e7/817df2c0-c065-4045-8053-1e871245ba3d.png "HTTP/2 200 OK"
2025-03-01 09:42:08,204 - httpx - INFO - HTTP Request: POST https://hmdqtnywfebxjugxzlvc.supabase.co/storage/v1/object/exercises/c770c9bb-4de1-44be-aacb-b4bea3efbacf/83d44f35-025b-4696-a7c5-0fa4d0aae1e7/3166135f-85aa-462a-bb75-c034fd5d2de5.png "HTTP/2 200 OK"
2025-03-01 09:42:08,472 - httpx - INFO - HTTP Request: POST https://hmdqtnywfebxjugxzlvc.supabase.co/storage/v1/object/exercises/c770c9bb-4de1-44be-aacb-b4bea3efbacf/83d44f35-025b-4696-a7c5-0fa4d0aae1e7/3221a581-5db5-4747-822c-11162c675b6e.png "HTTP/2 200 OK"
2025-03-01 09:42:08,791 - httpx - INFO - HTTP Request: POST https://hmdqtnywfebxjugxzlvc.supabase.co/storage/v1/object/exercises/c770c9bb-4de1-44be-aacb-b4bea3efbacf/83d44f35-025b-4696-a7c5-0fa4d0aae1e7/99185d29-7ba2-44c8-9e2e-a1028e6ee937.png "HTTP/2 200 OK"
2025-03-01 09:42:08,981 - httpx - INFO - HTTP Request: POST https://hmdqtnywfebxjugxzlvc.supabase.co/storage/v1/object/exercises/c770c9bb-4de1-44be-aacb-b4bea3efbacf/83d44f35-025b-4696-a7c5-0fa4d0aae1e7/ad34c4a9-cbcd-46fb-8ba7-4de6eb4f2af1.png "HTTP/2 200 OK"
2025-03-01 09:42:09,212 - httpx - INFO - HTTP Request: POST https://hmdqtnywfebxjugxzlvc.supabase.co/storage/v1/object/exercises/c770c9bb-4de1-44be-aacb-b4bea3efbacf/83d44f35-025b-4696-a7c5-0fa4d0aae1e7/60c1642a-8626-4734-9d8d-f3a2b5f7d377.png "HTTP/2 200 OK"
2025-03-01 09:42:09,425 - httpx - INFO - HTTP Request: POST https://hmdqtnywfebxjugxzlvc.supabase.co/storage/v1/object/exercises/c770c9bb-4de1-44be-aacb-b4bea3efbacf/83d44f35-025b-4696-a7c5-0fa4d0aae1e7/8d7854ae-5853-4fd1-8c2b-216f1fea6022.png "HTTP/2 200 OK"
2025-03-01 09:42:09,617 - httpx - INFO - HTTP Request: POST https://hmdqtnywfebxjugxzlvc.supabase.co/storage/v1/object/exercises/c770c9bb-4de1-44be-aacb-b4bea3efbacf/83d44f35-025b-4696-a7c5-0fa4d0aae1e7/b2db01f4-b36e-42f2-b83f-3642ed4ec860.png "HTTP/2 200 OK"
2025-03-01 09:42:09,834 - httpx - INFO - HTTP Request: POST https://hmdqtnywfebxjugxzlvc.supabase.co/storage/v1/object/exercises/c770c9bb-4de1-44be-aacb-b4bea3efbacf/83d44f35-025b-4696-a7c5-0fa4d0aae1e7/df36db0b-51f0-4c54-a63e-7b9126c1f02b.png "HTTP/2 200 OK"
2025-03-01 09:42:10,022 - httpx - INFO - HTTP Request: POST https://hmdqtnywfebxjugxzlvc.supabase.co/storage/v1/object/exercises/c770c9bb-4de1-44be-aacb-b4bea3efbacf/83d44f35-025b-4696-a7c5-0fa4d0aae1e7/de524ec8-32a6-4734-bd1f-025709a6d873.png "HTTP/2 200 OK"
2025-03-01 09:42:10,312 - httpx - INFO - HTTP Request: POST https://hmdqtnywfebxjugxzlvc.supabase.co/storage/v1/object/exercises/c770c9bb-4de1-44be-aacb-b4bea3efbacf/83d44f35-025b-4696-a7c5-0fa4d0aae1e7/cbdadfd9-84e5-4dec-9e67-5bc6d3b0cfb2.png "HTTP/2 200 OK"
2025-03-01 09:42:10,527 - httpx - INFO - HTTP Request: POST https://hmdqtnywfebxjugxzlvc.supabase.co/storage/v1/object/exercises/c770c9bb-4de1-44be-aacb-b4bea3efbacf/83d44f35-025b-4696-a7c5-0fa4d0aae1e7/66b964e7-7458-4b24-bd78-77aff3f4b3c5.png "HTTP/2 200 OK"
2025-03-01 09:42:10,731 - httpx - INFO - HTTP Request: POST https://hmdqtnywfebxjugxzlvc.supabase.co/storage/v1/object/exercises/c770c9bb-4de1-44be-aacb-b4bea3efbacf/83d44f35-025b-4696-a7c5-0fa4d0aae1e7/7fb09f0c-7396-4b4a-a2f1-1ac0326f730c.png "HTTP/2 200 OK"
2025-03-01 09:42:10,924 - httpx - INFO - HTTP Request: POST https://hmdqtnywfebxjugxzlvc.supabase.co/storage/v1/object/exercises/c770c9bb-4de1-44be-aacb-b4bea3efbacf/83d44f35-025b-4696-a7c5-0fa4d0aae1e7/2792bd17-a86f-45a0-a289-5465b7b26a38.png "HTTP/2 200 OK"
2025-03-01 09:42:11,150 - httpx - INFO - HTTP Request: POST https://hmdqtnywfebxjugxzlvc.supabase.co/storage/v1/object/exercises/c770c9bb-4de1-44be-aacb-b4bea3efbacf/83d44f35-025b-4696-a7c5-0fa4d0aae1e7/06160a68-3abb-4ef9-8fd8-40b09bc804c6.png "HTTP/2 200 OK"
2025-03-01 09:42:11,356 - httpx - INFO - HTTP Request: POST https://hmdqtnywfebxjugxzlvc.supabase.co/storage/v1/object/exercises/c770c9bb-4de1-44be-aacb-b4bea3efbacf/83d44f35-025b-4696-a7c5-0fa4d0aae1e7/2ea6a616-db6f-43c2-8b93-a914b8a84c9b.png "HTTP/2 200 OK"
2025-03-01 09:42:11,598 - httpx - INFO - HTTP Request: POST https://hmdqtnywfebxjugxzlvc.supabase.co/storage/v1/object/exercises/c770c9bb-4de1-44be-aacb-b4bea3efbacf/83d44f35-025b-4696-a7c5-0fa4d0aae1e7/73ffa524-fae9-4a0f-af6d-3835c9fe3b78.png "HTTP/2 200 OK"
2025-03-01 09:42:11,781 - httpx - INFO - HTTP Request: POST https://hmdqtnywfebxjugxzlvc.supabase.co/storage/v1/object/exercises/c770c9bb-4de1-44be-aacb-b4bea3efbacf/83d44f35-025b-4696-a7c5-0fa4d0aae1e7/2326223b-53bb-45e6-82d5-b76db8d54583.png "HTTP/2 200 OK"
2025-03-01 09:42:12,275 - httpx - INFO - HTTP Request: POST https://hmdqtnywfebxjugxzlvc.supabase.co/storage/v1/object/exercises/c770c9bb-4de1-44be-aacb-b4bea3efbacf/83d44f35-025b-4696-a7c5-0fa4d0aae1e7/bcae1d3b-1067-4a86-8c67-299224a9e4f1.png "HTTP/2 200 OK"
2025-03-01 09:42:12,624 - httpx - INFO - HTTP Request: POST https://hmdqtnywfebxjugxzlvc.supabase.co/storage/v1/object/exercises/c770c9bb-4de1-44be-aacb-b4bea3efbacf/83d44f35-025b-4696-a7c5-0fa4d0aae1e7/cb490840-d973-4432-81c8-29b5a9b673ed.png "HTTP/2 200 OK"
2025-03-01 09:42:12,892 - httpx - INFO - HTTP Request: POST https://hmdqtnywfebxjugxzlvc.supabase.co/storage/v1/object/exercises/c770c9bb-4de1-44be-aacb-b4bea3efbacf/83d44f35-025b-4696-a7c5-0fa4d0aae1e7/e72c96ed-308d-4181-8095-b6e714a49e2f.png "HTTP/2 200 OK"
2025-03-01 09:42:13,281 - httpx - INFO - HTTP Request: POST https://hmdqtnywfebxjugxzlvc.supabase.co/storage/v1/object/exercises/c770c9bb-4de1-44be-aacb-b4bea3efbacf/83d44f35-025b-4696-a7c5-0fa4d0aae1e7/e0f77c42-c3e1-45c0-bd0d-fab30335e263.png "HTTP/2 200 OK"
2025-03-01 09:42:13,777 - httpx - INFO - HTTP Request: POST https://hmdqtnywfebxjugxzlvc.supabase.co/storage/v1/object/exercises/c770c9bb-4de1-44be-aacb-b4bea3efbacf/83d44f35-025b-4696-a7c5-0fa4d0aae1e7/fe7425f1-193a-4623-9b14-da02b1bef315.png "HTTP/2 200 OK"
2025-03-01 09:42:14,001 - httpx - INFO - HTTP Request: POST https://hmdqtnywfebxjugxzlvc.supabase.co/storage/v1/object/exercises/c770c9bb-4de1-44be-aacb-b4bea3efbacf/83d44f35-025b-4696-a7c5-0fa4d0aae1e7/df454e12-1079-4c28-bb0a-5aba599c0955.png "HTTP/2 200 OK"
2025-03-01 09:42:14,267 - httpx - INFO - HTTP Request: POST https://hmdqtnywfebxjugxzlvc.supabase.co/storage/v1/object/exercises/c770c9bb-4de1-44be-aacb-b4bea3efbacf/83d44f35-025b-4696-a7c5-0fa4d0aae1e7/b3373f1f-659c-4a21-9740-ed0df4adcedc.png "HTTP/2 200 OK"
2025-03-01 09:42:14,439 - httpx - INFO - HTTP Request: POST https://hmdqtnywfebxjugxzlvc.supabase.co/storage/v1/object/exercises/c770c9bb-4de1-44be-aacb-b4bea3efbacf/83d44f35-025b-4696-a7c5-0fa4d0aae1e7/4ccf08e5-ec64-4874-a497-90d4349ca899.png "HTTP/2 200 OK"
2025-03-01 09:42:14,656 - httpx - INFO - HTTP Request: POST https://hmdqtnywfebxjugxzlvc.supabase.co/storage/v1/object/exercises/c770c9bb-4de1-44be-aacb-b4bea3efbacf/83d44f35-025b-4696-a7c5-0fa4d0aae1e7/3c447acb-66bb-48f8-9815-a31712b303e2.png "HTTP/2 200 OK"
2025-03-01 09:42:14,906 - httpx - INFO - HTTP Request: POST https://hmdqtnywfebxjugxzlvc.supabase.co/storage/v1/object/exercises/c770c9bb-4de1-44be-aacb-b4bea3efbacf/83d44f35-025b-4696-a7c5-0fa4d0aae1e7/bf936fdc-2ae2-4427-b732-93fcf4714c38.png "HTTP/2 200 OK"
2025-03-01 09:42:15,095 - httpx - INFO - HTTP Request: POST https://hmdqtnywfebxjugxzlvc.supabase.co/storage/v1/object/exercises/c770c9bb-4de1-44be-aacb-b4bea3efbacf/83d44f35-025b-4696-a7c5-0fa4d0aae1e7/e64a7146-4908-4304-bba1-c517bedfb021.png "HTTP/2 200 OK"
2025-03-01 09:42:15,302 - httpx - INFO - HTTP Request: POST https://hmdqtnywfebxjugxzlvc.supabase.co/storage/v1/object/exercises/c770c9bb-4de1-44be-aacb-b4bea3efbacf/83d44f35-025b-4696-a7c5-0fa4d0aae1e7/c5ce4aca-ecfe-4f07-8d0c-9af9cd312c79.png "HTTP/2 200 OK"
2025-03-01 09:42:15,568 - httpx - INFO - HTTP Request: POST https://hmdqtnywfebxjugxzlvc.supabase.co/storage/v1/object/exercises/c770c9bb-4de1-44be-aacb-b4bea3efbacf/83d44f35-025b-4696-a7c5-0fa4d0aae1e7/cf91f889-9e5a-4ebd-b0bf-76e0c66b39cb.png "HTTP/2 200 OK"
2025-03-01 09:42:15,760 - httpx - INFO - HTTP Request: POST https://hmdqtnywfebxjugxzlvc.supabase.co/storage/v1/object/exercises/c770c9bb-4de1-44be-aacb-b4bea3efbacf/83d44f35-025b-4696-a7c5-0fa4d0aae1e7/400c294a-900d-40bc-bcd2-1a74d905f118.png "HTTP/2 200 OK"
2025-03-01 09:42:15,966 - httpx - INFO - HTTP Request: POST https://hmdqtnywfebxjugxzlvc.supabase.co/storage/v1/object/exercises/c770c9bb-4de1-44be-aacb-b4bea3efbacf/83d44f35-025b-4696-a7c5-0fa4d0aae1e7/7599955b-7c5d-4989-80a9-21ab7f4b3fd6.png "HTTP/2 200 OK"
2025-03-01 09:42:16,193 - httpx - INFO - HTTP Request: POST https://hmdqtnywfebxjugxzlvc.supabase.co/storage/v1/object/exercises/c770c9bb-4de1-44be-aacb-b4bea3efbacf/83d44f35-025b-4696-a7c5-0fa4d0aae1e7/961aaaa7-6dcf-4434-8fa8-3e7bfffc08a7.png "HTTP/2 200 OK"
2025-03-01 09:42:16,416 - httpx - INFO - HTTP Request: POST https://hmdqtnywfebxjugxzlvc.supabase.co/storage/v1/object/exercises/c770c9bb-4de1-44be-aacb-b4bea3efbacf/83d44f35-025b-4696-a7c5-0fa4d0aae1e7/67aa88a8-586d-48d6-8f2b-1c0e947b56d2.png "HTTP/2 200 OK"
2025-03-01 09:42:16,648 - httpx - INFO - HTTP Request: POST https://hmdqtnywfebxjugxzlvc.supabase.co/storage/v1/object/exercises/c770c9bb-4de1-44be-aacb-b4bea3efbacf/83d44f35-025b-4696-a7c5-0fa4d0aae1e7/bb9c5fb7-c073-4bb1-97ad-44f5f47b3150.png "HTTP/2 200 OK"
2025-03-01 09:42:16,827 - httpx - INFO - HTTP Request: POST https://hmdqtnywfebxjugxzlvc.supabase.co/storage/v1/object/exercises/c770c9bb-4de1-44be-aacb-b4bea3efbacf/83d44f35-025b-4696-a7c5-0fa4d0aae1e7/cbce4c57-3c39-4886-b211-2b36334e1fd6.png "HTTP/2 200 OK"
2025-03-01 09:42:17,044 - httpx - INFO - HTTP Request: POST https://hmdqtnywfebxjugxzlvc.supabase.co/storage/v1/object/exercises/c770c9bb-4de1-44be-aacb-b4bea3efbacf/83d44f35-025b-4696-a7c5-0fa4d0aae1e7/0eec25d0-e4a0-4a77-9607-1ab150eb9598.png "HTTP/2 200 OK"
2025-03-01 09:42:17,262 - httpx - INFO - HTTP Request: POST https://hmdqtnywfebxjugxzlvc.supabase.co/storage/v1/object/exercises/c770c9bb-4de1-44be-aacb-b4bea3efbacf/83d44f35-025b-4696-a7c5-0fa4d0aae1e7/f8328a99-61f3-4d93-b950-f8141a1e60db.png "HTTP/2 200 OK"
2025-03-01 09:42:17,459 - httpx - INFO - HTTP Request: POST https://hmdqtnywfebxjugxzlvc.supabase.co/storage/v1/object/exercises/c770c9bb-4de1-44be-aacb-b4bea3efbacf/83d44f35-025b-4696-a7c5-0fa4d0aae1e7/3b9785d5-046f-41ea-a4a9-3af51d49d12b.png "HTTP/2 200 OK"
2025-03-01 09:42:17,667 - httpx - INFO - HTTP Request: POST https://hmdqtnywfebxjugxzlvc.supabase.co/storage/v1/object/exercises/c770c9bb-4de1-44be-aacb-b4bea3efbacf/83d44f35-025b-4696-a7c5-0fa4d0aae1e7/61f5ea0c-7f68-4d19-8f14-dd9131817f88.png "HTTP/2 200 OK"
2025-03-01 09:42:17,955 - httpx - INFO - HTTP Request: POST https://hmdqtnywfebxjugxzlvc.supabase.co/storage/v1/object/exercises/c770c9bb-4de1-44be-aacb-b4bea3efbacf/83d44f35-025b-4696-a7c5-0fa4d0aae1e7/5e98c7d9-d2fc-4aac-927e-3b8249fc4ecf.png "HTTP/2 200 OK"
2025-03-01 09:42:18,168 - httpx - INFO - HTTP Request: POST https://hmdqtnywfebxjugxzlvc.supabase.co/storage/v1/object/exercises/c770c9bb-4de1-44be-aacb-b4bea3efbacf/83d44f35-025b-4696-a7c5-0fa4d0aae1e7/f4d98033-d2be-4fea-a936-98cc019d8de1.png "HTTP/2 200 OK"
2025-03-01 09:42:18,347 - httpx - INFO - HTTP Request: POST https://hmdqtnywfebxjugxzlvc.supabase.co/storage/v1/object/exercises/c770c9bb-4de1-44be-aacb-b4bea3efbacf/83d44f35-025b-4696-a7c5-0fa4d0aae1e7/44fae3c6-7b37-4de5-a281-9ccdf7a67b40.png "HTTP/2 200 OK"
2025-03-01 09:42:18,521 - httpx - INFO - HTTP Request: POST https://hmdqtnywfebxjugxzlvc.supabase.co/storage/v1/object/exercises/c770c9bb-4de1-44be-aacb-b4bea3efbacf/83d44f35-025b-4696-a7c5-0fa4d0aae1e7/ceb0824f-fdda-4443-94af-3cc581a81ee8.png "HTTP/2 200 OK"
2025-03-01 09:42:18,795 - httpx - INFO - HTTP Request: POST https://hmdqtnywfebxjugxzlvc.supabase.co/storage/v1/object/exercises/c770c9bb-4de1-44be-aacb-b4bea3efbacf/83d44f35-025b-4696-a7c5-0fa4d0aae1e7/825e87e7-34b0-4e49-b897-acf9068dbed9.png "HTTP/2 200 OK"
2025-03-01 09:42:18,998 - httpx - INFO - HTTP Request: POST https://hmdqtnywfebxjugxzlvc.supabase.co/storage/v1/object/exercises/c770c9bb-4de1-44be-aacb-b4bea3efbacf/83d44f35-025b-4696-a7c5-0fa4d0aae1e7/c889602a-c785-4132-8e70-329858961066.png "HTTP/2 200 OK"
2025-03-01 09:42:19,174 - httpx - INFO - HTTP Request: POST https://hmdqtnywfebxjugxzlvc.supabase.co/storage/v1/object/exercises/c770c9bb-4de1-44be-aacb-b4bea3efbacf/83d44f35-025b-4696-a7c5-0fa4d0aae1e7/cc8b09e9-491c-4496-a148-da58e4f8fd8e.png "HTTP/2 200 OK"
2025-03-01 09:42:19,413 - httpx - INFO - HTTP Request: POST https://hmdqtnywfebxjugxzlvc.supabase.co/storage/v1/object/exercises/c770c9bb-4de1-44be-aacb-b4bea3efbacf/83d44f35-025b-4696-a7c5-0fa4d0aae1e7/3570fba6-04b1-43e4-a7c5-2e549f7cd9a8.png "HTTP/2 200 OK"
2025-03-01 09:42:19,629 - httpx - INFO - HTTP Request: POST https://hmdqtnywfebxjugxzlvc.supabase.co/storage/v1/object/exercises/c770c9bb-4de1-44be-aacb-b4bea3efbacf/83d44f35-025b-4696-a7c5-0fa4d0aae1e7/f080f1d6-72b9-4b47-aaa1-b66b1b09db21.png "HTTP/2 200 OK"
2025-03-01 09:42:19,800 - httpx - INFO - HTTP Request: POST https://hmdqtnywfebxjugxzlvc.supabase.co/storage/v1/object/exercises/c770c9bb-4de1-44be-aacb-b4bea3efbacf/83d44f35-025b-4696-a7c5-0fa4d0aae1e7/aeee81d6-1f75-4012-a4e8-c93844d1e393.png "HTTP/2 200 OK"
2025-03-01 09:42:20,021 - httpx - INFO - HTTP Request: POST https://hmdqtnywfebxjugxzlvc.supabase.co/storage/v1/object/exercises/c770c9bb-4de1-44be-aacb-b4bea3efbacf/83d44f35-025b-4696-a7c5-0fa4d0aae1e7/0c95c1ae-38f3-446b-9140-f7bfcc208896.png "HTTP/2 200 OK"
2025-03-01 09:42:20,195 - httpx - INFO - HTTP Request: POST https://hmdqtnywfebxjugxzlvc.supabase.co/storage/v1/object/exercises/c770c9bb-4de1-44be-aacb-b4bea3efbacf/83d44f35-025b-4696-a7c5-0fa4d0aae1e7/db1e4d9e-506a-4b88-9376-4caef213dc82.png "HTTP/2 200 OK"
2025-03-01 09:42:20,493 - httpx - INFO - HTTP Request: POST https://hmdqtnywfebxjugxzlvc.supabase.co/storage/v1/object/exercises/c770c9bb-4de1-44be-aacb-b4bea3efbacf/83d44f35-025b-4696-a7c5-0fa4d0aae1e7/2a283935-fbc6-4bd2-bdd3-ecd9af7447c4.png "HTTP/2 200 OK"
2025-03-01 09:42:20,800 - httpx - INFO - HTTP Request: POST https://hmdqtnywfebxjugxzlvc.supabase.co/storage/v1/object/exercises/c770c9bb-4de1-44be-aacb-b4bea3efbacf/83d44f35-025b-4696-a7c5-0fa4d0aae1e7/74906a90-0a3d-4400-b2c1-c84421c373c4.png "HTTP/2 200 OK"
2025-03-01 09:42:21,156 - httpx - INFO - HTTP Request: POST https://hmdqtnywfebxjugxzlvc.supabase.co/storage/v1/object/exercises/c770c9bb-4de1-44be-aacb-b4bea3efbacf/83d44f35-025b-4696-a7c5-0fa4d0aae1e7/a39640ff-2efb-4f1e-84c5-a8385b91c3ff.png "HTTP/2 200 OK"
2025-03-01 09:42:21,506 - httpx - INFO - HTTP Request: POST https://hmdqtnywfebxjugxzlvc.supabase.co/storage/v1/object/exercises/c770c9bb-4de1-44be-aacb-b4bea3efbacf/83d44f35-025b-4696-a7c5-0fa4d0aae1e7/84ba9aa5-8f54-4c4b-ab55-c4f2ac056f6d.png "HTTP/2 200 OK"
2025-03-01 09:42:21,842 - httpx - INFO - HTTP Request: POST https://hmdqtnywfebxjugxzlvc.supabase.co/storage/v1/object/exercises/c770c9bb-4de1-44be-aacb-b4bea3efbacf/83d44f35-025b-4696-a7c5-0fa4d0aae1e7/108b1556-f2a2-4134-9565-5534fef5124e.png "HTTP/2 200 OK"
2025-03-01 09:42:22,194 - httpx - INFO - HTTP Request: POST https://hmdqtnywfebxjugxzlvc.supabase.co/storage/v1/object/exercises/c770c9bb-4de1-44be-aacb-b4bea3efbacf/83d44f35-025b-4696-a7c5-0fa4d0aae1e7/983e48d3-a046-4aec-88d8-6ea8421e96fb.png "HTTP/2 200 OK"
2025-03-01 09:42:22,382 - httpx - INFO - HTTP Request: POST https://hmdqtnywfebxjugxzlvc.supabase.co/storage/v1/object/exercises/c770c9bb-4de1-44be-aacb-b4bea3efbacf/83d44f35-025b-4696-a7c5-0fa4d0aae1e7/cea5585a-549a-41c5-83eb-d59a9d126d29.png "HTTP/2 200 OK"
2025-03-01 09:42:22,836 - httpx - INFO - HTTP Request: POST https://hmdqtnywfebxjugxzlvc.supabase.co/storage/v1/object/exercises/c770c9bb-4de1-44be-aacb-b4bea3efbacf/83d44f35-025b-4696-a7c5-0fa4d0aae1e7/3c6e94fc-e1b0-4662-857d-23c90fe79d22.png "HTTP/2 200 OK"
2025-03-01 09:42:23,321 - httpx - INFO - HTTP Request: POST https://hmdqtnywfebxjugxzlvc.supabase.co/storage/v1/object/exercises/c770c9bb-4de1-44be-aacb-b4bea3efbacf/83d44f35-025b-4696-a7c5-0fa4d0aae1e7/df13f6cf-f1c4-4404-a63c-86c80f64a405.png "HTTP/2 200 OK"
2025-03-01 09:42:23,835 - httpx - INFO - HTTP Request: POST https://hmdqtnywfebxjugxzlvc.supabase.co/storage/v1/object/exercises/c770c9bb-4de1-44be-aacb-b4bea3efbacf/83d44f35-025b-4696-a7c5-0fa4d0aae1e7/96852124-717b-4744-b83b-8c35e8809380.png "HTTP/2 200 OK"
2025-03-01 09:42:24,041 - httpx - INFO - HTTP Request: POST https://hmdqtnywfebxjugxzlvc.supabase.co/storage/v1/object/exercises/c770c9bb-4de1-44be-aacb-b4bea3efbacf/83d44f35-025b-4696-a7c5-0fa4d0aae1e7/ef86d279-19a8-4a33-96f2-5dabc0e1633d.png "HTTP/2 200 OK"
2025-03-01 09:42:24,260 - httpx - INFO - HTTP Request: POST https://hmdqtnywfebxjugxzlvc.supabase.co/storage/v1/object/exercises/c770c9bb-4de1-44be-aacb-b4bea3efbacf/83d44f35-025b-4696-a7c5-0fa4d0aae1e7/b335d8fb-e94f-4c28-baa5-694542d46b2c.png "HTTP/2 200 OK"
2025-03-01 09:42:24,598 - httpx - INFO - HTTP Request: POST https://hmdqtnywfebxjugxzlvc.supabase.co/storage/v1/object/exercises/c770c9bb-4de1-44be-aacb-b4bea3efbacf/83d44f35-025b-4696-a7c5-0fa4d0aae1e7/70ca85c1-38b8-4f3e-8877-7fdcc752004f.png "HTTP/2 200 OK"
2025-03-01 09:42:25,088 - httpx - INFO - HTTP Request: POST https://hmdqtnywfebxjugxzlvc.supabase.co/storage/v1/object/exercises/c770c9bb-4de1-44be-aacb-b4bea3efbacf/83d44f35-025b-4696-a7c5-0fa4d0aae1e7/08edd439-1492-40e5-9587-de47b158df31.png "HTTP/2 200 OK"
2025-03-01 09:42:25,446 - httpx - INFO - HTTP Request: POST https://hmdqtnywfebxjugxzlvc.supabase.co/storage/v1/object/exercises/c770c9bb-4de1-44be-aacb-b4bea3efbacf/83d44f35-025b-4696-a7c5-0fa4d0aae1e7/ca2fc962-db42-4d8f-8e1c-1e4d7412dc96.png "HTTP/2 200 OK"
2025-03-01 09:42:25,629 - httpx - INFO - HTTP Request: POST https://hmdqtnywfebxjugxzlvc.supabase.co/storage/v1/object/exercises/c770c9bb-4de1-44be-aacb-b4bea3efbacf/83d44f35-025b-4696-a7c5-0fa4d0aae1e7/07d874f0-12c2-408e-9d4b-06e07f36aeb4.png "HTTP/2 200 OK"
2025-03-01 09:42:26,129 - httpx - INFO - HTTP Request: POST https://hmdqtnywfebxjugxzlvc.supabase.co/storage/v1/object/exercises/c770c9bb-4de1-44be-aacb-b4bea3efbacf/83d44f35-025b-4696-a7c5-0fa4d0aae1e7/8e4358ad-f555-43de-957c-fe7cbb6cb049.png "HTTP/2 200 OK"
2025-03-01 09:42:26,729 - httpx - INFO - HTTP Request: POST https://hmdqtnywfebxjugxzlvc.supabase.co/storage/v1/object/exercises/c770c9bb-4de1-44be-aacb-b4bea3efbacf/83d44f35-025b-4696-a7c5-0fa4d0aae1e7/5b150c7e-ec64-4284-ad84-51629dedd35a.png "HTTP/2 200 OK"
2025-03-01 09:42:26,945 - httpx - INFO - HTTP Request: POST https://hmdqtnywfebxjugxzlvc.supabase.co/storage/v1/object/exercises/c770c9bb-4de1-44be-aacb-b4bea3efbacf/83d44f35-025b-4696-a7c5-0fa4d0aae1e7/47c97fdd-c3c8-4aa5-af03-ebd202230ce0.png "HTTP/2 200 OK"
2025-03-01 09:42:27,378 - httpx - INFO - HTTP Request: POST https://hmdqtnywfebxjugxzlvc.supabase.co/storage/v1/object/exercises/c770c9bb-4de1-44be-aacb-b4bea3efbacf/83d44f35-025b-4696-a7c5-0fa4d0aae1e7/b31ed0d3-0d99-4dcc-9723-a34c9938da9e.png "HTTP/2 200 OK"
2025-03-01 09:42:27,604 - httpx - INFO - HTTP Request: POST https://hmdqtnywfebxjugxzlvc.supabase.co/storage/v1/object/exercises/c770c9bb-4de1-44be-aacb-b4bea3efbacf/83d44f35-025b-4696-a7c5-0fa4d0aae1e7/ae695f45-1f6b-45da-afc1-8d671a0d3d79.png "HTTP/2 200 OK"
2025-03-01 09:42:27,779 - httpx - INFO - HTTP Request: POST https://hmdqtnywfebxjugxzlvc.supabase.co/storage/v1/object/exercises/c770c9bb-4de1-44be-aacb-b4bea3efbacf/83d44f35-025b-4696-a7c5-0fa4d0aae1e7/61ee9c5c-9ec7-4a2a-b000-20869f8f1bfe.png "HTTP/2 200 OK"
2025-03-01 09:42:28,009 - httpx - INFO - HTTP Request: POST https://hmdqtnywfebxjugxzlvc.supabase.co/storage/v1/object/exercises/c770c9bb-4de1-44be-aacb-b4bea3efbacf/83d44f35-025b-4696-a7c5-0fa4d0aae1e7/057b751f-c539-40e9-860a-1878b5ebcad1.png "HTTP/2 200 OK"
2025-03-01 09:42:28,259 - httpx - INFO - HTTP Request: POST https://hmdqtnywfebxjugxzlvc.supabase.co/storage/v1/object/exercises/c770c9bb-4de1-44be-aacb-b4bea3efbacf/83d44f35-025b-4696-a7c5-0fa4d0aae1e7/41cfd9d2-7f86-4840-802e-0abb22cf9609.png "HTTP/2 200 OK"
2025-03-01 09:42:28,472 - httpx - INFO - HTTP Request: POST https://hmdqtnywfebxjugxzlvc.supabase.co/storage/v1/object/exercises/c770c9bb-4de1-44be-aacb-b4bea3efbacf/83d44f35-025b-4696-a7c5-0fa4d0aae1e7/9820bf13-bb48-4037-b3d9-0b666d1f5f90.png "HTTP/2 200 OK"
2025-03-01 09:42:28,678 - httpx - INFO - HTTP Request: POST https://hmdqtnywfebxjugxzlvc.supabase.co/storage/v1/object/exercises/c770c9bb-4de1-44be-aacb-b4bea3efbacf/83d44f35-025b-4696-a7c5-0fa4d0aae1e7/00a91c85-6c7b-420e-9537-ec2e947b3d54.png "HTTP/2 200 OK"
2025-03-01 09:42:28,952 - httpx - INFO - HTTP Request: POST https://hmdqtnywfebxjugxzlvc.supabase.co/storage/v1/object/exercises/c770c9bb-4de1-44be-aacb-b4bea3efbacf/83d44f35-025b-4696-a7c5-0fa4d0aae1e7/ee890fe1-2374-44c3-860e-8625d8e2a3fc.png "HTTP/2 200 OK"
2025-03-01 09:42:29,193 - httpx - INFO - HTTP Request: POST https://hmdqtnywfebxjugxzlvc.supabase.co/storage/v1/object/exercises/c770c9bb-4de1-44be-aacb-b4bea3efbacf/83d44f35-025b-4696-a7c5-0fa4d0aae1e7/b5588379-e226-4a53-948c-3fd050b98aa1.png "HTTP/2 200 OK"
2025-03-01 09:42:29,388 - httpx - INFO - HTTP Request: POST https://hmdqtnywfebxjugxzlvc.supabase.co/storage/v1/object/exercises/c770c9bb-4de1-44be-aacb-b4bea3efbacf/83d44f35-025b-4696-a7c5-0fa4d0aae1e7/223ea495-bc0f-4875-b094-df5db6eae020.png "HTTP/2 200 OK"
2025-03-01 09:42:29,615 - httpx - INFO - HTTP Request: POST https://hmdqtnywfebxjugxzlvc.supabase.co/storage/v1/object/exercises/c770c9bb-4de1-44be-aacb-b4bea3efbacf/83d44f35-025b-4696-a7c5-0fa4d0aae1e7/f77d16a1-e0ed-4d90-a107-a05bd5832304.png "HTTP/2 200 OK"
2025-03-01 09:42:30,077 - httpx - INFO - HTTP Request: POST https://hmdqtnywfebxjugxzlvc.supabase.co/storage/v1/object/exercises/c770c9bb-4de1-44be-aacb-b4bea3efbacf/83d44f35-025b-4696-a7c5-0fa4d0aae1e7/345c40fa-2ae9-435d-9f1f-d8604badb149.png "HTTP/2 200 OK"
2025-03-01 09:42:30,292 - httpx - INFO - HTTP Request: POST https://hmdqtnywfebxjugxzlvc.supabase.co/storage/v1/object/exercises/c770c9bb-4de1-44be-aacb-b4bea3efbacf/83d44f35-025b-4696-a7c5-0fa4d0aae1e7/acaa9724-c175-4cce-a4ac-de652fdb7ab1.png "HTTP/2 200 OK"
2025-03-01 09:42:30,533 - httpx - INFO - HTTP Request: POST https://hmdqtnywfebxjugxzlvc.supabase.co/storage/v1/object/exercises/c770c9bb-4de1-44be-aacb-b4bea3efbacf/83d44f35-025b-4696-a7c5-0fa4d0aae1e7/6e0acc38-8460-4ffa-b587-7f8f2172d030.png "HTTP/2 200 OK"
2025-03-01 09:42:30,766 - httpx - INFO - HTTP Request: POST https://hmdqtnywfebxjugxzlvc.supabase.co/storage/v1/object/exercises/c770c9bb-4de1-44be-aacb-b4bea3efbacf/83d44f35-025b-4696-a7c5-0fa4d0aae1e7/c53eff46-3378-48f7-9f41-48d15d64aeef.png "HTTP/2 200 OK"
2025-03-01 09:42:31,025 - httpx - INFO - HTTP Request: POST https://hmdqtnywfebxjugxzlvc.supabase.co/storage/v1/object/exercises/c770c9bb-4de1-44be-aacb-b4bea3efbacf/83d44f35-025b-4696-a7c5-0fa4d0aae1e7/cae7750d-850a-4b8e-a14d-47afea2babc3.png "HTTP/2 200 OK"
2025-03-01 09:42:31,292 - httpx - INFO - HTTP Request: POST https://hmdqtnywfebxjugxzlvc.supabase.co/storage/v1/object/exercises/c770c9bb-4de1-44be-aacb-b4bea3efbacf/83d44f35-025b-4696-a7c5-0fa4d0aae1e7/74294415-1091-43b0-9d4e-014a42bc09c3.png "HTTP/2 200 OK"
2025-03-01 09:42:31,482 - httpx - INFO - HTTP Request: POST https://hmdqtnywfebxjugxzlvc.supabase.co/storage/v1/object/exercises/c770c9bb-4de1-44be-aacb-b4bea3efbacf/83d44f35-025b-4696-a7c5-0fa4d0aae1e7/8e13b0a2-eca3-4e9b-9344-2e539cf45e94.png "HTTP/2 200 OK"
2025-03-01 09:42:31,714 - httpx - INFO - HTTP Request: POST https://hmdqtnywfebxjugxzlvc.supabase.co/storage/v1/object/exercises/c770c9bb-4de1-44be-aacb-b4bea3efbacf/83d44f35-025b-4696-a7c5-0fa4d0aae1e7/faef404d-d14f-4fdc-8b01-537a71209850.png "HTTP/2 200 OK"
2025-03-01 09:42:31,900 - httpx - INFO - HTTP Request: POST https://hmdqtnywfebxjugxzlvc.supabase.co/storage/v1/object/exercises/c770c9bb-4de1-44be-aacb-b4bea3efbacf/83d44f35-025b-4696-a7c5-0fa4d0aae1e7/cc338ef7-d907-451a-beb6-958b763049ae.png "HTTP/2 200 OK"
2025-03-01 09:42:32,121 - httpx - INFO - HTTP Request: POST https://hmdqtnywfebxjugxzlvc.supabase.co/storage/v1/object/exercises/c770c9bb-4de1-44be-aacb-b4bea3efbacf/83d44f35-025b-4696-a7c5-0fa4d0aae1e7/0327de51-1ca9-415c-be91-c71b58fb852c.png "HTTP/2 200 OK"
2025-03-01 09:42:32,412 - httpx - INFO - HTTP Request: POST https://hmdqtnywfebxjugxzlvc.supabase.co/storage/v1/object/exercises/c770c9bb-4de1-44be-aacb-b4bea3efbacf/83d44f35-025b-4696-a7c5-0fa4d0aae1e7/a3743ca0-918f-4a7e-84a0-16e8a5fe08d9.png "HTTP/2 200 OK"
2025-03-01 09:42:32,597 - httpx - INFO - HTTP Request: POST https://hmdqtnywfebxjugxzlvc.supabase.co/storage/v1/object/exercises/c770c9bb-4de1-44be-aacb-b4bea3efbacf/83d44f35-025b-4696-a7c5-0fa4d0aae1e7/d163ee1f-416a-4ab2-b84a-62b63c9d8776.png "HTTP/2 200 OK"
2025-03-01 09:42:32,812 - httpx - INFO - HTTP Request: POST https://hmdqtnywfebxjugxzlvc.supabase.co/storage/v1/object/exercises/c770c9bb-4de1-44be-aacb-b4bea3efbacf/83d44f35-025b-4696-a7c5-0fa4d0aae1e7/1dacba38-e293-48e8-bb10-0be78a08e197.png "HTTP/2 200 OK"
2025-03-01 09:42:33,418 - httpx - INFO - HTTP Request: POST https://hmdqtnywfebxjugxzlvc.supabase.co/storage/v1/object/exercises/c770c9bb-4de1-44be-aacb-b4bea3efbacf/83d44f35-025b-4696-a7c5-0fa4d0aae1e7/d339d816-2350-4e3e-9d2a-3add3d8ca7f7.png "HTTP/2 200 OK"
2025-03-01 09:42:33,599 - httpx - INFO - HTTP Request: POST https://hmdqtnywfebxjugxzlvc.supabase.co/storage/v1/object/exercises/c770c9bb-4de1-44be-aacb-b4bea3efbacf/83d44f35-025b-4696-a7c5-0fa4d0aae1e7/59ccb17b-e4ec-494e-aeb5-65a356bf51df.png "HTTP/2 200 OK"
2025-03-01 09:42:33,817 - httpx - INFO - HTTP Request: POST https://hmdqtnywfebxjugxzlvc.supabase.co/storage/v1/object/exercises/c770c9bb-4de1-44be-aacb-b4bea3efbacf/83d44f35-025b-4696-a7c5-0fa4d0aae1e7/ffbfd274-e67e-4ce1-8eaf-2b5c9c538012.png "HTTP/2 200 OK"
2025-03-01 09:42:34,157 - httpx - INFO - HTTP Request: POST https://hmdqtnywfebxjugxzlvc.supabase.co/storage/v1/object/exercises/c770c9bb-4de1-44be-aacb-b4bea3efbacf/83d44f35-025b-4696-a7c5-0fa4d0aae1e7/9801d2a0-0bad-4216-b307-d41faab9025e.png "HTTP/2 200 OK"
2025-03-01 09:42:34,377 - httpx - INFO - HTTP Request: POST https://hmdqtnywfebxjugxzlvc.supabase.co/storage/v1/object/exercises/c770c9bb-4de1-44be-aacb-b4bea3efbacf/83d44f35-025b-4696-a7c5-0fa4d0aae1e7/1d314531-83e5-41b3-b99e-63a131ba9bf0.png "HTTP/2 200 OK"
2025-03-01 09:42:34,617 - httpx - INFO - HTTP Request: POST https://hmdqtnywfebxjugxzlvc.supabase.co/storage/v1/object/exercises/c770c9bb-4de1-44be-aacb-b4bea3efbacf/83d44f35-025b-4696-a7c5-0fa4d0aae1e7/2e4335fa-3f53-4fda-abe3-3469a37aa9d4.png "HTTP/2 200 OK"
2025-03-01 09:42:34,875 - httpx - INFO - HTTP Request: POST https://hmdqtnywfebxjugxzlvc.supabase.co/storage/v1/object/exercises/c770c9bb-4de1-44be-aacb-b4bea3efbacf/83d44f35-025b-4696-a7c5-0fa4d0aae1e7/ed938a10-d052-4df3-a420-cec632da87a5.png "HTTP/2 200 OK"
2025-03-01 09:42:35,116 - httpx - INFO - HTTP Request: POST https://hmdqtnywfebxjugxzlvc.supabase.co/storage/v1/object/exercises/c770c9bb-4de1-44be-aacb-b4bea3efbacf/83d44f35-025b-4696-a7c5-0fa4d0aae1e7/fcfc220d-b107-4ad3-91c9-9ae2b0bb48e4.png "HTTP/2 200 OK"
2025-03-01 09:42:35,382 - httpx - INFO - HTTP Request: POST https://hmdqtnywfebxjugxzlvc.supabase.co/storage/v1/object/exercises/c770c9bb-4de1-44be-aacb-b4bea3efbacf/83d44f35-025b-4696-a7c5-0fa4d0aae1e7/d51a2859-751f-4bcc-a488-f7f12fff6acf.png "HTTP/2 200 OK"
2025-03-01 09:42:35,821 - httpx - INFO - HTTP Request: POST https://hmdqtnywfebxjugxzlvc.supabase.co/storage/v1/object/exercises/c770c9bb-4de1-44be-aacb-b4bea3efbacf/83d44f35-025b-4696-a7c5-0fa4d0aae1e7/e57ccead-78d8-4563-b596-c4e476992860.png "HTTP/2 200 OK"
2025-03-01 09:42:36,098 - httpx - INFO - HTTP Request: POST https://hmdqtnywfebxjugxzlvc.supabase.co/storage/v1/object/exercises/c770c9bb-4de1-44be-aacb-b4bea3efbacf/83d44f35-025b-4696-a7c5-0fa4d0aae1e7/14972e87-5616-47df-b601-28c2f08a2d31.png "HTTP/2 200 OK"
2025-03-01 09:42:36,267 - httpx - INFO - HTTP Request: POST https://hmdqtnywfebxjugxzlvc.supabase.co/storage/v1/object/exercises/c770c9bb-4de1-44be-aacb-b4bea3efbacf/83d44f35-025b-4696-a7c5-0fa4d0aae1e7/66df09dc-2fcd-4e42-84ac-f4044842d334.png "HTTP/2 200 OK"
2025-03-01 09:42:36,491 - httpx - INFO - HTTP Request: POST https://hmdqtnywfebxjugxzlvc.supabase.co/storage/v1/object/exercises/c770c9bb-4de1-44be-aacb-b4bea3efbacf/83d44f35-025b-4696-a7c5-0fa4d0aae1e7/a8f37219-1ec4-406d-9f14-cfa8cce972b2.png "HTTP/2 200 OK"
2025-03-01 09:42:36,694 - httpx - INFO - HTTP Request: POST https://hmdqtnywfebxjugxzlvc.supabase.co/storage/v1/object/exercises/c770c9bb-4de1-44be-aacb-b4bea3efbacf/83d44f35-025b-4696-a7c5-0fa4d0aae1e7/c15f03e6-8702-4ea5-852e-cd9965665166.png "HTTP/2 200 OK"
2025-03-01 09:42:37,049 - httpx - INFO - HTTP Request: POST https://hmdqtnywfebxjugxzlvc.supabase.co/storage/v1/object/exercises/c770c9bb-4de1-44be-aacb-b4bea3efbacf/83d44f35-025b-4696-a7c5-0fa4d0aae1e7/848b8ad7-9668-4f29-a77c-6f63a6048a77.png "HTTP/2 200 OK"
2025-03-01 09:42:37,262 - httpx - INFO - HTTP Request: POST https://hmdqtnywfebxjugxzlvc.supabase.co/storage/v1/object/exercises/c770c9bb-4de1-44be-aacb-b4bea3efbacf/83d44f35-025b-4696-a7c5-0fa4d0aae1e7/e12fd151-5e5f-4bb4-8ac2-ed04687377a4.png "HTTP/2 200 OK"
2025-03-01 09:42:37,480 - httpx - INFO - HTTP Request: POST https://hmdqtnywfebxjugxzlvc.supabase.co/storage/v1/object/exercises/c770c9bb-4de1-44be-aacb-b4bea3efbacf/83d44f35-025b-4696-a7c5-0fa4d0aae1e7/5510df6f-b5dd-4209-8e9a-ae582eee7bda.png "HTTP/2 200 OK"
2025-03-01 09:42:37,681 - httpx - INFO - HTTP Request: POST https://hmdqtnywfebxjugxzlvc.supabase.co/storage/v1/object/exercises/c770c9bb-4de1-44be-aacb-b4bea3efbacf/83d44f35-025b-4696-a7c5-0fa4d0aae1e7/0ffe2695-3d1d-4577-87d0-3ab68e32449d.png "HTTP/2 200 OK"
2025-03-01 09:42:38,002 - httpx - INFO - HTTP Request: POST https://hmdqtnywfebxjugxzlvc.supabase.co/storage/v1/object/exercises/c770c9bb-4de1-44be-aacb-b4bea3efbacf/83d44f35-025b-4696-a7c5-0fa4d0aae1e7/9dcb4c8e-0e42-4295-a28c-c0c2df86b5c3.png "HTTP/2 200 OK"
2025-03-01 09:42:38,214 - httpx - INFO - HTTP Request: POST https://hmdqtnywfebxjugxzlvc.supabase.co/storage/v1/object/exercises/c770c9bb-4de1-44be-aacb-b4bea3efbacf/83d44f35-025b-4696-a7c5-0fa4d0aae1e7/bba7af42-bad8-4141-91f8-2678e22ee6d0.png "HTTP/2 200 OK"
2025-03-01 09:42:38,383 - httpx - INFO - HTTP Request: POST https://hmdqtnywfebxjugxzlvc.supabase.co/storage/v1/object/exercises/c770c9bb-4de1-44be-aacb-b4bea3efbacf/83d44f35-025b-4696-a7c5-0fa4d0aae1e7/3a9110dd-9bed-421e-8e62-4eddf4803e46.png "HTTP/2 200 OK"
2025-03-01 09:42:38,736 - httpx - INFO - HTTP Request: POST https://hmdqtnywfebxjugxzlvc.supabase.co/storage/v1/object/exercises/c770c9bb-4de1-44be-aacb-b4bea3efbacf/83d44f35-025b-4696-a7c5-0fa4d0aae1e7/57d86b00-0499-4e25-9c8b-6e265748a066.png "HTTP/2 200 OK"
2025-03-01 09:42:39,431 - httpx - INFO - HTTP Request: POST https://hmdqtnywfebxjugxzlvc.supabase.co/storage/v1/object/exercises/c770c9bb-4de1-44be-aacb-b4bea3efbacf/83d44f35-025b-4696-a7c5-0fa4d0aae1e7/03021471-eb99-4f3e-8442-960e90952cb5.png "HTTP/2 200 OK"
2025-03-01 09:42:40,307 - httpx - INFO - HTTP Request: POST https://hmdqtnywfebxjugxzlvc.supabase.co/storage/v1/object/exercises/c770c9bb-4de1-44be-aacb-b4bea3efbacf/83d44f35-025b-4696-a7c5-0fa4d0aae1e7/7a731f93-729b-464a-9f5b-3308f514d580.png "HTTP/2 200 OK"
2025-03-01 09:42:40,661 - httpx - INFO - HTTP Request: POST https://hmdqtnywfebxjugxzlvc.supabase.co/storage/v1/object/exercises/c770c9bb-4de1-44be-aacb-b4bea3efbacf/83d44f35-025b-4696-a7c5-0fa4d0aae1e7/35c88585-f4a8-4d2f-a9d2-b4fd7500472c.png "HTTP/2 200 OK"
2025-03-01 09:42:41,249 - httpx - INFO - HTTP Request: POST https://hmdqtnywfebxjugxzlvc.supabase.co/storage/v1/object/exercises/c770c9bb-4de1-44be-aacb-b4bea3efbacf/83d44f35-025b-4696-a7c5-0fa4d0aae1e7/f92b3231-4ab7-43b5-a06b-1789ed1a2d11.png "HTTP/2 200 OK"
2025-03-01 09:42:41,957 - httpx - INFO - HTTP Request: POST https://hmdqtnywfebxjugxzlvc.supabase.co/storage/v1/object/exercises/c770c9bb-4de1-44be-aacb-b4bea3efbacf/83d44f35-025b-4696-a7c5-0fa4d0aae1e7/5487f8b8-10ab-4134-8a0d-d04999830579.png "HTTP/2 200 OK"
2025-03-01 09:42:42,173 - httpx - INFO - HTTP Request: POST https://hmdqtnywfebxjugxzlvc.supabase.co/storage/v1/object/exercises/c770c9bb-4de1-44be-aacb-b4bea3efbacf/83d44f35-025b-4696-a7c5-0fa4d0aae1e7/7af05d5d-5a16-4001-9e35-22e2c19d91d9.png "HTTP/2 200 OK"
2025-03-01 09:42:42,518 - httpx - INFO - HTTP Request: POST https://hmdqtnywfebxjugxzlvc.supabase.co/storage/v1/object/exercises/c770c9bb-4de1-44be-aacb-b4bea3efbacf/83d44f35-025b-4696-a7c5-0fa4d0aae1e7/219565bd-74a5-4026-ae00-4c86c8dd21d7.png "HTTP/2 200 OK"
2025-03-01 09:42:42,700 - httpx - INFO - HTTP Request: POST https://hmdqtnywfebxjugxzlvc.supabase.co/storage/v1/object/exercises/c770c9bb-4de1-44be-aacb-b4bea3efbacf/83d44f35-025b-4696-a7c5-0fa4d0aae1e7/d1d95e1d-79d2-490c-abcc-67666e28394a.png "HTTP/2 200 OK"
2025-03-01 09:42:43,042 - httpx - INFO - HTTP Request: POST https://hmdqtnywfebxjugxzlvc.supabase.co/storage/v1/object/exercises/c770c9bb-4de1-44be-aacb-b4bea3efbacf/83d44f35-025b-4696-a7c5-0fa4d0aae1e7/323b7cb3-475e-43d9-acf6-57fbe0ab0919.png "HTTP/2 200 OK"
2025-03-01 09:42:43,233 - httpx - INFO - HTTP Request: POST https://hmdqtnywfebxjugxzlvc.supabase.co/storage/v1/object/exercises/c770c9bb-4de1-44be-aacb-b4bea3efbacf/83d44f35-025b-4696-a7c5-0fa4d0aae1e7/03231500-ed33-40d0-9b7b-e114e91b9311.png "HTTP/2 200 OK"
2025-03-01 09:42:43,423 - httpx - INFO - HTTP Request: POST https://hmdqtnywfebxjugxzlvc.supabase.co/storage/v1/object/exercises/c770c9bb-4de1-44be-aacb-b4bea3efbacf/83d44f35-025b-4696-a7c5-0fa4d0aae1e7/d57dc5a1-ef13-4bc2-8485-60b05e4d87e9.png "HTTP/2 200 OK"
2025-03-01 09:42:43,766 - httpx - INFO - HTTP Request: POST https://hmdqtnywfebxjugxzlvc.supabase.co/storage/v1/object/exercises/c770c9bb-4de1-44be-aacb-b4bea3efbacf/83d44f35-025b-4696-a7c5-0fa4d0aae1e7/846dbea5-9024-422e-b146-4a72ed805cb0.png "HTTP/2 200 OK"
2025-03-01 09:42:44,090 - httpx - INFO - HTTP Request: POST https://hmdqtnywfebxjugxzlvc.supabase.co/storage/v1/object/exercises/c770c9bb-4de1-44be-aacb-b4bea3efbacf/83d44f35-025b-4696-a7c5-0fa4d0aae1e7/860043e0-dd42-4e5e-b4f4-390da0d2a1aa.png "HTTP/2 200 OK"
2025-03-01 09:42:44,292 - httpx - INFO - HTTP Request: POST https://hmdqtnywfebxjugxzlvc.supabase.co/storage/v1/object/exercises/c770c9bb-4de1-44be-aacb-b4bea3efbacf/83d44f35-025b-4696-a7c5-0fa4d0aae1e7/c6ebacf5-a8dc-4868-9e69-4d577896ba92.png "HTTP/2 200 OK"
2025-03-01 09:42:44,679 - httpx - INFO - HTTP Request: POST https://hmdqtnywfebxjugxzlvc.supabase.co/storage/v1/object/exercises/c770c9bb-4de1-44be-aacb-b4bea3efbacf/83d44f35-025b-4696-a7c5-0fa4d0aae1e7/d9d55079-942a-4578-9a8d-df897a80b4c3.png "HTTP/2 200 OK"
2025-03-01 09:42:45,043 - httpx - INFO - HTTP Request: POST https://hmdqtnywfebxjugxzlvc.supabase.co/storage/v1/object/exercises/c770c9bb-4de1-44be-aacb-b4bea3efbacf/83d44f35-025b-4696-a7c5-0fa4d0aae1e7/ad3d9bf5-3e7b-4958-bf47-c61efd41e472.png "HTTP/2 200 OK"
2025-03-01 09:42:45,236 - httpx - INFO - HTTP Request: POST https://hmdqtnywfebxjugxzlvc.supabase.co/storage/v1/object/exercises/c770c9bb-4de1-44be-aacb-b4bea3efbacf/83d44f35-025b-4696-a7c5-0fa4d0aae1e7/fd01ae54-ed79-49d5-9517-a693e0548788.png "HTTP/2 200 OK"
2025-03-01 09:42:45,443 - httpx - INFO - HTTP Request: POST https://hmdqtnywfebxjugxzlvc.supabase.co/storage/v1/object/exercises/c770c9bb-4de1-44be-aacb-b4bea3efbacf/83d44f35-025b-4696-a7c5-0fa4d0aae1e7/5c93b47e-8a37-44eb-9876-5168d4f12a9e.png "HTTP/2 200 OK"
2025-03-01 09:42:45,649 - httpx - INFO - HTTP Request: POST https://hmdqtnywfebxjugxzlvc.supabase.co/storage/v1/object/exercises/c770c9bb-4de1-44be-aacb-b4bea3efbacf/83d44f35-025b-4696-a7c5-0fa4d0aae1e7/1e0d6781-ade2-4de2-aea1-87c652db8097.png "HTTP/2 200 OK"
2025-03-01 09:42:45,964 - httpx - INFO - HTTP Request: POST https://hmdqtnywfebxjugxzlvc.supabase.co/storage/v1/object/exercises/c770c9bb-4de1-44be-aacb-b4bea3efbacf/83d44f35-025b-4696-a7c5-0fa4d0aae1e7/aaaa6933-963a-441c-9f12-5204ec87cd8b.png "HTTP/2 200 OK"
2025-03-01 09:42:46,533 - httpx - INFO - HTTP Request: POST https://hmdqtnywfebxjugxzlvc.supabase.co/storage/v1/object/exercises/c770c9bb-4de1-44be-aacb-b4bea3efbacf/83d44f35-025b-4696-a7c5-0fa4d0aae1e7/369c98bc-c0d1-41dd-a572-9003a9a612db.png "HTTP/2 200 OK"
2025-03-01 09:42:46,868 - httpx - INFO - HTTP Request: POST https://hmdqtnywfebxjugxzlvc.supabase.co/storage/v1/object/exercises/c770c9bb-4de1-44be-aacb-b4bea3efbacf/83d44f35-025b-4696-a7c5-0fa4d0aae1e7/22ab1242-084d-4be3-8252-66cc48945c04.png "HTTP/2 200 OK"
2025-03-01 09:42:47,078 - httpx - INFO - HTTP Request: POST https://hmdqtnywfebxjugxzlvc.supabase.co/storage/v1/object/exercises/c770c9bb-4de1-44be-aacb-b4bea3efbacf/83d44f35-025b-4696-a7c5-0fa4d0aae1e7/c05c1c58-4aaf-4dc3-8dca-fc9fbdacd585.png "HTTP/2 200 OK"
2025-03-01 09:42:47,287 - httpx - INFO - HTTP Request: POST https://hmdqtnywfebxjugxzlvc.supabase.co/storage/v1/object/exercises/c770c9bb-4de1-44be-aacb-b4bea3efbacf/83d44f35-025b-4696-a7c5-0fa4d0aae1e7/8b0601c2-8c6f-43de-977e-2b6029c72e10.png "HTTP/2 200 OK"
2025-03-01 09:42:47,659 - httpx - INFO - HTTP Request: POST https://hmdqtnywfebxjugxzlvc.supabase.co/storage/v1/object/exercises/c770c9bb-4de1-44be-aacb-b4bea3efbacf/83d44f35-025b-4696-a7c5-0fa4d0aae1e7/fe820d21-8d1d-4b78-8b78-bb6992acf365.png "HTTP/2 200 OK"
2025-03-01 09:42:47,859 - httpx - INFO - HTTP Request: POST https://hmdqtnywfebxjugxzlvc.supabase.co/storage/v1/object/exercises/c770c9bb-4de1-44be-aacb-b4bea3efbacf/83d44f35-025b-4696-a7c5-0fa4d0aae1e7/2ba984b7-c626-43fe-b183-f5ced4b66f20.png "HTTP/2 200 OK"
2025-03-01 09:42:48,051 - httpx - INFO - HTTP Request: POST https://hmdqtnywfebxjugxzlvc.supabase.co/storage/v1/object/exercises/c770c9bb-4de1-44be-aacb-b4bea3efbacf/83d44f35-025b-4696-a7c5-0fa4d0aae1e7/037a028c-397e-413a-8083-525716d229d1.png "HTTP/2 200 OK"
2025-03-01 09:42:48,236 - httpx - INFO - HTTP Request: POST https://hmdqtnywfebxjugxzlvc.supabase.co/storage/v1/object/exercises/c770c9bb-4de1-44be-aacb-b4bea3efbacf/83d44f35-025b-4696-a7c5-0fa4d0aae1e7/d8c87c0f-4d65-4549-b0c4-abbad2dde769.png "HTTP/2 200 OK"
2025-03-01 09:42:48,456 - httpx - INFO - HTTP Request: POST https://hmdqtnywfebxjugxzlvc.supabase.co/storage/v1/object/exercises/c770c9bb-4de1-44be-aacb-b4bea3efbacf/83d44f35-025b-4696-a7c5-0fa4d0aae1e7/6d60c5c3-9630-45b1-88ef-94ed3b5dc459.png "HTTP/2 200 OK"
2025-03-01 09:42:48,704 - httpx - INFO - HTTP Request: POST https://hmdqtnywfebxjugxzlvc.supabase.co/storage/v1/object/exercises/c770c9bb-4de1-44be-aacb-b4bea3efbacf/83d44f35-025b-4696-a7c5-0fa4d0aae1e7/eabb37d5-6618-4912-a742-5db5ccd76b42.png "HTTP/2 200 OK"
2025-03-01 09:42:48,878 - httpx - INFO - HTTP Request: POST https://hmdqtnywfebxjugxzlvc.supabase.co/storage/v1/object/exercises/c770c9bb-4de1-44be-aacb-b4bea3efbacf/83d44f35-025b-4696-a7c5-0fa4d0aae1e7/a5c3c7c8-f700-4b03-9a5b-0e9b7092948b.png "HTTP/2 200 OK"
2025-03-01 09:42:49,074 - httpx - INFO - HTTP Request: POST https://hmdqtnywfebxjugxzlvc.supabase.co/storage/v1/object/exercises/c770c9bb-4de1-44be-aacb-b4bea3efbacf/83d44f35-025b-4696-a7c5-0fa4d0aae1e7/be0bc278-910d-4d2c-979b-816e8b3e55e7.png "HTTP/2 200 OK"
2025-03-01 09:42:49,265 - httpx - INFO - HTTP Request: POST https://hmdqtnywfebxjugxzlvc.supabase.co/storage/v1/object/exercises/c770c9bb-4de1-44be-aacb-b4bea3efbacf/83d44f35-025b-4696-a7c5-0fa4d0aae1e7/32d1fd2b-3217-4755-93d8-df501fc26d54.png "HTTP/2 200 OK"
2025-03-01 09:42:49,449 - httpx - INFO - HTTP Request: POST https://hmdqtnywfebxjugxzlvc.supabase.co/storage/v1/object/exercises/c770c9bb-4de1-44be-aacb-b4bea3efbacf/83d44f35-025b-4696-a7c5-0fa4d0aae1e7/d046dfb7-7096-43b0-a386-e78a00674dcb.png "HTTP/2 200 OK"
2025-03-01 09:42:49,650 - httpx - INFO - HTTP Request: POST https://hmdqtnywfebxjugxzlvc.supabase.co/storage/v1/object/exercises/c770c9bb-4de1-44be-aacb-b4bea3efbacf/83d44f35-025b-4696-a7c5-0fa4d0aae1e7/24aeed81-d5c9-4b6b-a27b-69f6aed505cb.png "HTTP/2 200 OK"
2025-03-01 09:42:49,903 - httpx - INFO - HTTP Request: POST https://hmdqtnywfebxjugxzlvc.supabase.co/storage/v1/object/exercises/c770c9bb-4de1-44be-aacb-b4bea3efbacf/83d44f35-025b-4696-a7c5-0fa4d0aae1e7/e6185892-904d-4e24-89ff-0f4c75ab151e.png "HTTP/2 200 OK"
2025-03-01 09:42:50,114 - httpx - INFO - HTTP Request: POST https://hmdqtnywfebxjugxzlvc.supabase.co/storage/v1/object/exercises/c770c9bb-4de1-44be-aacb-b4bea3efbacf/83d44f35-025b-4696-a7c5-0fa4d0aae1e7/28eebb55-7872-466e-98f4-7b565a3bed61.png "HTTP/2 200 OK"
2025-03-01 09:42:50,374 - httpx - INFO - HTTP Request: POST https://hmdqtnywfebxjugxzlvc.supabase.co/storage/v1/object/exercises/c770c9bb-4de1-44be-aacb-b4bea3efbacf/83d44f35-025b-4696-a7c5-0fa4d0aae1e7/8c559398-cc33-409f-9a97-8b10dd86beb3.png "HTTP/2 200 OK"
2025-03-01 09:42:50,640 - httpx - INFO - HTTP Request: POST https://hmdqtnywfebxjugxzlvc.supabase.co/storage/v1/object/exercises/c770c9bb-4de1-44be-aacb-b4bea3efbacf/83d44f35-025b-4696-a7c5-0fa4d0aae1e7/79606e37-bb7e-4cee-97f7-a1484dbe285f.png "HTTP/2 200 OK"
2025-03-01 09:42:50,849 - httpx - INFO - HTTP Request: POST https://hmdqtnywfebxjugxzlvc.supabase.co/storage/v1/object/exercises/c770c9bb-4de1-44be-aacb-b4bea3efbacf/83d44f35-025b-4696-a7c5-0fa4d0aae1e7/3bfe4396-605a-47ab-945b-68e77a0ee3aa.png "HTTP/2 200 OK"
2025-03-01 09:42:50,854 - __main__ - INFO - Successfully uploaded all exercise images
