This is pdfTeX, Version 3.141592653-2.6-1.40.26 (TeX Live 2024) (preloaded format=pdflatex 2024.12.3)  31 DEC 2024 13:52
entering extended mode
 \write18 enabled.
 file:line:error style messages enabled.
 %&-line parsing enabled.
**"/Users/ashoksaravanan/Coding/ScribeLec/server/output/MA 421/lectures/2024-09
-12-Duality/notes.tex"

(/Users/ashoksaravanan/Coding/ScribeLec/server/output/MA 421/lectures/2024-09-1
2-Duality/notes.tex
LaTeX2e <2023-11-01> patch level 1
L3 programming layer <2024-02-20>
(/usr/local/texlive/2024/texmf-dist/tex/latex/base/article.cls
Document Class: article 2023/05/17 v1.4n Standard LaTeX document class
(/usr/local/texlive/2024/texmf-dist/tex/latex/base/size10.clo
File: size10.clo 2023/05/17 v1.4n Standard LaTeX file (size option)
)
\c@part=\count188
\c@section=\count189
\c@subsection=\count190
\c@subsubsection=\count191
\c@paragraph=\count192
\c@subparagraph=\count193
\c@figure=\count194
\c@table=\count195
\abovecaptionskip=\skip48
\belowcaptionskip=\skip49
\bibindent=\dimen140
)
(/usr/local/texlive/2024/texmf-dist/tex/latex/base/fontenc.sty
Package: fontenc 2021/04/29 v2.0v Standard LaTeX package
)
(/usr/local/texlive/2024/texmf-dist/tex/latex/base/inputenc.sty
Package: inputenc 2021/02/14 v1.3d Input encoding file
\inpenc@prehook=\toks17
\inpenc@posthook=\toks18
)
(/usr/local/texlive/2024/texmf-dist/tex/latex/lm/lmodern.sty
Package: lmodern 2015/05/01 v1.6.1 Latin Modern Fonts
LaTeX Font Info:    Overwriting symbol font `operators' in version `normal'
(Font)                  OT1/cmr/m/n --> OT1/lmr/m/n on input line 22.
LaTeX Font Info:    Overwriting symbol font `letters' in version `normal'
(Font)                  OML/cmm/m/it --> OML/lmm/m/it on input line 23.
LaTeX Font Info:    Overwriting symbol font `symbols' in version `normal'
(Font)                  OMS/cmsy/m/n --> OMS/lmsy/m/n on input line 24.
LaTeX Font Info:    Overwriting symbol font `largesymbols' in version `normal'
(Font)                  OMX/cmex/m/n --> OMX/lmex/m/n on input line 25.
LaTeX Font Info:    Overwriting symbol font `operators' in version `bold'
(Font)                  OT1/cmr/bx/n --> OT1/lmr/bx/n on input line 26.
LaTeX Font Info:    Overwriting symbol font `letters' in version `bold'
(Font)                  OML/cmm/b/it --> OML/lmm/b/it on input line 27.
LaTeX Font Info:    Overwriting symbol font `symbols' in version `bold'
(Font)                  OMS/cmsy/b/n --> OMS/lmsy/b/n on input line 28.
LaTeX Font Info:    Overwriting symbol font `largesymbols' in version `bold'
(Font)                  OMX/cmex/m/n --> OMX/lmex/m/n on input line 29.
LaTeX Font Info:    Overwriting math alphabet `\mathbf' in version `normal'
(Font)                  OT1/cmr/bx/n --> OT1/lmr/bx/n on input line 31.
LaTeX Font Info:    Overwriting math alphabet `\mathsf' in version `normal'
(Font)                  OT1/cmss/m/n --> OT1/lmss/m/n on input line 32.
LaTeX Font Info:    Overwriting math alphabet `\mathit' in version `normal'
(Font)                  OT1/cmr/m/it --> OT1/lmr/m/it on input line 33.
LaTeX Font Info:    Overwriting math alphabet `\mathtt' in version `normal'
(Font)                  OT1/cmtt/m/n --> OT1/lmtt/m/n on input line 34.
LaTeX Font Info:    Overwriting math alphabet `\mathbf' in version `bold'
(Font)                  OT1/cmr/bx/n --> OT1/lmr/bx/n on input line 35.
LaTeX Font Info:    Overwriting math alphabet `\mathsf' in version `bold'
(Font)                  OT1/cmss/bx/n --> OT1/lmss/bx/n on input line 36.
LaTeX Font Info:    Overwriting math alphabet `\mathit' in version `bold'
(Font)                  OT1/cmr/bx/it --> OT1/lmr/bx/it on input line 37.
LaTeX Font Info:    Overwriting math alphabet `\mathtt' in version `bold'
(Font)                  OT1/cmtt/m/n --> OT1/lmtt/m/n on input line 38.
)
(/usr/local/texlive/2024/texmf-dist/tex/latex/base/textcomp.sty
Package: textcomp 2020/02/02 v2.0n Standard LaTeX package
)
(/usr/local/texlive/2024/texmf-dist/tex/latex/lastpage/lastpage.sty
Package: lastpage 2023/10/14 v2.0e lastpage: 2.09 or 2e? (HMM)

(/usr/local/texlive/2024/texmf-dist/tex/latex/lastpage/lastpage2e.sty
Package: lastpage2e 2023/10/14 v2.0e Decide which 2e lastpage version to use (H
MM)

(/usr/local/texlive/2024/texmf-dist/tex/latex/lastpage/lastpagemodern.sty
Package: lastpagemodern 2023-10-14 v2.0e Refers to last page's name (HMM; JPG)
\c@lastpagecount=\count196
) 
)) (/usr/local/texlive/2024/texmf-dist/tex/latex/geometry/geometry.sty
Package: geometry 2020/01/02 v5.9 Page Geometry

(/usr/local/texlive/2024/texmf-dist/tex/latex/graphics/keyval.sty
Package: keyval 2022/05/29 v1.15 key=value parser (DPC)
\KV@toks@=\toks19
)
(/usr/local/texlive/2024/texmf-dist/tex/generic/iftex/ifvtex.sty
Package: ifvtex 2019/10/25 v1.7 ifvtex legacy package. Use iftex instead.

(/usr/local/texlive/2024/texmf-dist/tex/generic/iftex/iftex.sty
Package: iftex 2022/02/03 v1.0f TeX engine tests
))
\Gm@cnth=\count197
\Gm@cntv=\count198
\c@Gm@tempcnt=\count199
\Gm@bindingoffset=\dimen141
\Gm@wd@mp=\dimen142
\Gm@odd@mp=\dimen143
\Gm@even@mp=\dimen144
\Gm@layoutwidth=\dimen145
\Gm@layoutheight=\dimen146
\Gm@layouthoffset=\dimen147
\Gm@layoutvoffset=\dimen148
\Gm@dimlist=\toks20
)
(/usr/local/texlive/2024/texmf-dist/tex/latex/hyperref/hyperref.sty
Package: hyperref 2024-01-20 v7.01h Hypertext links for LaTeX

(/usr/local/texlive/2024/texmf-dist/tex/latex/kvsetkeys/kvsetkeys.sty
Package: kvsetkeys 2022-10-05 v1.19 Key value parser (HO)
)
(/usr/local/texlive/2024/texmf-dist/tex/generic/kvdefinekeys/kvdefinekeys.sty
Package: kvdefinekeys 2019-12-19 v1.6 Define keys (HO)
)
(/usr/local/texlive/2024/texmf-dist/tex/generic/pdfescape/pdfescape.sty
Package: pdfescape 2019/12/09 v1.15 Implements pdfTeX's escape features (HO)

(/usr/local/texlive/2024/texmf-dist/tex/generic/ltxcmds/ltxcmds.sty
Package: ltxcmds 2023-12-04 v1.26 LaTeX kernel commands for general use (HO)
)
(/usr/local/texlive/2024/texmf-dist/tex/generic/pdftexcmds/pdftexcmds.sty
Package: pdftexcmds 2020-06-27 v0.33 Utility functions of pdfTeX for LuaTeX (HO
)

(/usr/local/texlive/2024/texmf-dist/tex/generic/infwarerr/infwarerr.sty
Package: infwarerr 2019/12/03 v1.5 Providing info/warning/error messages (HO)
)
Package pdftexcmds Info: \pdf@primitive is available.
Package pdftexcmds Info: \pdf@ifprimitive is available.
Package pdftexcmds Info: \pdfdraftmode found.
))
(/usr/local/texlive/2024/texmf-dist/tex/latex/hycolor/hycolor.sty
Package: hycolor 2020-01-27 v1.10 Color options for hyperref/bookmark (HO)
)
(/usr/local/texlive/2024/texmf-dist/tex/latex/auxhook/auxhook.sty
Package: auxhook 2019-12-17 v1.6 Hooks for auxiliary files (HO)
)
(/usr/local/texlive/2024/texmf-dist/tex/latex/hyperref/nameref.sty
Package: nameref 2023-11-26 v2.56 Cross-referencing by name of section

(/usr/local/texlive/2024/texmf-dist/tex/latex/refcount/refcount.sty
Package: refcount 2019/12/15 v3.6 Data extraction from label references (HO)
)
(/usr/local/texlive/2024/texmf-dist/tex/generic/gettitlestring/gettitlestring.s
ty
Package: gettitlestring 2019/12/15 v1.6 Cleanup title references (HO)
 (/usr/local/texlive/2024/texmf-dist/tex/latex/kvoptions/kvoptions.sty
Package: kvoptions 2022-06-15 v3.15 Key value format for package options (HO)
))
\c@section@level=\count266
)
(/usr/local/texlive/2024/texmf-dist/tex/latex/etoolbox/etoolbox.sty
Package: etoolbox 2020/10/05 v2.5k e-TeX tools for LaTeX (JAW)
\etb@tempcnta=\count267
)
\@linkdim=\dimen149
\Hy@linkcounter=\count268
\Hy@pagecounter=\count269

(/usr/local/texlive/2024/texmf-dist/tex/latex/hyperref/pd1enc.def
File: pd1enc.def 2024-01-20 v7.01h Hyperref: PDFDocEncoding definition (HO)
Now handling font encoding PD1 ...
... no UTF-8 mapping file for font encoding PD1
)
(/usr/local/texlive/2024/texmf-dist/tex/generic/intcalc/intcalc.sty
Package: intcalc 2019/12/15 v1.3 Expandable calculations with integers (HO)
)
\Hy@SavedSpaceFactor=\count270

(/usr/local/texlive/2024/texmf-dist/tex/latex/hyperref/puenc.def
File: puenc.def 2024-01-20 v7.01h Hyperref: PDF Unicode definition (HO)
Now handling font encoding PU ...
... no UTF-8 mapping file for font encoding PU
)
Package hyperref Info: Hyper figures OFF on input line 4179.
Package hyperref Info: Link nesting OFF on input line 4184.
Package hyperref Info: Hyper index ON on input line 4187.
Package hyperref Info: Plain pages OFF on input line 4194.
Package hyperref Info: Backreferencing OFF on input line 4199.
Package hyperref Info: Implicit mode ON; LaTeX internals redefined.
Package hyperref Info: Bookmarks ON on input line 4446.
\c@Hy@tempcnt=\count271

(/usr/local/texlive/2024/texmf-dist/tex/latex/url/url.sty
\Urlmuskip=\muskip16
Package: url 2013/09/16  ver 3.4  Verb mode for urls, etc.
)
LaTeX Info: Redefining \url on input line 4784.
\XeTeXLinkMargin=\dimen150

(/usr/local/texlive/2024/texmf-dist/tex/generic/bitset/bitset.sty
Package: bitset 2019/12/09 v1.3 Handle bit-vector datatype (HO)

(/usr/local/texlive/2024/texmf-dist/tex/generic/bigintcalc/bigintcalc.sty
Package: bigintcalc 2019/12/15 v1.5 Expandable calculations on big integers (HO
)
))
\Fld@menulength=\count272
\Field@Width=\dimen151
\Fld@charsize=\dimen152
Package hyperref Info: Hyper figures OFF on input line 6063.
Package hyperref Info: Link nesting OFF on input line 6068.
Package hyperref Info: Hyper index ON on input line 6071.
Package hyperref Info: backreferencing OFF on input line 6078.
Package hyperref Info: Link coloring OFF on input line 6083.
Package hyperref Info: Link coloring with OCG OFF on input line 6088.
Package hyperref Info: PDF/A mode OFF on input line 6093.

(/usr/local/texlive/2024/texmf-dist/tex/latex/base/atbegshi-ltx.sty
Package: atbegshi-ltx 2021/01/10 v1.0c Emulation of the original atbegshi
package with kernel methods
)
\Hy@abspage=\count273
\c@Item=\count274
\c@Hfootnote=\count275
)
Package hyperref Info: Driver (autodetected): hpdftex.

(/usr/local/texlive/2024/texmf-dist/tex/latex/hyperref/hpdftex.def
File: hpdftex.def 2024-01-20 v7.01h Hyperref driver for pdfTeX

(/usr/local/texlive/2024/texmf-dist/tex/latex/base/atveryend-ltx.sty
Package: atveryend-ltx 2020/08/19 v1.0a Emulation of the original atveryend pac
kage
with kernel methods
)
\Fld@listcount=\count276
\c@bookmark@seq@number=\count277

(/usr/local/texlive/2024/texmf-dist/tex/latex/rerunfilecheck/rerunfilecheck.sty
Package: rerunfilecheck 2022-07-10 v1.10 Rerun checks for auxiliary files (HO)

(/usr/local/texlive/2024/texmf-dist/tex/generic/uniquecounter/uniquecounter.sty
Package: uniquecounter 2019/12/15 v1.4 Provide unlimited unique counter (HO)
)
Package uniquecounter Info: New unique counter `rerunfilecheck' on input line 2
85.
)
\Hy@SectionHShift=\skip50
) (/usr/local/texlive/2024/texmf-dist/tex/latex/enumitem/enumitem.sty
Package: enumitem 2019/06/20 v3.9 Customized lists
\labelindent=\skip51
\enit@outerparindent=\dimen153
\enit@toks=\toks21
\enit@inbox=\box51
\enit@count@id=\count278
\enitdp@description=\count279
)
(/usr/local/texlive/2024/texmf-dist/tex/latex/fancyhdr/fancyhdr.sty
Package: fancyhdr 2022/11/09 v4.1 Extensive control of page headers and footers

\f@nch@headwidth=\skip52
\f@nch@O@elh=\skip53
\f@nch@O@erh=\skip54
\f@nch@O@olh=\skip55
\f@nch@O@orh=\skip56
\f@nch@O@elf=\skip57
\f@nch@O@erf=\skip58
\f@nch@O@olf=\skip59
\f@nch@O@orf=\skip60
)
(/usr/local/texlive/2024/texmf-dist/tex/latex/xcolor/xcolor.sty
Package: xcolor 2023/11/15 v3.01 LaTeX color extensions (UK)

(/usr/local/texlive/2024/texmf-dist/tex/latex/graphics-cfg/color.cfg
File: color.cfg 2016/01/02 v1.6 sample color configuration
)
Package xcolor Info: Driver file: pdftex.def on input line 274.

(/usr/local/texlive/2024/texmf-dist/tex/latex/graphics-def/pdftex.def
File: pdftex.def 2022/09/22 v1.2b Graphics/color driver for pdftex
)
(/usr/local/texlive/2024/texmf-dist/tex/latex/graphics/mathcolor.ltx)
Package xcolor Info: Model `cmy' substituted by `cmy0' on input line 1350.
Package xcolor Info: Model `hsb' substituted by `rgb' on input line 1354.
Package xcolor Info: Model `RGB' extended on input line 1366.
Package xcolor Info: Model `HTML' substituted by `rgb' on input line 1368.
Package xcolor Info: Model `Hsb' substituted by `hsb' on input line 1369.
Package xcolor Info: Model `tHsb' substituted by `hsb' on input line 1370.
Package xcolor Info: Model `HSB' substituted by `hsb' on input line 1371.
Package xcolor Info: Model `Gray' substituted by `gray' on input line 1372.
Package xcolor Info: Model `wave' substituted by `hsb' on input line 1373.
)
(/usr/local/texlive/2024/texmf-dist/tex/latex/breakurl/breakurl.sty
Package: breakurl 2013/04/10 v1.40 Breakable hyperref URLs

(/usr/local/texlive/2024/texmf-dist/tex/latex/xkeyval/xkeyval.sty
Package: xkeyval 2022/06/16 v2.9 package option processing (HA)

(/usr/local/texlive/2024/texmf-dist/tex/generic/xkeyval/xkeyval.tex
(/usr/local/texlive/2024/texmf-dist/tex/generic/xkeyval/xkvutils.tex
\XKV@toks=\toks22
\XKV@tempa@toks=\toks23
)
\XKV@depth=\count280
File: xkeyval.tex 2014/12/03 v2.7a key=value parser (HA)
))
(/usr/local/texlive/2024/texmf-dist/tex/generic/iftex/ifpdf.sty
Package: ifpdf 2019/10/25 v3.4 ifpdf legacy package. Use iftex instead.
)

Package breakurl Warning: You are using breakurl while processing via pdflatex.

(breakurl)                \burl will be just a synonym of \url.
(breakurl)                 on input line 48.

) (/usr/local/texlive/2024/texmf-dist/tex/latex/amsmath/amsmath.sty
Package: amsmath 2023/05/13 v2.17o AMS math features
\@mathmargin=\skip61

For additional information on amsmath, use the `?' option.
(/usr/local/texlive/2024/texmf-dist/tex/latex/amsmath/amstext.sty
Package: amstext 2021/08/26 v2.01 AMS text

(/usr/local/texlive/2024/texmf-dist/tex/latex/amsmath/amsgen.sty
File: amsgen.sty 1999/11/30 v2.0 generic functions
\@emptytoks=\toks24
\ex@=\dimen154
))
(/usr/local/texlive/2024/texmf-dist/tex/latex/amsmath/amsbsy.sty
Package: amsbsy 1999/11/29 v1.2d Bold Symbols
\pmbraise@=\dimen155
)
(/usr/local/texlive/2024/texmf-dist/tex/latex/amsmath/amsopn.sty
Package: amsopn 2022/04/08 v2.04 operator names
)
\inf@bad=\count281
LaTeX Info: Redefining \frac on input line 234.
\uproot@=\count282
\leftroot@=\count283
LaTeX Info: Redefining \overline on input line 399.
LaTeX Info: Redefining \colon on input line 410.
\classnum@=\count284
\DOTSCASE@=\count285
LaTeX Info: Redefining \ldots on input line 496.
LaTeX Info: Redefining \dots on input line 499.
LaTeX Info: Redefining \cdots on input line 620.
\Mathstrutbox@=\box52
\strutbox@=\box53
LaTeX Info: Redefining \big on input line 722.
LaTeX Info: Redefining \Big on input line 723.
LaTeX Info: Redefining \bigg on input line 724.
LaTeX Info: Redefining \Bigg on input line 725.
\big@size=\dimen156
LaTeX Font Info:    Redeclaring font encoding OML on input line 743.
LaTeX Font Info:    Redeclaring font encoding OMS on input line 744.
\macc@depth=\count286
LaTeX Info: Redefining \bmod on input line 905.
LaTeX Info: Redefining \pmod on input line 910.
LaTeX Info: Redefining \smash on input line 940.
LaTeX Info: Redefining \relbar on input line 970.
LaTeX Info: Redefining \Relbar on input line 971.
\c@MaxMatrixCols=\count287
\dotsspace@=\muskip17
\c@parentequation=\count288
\dspbrk@lvl=\count289
\tag@help=\toks25
\row@=\count290
\column@=\count291
\maxfields@=\count292
\andhelp@=\toks26
\eqnshift@=\dimen157
\alignsep@=\dimen158
\tagshift@=\dimen159
\tagwidth@=\dimen160
\totwidth@=\dimen161
\lineht@=\dimen162
\@envbody=\toks27
\multlinegap=\skip62
\multlinetaggap=\skip63
\mathdisplay@stack=\toks28
LaTeX Info: Redefining \[ on input line 2953.
LaTeX Info: Redefining \] on input line 2954.
)
(/usr/local/texlive/2024/texmf-dist/tex/latex/amsfonts/amssymb.sty
Package: amssymb 2013/01/14 v3.01 AMS font symbols

(/usr/local/texlive/2024/texmf-dist/tex/latex/amsfonts/amsfonts.sty
Package: amsfonts 2013/01/14 v3.01 Basic AMSFonts support
\symAMSa=\mathgroup4
\symAMSb=\mathgroup5
LaTeX Font Info:    Redeclaring math symbol \hbar on input line 98.
LaTeX Font Info:    Overwriting math alphabet `\mathfrak' in version `bold'
(Font)                  U/euf/m/n --> U/euf/b/n on input line 106.
))
(/usr/local/texlive/2024/texmf-dist/tex/latex/mathtools/mathtools.sty
Package: mathtools 2024/03/11 v1.30 mathematical typesetting tools

(/usr/local/texlive/2024/texmf-dist/tex/latex/tools/calc.sty
Package: calc 2023/07/08 v4.3 Infix arithmetic (KKT,FJ)
\calc@Acount=\count293
\calc@Bcount=\count294
\calc@Adimen=\dimen163
\calc@Bdimen=\dimen164
\calc@Askip=\skip64
\calc@Bskip=\skip65
LaTeX Info: Redefining \setlength on input line 80.
LaTeX Info: Redefining \addtolength on input line 81.
\calc@Ccount=\count295
\calc@Cskip=\skip66
)
(/usr/local/texlive/2024/texmf-dist/tex/latex/mathtools/mhsetup.sty
Package: mhsetup 2021/03/18 v1.4 programming setup (MH)
)
\g_MT_multlinerow_int=\count296
\l_MT_multwidth_dim=\dimen165
\origjot=\skip67
\l_MT_shortvdotswithinadjustabove_dim=\dimen166
\l_MT_shortvdotswithinadjustbelow_dim=\dimen167
\l_MT_above_intertext_sep=\dimen168
\l_MT_below_intertext_sep=\dimen169
\l_MT_above_shortintertext_sep=\dimen170
\l_MT_below_shortintertext_sep=\dimen171
\xmathstrut@box=\box54
\xmathstrut@dim=\dimen172
)
(/usr/local/texlive/2024/texmf-dist/tex/latex/amscls/amsthm.sty
Package: amsthm 2020/05/29 v2.20.6
\thm@style=\toks29
\thm@bodyfont=\toks30
\thm@headfont=\toks31
\thm@notefont=\toks32
\thm@headpunct=\toks33
\thm@preskip=\skip68
\thm@postskip=\skip69
\thm@headsep=\skip70
\dth@everypar=\toks34
)
(/usr/local/texlive/2024/texmf-dist/tex/latex/thmtools/thmtools.sty
Package: thmtools 2023/05/04 v0.76
\thmt@toks=\toks35
\c@thmt@dummyctr=\count297

(/usr/local/texlive/2024/texmf-dist/tex/latex/thmtools/thm-patch.sty
Package: thm-patch 2023/05/04 v0.76

(/usr/local/texlive/2024/texmf-dist/tex/latex/thmtools/parseargs.sty
Package: parseargs 2023/05/04 v0.76
\@parsespec=\toks36
))
(/usr/local/texlive/2024/texmf-dist/tex/latex/thmtools/thm-kv.sty
Package: thm-kv 2023/05/04 v0.76
Package thm-kv Info: Theorem names will be uppercased on input line 42.
Package thm-kv Info: kvsetkeys patch (v1.16 or later) on input line 158.
)
(/usr/local/texlive/2024/texmf-dist/tex/latex/thmtools/thm-autoref.sty
Package: thm-autoref 2023/05/04 v0.76

(/usr/local/texlive/2024/texmf-dist/tex/latex/thmtools/aliasctr.sty
Package: aliasctr 2023/05/04 v0.76
))
(/usr/local/texlive/2024/texmf-dist/tex/latex/thmtools/thm-listof.sty
Package: thm-listof 2023/05/04 v0.76
)
(/usr/local/texlive/2024/texmf-dist/tex/latex/thmtools/thm-restate.sty
Package: thm-restate 2023/05/04 v0.76
)
(/usr/local/texlive/2024/texmf-dist/tex/latex/thmtools/thm-amsthm.sty
Package: thm-amsthm 2023/05/04 v0.76
\thmt@style@headstyle=\toks37
))
(/usr/local/texlive/2024/texmf-dist/tex/latex/float/float.sty
Package: float 2001/11/08 v1.3d Float enhancements (AL)
\c@float@type=\count298
\float@exts=\toks38
\float@box=\box55
\@float@everytoks=\toks39
\@floatcapt=\box56
)
(/usr/local/texlive/2024/texmf-dist/tex/latex/caption/subcaption.sty
Package: subcaption 2023/07/28 v1.6b Sub-captions (AR)

(/usr/local/texlive/2024/texmf-dist/tex/latex/caption/caption.sty
Package: caption 2023/08/05 v3.6o Customizing captions (AR)

(/usr/local/texlive/2024/texmf-dist/tex/latex/caption/caption3.sty
Package: caption3 2023/07/31 v2.4d caption3 kernel (AR)
\caption@tempdima=\dimen173
\captionmargin=\dimen174
\caption@leftmargin=\dimen175
\caption@rightmargin=\dimen176
\caption@width=\dimen177
\caption@indent=\dimen178
\caption@parindent=\dimen179
\caption@hangindent=\dimen180
Package caption Info: Standard document class detected.
)
\c@caption@flags=\count299
\c@continuedfloat=\count300
Package caption Info: float package is loaded.
Package caption Info: hyperref package is loaded.
)
Package caption Info: New subtype `subfigure' on input line 238.
\c@subfigure=\count301
Package caption Info: New subtype `subtable' on input line 238.
\c@subtable=\count302
)
Package hyperref Info: Option `colorlinks' set `true' on input line 33.
Package hyperref Info: Option `breaklinks' set `true' on input line 33.


Package hyperref Warning: Option `bookmarks' has already been used,
(hyperref)                setting the option has no effect on input line 33.


(/usr/local/texlive/2024/texmf-dist/tex/latex/newunicodechar/newunicodechar.sty
Package: newunicodechar 2018/04/08 v1.2 Defining Unicode characters
)
LaTeX Font Info:    Trying to load font information for T1+lmr on input line 68
.
 (/usr/local/texlive/2024/texmf-dist/tex/latex/lm/t1lmr.fd
File: t1lmr.fd 2015/05/01 v1.6.1 Font defs for Latin Modern
)
(/usr/local/texlive/2024/texmf-dist/tex/latex/l3backend/l3backend-pdftex.def
File: l3backend-pdftex.def 2024-02-20 L3 backend support: PDF output (pdfTeX)
\l__color_backend_stack_int=\count303
\l__pdf_internal_box=\box57
)
(_logs/notes.aux)
\openout1 = `notes.aux'.

LaTeX Font Info:    Checking defaults for OML/cmm/m/it on input line 68.
LaTeX Font Info:    ... okay on input line 68.
LaTeX Font Info:    Checking defaults for OMS/cmsy/m/n on input line 68.
LaTeX Font Info:    ... okay on input line 68.
LaTeX Font Info:    Checking defaults for OT1/cmr/m/n on input line 68.
LaTeX Font Info:    ... okay on input line 68.
LaTeX Font Info:    Checking defaults for T1/cmr/m/n on input line 68.
LaTeX Font Info:    ... okay on input line 68.
LaTeX Font Info:    Checking defaults for TS1/cmr/m/n on input line 68.
LaTeX Font Info:    ... okay on input line 68.
LaTeX Font Info:    Checking defaults for OMX/cmex/m/n on input line 68.
LaTeX Font Info:    ... okay on input line 68.
LaTeX Font Info:    Checking defaults for U/cmr/m/n on input line 68.
LaTeX Font Info:    ... okay on input line 68.
LaTeX Font Info:    Checking defaults for PD1/pdf/m/n on input line 68.
LaTeX Font Info:    ... okay on input line 68.
LaTeX Font Info:    Checking defaults for PU/pdf/m/n on input line 68.
LaTeX Font Info:    ... okay on input line 68.

*geometry* driver: auto-detecting
*geometry* detected driver: pdftex
*geometry* verbose mode - [ preamble ] result:
* driver: pdftex
* paper: <default>
* layout: <same size as paper>
* layoutoffset:(h,v)=(0.0pt,0.0pt)
* modes: 
* h-part:(L,W,R)=(72.26999pt, 469.75502pt, 72.26999pt)
* v-part:(T,H,B)=(72.26999pt, 650.43001pt, 72.26999pt)
* \paperwidth=614.295pt
* \paperheight=794.96999pt
* \textwidth=469.75502pt
* \textheight=650.43001pt
* \oddsidemargin=0.0pt
* \evensidemargin=0.0pt
* \topmargin=-39.0pt
* \headheight=14.0pt
* \headsep=25.0pt
* \topskip=10.0pt
* \footskip=30.0pt
* \marginparwidth=65.0pt
* \marginparsep=11.0pt
* \columnsep=10.0pt
* \skip\footins=9.0pt plus 4.0pt minus 2.0pt
* \hoffset=0.0pt
* \voffset=0.0pt
* \mag=1000
* \@twocolumnfalse
* \@twosidefalse
* \@mparswitchfalse
* \@reversemarginfalse
* (1in=72.27pt=25.4mm, 1cm=28.453pt)

Package hyperref Info: Link coloring ON on input line 68.
(_logs/notes.out) (_logs/notes.out)
\@outlinefile=\write3
\openout3 = `notes.out'.


(/usr/local/texlive/2024/texmf-dist/tex/context/base/mkii/supp-pdf.mkii
[Loading MPS to PDF converter (version 2006.09.02).]
\scratchcounter=\count304
\scratchdimen=\dimen181
\scratchbox=\box58
\nofMPsegments=\count305
\nofMParguments=\count306
\everyMPshowfont=\toks40
\MPscratchCnt=\count307
\MPscratchDim=\dimen182
\MPnumerator=\count308
\makeMPintoPDFobject=\count309
\everyMPtoPDFconversion=\toks41
) (/usr/local/texlive/2024/texmf-dist/tex/latex/graphics/graphicx.sty
Package: graphicx 2021/09/16 v1.2d Enhanced LaTeX Graphics (DPC,SPQR)

(/usr/local/texlive/2024/texmf-dist/tex/latex/graphics/graphics.sty
Package: graphics 2022/03/10 v1.4e Standard LaTeX Graphics (DPC,SPQR)

(/usr/local/texlive/2024/texmf-dist/tex/latex/graphics/trig.sty
Package: trig 2021/08/11 v1.11 sin cos tan (DPC)
)
(/usr/local/texlive/2024/texmf-dist/tex/latex/graphics-cfg/graphics.cfg
File: graphics.cfg 2016/06/04 v1.11 sample graphics configuration
)
Package graphics Info: Driver file: pdftex.def on input line 107.
)
\Gin@req@height=\dimen183
\Gin@req@width=\dimen184
)
Package caption Info: Begin \AtBeginDocument code.
Package caption Info: End \AtBeginDocument code.
LaTeX Font Info:    Trying to load font information for OT1+lmr on input line 7
1.

(/usr/local/texlive/2024/texmf-dist/tex/latex/lm/ot1lmr.fd
File: ot1lmr.fd 2015/05/01 v1.6.1 Font defs for Latin Modern
)
LaTeX Font Info:    Trying to load font information for OML+lmm on input line 7
1.

(/usr/local/texlive/2024/texmf-dist/tex/latex/lm/omllmm.fd
File: omllmm.fd 2015/05/01 v1.6.1 Font defs for Latin Modern
)
LaTeX Font Info:    Trying to load font information for OMS+lmsy on input line 
71.

(/usr/local/texlive/2024/texmf-dist/tex/latex/lm/omslmsy.fd
File: omslmsy.fd 2015/05/01 v1.6.1 Font defs for Latin Modern
)
LaTeX Font Info:    Trying to load font information for OMX+lmex on input line 
71.

(/usr/local/texlive/2024/texmf-dist/tex/latex/lm/omxlmex.fd
File: omxlmex.fd 2015/05/01 v1.6.1 Font defs for Latin Modern
)
LaTeX Font Info:    External font `lmex10' loaded for size
(Font)              <12> on input line 71.
LaTeX Font Info:    External font `lmex10' loaded for size
(Font)              <8> on input line 71.
LaTeX Font Info:    External font `lmex10' loaded for size
(Font)              <6> on input line 71.
LaTeX Font Info:    Trying to load font information for U+msa on input line 71.


(/usr/local/texlive/2024/texmf-dist/tex/latex/amsfonts/umsa.fd
File: umsa.fd 2013/01/14 v3.01 AMS symbols A
)
LaTeX Font Info:    Trying to load font information for U+msb on input line 71.


(/usr/local/texlive/2024/texmf-dist/tex/latex/amsfonts/umsb.fd
File: umsb.fd 2013/01/14 v3.01 AMS symbols B
)
LaTeX Font Info:    External font `lmex10' loaded for size
(Font)              <10> on input line 75.
LaTeX Font Info:    External font `lmex10' loaded for size
(Font)              <7> on input line 75.
LaTeX Font Info:    External font `lmex10' loaded for size
(Font)              <5> on input line 75.

/Users/ashoksaravanan/Coding/ScribeLec/server/output/MA 421/lectures/2024-09-12
-Duality/notes.tex:77: Missing $ inserted.
<inserted text> 
                $
l.77 (P) \quad \max
                    \quad \xi(x) = c^T x \\
I've inserted a begin-math/end-math symbol since I think
you left one out. Proceed, with fingers crossed.

/Users/ashoksaravanan/Coding/ScribeLec/server/output/MA 421/lectures/2024-09-12
-Duality/notes.tex:80: Missing $ inserted.
<inserted text> 
                $
l.80 
     
I've inserted a begin-math/end-math symbol since I think
you left one out. Proceed, with fingers crossed.

/Users/ashoksaravanan/Coding/ScribeLec/server/output/MA 421/lectures/2024-09-12
-Duality/notes.tex:81: Missing $ inserted.
<inserted text> 
                $
l.81 (D) \quad \min
                    \quad \xi(y) = b^T y \\
I've inserted a begin-math/end-math symbol since I think
you left one out. Proceed, with fingers crossed.

/Users/ashoksaravanan/Coding/ScribeLec/server/output/MA 421/lectures/2024-09-12
-Duality/notes.tex:89: Missing $ inserted.
<inserted text> 
                $
l.89 \subsection
                {Description}%
I've inserted a begin-math/end-math symbol since I think
you left one out. Proceed, with fingers crossed.

</Users/ashoksaravanan/Coding/ScribeLec/server/output/MA 421/lectures/2024-09-1
2-Duality/figures/1.1.png, id=373, 421.575pt x 220.825pt>
File: /Users/ashoksaravanan/Coding/ScribeLec/server/output/MA 421/lectures/2024
-09-12-Duality/figures/1.1.png Graphic file (type png)
<use /Users/ashoksaravanan/Coding/ScribeLec/server/output/MA 421/lectures/2024-
09-12-Duality/figures/1.1.png>
Package pdftex.def Info: /Users/ashoksaravanan/Coding/ScribeLec/server/output/M
A 421/lectures/2024-09-12-Duality/figures/1.1.png  used on input line 96.
(pdftex.def)             Requested size: 70.46037pt x 36.90628pt.

Underfull \hbox (badness 10000) in paragraph at lines 97--97
[]\T1/lmr/bx/n/8 (a) |\T1/lmr/m/n/8 (P) Pri-mal
 []

</Users/ashoksaravanan/Coding/ScribeLec/server/output/MA 421/lectures/2024-09-1
2-Duality/figures/1.2.png, id=374, 421.575pt x 220.825pt>
File: /Users/ashoksaravanan/Coding/ScribeLec/server/output/MA 421/lectures/2024
-09-12-Duality/figures/1.2.png Graphic file (type png)
<use /Users/ashoksaravanan/Coding/ScribeLec/server/output/MA 421/lectures/2024-
09-12-Duality/figures/1.2.png>
Package pdftex.def Info: /Users/ashoksaravanan/Coding/ScribeLec/server/output/M
A 421/lectures/2024-09-12-Duality/figures/1.2.png  used on input line 102.
(pdftex.def)             Requested size: 70.46037pt x 36.90628pt.
</Users/ashoksaravanan/Coding/ScribeLec/server/output/MA 421/lectures/2024-09-1
2-Duality/figures/1.3.png, id=375, 220.825pt x 220.825pt>
File: /Users/ashoksaravanan/Coding/ScribeLec/server/output/MA 421/lectures/2024
-09-12-Duality/figures/1.3.png Graphic file (type png)
<use /Users/ashoksaravanan/Coding/ScribeLec/server/output/MA 421/lectures/2024-
09-12-Duality/figures/1.3.png>
Package pdftex.def Info: /Users/ashoksaravanan/Coding/ScribeLec/server/output/M
A 421/lectures/2024-09-12-Duality/figures/1.3.png  used on input line 108.
(pdftex.def)             Requested size: 70.46037pt x 70.4599pt.

Underfull \hbox (badness 10000) in paragraph at lines 109--109
[]\T1/lmr/bx/n/8 (c) |\T1/lmr/m/n/8 Equiv-a-lence
 []


Underfull \hbox (badness 10000) in paragraph at lines 109--109
\T1/lmr/m/n/8 ar-row be-tween
 []


Underfull \hbox (badness 10000) in paragraph at lines 109--109
\T1/lmr/m/n/8 dual prob-lem
 []

</Users/ashoksaravanan/Coding/ScribeLec/server/output/MA 421/lectures/2024-09-1
2-Duality/figures/1.4.png, id=376, 371.3875pt x 220.825pt>
File: /Users/ashoksaravanan/Coding/ScribeLec/server/output/MA 421/lectures/2024
-09-12-Duality/figures/1.4.png Graphic file (type png)
<use /Users/ashoksaravanan/Coding/ScribeLec/server/output/MA 421/lectures/2024-
09-12-Duality/figures/1.4.png>
Package pdftex.def Info: /Users/ashoksaravanan/Coding/ScribeLec/server/output/M
A 421/lectures/2024-09-12-Duality/figures/1.4.png  used on input line 114.
(pdftex.def)             Requested size: 70.46037pt x 41.89316pt.

Underfull \hbox (badness 1348) in paragraph at lines 115--115
[]\T1/lmr/bx/n/8 (d) |\T1/lmr/m/n/8 (D) Al-ter-na-
 []

[1

{/usr/local/texlive/2024/texmf-var/fonts/map/pdftex/updmap/pdftex.map}{/usr/loc
al/texlive/2024/texmf-dist/fonts/enc/dvips/lm/lm-ec.enc}{/usr/local/texlive/202
4/texmf-dist/fonts/enc/dvips/lm/lm-rm.enc}{/usr/local/texlive/2024/texmf-dist/f
onts/enc/dvips/lm/lm-mathit.enc}{/usr/local/texlive/2024/texmf-dist/fonts/enc/d
vips/lm/lm-mathsy.enc} </Users/ashoksaravanan/Coding/ScribeLec/server/output/MA
 421/lectures/2024-09-12-Duality/figures/1.1.png (PNG copy)> </Users/ashoksarav
anan/Coding/ScribeLec/server/output/MA 421/lectures/2024-09-12-Duality/figures/
1.2.png (PNG copy)> </Users/ashoksaravanan/Coding/ScribeLec/server/output/MA 42
1/lectures/2024-09-12-Duality/figures/1.3.png (PNG copy)> </Users/ashoksaravana
n/Coding/ScribeLec/server/output/MA 421/lectures/2024-09-12-Duality/figures/1.4
.png (PNG copy)>]
/Users/ashoksaravanan/Coding/ScribeLec/server/output/MA 421/lectures/2024-09-12
-Duality/notes.tex:127: Missing $ inserted.
<inserted text> 
                $
l.127 (P) \quad \max
                     \quad \xi(x) = c^T x \approx \sum_j c_j x_j \\
I've inserted a begin-math/end-math symbol since I think
you left one out. Proceed, with fingers crossed.

/Users/ashoksaravanan/Coding/ScribeLec/server/output/MA 421/lectures/2024-09-12
-Duality/notes.tex:130: Missing $ inserted.
<inserted text> 
                $
l.130 
      
I've inserted a begin-math/end-math symbol since I think
you left one out. Proceed, with fingers crossed.

/Users/ashoksaravanan/Coding/ScribeLec/server/output/MA 421/lectures/2024-09-12
-Duality/notes.tex:131: Missing $ inserted.
<inserted text> 
                $
l.131 \sum
          _i y_i \left( \sum_j a_{ij} x_j \leq b_i \right), \quad y_i \geq 0 \\
I've inserted a begin-math/end-math symbol since I think
you left one out. Proceed, with fingers crossed.

/Users/ashoksaravanan/Coding/ScribeLec/server/output/MA 421/lectures/2024-09-12
-Duality/notes.tex:134: Missing $ inserted.
<inserted text> 
                $
l.134 
      
I've inserted a begin-math/end-math symbol since I think
you left one out. Proceed, with fingers crossed.

/Users/ashoksaravanan/Coding/ScribeLec/server/output/MA 421/lectures/2024-09-12
-Duality/notes.tex:136: Missing $ inserted.
<inserted text> 
                $
l.136 \xi
         (x) = \sum_j c_j x_j \leq \sum_i b_i y_i = \xi(y)
I've inserted a begin-math/end-math symbol since I think
you left one out. Proceed, with fingers crossed.

/Users/ashoksaravanan/Coding/ScribeLec/server/output/MA 421/lectures/2024-09-12
-Duality/notes.tex:138: Missing $ inserted.
<inserted text> 
                $
l.138 \subsection
                 {Description}%
I've inserted a begin-math/end-math symbol since I think
you left one out. Proceed, with fingers crossed.

</Users/ashoksaravanan/Coding/ScribeLec/server/output/MA 421/lectures/2024-09-1
2-Duality/figures/2.1.png, id=393, 371.3875pt x 371.3875pt>
File: /Users/ashoksaravanan/Coding/ScribeLec/server/output/MA 421/lectures/2024
-09-12-Duality/figures/2.1.png Graphic file (type png)
<use /Users/ashoksaravanan/Coding/ScribeLec/server/output/MA 421/lectures/2024-
09-12-Duality/figures/2.1.png>
Package pdftex.def Info: /Users/ashoksaravanan/Coding/ScribeLec/server/output/M
A 421/lectures/2024-09-12-Duality/figures/2.1.png  used on input line 145.
(pdftex.def)             Requested size: 70.46037pt x 70.45668pt.

Underfull \hbox (badness 10000) in paragraph at lines 146--146
[]\T1/lmr/bx/n/8 (a) |\T1/lmr/m/n/8 (P) Pri-mal
 []

</Users/ashoksaravanan/Coding/ScribeLec/server/output/MA 421/lectures/2024-09-1
2-Duality/figures/2.2.png, id=394, 371.3875pt x 371.3875pt>
File: /Users/ashoksaravanan/Coding/ScribeLec/server/output/MA 421/lectures/2024
-09-12-Duality/figures/2.2.png Graphic file (type png)
<use /Users/ashoksaravanan/Coding/ScribeLec/server/output/MA 421/lectures/2024-
09-12-Duality/figures/2.2.png>
Package pdftex.def Info: /Users/ashoksaravanan/Coding/ScribeLec/server/output/M
A 421/lectures/2024-09-12-Duality/figures/2.2.png  used on input line 151.
(pdftex.def)             Requested size: 70.46037pt x 70.45668pt.
</Users/ashoksaravanan/Coding/ScribeLec/server/output/MA 421/lectures/2024-09-1
2-Duality/figures/2.3.png, id=395, 672.5125pt x 371.3875pt>
File: /Users/ashoksaravanan/Coding/ScribeLec/server/output/MA 421/lectures/2024
-09-12-Duality/figures/2.3.png Graphic file (type png)
<use /Users/ashoksaravanan/Coding/ScribeLec/server/output/MA 421/lectures/2024-
09-12-Duality/figures/2.3.png>
Package pdftex.def Info: /Users/ashoksaravanan/Coding/ScribeLec/server/output/M
A 421/lectures/2024-09-12-Duality/figures/2.3.png  used on input line 157.
(pdftex.def)             Requested size: 70.46037pt x 38.909pt.

Underfull \hbox (badness 10000) in paragraph at lines 158--158
[]\T1/lmr/bx/n/8 (c) |\T1/lmr/m/n/8 State-ment
 []


Underfull \hbox (badness 10000) in paragraph at lines 158--158
\T1/lmr/m/n/8 of The-o-rem 5.1
 []

[2{/usr/local/texlive/2024/texmf-dist/fonts/enc/dvips/lm/lm-mathex.enc} </Users
/ashoksaravanan/Coding/ScribeLec/server/output/MA 421/lectures/2024-09-12-Duali
ty/figures/2.1.png (PNG copy)> </Users/ashoksaravanan/Coding/ScribeLec/server/o
utput/MA 421/lectures/2024-09-12-Duality/figures/2.2.png (PNG copy)> </Users/as
hoksaravanan/Coding/ScribeLec/server/output/MA 421/lectures/2024-09-12-Duality/
figures/2.3.png (PNG copy)>]
/Users/ashoksaravanan/Coding/ScribeLec/server/output/MA 421/lectures/2024-09-12
-Duality/notes.tex:170: Missing $ inserted.
<inserted text> 
                $
l.170 (P) \quad \max
                     \quad \xi(x) = \xi_0 + c^T x \\
I've inserted a begin-math/end-math symbol since I think
you left one out. Proceed, with fingers crossed.

/Users/ashoksaravanan/Coding/ScribeLec/server/output/MA 421/lectures/2024-09-12
-Duality/notes.tex:173: Missing $ inserted.
<inserted text> 
                $
l.173 
      
I've inserted a begin-math/end-math symbol since I think
you left one out. Proceed, with fingers crossed.

/Users/ashoksaravanan/Coding/ScribeLec/server/output/MA 421/lectures/2024-09-12
-Duality/notes.tex:174: Missing $ inserted.
<inserted text> 
                $
l.174 \begin{pmatrix}
                      w_1 \\ w_2 \\ \vdots \\ w_m \end{pmatrix}
I've inserted a begin-math/end-math symbol since I think
you left one out. Proceed, with fingers crossed.

/Users/ashoksaravanan/Coding/ScribeLec/server/output/MA 421/lectures/2024-09-12
-Duality/notes.tex:174: Missing $ inserted.
<inserted text> 
                $
l.174 ...w_1 \\ w_2 \\ \vdots \\ w_m \end{pmatrix}
                                                  
I've inserted something that you may have forgotten.
(See the <inserted text> above.)
With luck, this will get me unwedged. But if you
really didn't forget anything, try typing `2' now; then
my insertion and my current dilemma will both disappear.

/Users/ashoksaravanan/Coding/ScribeLec/server/output/MA 421/lectures/2024-09-12
-Duality/notes.tex:176: Missing $ inserted.
<inserted text> 
                $
l.176 (D) \quad \max
                     \quad -\xi(y) = -\xi_0 - b^T y \\
I've inserted a begin-math/end-math symbol since I think
you left one out. Proceed, with fingers crossed.

/Users/ashoksaravanan/Coding/ScribeLec/server/output/MA 421/lectures/2024-09-12
-Duality/notes.tex:179: Missing $ inserted.
<inserted text> 
                $
l.179 
      
I've inserted a begin-math/end-math symbol since I think
you left one out. Proceed, with fingers crossed.

/Users/ashoksaravanan/Coding/ScribeLec/server/output/MA 421/lectures/2024-09-12
-Duality/notes.tex:180: Missing $ inserted.
<inserted text> 
                $
l.180 \begin{pmatrix}
                      z_1 \\ z_2 \\ \vdots \\ z_n \end{pmatrix}
I've inserted a begin-math/end-math symbol since I think
you left one out. Proceed, with fingers crossed.

/Users/ashoksaravanan/Coding/ScribeLec/server/output/MA 421/lectures/2024-09-12
-Duality/notes.tex:180: Missing $ inserted.
<inserted text> 
                $
l.180 ...z_1 \\ z_2 \\ \vdots \\ z_n \end{pmatrix}
                                                  
I've inserted something that you may have forgotten.
(See the <inserted text> above.)
With luck, this will get me unwedged. But if you
really didn't forget anything, try typing `2' now; then
my insertion and my current dilemma will both disappear.

/Users/ashoksaravanan/Coding/ScribeLec/server/output/MA 421/lectures/2024-09-12
-Duality/notes.tex:182: Missing $ inserted.
<inserted text> 
                $
l.182 \begin{array}{|c|cccc|}
                             
I've inserted a begin-math/end-math symbol since I think
you left one out. Proceed, with fingers crossed.

/Users/ashoksaravanan/Coding/ScribeLec/server/output/MA 421/lectures/2024-09-12
-Duality/notes.tex:191: Missing $ inserted.
<inserted text> 
                $
l.191 \end{array}
                 
I've inserted something that you may have forgotten.
(See the <inserted text> above.)
With luck, this will get me unwedged. But if you
really didn't forget anything, try typing `2' now; then
my insertion and my current dilemma will both disappear.

/Users/ashoksaravanan/Coding/ScribeLec/server/output/MA 421/lectures/2024-09-12
-Duality/notes.tex:193: Missing $ inserted.
<inserted text> 
                $
l.193 \begin{array}{|c|cccc|}
                             
I've inserted a begin-math/end-math symbol since I think
you left one out. Proceed, with fingers crossed.

/Users/ashoksaravanan/Coding/ScribeLec/server/output/MA 421/lectures/2024-09-12
-Duality/notes.tex:202: Missing $ inserted.
<inserted text> 
                $
l.202 \end{array}
                 
I've inserted something that you may have forgotten.
(See the <inserted text> above.)
With luck, this will get me unwedged. But if you
really didn't forget anything, try typing `2' now; then
my insertion and my current dilemma will both disappear.

</Users/ashoksaravanan/Coding/ScribeLec/server/output/MA 421/lectures/2024-09-1
2-Duality/figures/3.1.png, id=404, 321.2pt x 321.2pt>
File: /Users/ashoksaravanan/Coding/ScribeLec/server/output/MA 421/lectures/2024
-09-12-Duality/figures/3.1.png Graphic file (type png)
<use /Users/ashoksaravanan/Coding/ScribeLec/server/output/MA 421/lectures/2024-
09-12-Duality/figures/3.1.png>
Package pdftex.def Info: /Users/ashoksaravanan/Coding/ScribeLec/server/output/M
A 421/lectures/2024-09-12-Duality/figures/3.1.png  used on input line 211.
(pdftex.def)             Requested size: 70.46037pt x 70.45836pt.

Underfull \hbox (badness 5817) in paragraph at lines 212--212
[]\T1/lmr/bx/n/8 (a) |\T1/lmr/m/n/8 Ma-trix rep-
 []

</Users/ashoksaravanan/Coding/ScribeLec/server/output/MA 421/lectures/2024-09-1
2-Duality/figures/3.2.png, id=405, 321.2pt x 321.2pt>
File: /Users/ashoksaravanan/Coding/ScribeLec/server/output/MA 421/lectures/2024
-09-12-Duality/figures/3.2.png Graphic file (type png)
<use /Users/ashoksaravanan/Coding/ScribeLec/server/output/MA 421/lectures/2024-
09-12-Duality/figures/3.2.png>
Package pdftex.def Info: /Users/ashoksaravanan/Coding/ScribeLec/server/output/M
A 421/lectures/2024-09-12-Duality/figures/3.2.png  used on input line 217.
(pdftex.def)             Requested size: 70.46037pt x 70.45836pt.

Underfull \hbox (badness 4872) in paragraph at lines 218--218
[]\T1/lmr/bx/n/8 (b) |\T1/lmr/m/n/8 Ma-trix rep-
 []

</Users/ashoksaravanan/Coding/ScribeLec/server/output/MA 421/lectures/2024-09-1
2-Duality/figures/3.3.png, id=406, 220.825pt x 220.825pt>
File: /Users/ashoksaravanan/Coding/ScribeLec/server/output/MA 421/lectures/2024
-09-12-Duality/figures/3.3.png Graphic file (type png)
<use /Users/ashoksaravanan/Coding/ScribeLec/server/output/MA 421/lectures/2024-
09-12-Duality/figures/3.3.png>
Package pdftex.def Info: /Users/ashoksaravanan/Coding/ScribeLec/server/output/M
A 421/lectures/2024-09-12-Duality/figures/3.3.png  used on input line 223.
(pdftex.def)             Requested size: 70.46037pt x 70.4599pt.

Underfull \hbox (badness 4967) in paragraph at lines 224--224
\T1/lmr/m/n/8 vari-ables for the
 []

</Users/ashoksaravanan/Coding/ScribeLec/server/output/MA 421/lectures/2024-09-1
2-Duality/figures/3.4.png, id=407, 220.825pt x 220.825pt>
File: /Users/ashoksaravanan/Coding/ScribeLec/server/output/MA 421/lectures/2024
-09-12-Duality/figures/3.4.png Graphic file (type png)
<use /Users/ashoksaravanan/Coding/ScribeLec/server/output/MA 421/lectures/2024-
09-12-Duality/figures/3.4.png>
Package pdftex.def Info: /Users/ashoksaravanan/Coding/ScribeLec/server/output/M
A 421/lectures/2024-09-12-Duality/figures/3.4.png  used on input line 229.
(pdftex.def)             Requested size: 70.46037pt x 70.4599pt.

Underfull \hbox (badness 4967) in paragraph at lines 230--230
\T1/lmr/m/n/8 vari-ables for the
 []

[3] [4 </Users/ashoksaravanan/Coding/ScribeLec/server/output/MA 421/lectures/20
24-09-12-Duality/figures/3.1.png (PNG copy)> </Users/ashoksaravanan/Coding/Scri
beLec/server/output/MA 421/lectures/2024-09-12-Duality/figures/3.2.png (PNG cop
y)> </Users/ashoksaravanan/Coding/ScribeLec/server/output/MA 421/lectures/2024-
09-12-Duality/figures/3.3.png (PNG copy)> </Users/ashoksaravanan/Coding/ScribeL
ec/server/output/MA 421/lectures/2024-09-12-Duality/figures/3.4.png (PNG copy)>
]
/Users/ashoksaravanan/Coding/ScribeLec/server/output/MA 421/lectures/2024-09-12
-Duality/notes.tex:242: Missing $ inserted.
<inserted text> 
                $
l.242 (P) \quad \max
                     \quad \xi(x) = \xi_0 + c^T x \\
I've inserted a begin-math/end-math symbol since I think
you left one out. Proceed, with fingers crossed.

/Users/ashoksaravanan/Coding/ScribeLec/server/output/MA 421/lectures/2024-09-12
-Duality/notes.tex:245: Missing $ inserted.
<inserted text> 
                $
l.245 
      
I've inserted a begin-math/end-math symbol since I think
you left one out. Proceed, with fingers crossed.

/Users/ashoksaravanan/Coding/ScribeLec/server/output/MA 421/lectures/2024-09-12
-Duality/notes.tex:246: Missing $ inserted.
<inserted text> 
                $
l.246 \begin{pmatrix}
                      w_1 \\ w_2 \\ \vdots \\ w_m \end{pmatrix}
I've inserted a begin-math/end-math symbol since I think
you left one out. Proceed, with fingers crossed.

/Users/ashoksaravanan/Coding/ScribeLec/server/output/MA 421/lectures/2024-09-12
-Duality/notes.tex:246: Missing $ inserted.
<inserted text> 
                $
l.246 ...w_1 \\ w_2 \\ \vdots \\ w_m \end{pmatrix}
                                                  
I've inserted something that you may have forgotten.
(See the <inserted text> above.)
With luck, this will get me unwedged. But if you
really didn't forget anything, try typing `2' now; then
my insertion and my current dilemma will both disappear.

/Users/ashoksaravanan/Coding/ScribeLec/server/output/MA 421/lectures/2024-09-12
-Duality/notes.tex:248: Missing $ inserted.
<inserted text> 
                $
l.248 (D) \quad \max
                     \quad -\xi(y) = -\xi_0 - b^T y \\
I've inserted a begin-math/end-math symbol since I think
you left one out. Proceed, with fingers crossed.

/Users/ashoksaravanan/Coding/ScribeLec/server/output/MA 421/lectures/2024-09-12
-Duality/notes.tex:251: Missing $ inserted.
<inserted text> 
                $
l.251 
      
I've inserted a begin-math/end-math symbol since I think
you left one out. Proceed, with fingers crossed.

/Users/ashoksaravanan/Coding/ScribeLec/server/output/MA 421/lectures/2024-09-12
-Duality/notes.tex:252: Missing $ inserted.
<inserted text> 
                $
l.252 \begin{pmatrix}
                      z_1 \\ z_2 \\ \vdots \\ z_n \end{pmatrix}
I've inserted a begin-math/end-math symbol since I think
you left one out. Proceed, with fingers crossed.

/Users/ashoksaravanan/Coding/ScribeLec/server/output/MA 421/lectures/2024-09-12
-Duality/notes.tex:252: Missing $ inserted.
<inserted text> 
                $
l.252 ...z_1 \\ z_2 \\ \vdots \\ z_n \end{pmatrix}
                                                  
I've inserted something that you may have forgotten.
(See the <inserted text> above.)
With luck, this will get me unwedged. But if you
really didn't forget anything, try typing `2' now; then
my insertion and my current dilemma will both disappear.

/Users/ashoksaravanan/Coding/ScribeLec/server/output/MA 421/lectures/2024-09-12
-Duality/notes.tex:254: Missing $ inserted.
<inserted text> 
                $
l.254 \begin{array}{|c|cccc|}
                             
I've inserted a begin-math/end-math symbol since I think
you left one out. Proceed, with fingers crossed.

/Users/ashoksaravanan/Coding/ScribeLec/server/output/MA 421/lectures/2024-09-12
-Duality/notes.tex:260: Missing $ inserted.
<inserted text> 
                $
l.260 \end{array}
                 
I've inserted something that you may have forgotten.
(See the <inserted text> above.)
With luck, this will get me unwedged. But if you
really didn't forget anything, try typing `2' now; then
my insertion and my current dilemma will both disappear.

/Users/ashoksaravanan/Coding/ScribeLec/server/output/MA 421/lectures/2024-09-12
-Duality/notes.tex:262: Missing $ inserted.
<inserted text> 
                $
l.262 \begin{array}{|c|cccc|}
                             
I've inserted a begin-math/end-math symbol since I think
you left one out. Proceed, with fingers crossed.

/Users/ashoksaravanan/Coding/ScribeLec/server/output/MA 421/lectures/2024-09-12
-Duality/notes.tex:268: Missing $ inserted.
<inserted text> 
                $
l.268 \end{array}
                 
I've inserted something that you may have forgotten.
(See the <inserted text> above.)
With luck, this will get me unwedged. But if you
really didn't forget anything, try typing `2' now; then
my insertion and my current dilemma will both disappear.

</Users/ashoksaravanan/Coding/ScribeLec/server/output/MA 421/lectures/2024-09-1
2-Duality/figures/4.1.png, id=418, 220.825pt x 220.825pt>
File: /Users/ashoksaravanan/Coding/ScribeLec/server/output/MA 421/lectures/2024
-09-12-Duality/figures/4.1.png Graphic file (type png)
<use /Users/ashoksaravanan/Coding/ScribeLec/server/output/MA 421/lectures/2024-
09-12-Duality/figures/4.1.png>
Package pdftex.def Info: /Users/ashoksaravanan/Coding/ScribeLec/server/output/M
A 421/lectures/2024-09-12-Duality/figures/4.1.png  used on input line 277.
(pdftex.def)             Requested size: 70.46037pt x 70.4599pt.

Underfull \hbox (badness 10000) in paragraph at lines 278--278
[]\T1/lmr/bx/n/8 (a) |\T1/lmr/m/n/8 (P) Pri-mal
 []

</Users/ashoksaravanan/Coding/ScribeLec/server/output/MA 421/lectures/2024-09-1
2-Duality/figures/4.2.png, id=419, 220.825pt x 220.825pt>
File: /Users/ashoksaravanan/Coding/ScribeLec/server/output/MA 421/lectures/2024
-09-12-Duality/figures/4.2.png Graphic file (type png)
<use /Users/ashoksaravanan/Coding/ScribeLec/server/output/MA 421/lectures/2024-
09-12-Duality/figures/4.2.png>
Package pdftex.def Info: /Users/ashoksaravanan/Coding/ScribeLec/server/output/M
A 421/lectures/2024-09-12-Duality/figures/4.2.png  used on input line 283.
(pdftex.def)             Requested size: 70.46037pt x 70.4599pt.
</Users/ashoksaravanan/Coding/ScribeLec/server/output/MA 421/lectures/2024-09-1
2-Duality/figures/4.3.png, id=420, 271.0125pt x 321.2pt>
File: /Users/ashoksaravanan/Coding/ScribeLec/server/output/MA 421/lectures/2024
-09-12-Duality/figures/4.3.png Graphic file (type png)
<use /Users/ashoksaravanan/Coding/ScribeLec/server/output/MA 421/lectures/2024-
09-12-Duality/figures/4.3.png>
Package pdftex.def Info: /Users/ashoksaravanan/Coding/ScribeLec/server/output/M
A 421/lectures/2024-09-12-Duality/figures/4.3.png  used on input line 289.
(pdftex.def)             Requested size: 70.46037pt x 83.50513pt.

Underfull \hbox (badness 6445) in paragraph at lines 290--290
[]\T1/lmr/bx/n/8 (c) |\T1/lmr/m/n/8 Ma-trix rep-
 []

</Users/ashoksaravanan/Coding/ScribeLec/server/output/MA 421/lectures/2024-09-1
2-Duality/figures/4.4.png, id=421, 271.0125pt x 321.2pt>
File: /Users/ashoksaravanan/Coding/ScribeLec/server/output/MA 421/lectures/2024
-09-12-Duality/figures/4.4.png Graphic file (type png)
<use /Users/ashoksaravanan/Coding/ScribeLec/server/output/MA 421/lectures/2024-
09-12-Duality/figures/4.4.png>
Package pdftex.def Info: /Users/ashoksaravanan/Coding/ScribeLec/server/output/M
A 421/lectures/2024-09-12-Duality/figures/4.4.png  used on input line 295.
(pdftex.def)             Requested size: 70.46037pt x 83.50513pt.

Underfull \hbox (badness 4872) in paragraph at lines 296--296
[]\T1/lmr/bx/n/8 (d) |\T1/lmr/m/n/8 Ma-trix rep-
 []

[5 </Users/ashoksaravanan/Coding/ScribeLec/server/output/MA 421/lectures/2024-0
9-12-Duality/figures/4.1.png (PNG copy)> </Users/ashoksaravanan/Coding/ScribeLe
c/server/output/MA 421/lectures/2024-09-12-Duality/figures/4.2.png (PNG copy)> 
</Users/ashoksaravanan/Coding/ScribeLec/server/output/MA 421/lectures/2024-09-1
2-Duality/figures/4.3.png (PNG copy)> </Users/ashoksaravanan/Coding/ScribeLec/s
erver/output/MA 421/lectures/2024-09-12-Duality/figures/4.4.png (PNG copy)>]
</Users/ashoksaravanan/Coding/ScribeLec/server/output/MA 421/lectures/2024-09-1
2-Duality/figures/5.1.png, id=427, 471.7625pt x 170.6375pt>
File: /Users/ashoksaravanan/Coding/ScribeLec/server/output/MA 421/lectures/2024
-09-12-Duality/figures/5.1.png Graphic file (type png)
<use /Users/ashoksaravanan/Coding/ScribeLec/server/output/MA 421/lectures/2024-
09-12-Duality/figures/5.1.png>
Package pdftex.def Info: /Users/ashoksaravanan/Coding/ScribeLec/server/output/M
A 421/lectures/2024-09-12-Duality/figures/5.1.png  used on input line 325.
(pdftex.def)             Requested size: 70.46037pt x 25.48515pt.
</Users/ashoksaravanan/Coding/ScribeLec/server/output/MA 421/lectures/2024-09-1
2-Duality/figures/5.2.png, id=428, 371.3875pt x 170.6375pt>
File: /Users/ashoksaravanan/Coding/ScribeLec/server/output/MA 421/lectures/2024
-09-12-Duality/figures/5.2.png Graphic file (type png)
<use /Users/ashoksaravanan/Coding/ScribeLec/server/output/MA 421/lectures/2024-
09-12-Duality/figures/5.2.png>
Package pdftex.def Info: /Users/ashoksaravanan/Coding/ScribeLec/server/output/M
A 421/lectures/2024-09-12-Duality/figures/5.2.png  used on input line 331.
(pdftex.def)             Requested size: 70.46037pt x 32.37198pt.

Underfull \hbox (badness 3792) in paragraph at lines 332--332
\T1/lmr/m/n/8 with their cor-re-
 []


Underfull \hbox (badness 5050) in paragraph at lines 332--332
\T1/lmr/m/n/8 spond-ing vari-able
 []

</Users/ashoksaravanan/Coding/ScribeLec/server/output/MA 421/lectures/2024-09-1
2-Duality/figures/5.3.png, id=429, 271.0125pt x 170.6375pt>
File: /Users/ashoksaravanan/Coding/ScribeLec/server/output/MA 421/lectures/2024
-09-12-Duality/figures/5.3.png Graphic file (type png)
<use /Users/ashoksaravanan/Coding/ScribeLec/server/output/MA 421/lectures/2024-
09-12-Duality/figures/5.3.png>
Package pdftex.def Info: /Users/ashoksaravanan/Coding/ScribeLec/server/output/M
A 421/lectures/2024-09-12-Duality/figures/5.3.png  used on input line 337.
(pdftex.def)             Requested size: 70.46037pt x 44.36209pt.

Underfull \hbox (badness 10000) in paragraph at lines 338--338
[]\T1/lmr/bx/n/8 (c) |\T1/lmr/m/n/8 Com-ple-men-
 []


Underfull \hbox (badness 10000) in paragraph at lines 338--338
\T1/lmr/m/n/8 tary re-la-tion-ship
 []

</Users/ashoksaravanan/Coding/ScribeLec/server/output/MA 421/lectures/2024-09-1
2-Duality/figures/5.4.png, id=430, 371.3875pt x 170.6375pt>
File: /Users/ashoksaravanan/Coding/ScribeLec/server/output/MA 421/lectures/2024
-09-12-Duality/figures/5.4.png Graphic file (type png)
<use /Users/ashoksaravanan/Coding/ScribeLec/server/output/MA 421/lectures/2024-
09-12-Duality/figures/5.4.png>
Package pdftex.def Info: /Users/ashoksaravanan/Coding/ScribeLec/server/output/M
A 421/lectures/2024-09-12-Duality/figures/5.4.png  used on input line 343.
(pdftex.def)             Requested size: 70.46037pt x 32.37198pt.

Underfull \hbox (badness 10000) in paragraph at lines 344--344
[]\T1/lmr/bx/n/8 (d) |\T1/lmr/m/n/8 Re-la-tion-ship
 []


Underfull \hbox (badness 10000) in paragraph at lines 344--344
\T1/lmr/m/n/8 be-tween pri-mal
 []

[6 </Users/ashoksaravanan/Coding/ScribeLec/server/output/MA 421/lectures/2024-0
9-12-Duality/figures/5.1.png (PNG copy)> </Users/ashoksaravanan/Coding/ScribeLe
c/server/output/MA 421/lectures/2024-09-12-Duality/figures/5.2.png (PNG copy)> 
</Users/ashoksaravanan/Coding/ScribeLec/server/output/MA 421/lectures/2024-09-1
2-Duality/figures/5.3.png (PNG copy)> </Users/ashoksaravanan/Coding/ScribeLec/s
erver/output/MA 421/lectures/2024-09-12-Duality/figures/5.4.png (PNG copy)>]
/Users/ashoksaravanan/Coding/ScribeLec/server/output/MA 421/lectures/2024-09-12
-Duality/notes.tex:358: Missing $ inserted.
<inserted text> 
                $
l.358 \begin{array}{c|c}
                        
I've inserted a begin-math/end-math symbol since I think
you left one out. Proceed, with fingers crossed.

/Users/ashoksaravanan/Coding/ScribeLec/server/output/MA 421/lectures/2024-09-12
-Duality/notes.tex:363: Missing $ inserted.
<inserted text> 
                $
l.363 \end{array}
                 
I've inserted something that you may have forgotten.
(See the <inserted text> above.)
With luck, this will get me unwedged. But if you
really didn't forget anything, try typing `2' now; then
my insertion and my current dilemma will both disappear.

/Users/ashoksaravanan/Coding/ScribeLec/server/output/MA 421/lectures/2024-09-12
-Duality/notes.tex:365: Missing $ inserted.
<inserted text> 
                $
l.365 \begin{array}{c|c}
                        
I've inserted a begin-math/end-math symbol since I think
you left one out. Proceed, with fingers crossed.

/Users/ashoksaravanan/Coding/ScribeLec/server/output/MA 421/lectures/2024-09-12
-Duality/notes.tex:371: Missing $ inserted.
<inserted text> 
                $
l.371 \end{array}
                 
I've inserted something that you may have forgotten.
(See the <inserted text> above.)
With luck, this will get me unwedged. But if you
really didn't forget anything, try typing `2' now; then
my insertion and my current dilemma will both disappear.

/Users/ashoksaravanan/Coding/ScribeLec/server/output/MA 421/lectures/2024-09-12
-Duality/notes.tex:373: Missing $ inserted.
<inserted text> 
                $
l.373 x_
        3 \text{ enters, } w_2 \text{ leaves} \\
I've inserted a begin-math/end-math symbol since I think
you left one out. Proceed, with fingers crossed.

/Users/ashoksaravanan/Coding/ScribeLec/server/output/MA 421/lectures/2024-09-12
-Duality/notes.tex:375: Missing $ inserted.
<inserted text> 
                $
l.375 
      
I've inserted a begin-math/end-math symbol since I think
you left one out. Proceed, with fingers crossed.

/Users/ashoksaravanan/Coding/ScribeLec/server/output/MA 421/lectures/2024-09-12
-Duality/notes.tex:376: Missing $ inserted.
<inserted text> 
                $
l.376 \curvearrowright
                      
I've inserted a begin-math/end-math symbol since I think
you left one out. Proceed, with fingers crossed.

/Users/ashoksaravanan/Coding/ScribeLec/server/output/MA 421/lectures/2024-09-12
-Duality/notes.tex:377: Missing $ inserted.
<inserted text> 
                $
l.377 
      
I've inserted a begin-math/end-math symbol since I think
you left one out. Proceed, with fingers crossed.

/Users/ashoksaravanan/Coding/ScribeLec/server/output/MA 421/lectures/2024-09-12
-Duality/notes.tex:380: Missing $ inserted.
<inserted text> 
                $
l.380 z_
        3 \text{ leaves, } y_2 \text{ enters}
I've inserted a begin-math/end-math symbol since I think
you left one out. Proceed, with fingers crossed.

/Users/ashoksaravanan/Coding/ScribeLec/server/output/MA 421/lectures/2024-09-12
-Duality/notes.tex:382: Missing $ inserted.
<inserted text> 
                $
l.382 \subsection
                 {Description}%
I've inserted a begin-math/end-math symbol since I think
you left one out. Proceed, with fingers crossed.

</Users/ashoksaravanan/Coding/ScribeLec/server/output/MA 421/lectures/2024-09-1
2-Duality/figures/6.1.png, id=436, 271.0125pt x 220.825pt>
File: /Users/ashoksaravanan/Coding/ScribeLec/server/output/MA 421/lectures/2024
-09-12-Duality/figures/6.1.png Graphic file (type png)
<use /Users/ashoksaravanan/Coding/ScribeLec/server/output/MA 421/lectures/2024-
09-12-Duality/figures/6.1.png>
Package pdftex.def Info: /Users/ashoksaravanan/Coding/ScribeLec/server/output/M
A 421/lectures/2024-09-12-Duality/figures/6.1.png  used on input line 389.
(pdftex.def)             Requested size: 70.46037pt x 57.40976pt.

Underfull \hbox (badness 10000) in paragraph at lines 390--390
[]\T1/lmr/bx/n/8 (a) |\T1/lmr/m/n/8 (P) Pri-mal
 []

</Users/ashoksaravanan/Coding/ScribeLec/server/output/MA 421/lectures/2024-09-1
2-Duality/figures/6.2.png, id=437, 170.6375pt x 220.825pt>
File: /Users/ashoksaravanan/Coding/ScribeLec/server/output/MA 421/lectures/2024
-09-12-Duality/figures/6.2.png Graphic file (type png)
<use /Users/ashoksaravanan/Coding/ScribeLec/server/output/MA 421/lectures/2024-
09-12-Duality/figures/6.2.png>
Package pdftex.def Info: /Users/ashoksaravanan/Coding/ScribeLec/server/output/M
A 421/lectures/2024-09-12-Duality/figures/6.2.png  used on input line 395.
(pdftex.def)             Requested size: 70.46037pt x 91.18578pt.
</Users/ashoksaravanan/Coding/ScribeLec/server/output/MA 421/lectures/2024-09-1
2-Duality/figures/6.3.png, id=438, 170.6375pt x 170.6375pt>
File: /Users/ashoksaravanan/Coding/ScribeLec/server/output/MA 421/lectures/2024
-09-12-Duality/figures/6.3.png Graphic file (type png)
<use /Users/ashoksaravanan/Coding/ScribeLec/server/output/MA 421/lectures/2024-
09-12-Duality/figures/6.3.png>
Package pdftex.def Info: /Users/ashoksaravanan/Coding/ScribeLec/server/output/M
A 421/lectures/2024-09-12-Duality/figures/6.3.png  used on input line 401.
(pdftex.def)             Requested size: 70.46037pt x 70.46173pt.
[7 </Users/ashoksaravanan/Coding/ScribeLec/server/output/MA 421/lectures/2024-0
9-12-Duality/figures/6.1.png (PNG copy)> </Users/ashoksaravanan/Coding/ScribeLe
c/server/output/MA 421/lectures/2024-09-12-Duality/figures/6.2.png (PNG copy)> 
</Users/ashoksaravanan/Coding/ScribeLec/server/output/MA 421/lectures/2024-09-1
2-Duality/figures/6.3.png (PNG copy)>]
/Users/ashoksaravanan/Coding/ScribeLec/server/output/MA 421/lectures/2024-09-12
-Duality/notes.tex:416: Missing $ inserted.
<inserted text> 
                $
l.416 \begin{array}{c|cccc}
                           
I've inserted a begin-math/end-math symbol since I think
you left one out. Proceed, with fingers crossed.

/Users/ashoksaravanan/Coding/ScribeLec/server/output/MA 421/lectures/2024-09-12
-Duality/notes.tex:422: Missing $ inserted.
<inserted text> 
                $
l.422 \end{array}
                 
I've inserted something that you may have forgotten.
(See the <inserted text> above.)
With luck, this will get me unwedged. But if you
really didn't forget anything, try typing `2' now; then
my insertion and my current dilemma will both disappear.

/Users/ashoksaravanan/Coding/ScribeLec/server/output/MA 421/lectures/2024-09-12
-Duality/notes.tex:424: Missing $ inserted.
<inserted text> 
                $
l.424 \begin{array}{c|cccc}
                           
I've inserted a begin-math/end-math symbol since I think
you left one out. Proceed, with fingers crossed.

/Users/ashoksaravanan/Coding/ScribeLec/server/output/MA 421/lectures/2024-09-12
-Duality/notes.tex:431: Missing $ inserted.
<inserted text> 
                $
l.431 \end{array}
                 
I've inserted something that you may have forgotten.
(See the <inserted text> above.)
With luck, this will get me unwedged. But if you
really didn't forget anything, try typing `2' now; then
my insertion and my current dilemma will both disappear.

/Users/ashoksaravanan/Coding/ScribeLec/server/output/MA 421/lectures/2024-09-12
-Duality/notes.tex:433: Missing $ inserted.
<inserted text> 
                $
l.433 x_
        2 \text{ enters, } w_1 \text{ leaves}
I've inserted a begin-math/end-math symbol since I think
you left one out. Proceed, with fingers crossed.

/Users/ashoksaravanan/Coding/ScribeLec/server/output/MA 421/lectures/2024-09-12
-Duality/notes.tex:434: Missing $ inserted.
<inserted text> 
                $
l.434 
      
I've inserted a begin-math/end-math symbol since I think
you left one out. Proceed, with fingers crossed.

/Users/ashoksaravanan/Coding/ScribeLec/server/output/MA 421/lectures/2024-09-12
-Duality/notes.tex:435: Missing $ inserted.
<inserted text> 
                $
l.435 \curvearrowright
                      
I've inserted a begin-math/end-math symbol since I think
you left one out. Proceed, with fingers crossed.

/Users/ashoksaravanan/Coding/ScribeLec/server/output/MA 421/lectures/2024-09-12
-Duality/notes.tex:436: Missing $ inserted.
<inserted text> 
                $
l.436 
      
I've inserted a begin-math/end-math symbol since I think
you left one out. Proceed, with fingers crossed.

/Users/ashoksaravanan/Coding/ScribeLec/server/output/MA 421/lectures/2024-09-12
-Duality/notes.tex:439: Missing $ inserted.
<inserted text> 
                $
l.439 z_
        2 \text{ leaves, } y_1 \text{ enters}
I've inserted a begin-math/end-math symbol since I think
you left one out. Proceed, with fingers crossed.

/Users/ashoksaravanan/Coding/ScribeLec/server/output/MA 421/lectures/2024-09-12
-Duality/notes.tex:441: Missing $ inserted.
<inserted text> 
                $
l.441 \subsection
                 {Description}%
I've inserted a begin-math/end-math symbol since I think
you left one out. Proceed, with fingers crossed.

</Users/ashoksaravanan/Coding/ScribeLec/server/output/MA 421/lectures/2024-09-1
2-Duality/figures/7.1.png, id=446, 271.0125pt x 170.6375pt>
File: /Users/ashoksaravanan/Coding/ScribeLec/server/output/MA 421/lectures/2024
-09-12-Duality/figures/7.1.png Graphic file (type png)
<use /Users/ashoksaravanan/Coding/ScribeLec/server/output/MA 421/lectures/2024-
09-12-Duality/figures/7.1.png>
Package pdftex.def Info: /Users/ashoksaravanan/Coding/ScribeLec/server/output/M
A 421/lectures/2024-09-12-Duality/figures/7.1.png  used on input line 448.
(pdftex.def)             Requested size: 70.46037pt x 44.36209pt.

Underfull \hbox (badness 10000) in paragraph at lines 449--449
[]\T1/lmr/bx/n/8 (a) |\T1/lmr/m/n/8 (P) Pri-mal
 []

</Users/ashoksaravanan/Coding/ScribeLec/server/output/MA 421/lectures/2024-09-1
2-Duality/figures/7.2.png, id=447, 271.0125pt x 170.6375pt>
File: /Users/ashoksaravanan/Coding/ScribeLec/server/output/MA 421/lectures/2024
-09-12-Duality/figures/7.2.png Graphic file (type png)
<use /Users/ashoksaravanan/Coding/ScribeLec/server/output/MA 421/lectures/2024-
09-12-Duality/figures/7.2.png>
Package pdftex.def Info: /Users/ashoksaravanan/Coding/ScribeLec/server/output/M
A 421/lectures/2024-09-12-Duality/figures/7.2.png  used on input line 454.
(pdftex.def)             Requested size: 70.46037pt x 44.36209pt.
</Users/ashoksaravanan/Coding/ScribeLec/server/output/MA 421/lectures/2024-09-1
2-Duality/figures/7.3.png, id=448, 220.825pt x 170.6375pt>
File: /Users/ashoksaravanan/Coding/ScribeLec/server/output/MA 421/lectures/2024
-09-12-Duality/figures/7.3.png Graphic file (type png)
<use /Users/ashoksaravanan/Coding/ScribeLec/server/output/MA 421/lectures/2024-
09-12-Duality/figures/7.3.png>
Package pdftex.def Info: /Users/ashoksaravanan/Coding/ScribeLec/server/output/M
A 421/lectures/2024-09-12-Duality/figures/7.3.png  used on input line 460.
(pdftex.def)             Requested size: 70.46037pt x 54.44627pt.
[8 </Users/ashoksaravanan/Coding/ScribeLec/server/output/MA 421/lectures/2024-0
9-12-Duality/figures/7.1.png (PNG copy)> </Users/ashoksaravanan/Coding/ScribeLe
c/server/output/MA 421/lectures/2024-09-12-Duality/figures/7.2.png (PNG copy)> 
</Users/ashoksaravanan/Coding/ScribeLec/server/output/MA 421/lectures/2024-09-1
2-Duality/figures/7.3.png (PNG copy)>]
/Users/ashoksaravanan/Coding/ScribeLec/server/output/MA 421/lectures/2024-09-12
-Duality/notes.tex:475: Missing $ inserted.
<inserted text> 
                $
l.475 \begin{array}{c|cccc}
                           
I've inserted a begin-math/end-math symbol since I think
you left one out. Proceed, with fingers crossed.

/Users/ashoksaravanan/Coding/ScribeLec/server/output/MA 421/lectures/2024-09-12
-Duality/notes.tex:481: Missing $ inserted.
<inserted text> 
                $
l.481 \end{array}
                 
I've inserted something that you may have forgotten.
(See the <inserted text> above.)
With luck, this will get me unwedged. But if you
really didn't forget anything, try typing `2' now; then
my insertion and my current dilemma will both disappear.

/Users/ashoksaravanan/Coding/ScribeLec/server/output/MA 421/lectures/2024-09-12
-Duality/notes.tex:483: Missing $ inserted.
<inserted text> 
                $
l.483 \begin{array}{c|cccc}
                           
I've inserted a begin-math/end-math symbol since I think
you left one out. Proceed, with fingers crossed.

/Users/ashoksaravanan/Coding/ScribeLec/server/output/MA 421/lectures/2024-09-12
-Duality/notes.tex:490: Missing $ inserted.
<inserted text> 
                $
l.490 \end{array}
                 
I've inserted something that you may have forgotten.
(See the <inserted text> above.)
With luck, this will get me unwedged. But if you
really didn't forget anything, try typing `2' now; then
my insertion and my current dilemma will both disappear.

/Users/ashoksaravanan/Coding/ScribeLec/server/output/MA 421/lectures/2024-09-12
-Duality/notes.tex:492: Misplaced \crcr.
\endarray ->\crcr 
                  \egroup \egroup 
l.492 \end{array}
                 
I can't figure out why you would want to use a tab mark
or \cr or \span just now. If something like a right brace
up above has ended a previous alignment prematurely,
you're probably due for more error messages, and you
might try typing `S' now just to see what is salvageable.

/Users/ashoksaravanan/Coding/ScribeLec/server/output/MA 421/lectures/2024-09-12
-Duality/notes.tex:492: Too many }'s.
\endarray ->\crcr \egroup 
                          \egroup 
l.492 \end{array}
                 
You've closed more groups than you opened.
Such booboos are generally harmless, so keep going.

/Users/ashoksaravanan/Coding/ScribeLec/server/output/MA 421/lectures/2024-09-12
-Duality/notes.tex:492: Too many }'s.
\endarray ->\crcr \egroup \egroup 
                                  
l.492 \end{array}
                 
You've closed more groups than you opened.
Such booboos are generally harmless, so keep going.


/Users/ashoksaravanan/Coding/ScribeLec/server/output/MA 421/lectures/2024-09-12
-Duality/notes.tex:492: LaTeX Error: \begin{document} ended by \end{array}.

See the LaTeX manual or LaTeX Companion for explanation.
Type  H <return>  for immediate help.
 ...                                              
                                                  
l.492 \end{array}
                 
Your command was ignored.
Type  I <command> <return>  to replace it with another command,
or  <return>  to continue without it.

/Users/ashoksaravanan/Coding/ScribeLec/server/output/MA 421/lectures/2024-09-12
-Duality/notes.tex:492: Extra \endgroup.
<recently read> \endgroup 
                          
l.492 \end{array}
                 
Things are pretty mixed up, but I think the worst is over.

/Users/ashoksaravanan/Coding/ScribeLec/server/output/MA 421/lectures/2024-09-12
-Duality/notes.tex:493: Missing $ inserted.
<inserted text> 
                $
l.493 \xrightarrow{\text{Optimal for (P)}}
                                          
I've inserted a begin-math/end-math symbol since I think
you left one out. Proceed, with fingers crossed.

/Users/ashoksaravanan/Coding/ScribeLec/server/output/MA 421/lectures/2024-09-12
-Duality/notes.tex:497: Missing $ inserted.
<inserted text> 
                $
l.497 
      
I've inserted a begin-math/end-math symbol since I think
you left one out. Proceed, with fingers crossed.

/Users/ashoksaravanan/Coding/ScribeLec/server/output/MA 421/lectures/2024-09-12
-Duality/notes.tex:498: Missing $ inserted.
<inserted text> 
                $
l.498 \text{Optimal values for } y_
                                   1, y_2 \quad (z_2, z_3 = 0, \quad y_1 = 1...
I've inserted a begin-math/end-math symbol since I think
you left one out. Proceed, with fingers crossed.

/Users/ashoksaravanan/Coding/ScribeLec/server/output/MA 421/lectures/2024-09-12
-Duality/notes.tex:500: Missing $ inserted.
<inserted text> 
                $
l.500 \subsection
                 {Description}%
I've inserted a begin-math/end-math symbol since I think
you left one out. Proceed, with fingers crossed.

</Users/ashoksaravanan/Coding/ScribeLec/server/output/MA 421/lectures/2024-09-1
2-Duality/figures/8.1.png, id=454, 271.0125pt x 170.6375pt>
File: /Users/ashoksaravanan/Coding/ScribeLec/server/output/MA 421/lectures/2024
-09-12-Duality/figures/8.1.png Graphic file (type png)
<use /Users/ashoksaravanan/Coding/ScribeLec/server/output/MA 421/lectures/2024-
09-12-Duality/figures/8.1.png>
Package pdftex.def Info: /Users/ashoksaravanan/Coding/ScribeLec/server/output/M
A 421/lectures/2024-09-12-Duality/figures/8.1.png  used on input line 507.
(pdftex.def)             Requested size: 70.46037pt x 44.36209pt.

Underfull \hbox (badness 10000) in paragraph at lines 508--508
[]\T1/lmr/bx/n/8 (a) |\T1/lmr/m/n/8 (P) Pri-mal
 []

</Users/ashoksaravanan/Coding/ScribeLec/server/output/MA 421/lectures/2024-09-1
2-Duality/figures/8.2.png, id=455, 271.0125pt x 170.6375pt>
File: /Users/ashoksaravanan/Coding/ScribeLec/server/output/MA 421/lectures/2024
-09-12-Duality/figures/8.2.png Graphic file (type png)
<use /Users/ashoksaravanan/Coding/ScribeLec/server/output/MA 421/lectures/2024-
09-12-Duality/figures/8.2.png>
Package pdftex.def Info: /Users/ashoksaravanan/Coding/ScribeLec/server/output/M
A 421/lectures/2024-09-12-Duality/figures/8.2.png  used on input line 513.
(pdftex.def)             Requested size: 70.46037pt x 44.36209pt.
</Users/ashoksaravanan/Coding/ScribeLec/server/output/MA 421/lectures/2024-09-1
2-Duality/figures/8.3.png, id=456, 220.825pt x 170.6375pt>
File: /Users/ashoksaravanan/Coding/ScribeLec/server/output/MA 421/lectures/2024
-09-12-Duality/figures/8.3.png Graphic file (type png)
<use /Users/ashoksaravanan/Coding/ScribeLec/server/output/MA 421/lectures/2024-
09-12-Duality/figures/8.3.png>
Package pdftex.def Info: /Users/ashoksaravanan/Coding/ScribeLec/server/output/M
A 421/lectures/2024-09-12-Duality/figures/8.3.png  used on input line 519.
(pdftex.def)             Requested size: 70.46037pt x 54.44627pt.
</Users/ashoksaravanan/Coding/ScribeLec/server/output/MA 421/lectures/2024-09-1
2-Duality/figures/8.4.png, id=457, 220.825pt x 170.6375pt>
File: /Users/ashoksaravanan/Coding/ScribeLec/server/output/MA 421/lectures/2024
-09-12-Duality/figures/8.4.png Graphic file (type png)
<use /Users/ashoksaravanan/Coding/ScribeLec/server/output/MA 421/lectures/2024-
09-12-Duality/figures/8.4.png>
Package pdftex.def Info: /Users/ashoksaravanan/Coding/ScribeLec/server/output/M
A 421/lectures/2024-09-12-Duality/figures/8.4.png  used on input line 525.
(pdftex.def)             Requested size: 70.46037pt x 54.44627pt.
[9 </Users/ashoksaravanan/Coding/ScribeLec/server/output/MA 421/lectures/2024-0
9-12-Duality/figures/8.1.png (PNG copy)> </Users/ashoksaravanan/Coding/ScribeLe
c/server/output/MA 421/lectures/2024-09-12-Duality/figures/8.2.png (PNG copy)> 
</Users/ashoksaravanan/Coding/ScribeLec/server/output/MA 421/lectures/2024-09-1
2-Duality/figures/8.3.png (PNG copy)> </Users/ashoksaravanan/Coding/ScribeLec/s
erver/output/MA 421/lectures/2024-09-12-Duality/figures/8.4.png (PNG copy)>]
/Users/ashoksaravanan/Coding/ScribeLec/server/output/MA 421/lectures/2024-09-12
-Duality/notes.tex:540: Missing $ inserted.
<inserted text> 
                $
l.540 \begin{array}{|c|cccc|}
                             
I've inserted a begin-math/end-math symbol since I think
you left one out. Proceed, with fingers crossed.

/Users/ashoksaravanan/Coding/ScribeLec/server/output/MA 421/lectures/2024-09-12
-Duality/notes.tex:549: Missing $ inserted.
<inserted text> 
                $
l.549 \end{array}
                 
I've inserted something that you may have forgotten.
(See the <inserted text> above.)
With luck, this will get me unwedged. But if you
really didn't forget anything, try typing `2' now; then
my insertion and my current dilemma will both disappear.

/Users/ashoksaravanan/Coding/ScribeLec/server/output/MA 421/lectures/2024-09-12
-Duality/notes.tex:551: Missing $ inserted.
<inserted text> 
                $
l.551 b_
        i^* \ge 0 \quad \xrightarrow{\text{ }} \quad c_j^* \le 0
I've inserted a begin-math/end-math symbol since I think
you left one out. Proceed, with fingers crossed.

/Users/ashoksaravanan/Coding/ScribeLec/server/output/MA 421/lectures/2024-09-12
-Duality/notes.tex:553: Missing $ inserted.
<inserted text> 
                $
l.553 \subsection
                 {Description}%
I've inserted a begin-math/end-math symbol since I think
you left one out. Proceed, with fingers crossed.

</Users/ashoksaravanan/Coding/ScribeLec/server/output/MA 421/lectures/2024-09-1
2-Duality/figures/9.1.png, id=463, 421.575pt x 371.3875pt>
File: /Users/ashoksaravanan/Coding/ScribeLec/server/output/MA 421/lectures/2024
-09-12-Duality/figures/9.1.png Graphic file (type png)
<use /Users/ashoksaravanan/Coding/ScribeLec/server/output/MA 421/lectures/2024-
09-12-Duality/figures/9.1.png>
Package pdftex.def Info: /Users/ashoksaravanan/Coding/ScribeLec/server/output/M
A 421/lectures/2024-09-12-Duality/figures/9.1.png  used on input line 560.
(pdftex.def)             Requested size: 70.46037pt x 62.06966pt.

Underfull \hbox (badness 1675) in paragraph at lines 561--561
[]\T1/lmr/bx/n/8 (a) |\T1/lmr/m/n/8 Tableau rep-
 []


Underfull \hbox (badness 1158) in paragraph at lines 561--561
\T1/lmr/m/n/8 re-sent-ing the pri-
 []

[10 </Users/ashoksaravanan/Coding/ScribeLec/server/output/MA 421/lectures/2024-
09-12-Duality/figures/9.1.png (PNG copy)>]
/Users/ashoksaravanan/Coding/ScribeLec/server/output/MA 421/lectures/2024-09-12
-Duality/notes.tex:575: Missing $ inserted.
<inserted text> 
                $
l.575 \begin{array}{|c|cccc|}
                             
I've inserted a begin-math/end-math symbol since I think
you left one out. Proceed, with fingers crossed.

/Users/ashoksaravanan/Coding/ScribeLec/server/output/MA 421/lectures/2024-09-12
-Duality/notes.tex:584: Missing $ inserted.
<inserted text> 
                $
l.584 \end{array}
                 
I've inserted something that you may have forgotten.
(See the <inserted text> above.)
With luck, this will get me unwedged. But if you
really didn't forget anything, try typing `2' now; then
my insertion and my current dilemma will both disappear.

/Users/ashoksaravanan/Coding/ScribeLec/server/output/MA 421/lectures/2024-09-12
-Duality/notes.tex:586: Missing $ inserted.
<inserted text> 
                $
l.586 -b_
         i^* \le 0 \quad \xrightarrow{\text{ }} \quad -c_j^* \ge 0
I've inserted a begin-math/end-math symbol since I think
you left one out. Proceed, with fingers crossed.

/Users/ashoksaravanan/Coding/ScribeLec/server/output/MA 421/lectures/2024-09-12
-Duality/notes.tex:587: Misplaced \crcr.
\endarray ->\crcr 
                  \egroup \egroup 
l.587 \end{array}
                 
I can't figure out why you would want to use a tab mark
or \cr or \span just now. If something like a right brace
up above has ended a previous alignment prematurely,
you're probably due for more error messages, and you
might try typing `S' now just to see what is salvageable.

/Users/ashoksaravanan/Coding/ScribeLec/server/output/MA 421/lectures/2024-09-12
-Duality/notes.tex:587: Extra }, or forgotten $.
\endarray ->\crcr \egroup 
                          \egroup 
l.587 \end{array}
                 
I've deleted a group-closing symbol because it seems to be
spurious, as in `$x}$'. But perhaps the } is legitimate and
you forgot something else, as in `\hbox{$x}'. In such cases
the way to recover is to insert both the forgotten and the
deleted material, e.g., by typing `I$}'.

/Users/ashoksaravanan/Coding/ScribeLec/server/output/MA 421/lectures/2024-09-12
-Duality/notes.tex:587: Extra }, or forgotten $.
\endarray ->\crcr \egroup \egroup 
                                  
l.587 \end{array}
                 
I've deleted a group-closing symbol because it seems to be
spurious, as in `$x}$'. But perhaps the } is legitimate and
you forgot something else, as in `\hbox{$x}'. In such cases
the way to recover is to insert both the forgotten and the
deleted material, e.g., by typing `I$}'.


/Users/ashoksaravanan/Coding/ScribeLec/server/output/MA 421/lectures/2024-09-12
-Duality/notes.tex:587: LaTeX Error: \begin{document} ended by \end{array}.

See the LaTeX manual or LaTeX Companion for explanation.
Type  H <return>  for immediate help.
 ...                                              
                                                  
l.587 \end{array}
                 
Your command was ignored.
Type  I <command> <return>  to replace it with another command,
or  <return>  to continue without it.

/Users/ashoksaravanan/Coding/ScribeLec/server/output/MA 421/lectures/2024-09-12
-Duality/notes.tex:587: Missing $ inserted.
<inserted text> 
                $
l.587 \end{array}
                 
I've inserted something that you may have forgotten.
(See the <inserted text> above.)
With luck, this will get me unwedged. But if you
really didn't forget anything, try typing `2' now; then
my insertion and my current dilemma will both disappear.

/Users/ashoksaravanan/Coding/ScribeLec/server/output/MA 421/lectures/2024-09-12
-Duality/notes.tex:587: Extra \endgroup.
<recently read> \endgroup 
                          
l.587 \end{array}
                 
Things are pretty mixed up, but I think the worst is over.

</Users/ashoksaravanan/Coding/ScribeLec/server/output/MA 421/lectures/2024-09-1
2-Duality/figures/10.1.png, id=470, 371.3875pt x 371.3875pt>
File: /Users/ashoksaravanan/Coding/ScribeLec/server/output/MA 421/lectures/2024
-09-12-Duality/figures/10.1.png Graphic file (type png)
<use /Users/ashoksaravanan/Coding/ScribeLec/server/output/MA 421/lectures/2024-
09-12-Duality/figures/10.1.png>
Package pdftex.def Info: /Users/ashoksaravanan/Coding/ScribeLec/server/output/M
A 421/lectures/2024-09-12-Duality/figures/10.1.png  used on input line 597.
(pdftex.def)             Requested size: 70.46037pt x 70.45668pt.

Underfull \hbox (badness 1675) in paragraph at lines 598--598
[]\T1/lmr/bx/n/8 (a) |\T1/lmr/m/n/8 Tableau rep-
 []


Underfull \hbox (badness 3803) in paragraph at lines 598--598
\T1/lmr/m/n/8 prob-lem at op-ti-
 []

[11 </Users/ashoksaravanan/Coding/ScribeLec/server/output/MA 421/lectures/2024-
09-12-Duality/figures/10.1.png (PNG copy)>]
/Users/ashoksaravanan/Coding/ScribeLec/server/output/MA 421/lectures/2024-09-12
-Duality/notes.tex:609: Missing $ inserted.
<inserted text> 
                $
l.609 \text{If (P) has an optimal solution } (x_
                                                j^*) \\
I've inserted a begin-math/end-math symbol since I think
you left one out. Proceed, with fingers crossed.

/Users/ashoksaravanan/Coding/ScribeLec/server/output/MA 421/lectures/2024-09-12
-Duality/notes.tex:616: Missing $ inserted.
<inserted text> 
                $
l.616 \subsection
                 {Description}%
I've inserted a begin-math/end-math symbol since I think
you left one out. Proceed, with fingers crossed.

</Users/ashoksaravanan/Coding/ScribeLec/server/output/MA 421/lectures/2024-09-1
2-Duality/figures/11.1.png, id=476, 471.7625pt x 421.575pt>
File: /Users/ashoksaravanan/Coding/ScribeLec/server/output/MA 421/lectures/2024
-09-12-Duality/figures/11.1.png Graphic file (type png)
<use /Users/ashoksaravanan/Coding/ScribeLec/server/output/MA 421/lectures/2024-
09-12-Duality/figures/11.1.png>
Package pdftex.def Info: /Users/ashoksaravanan/Coding/ScribeLec/server/output/M
A 421/lectures/2024-09-12-Duality/figures/11.1.png  used on input line 623.
(pdftex.def)             Requested size: 70.46037pt x 62.96333pt.

Underfull \hbox (badness 1264) in paragraph at lines 624--624
[]\T1/lmr/bx/n/8 (a) |\T1/lmr/m/n/8 State-ment of
 []

[12 </Users/ashoksaravanan/Coding/ScribeLec/server/output/MA 421/lectures/2024-
09-12-Duality/figures/11.1.png (PNG copy)>]

/Users/ashoksaravanan/Coding/ScribeLec/server/output/MA 421/lectures/2024-09-12
-Duality/notes.tex:635: LaTeX Error: \mathcal allowed only in math mode.

See the LaTeX manual or LaTeX Companion for explanation.
Type  H <return>  for immediate help.
 ...                                              
                                                  
l.635 \text{Pf} \quad (\mathcal
                               {N} : \text{ non-basic vars}) \\
You're in trouble here.  Try typing  <return>  to proceed.
If that doesn't work, type  X <return>  to quit.


/Users/ashoksaravanan/Coding/ScribeLec/server/output/MA 421/lectures/2024-09-12
-Duality/notes.tex:636: LaTeX Error: \mathcal allowed only in math mode.

See the LaTeX manual or LaTeX Companion for explanation.
Type  H <return>  for immediate help.
 ...                                              
                                                  
l.636 \quad (\mathcal
                     {B} : \text{ basic vars}) \\
You're in trouble here.  Try typing  <return>  to proceed.
If that doesn't work, type  X <return>  to quit.

LaTeX Font Info:    Trying to load font information for OMS+lmr on input line 6
37.
(/usr/local/texlive/2024/texmf-dist/tex/latex/lm/omslmr.fd
File: omslmr.fd 2015/05/01 v1.6.1 Font defs for Latin Modern
)
LaTeX Font Info:    Font shape `OMS/lmr/m/n' in size <10> not available
(Font)              Font shape `OMS/lmsy/m/n' tried instead on input line 637.

/Users/ashoksaravanan/Coding/ScribeLec/server/output/MA 421/lectures/2024-09-12
-Duality/notes.tex:637: Missing $ inserted.
<inserted text> 
                $
l.637 \textcircled{0} \quad \zeta
                                  = \sum_{j \in \mathcal{N}} c_j x_j + \sum_...
I've inserted a begin-math/end-math symbol since I think
you left one out. Proceed, with fingers crossed.

/Users/ashoksaravanan/Coding/ScribeLec/server/output/MA 421/lectures/2024-09-12
-Duality/notes.tex:639: Missing $ inserted.
<inserted text> 
                $
l.639 \subsection
                 {Description}%
I've inserted a begin-math/end-math symbol since I think
you left one out. Proceed, with fingers crossed.

</Users/ashoksaravanan/Coding/ScribeLec/server/output/MA 421/lectures/2024-09-1
2-Duality/figures/12.1.png, id=482, 722.7pt x 371.3875pt>
File: /Users/ashoksaravanan/Coding/ScribeLec/server/output/MA 421/lectures/2024
-09-12-Duality/figures/12.1.png Graphic file (type png)
<use /Users/ashoksaravanan/Coding/ScribeLec/server/output/MA 421/lectures/2024-
09-12-Duality/figures/12.1.png>
Package pdftex.def Info: /Users/ashoksaravanan/Coding/ScribeLec/server/output/M
A 421/lectures/2024-09-12-Duality/figures/12.1.png  used on input line 646.
(pdftex.def)             Requested size: 70.46037pt x 36.20587pt.

Underfull \hbox (badness 1264) in paragraph at lines 647--647
[]\T1/lmr/bx/n/8 (a) |\T1/lmr/m/n/8 State-ment of
 []


Underfull \hbox (badness 2057) in paragraph at lines 647--647
\T1/lmr/m/n/8 the Strong Du-al-
 []


Underfull \hbox (badness 2351) in paragraph at lines 647--647
\T1/lmr/m/n/8 ity The-o-rem and
 []

[13 </Users/ashoksaravanan/Coding/ScribeLec/server/output/MA 421/lectures/2024-
09-12-Duality/figures/12.1.png (PNG copy)>]
/Users/ashoksaravanan/Coding/ScribeLec/server/output/MA 421/lectures/2024-09-12
-Duality/notes.tex:659: Missing $ inserted.
<inserted text> 
                $
l.659 \zeta
            = \zeta^* + \sum_j \bar{c}_j \bar{x}_j + \sum_i 0 \cdot \bar{w}_...
I've inserted a begin-math/end-math symbol since I think
you left one out. Proceed, with fingers crossed.

/Users/ashoksaravanan/Coding/ScribeLec/server/output/MA 421/lectures/2024-09-12
-Duality/notes.tex:665: Missing $ inserted.
<inserted text> 
                $
l.665 \subsection
                 {Description}%
I've inserted a begin-math/end-math symbol since I think
you left one out. Proceed, with fingers crossed.

</Users/ashoksaravanan/Coding/ScribeLec/server/output/MA 421/lectures/2024-09-1
2-Duality/figures/13.1.png, id=489, 722.7pt x 772.8875pt>
File: /Users/ashoksaravanan/Coding/ScribeLec/server/output/MA 421/lectures/2024
-09-12-Duality/figures/13.1.png Graphic file (type png)
<use /Users/ashoksaravanan/Coding/ScribeLec/server/output/MA 421/lectures/2024-
09-12-Duality/figures/13.1.png>
Package pdftex.def Info: /Users/ashoksaravanan/Coding/ScribeLec/server/output/M
A 421/lectures/2024-09-12-Duality/figures/13.1.png  used on input line 672.
(pdftex.def)             Requested size: 70.46037pt x 75.34738pt.

Underfull \hbox (badness 1137) in paragraph at lines 673--673
[]\T1/lmr/bx/n/8 (a) |\T1/lmr/m/n/8 Proof of the
 []


Underfull \hbox (badness 10000) in paragraph at lines 673--673
\T1/lmr/m/n/8 Strong Du-al-ity
 []

[14 </Users/ashoksaravanan/Coding/ScribeLec/server/output/MA 421/lectures/2024-
09-12-Duality/figures/13.1.png (PNG copy)>]
/Users/ashoksaravanan/Coding/ScribeLec/server/output/MA 421/lectures/2024-09-12
-Duality/notes.tex:685: Missing $ inserted.
<inserted text> 
                $
l.685 \zeta
            = \zeta^* + \sum_j c_j^* x_j + \sum_i d_i^* (b_i - \sum_j a_{ij}...
I've inserted a begin-math/end-math symbol since I think
you left one out. Proceed, with fingers crossed.

/Users/ashoksaravanan/Coding/ScribeLec/server/output/MA 421/lectures/2024-09-12
-Duality/notes.tex:689: Missing $ inserted.
<inserted text> 
                $
l.689 \subsection
                 {Description}%
I've inserted a begin-math/end-math symbol since I think
you left one out. Proceed, with fingers crossed.

</Users/ashoksaravanan/Coding/ScribeLec/server/output/MA 421/lectures/2024-09-1
2-Duality/figures/14.1.png, id=495, 471.7625pt x 421.575pt>
File: /Users/ashoksaravanan/Coding/ScribeLec/server/output/MA 421/lectures/2024
-09-12-Duality/figures/14.1.png Graphic file (type png)
<use /Users/ashoksaravanan/Coding/ScribeLec/server/output/MA 421/lectures/2024-
09-12-Duality/figures/14.1.png>
Package pdftex.def Info: /Users/ashoksaravanan/Coding/ScribeLec/server/output/M
A 421/lectures/2024-09-12-Duality/figures/14.1.png  used on input line 696.
(pdftex.def)             Requested size: 70.46037pt x 62.96333pt.

Underfull \hbox (badness 1137) in paragraph at lines 697--697
[]\T1/lmr/bx/n/8 (a) |\T1/lmr/m/n/8 Proof of the
 []


Underfull \hbox (badness 10000) in paragraph at lines 697--697
\T1/lmr/m/n/8 Strong Du-al-ity
 []

[15 </Users/ashoksaravanan/Coding/ScribeLec/server/output/MA 421/lectures/2024-
09-12-Duality/figures/14.1.png (PNG copy)>]
/Users/ashoksaravanan/Coding/ScribeLec/server/output/MA 421/lectures/2024-09-12
-Duality/notes.tex:709: Missing $ inserted.
<inserted text> 
                $
l.709 ...rline{\text{Const term:}} \quad 0 = \zeta
                                                  ^* + \sum_i d_i^* b_i \\
I've inserted a begin-math/end-math symbol since I think
you left one out. Proceed, with fingers crossed.

/Users/ashoksaravanan/Coding/ScribeLec/server/output/MA 421/lectures/2024-09-12
-Duality/notes.tex:714: Missing $ inserted.
<inserted text> 
                $
l.714 \subsection
                 {Description}%
I've inserted a begin-math/end-math symbol since I think
you left one out. Proceed, with fingers crossed.

</Users/ashoksaravanan/Coding/ScribeLec/server/output/MA 421/lectures/2024-09-1
2-Duality/figures/15.1.png, id=502, 722.7pt x 371.3875pt>
File: /Users/ashoksaravanan/Coding/ScribeLec/server/output/MA 421/lectures/2024
-09-12-Duality/figures/15.1.png Graphic file (type png)
<use /Users/ashoksaravanan/Coding/ScribeLec/server/output/MA 421/lectures/2024-
09-12-Duality/figures/15.1.png>
Package pdftex.def Info: /Users/ashoksaravanan/Coding/ScribeLec/server/output/M
A 421/lectures/2024-09-12-Duality/figures/15.1.png  used on input line 721.
(pdftex.def)             Requested size: 70.46037pt x 36.20587pt.

Underfull \hbox (badness 1137) in paragraph at lines 722--722
[]\T1/lmr/bx/n/8 (a) |\T1/lmr/m/n/8 Proof of the
 []


Underfull \hbox (badness 10000) in paragraph at lines 722--722
\T1/lmr/m/n/8 Strong Du-al-ity
 []

[16 </Users/ashoksaravanan/Coding/ScribeLec/server/output/MA 421/lectures/2024-
09-12-Duality/figures/15.1.png (PNG copy)>]
/Users/ashoksaravanan/Coding/ScribeLec/server/output/MA 421/lectures/2024-09-12
-Duality/notes.tex:734: Missing $ inserted.
<inserted text> 
                $
l.734 ...rline{\text{Const term:}} \quad 0 = \zeta
                                                  ^* + \sum_i d_i^* b_i \\
I've inserted a begin-math/end-math symbol since I think
you left one out. Proceed, with fingers crossed.

/Users/ashoksaravanan/Coding/ScribeLec/server/output/MA 421/lectures/2024-09-12
-Duality/notes.tex:739: Missing $ inserted.
<inserted text> 
                $
l.739 \subsection
                 {Description}%
I've inserted a begin-math/end-math symbol since I think
you left one out. Proceed, with fingers crossed.

</Users/ashoksaravanan/Coding/ScribeLec/server/output/MA 421/lectures/2024-09-1
2-Duality/figures/16.1.png, id=508, 722.7pt x 772.8875pt>
File: /Users/ashoksaravanan/Coding/ScribeLec/server/output/MA 421/lectures/2024
-09-12-Duality/figures/16.1.png Graphic file (type png)
<use /Users/ashoksaravanan/Coding/ScribeLec/server/output/MA 421/lectures/2024-
09-12-Duality/figures/16.1.png>
Package pdftex.def Info: /Users/ashoksaravanan/Coding/ScribeLec/server/output/M
A 421/lectures/2024-09-12-Duality/figures/16.1.png  used on input line 746.
(pdftex.def)             Requested size: 70.46037pt x 75.34738pt.

Underfull \hbox (badness 1137) in paragraph at lines 747--747
[]\T1/lmr/bx/n/8 (a) |\T1/lmr/m/n/8 Proof of the
 []


Underfull \hbox (badness 10000) in paragraph at lines 747--747
\T1/lmr/m/n/8 Strong Du-al-ity
 []

[17 </Users/ashoksaravanan/Coding/ScribeLec/server/output/MA 421/lectures/2024-
09-12-Duality/figures/16.1.png (PNG copy)>]
/Users/ashoksaravanan/Coding/ScribeLec/server/output/MA 421/lectures/2024-09-12
-Duality/notes.tex:758: Missing $ inserted.
<inserted text> 
                $
l.758 Pf \quad \text{Hence there exists an } y^
                                               * \text{ s.t.} \\
I've inserted a begin-math/end-math symbol since I think
you left one out. Proceed, with fingers crossed.

/Users/ashoksaravanan/Coding/ScribeLec/server/output/MA 421/lectures/2024-09-12
-Duality/notes.tex:764: Missing $ inserted.
<inserted text> 
                $
l.764 \subsection
                 {Description}%
I've inserted a begin-math/end-math symbol since I think
you left one out. Proceed, with fingers crossed.

</Users/ashoksaravanan/Coding/ScribeLec/server/output/MA 421/lectures/2024-09-1
2-Duality/figures/17.1.png, id=514, 371.3875pt x 220.825pt>
File: /Users/ashoksaravanan/Coding/ScribeLec/server/output/MA 421/lectures/2024
-09-12-Duality/figures/17.1.png Graphic file (type png)
<use /Users/ashoksaravanan/Coding/ScribeLec/server/output/MA 421/lectures/2024-
09-12-Duality/figures/17.1.png>
Package pdftex.def Info: /Users/ashoksaravanan/Coding/ScribeLec/server/output/M
A 421/lectures/2024-09-12-Duality/figures/17.1.png  used on input line 771.
(pdftex.def)             Requested size: 70.46037pt x 41.89316pt.

Underfull \hbox (badness 10000) in paragraph at lines 772--772
[]\T1/lmr/bx/n/8 (a) |\T1/lmr/m/n/8 Equa-tion
 []


Underfull \hbox (badness 10000) in paragraph at lines 772--772
\T1/lmr/m/n/8 show-ing strong
 []

[18 </Users/ashoksaravanan/Coding/ScribeLec/server/output/MA 421/lectures/2024-
09-12-Duality/figures/17.1.png (PNG copy)>]
/Users/ashoksaravanan/Coding/ScribeLec/server/output/MA 421/lectures/2024-09-12
-Duality/notes.tex:784: Missing $ inserted.
<inserted text> 
                $
l.784 \implies
               (D) \text{ also has an optimal solution} \\
I've inserted a begin-math/end-math symbol since I think
you left one out. Proceed, with fingers crossed.


LaTeX Warning: Command \textcircled invalid in math mode on input line 786.


LaTeX Warning: Command \textcircled invalid in math mode on input line 786.

/Users/ashoksaravanan/Coding/ScribeLec/server/output/MA 421/lectures/2024-09-12
-Duality/notes.tex:792: Missing $ inserted.
<inserted text> 
                $
l.792 \subsection
                 {Description}%
I've inserted a begin-math/end-math symbol since I think
you left one out. Proceed, with fingers crossed.

</Users/ashoksaravanan/Coding/ScribeLec/server/output/MA 421/lectures/2024-09-1
2-Duality/figures/18.1.png, id=520, 722.7pt x 772.8875pt>
File: /Users/ashoksaravanan/Coding/ScribeLec/server/output/MA 421/lectures/2024
-09-12-Duality/figures/18.1.png Graphic file (type png)
<use /Users/ashoksaravanan/Coding/ScribeLec/server/output/MA 421/lectures/2024-
09-12-Duality/figures/18.1.png>
Package pdftex.def Info: /Users/ashoksaravanan/Coding/ScribeLec/server/output/M
A 421/lectures/2024-09-12-Duality/figures/18.1.png  used on input line 803.
(pdftex.def)             Requested size: 70.46037pt x 75.34738pt.

Underfull \hbox (badness 10000) in paragraph at lines 804--804
[]\T1/lmr/bx/n/8 (a) |\T1/lmr/m/n/8 Four pos-si-
 []


Underfull \hbox (badness 10000) in paragraph at lines 804--804
\T1/lmr/m/n/8 and dual lin-ear
 []

[19 </Users/ashoksaravanan/Coding/ScribeLec/server/output/MA 421/lectures/2024-
09-12-Duality/figures/18.1.png (PNG copy)>]
/Users/ashoksaravanan/Coding/ScribeLec/server/output/MA 421/lectures/2024-09-12
-Duality/notes.tex:816: Missing $ inserted.
<inserted text> 
                $
l.816 \implies
               \text{(P) must be infeasible} \\
I've inserted a begin-math/end-math symbol since I think
you left one out. Proceed, with fingers crossed.


LaTeX Warning: Command \textcircled invalid in math mode on input line 820.


LaTeX Warning: Command \textcircled invalid in math mode on input line 820.

/Users/ashoksaravanan/Coding/ScribeLec/server/output/MA 421/lectures/2024-09-12
-Duality/notes.tex:824: Missing $ inserted.
<inserted text> 
                $
l.824 \subsection
                 {Description}%
I've inserted a begin-math/end-math symbol since I think
you left one out. Proceed, with fingers crossed.

</Users/ashoksaravanan/Coding/ScribeLec/server/output/MA 421/lectures/2024-09-1
2-Duality/figures/19.1.png, id=527, 722.7pt x 772.8875pt>
File: /Users/ashoksaravanan/Coding/ScribeLec/server/output/MA 421/lectures/2024
-09-12-Duality/figures/19.1.png Graphic file (type png)
<use /Users/ashoksaravanan/Coding/ScribeLec/server/output/MA 421/lectures/2024-
09-12-Duality/figures/19.1.png>
Package pdftex.def Info: /Users/ashoksaravanan/Coding/ScribeLec/server/output/M
A 421/lectures/2024-09-12-Duality/figures/19.1.png  used on input line 835.
(pdftex.def)             Requested size: 70.46037pt x 75.34738pt.

Underfull \hbox (badness 10000) in paragraph at lines 836--836
[]\T1/lmr/bx/n/8 (a) |\T1/lmr/m/n/8 Four pos-si-
 []


Underfull \hbox (badness 10000) in paragraph at lines 836--836
\T1/lmr/m/n/8 and dual lin-ear
 []

[20 </Users/ashoksaravanan/Coding/ScribeLec/server/output/MA 421/lectures/2024-
09-12-Duality/figures/19.1.png (PNG copy)>]
/Users/ashoksaravanan/Coding/ScribeLec/server/output/MA 421/lectures/2024-09-12
-Duality/notes.tex:848: Missing $ inserted.
<inserted text> 
                $
l.848 \text{(P)} \quad \text{maximize } 2x_
                                           1 - x_2 \\
I've inserted a begin-math/end-math symbol since I think
you left one out. Proceed, with fingers crossed.

/Users/ashoksaravanan/Coding/ScribeLec/server/output/MA 421/lectures/2024-09-12
-Duality/notes.tex:857: Missing $ inserted.
<inserted text> 
                $
l.857 \subsection
                 {Description}%
I've inserted a begin-math/end-math symbol since I think
you left one out. Proceed, with fingers crossed.

</Users/ashoksaravanan/Coding/ScribeLec/server/output/MA 421/lectures/2024-09-1
2-Duality/figures/20.1.png, id=533, 722.7pt x 772.8875pt>
File: /Users/ashoksaravanan/Coding/ScribeLec/server/output/MA 421/lectures/2024
-09-12-Duality/figures/20.1.png Graphic file (type png)
<use /Users/ashoksaravanan/Coding/ScribeLec/server/output/MA 421/lectures/2024-
09-12-Duality/figures/20.1.png>
Package pdftex.def Info: /Users/ashoksaravanan/Coding/ScribeLec/server/output/M
A 421/lectures/2024-09-12-Duality/figures/20.1.png  used on input line 864.
(pdftex.def)             Requested size: 70.46037pt x 75.34738pt.

Underfull \hbox (badness 7963) in paragraph at lines 865--865
[]\T1/lmr/bx/n/8 (a) |\T1/lmr/m/n/8 Pri-mal and
 []


Underfull \hbox (badness 10000) in paragraph at lines 865--865
\T1/lmr/m/n/8 dual lin-ear pro-
 []


Underfull \hbox (badness 10000) in paragraph at lines 865--865
\T1/lmr/m/n/8 grams that are
 []

[21 </Users/ashoksaravanan/Coding/ScribeLec/server/output/MA 421/lectures/2024-
09-12-Duality/figures/20.1.png (PNG copy)>]
/Users/ashoksaravanan/Coding/ScribeLec/server/output/MA 421/lectures/2024-09-12
-Duality/notes.tex:877: Missing $ inserted.
<inserted text> 
                $
l.877 \text{THEOREM 5.3. Suppose that } x = (x_
                                               1, x_2, \dots, x_n) \text{ is...
I've inserted a begin-math/end-math symbol since I think
you left one out. Proceed, with fingers crossed.

/Users/ashoksaravanan/Coding/ScribeLec/server/output/MA 421/lectures/2024-09-12
-Duality/notes.tex:887: Missing $ inserted.
<inserted text> 
                $
l.887 \subsection
                 {Description}%
I've inserted a begin-math/end-math symbol since I think
you left one out. Proceed, with fingers crossed.

</Users/ashoksaravanan/Coding/ScribeLec/server/output/MA 421/lectures/2024-09-1
2-Duality/figures/21.1.png, id=539, 722.7pt x 772.8875pt>
File: /Users/ashoksaravanan/Coding/ScribeLec/server/output/MA 421/lectures/2024
-09-12-Duality/figures/21.1.png Graphic file (type png)
<use /Users/ashoksaravanan/Coding/ScribeLec/server/output/MA 421/lectures/2024-
09-12-Duality/figures/21.1.png>
Package pdftex.def Info: /Users/ashoksaravanan/Coding/ScribeLec/server/output/M
A 421/lectures/2024-09-12-Duality/figures/21.1.png  used on input line 894.
(pdftex.def)             Requested size: 70.46037pt x 75.34738pt.

Underfull \hbox (badness 1831) in paragraph at lines 895--895
[]\T1/lmr/bx/n/8 (a) |\T1/lmr/m/n/8 The-o-rem 5.3
 []

[22 </Users/ashoksaravanan/Coding/ScribeLec/server/output/MA 421/lectures/2024-
09-12-Duality/figures/21.1.png (PNG copy)>]
/Users/ashoksaravanan/Coding/ScribeLec/server/output/MA 421/lectures/2024-09-12
-Duality/notes.tex:906: Missing $ inserted.
<inserted text> 
                $
l.906 \underline{\text{pf}} \quad \sum
                                      _j c_j x_j \le \sum_j \left( \sum_i a_...
I've inserted a begin-math/end-math symbol since I think
you left one out. Proceed, with fingers crossed.

/Users/ashoksaravanan/Coding/ScribeLec/server/output/MA 421/lectures/2024-09-12
-Duality/notes.tex:911: Missing $ inserted.
<inserted text> 
                $
l.911 \subsection
                 {Description}%
I've inserted a begin-math/end-math symbol since I think
you left one out. Proceed, with fingers crossed.

</Users/ashoksaravanan/Coding/ScribeLec/server/output/MA 421/lectures/2024-09-1
2-Duality/figures/22.1.png, id=545, 722.7pt x 772.8875pt>
File: /Users/ashoksaravanan/Coding/ScribeLec/server/output/MA 421/lectures/2024
-09-12-Duality/figures/22.1.png Graphic file (type png)
<use /Users/ashoksaravanan/Coding/ScribeLec/server/output/MA 421/lectures/2024-
09-12-Duality/figures/22.1.png>
Package pdftex.def Info: /Users/ashoksaravanan/Coding/ScribeLec/server/output/M
A 421/lectures/2024-09-12-Duality/figures/22.1.png  used on input line 918.
(pdftex.def)             Requested size: 70.46037pt x 75.34738pt.

Underfull \hbox (badness 2035) in paragraph at lines 919--919
\T1/lmr/m/n/8 ple-men-tary Slack-
 []

[23 </Users/ashoksaravanan/Coding/ScribeLec/server/output/MA 421/lectures/2024-
09-12-Duality/figures/22.1.png (PNG copy)>]
/Users/ashoksaravanan/Coding/ScribeLec/server/output/MA 421/lectures/2024-09-12
-Duality/notes.tex:930: Missing $ inserted.
<inserted text> 
                $
l.930 \underline{pf} \quad \sum
                               _j c_j x_j \stackrel{\textcircled{1}}{=} \sum...
I've inserted a begin-math/end-math symbol since I think
you left one out. Proceed, with fingers crossed.


LaTeX Warning: Command \textcircled invalid in math mode on input line 930.


LaTeX Warning: Command \textcircled invalid in math mode on input line 930.

/Users/ashoksaravanan/Coding/ScribeLec/server/output/MA 421/lectures/2024-09-12
-Duality/notes.tex:935: Missing $ inserted.
<inserted text> 
                $
l.935 \subsection
                 {Description}%
I've inserted a begin-math/end-math symbol since I think
you left one out. Proceed, with fingers crossed.

</Users/ashoksaravanan/Coding/ScribeLec/server/output/MA 421/lectures/2024-09-1
2-Duality/figures/23.1.png, id=551, 722.7pt x 772.8875pt>
File: /Users/ashoksaravanan/Coding/ScribeLec/server/output/MA 421/lectures/2024
-09-12-Duality/figures/23.1.png Graphic file (type png)
<use /Users/ashoksaravanan/Coding/ScribeLec/server/output/MA 421/lectures/2024-
09-12-Duality/figures/23.1.png>
Package pdftex.def Info: /Users/ashoksaravanan/Coding/ScribeLec/server/output/M
A 421/lectures/2024-09-12-Duality/figures/23.1.png  used on input line 942.
(pdftex.def)             Requested size: 70.46037pt x 75.34738pt.

Underfull \hbox (badness 2035) in paragraph at lines 943--943
\T1/lmr/m/n/8 ple-men-tary Slack-
 []

[24 </Users/ashoksaravanan/Coding/ScribeLec/server/output/MA 421/lectures/2024-
09-12-Duality/figures/23.1.png (PNG copy)>]
/Users/ashoksaravanan/Coding/ScribeLec/server/output/MA 421/lectures/2024-09-12
-Duality/notes.tex:954: Missing $ inserted.
<inserted text> 
                $
l.954 \underline{\text{pf}} \quad \sum
                                      _i \left( \sum_j a_{ij} x_j \right) y_...
I've inserted a begin-math/end-math symbol since I think
you left one out. Proceed, with fingers crossed.


LaTeX Warning: Command \textcircled invalid in math mode on input line 954.


LaTeX Warning: Command \textcircled invalid in math mode on input line 954.

/Users/ashoksaravanan/Coding/ScribeLec/server/output/MA 421/lectures/2024-09-12
-Duality/notes.tex:960: Missing $ inserted.
<inserted text> 
                $
l.960 \subsection
                 {Description}%
I've inserted a begin-math/end-math symbol since I think
you left one out. Proceed, with fingers crossed.

</Users/ashoksaravanan/Coding/ScribeLec/server/output/MA 421/lectures/2024-09-1
2-Duality/figures/24.1.png, id=557, 722.7pt x 772.8875pt>
File: /Users/ashoksaravanan/Coding/ScribeLec/server/output/MA 421/lectures/2024
-09-12-Duality/figures/24.1.png Graphic file (type png)
<use /Users/ashoksaravanan/Coding/ScribeLec/server/output/MA 421/lectures/2024-
09-12-Duality/figures/24.1.png>
Package pdftex.def Info: /Users/ashoksaravanan/Coding/ScribeLec/server/output/M
A 421/lectures/2024-09-12-Duality/figures/24.1.png  used on input line 967.
(pdftex.def)             Requested size: 70.46037pt x 75.34738pt.

Underfull \hbox (badness 2035) in paragraph at lines 968--968
\T1/lmr/m/n/8 ple-men-tary Slack-
 []

[25 </Users/ashoksaravanan/Coding/ScribeLec/server/output/MA 421/lectures/2024-
09-12-Duality/figures/24.1.png (PNG copy)>]

enddocument/afterlastpage: lastpage setting LastPage.
(_logs/notes.aux)
 ***********
LaTeX2e <2023-11-01> patch level 1
L3 programming layer <2024-02-20>
 ***********


LaTeX Warning: Label(s) may have changed. Rerun to get cross-references right.


Package rerunfilecheck Warning: File `notes.out' has changed.
(rerunfilecheck)                Rerun to get outlines right
(rerunfilecheck)                or use package `bookmark'.

Package rerunfilecheck Info: Checksums for `notes.out':
(rerunfilecheck)             Before: E72B6CA6A0ABE768F3716A7F82098035;8922
(rerunfilecheck)             After:  55469BFB4047368C4EB0C9A28F189EBA;9315.
 ) 
Here is how much of TeX's memory you used:
 14990 strings out of 474116
 270203 string characters out of 5743682
 1946187 words of memory out of 5000000
 36947 multiletter control sequences out of 15000+600000
 616079 words of font info for 79 fonts, out of 8000000 for 9000
 1141 hyphenation exceptions out of 8191
 83i,12n,131p,1561b,680s stack positions out of 10000i,1000n,20000p,200000b,200000s
</usr/local/texlive/2024/texmf-dist/fonts/type1/public/lm/lmbx12.pfb></usr/lo
cal/texlive/2024/texmf-dist/fonts/type1/public/lm/lmbx8.pfb></usr/local/texlive
/2024/texmf-dist/fonts/type1/public/lm/lmex10.pfb></usr/local/texlive/2024/texm
f-dist/fonts/type1/public/lm/lmmi10.pfb></usr/local/texlive/2024/texmf-dist/fon
ts/type1/public/lm/lmmi7.pfb></usr/local/texlive/2024/texmf-dist/fonts/type1/pu
blic/lm/lmr10.pfb></usr/local/texlive/2024/texmf-dist/fonts/type1/public/lm/lmr
12.pfb></usr/local/texlive/2024/texmf-dist/fonts/type1/public/lm/lmr17.pfb></us
r/local/texlive/2024/texmf-dist/fonts/type1/public/lm/lmr7.pfb></usr/local/texl
ive/2024/texmf-dist/fonts/type1/public/lm/lmr8.pfb></usr/local/texlive/2024/tex
mf-dist/fonts/type1/public/lm/lmsy10.pfb></usr/local/texlive/2024/texmf-dist/fo
nts/type1/public/lm/lmsy7.pfb></usr/local/texlive/2024/texmf-dist/fonts/type1/p
ublic/amsfonts/symbols/msbm10.pfb>
Output written on _logs/notes.pdf (25 pages, 3146990 bytes).
PDF statistics:
 667 PDF objects out of 1000 (max. 8388607)
 561 compressed objects within 6 object streams
 146 named destinations out of 1000 (max. 500000)
 962 words of extra memory for PDF output out of 10000 (max. 10000000)

