This is pdfTeX, Version 3.141592653-2.6-1.40.26 (TeX Live 2024) (preloaded format=pdflatex 2024.12.3)  31 DEC 2024 09:36
entering extended mode
 \write18 enabled.
 file:line:error style messages enabled.
 %&-line parsing enabled.
**"/Users/ashoksaravanan/Coding/ScribeLec/server/output/MA 421/lectures/2024-10
-28-ApplsLinProg/notes.tex"

(/Users/ashoksaravanan/Coding/ScribeLec/server/output/MA 421/lectures/2024-10-2
8-ApplsLinProg/notes.tex
LaTeX2e <2023-11-01> patch level 1
L3 programming layer <2024-02-20>
(/usr/local/texlive/2024/texmf-dist/tex/latex/base/article.cls
Document Class: article 2023/05/17 v1.4n Standard LaTeX document class
(/usr/local/texlive/2024/texmf-dist/tex/latex/base/size10.clo
File: size10.clo 2023/05/17 v1.4n Standard LaTeX file (size option)
)
\c@part=\count188
\c@section=\count189
\c@subsection=\count190
\c@subsubsection=\count191
\c@paragraph=\count192
\c@subparagraph=\count193
\c@figure=\count194
\c@table=\count195
\abovecaptionskip=\skip48
\belowcaptionskip=\skip49
\bibindent=\dimen140
)
(/usr/local/texlive/2024/texmf-dist/tex/latex/base/fontenc.sty
Package: fontenc 2021/04/29 v2.0v Standard LaTeX package
)
(/usr/local/texlive/2024/texmf-dist/tex/latex/base/inputenc.sty
Package: inputenc 2021/02/14 v1.3d Input encoding file
\inpenc@prehook=\toks17
\inpenc@posthook=\toks18
)
(/usr/local/texlive/2024/texmf-dist/tex/latex/lm/lmodern.sty
Package: lmodern 2015/05/01 v1.6.1 Latin Modern Fonts
LaTeX Font Info:    Overwriting symbol font `operators' in version `normal'
(Font)                  OT1/cmr/m/n --> OT1/lmr/m/n on input line 22.
LaTeX Font Info:    Overwriting symbol font `letters' in version `normal'
(Font)                  OML/cmm/m/it --> OML/lmm/m/it on input line 23.
LaTeX Font Info:    Overwriting symbol font `symbols' in version `normal'
(Font)                  OMS/cmsy/m/n --> OMS/lmsy/m/n on input line 24.
LaTeX Font Info:    Overwriting symbol font `largesymbols' in version `normal'
(Font)                  OMX/cmex/m/n --> OMX/lmex/m/n on input line 25.
LaTeX Font Info:    Overwriting symbol font `operators' in version `bold'
(Font)                  OT1/cmr/bx/n --> OT1/lmr/bx/n on input line 26.
LaTeX Font Info:    Overwriting symbol font `letters' in version `bold'
(Font)                  OML/cmm/b/it --> OML/lmm/b/it on input line 27.
LaTeX Font Info:    Overwriting symbol font `symbols' in version `bold'
(Font)                  OMS/cmsy/b/n --> OMS/lmsy/b/n on input line 28.
LaTeX Font Info:    Overwriting symbol font `largesymbols' in version `bold'
(Font)                  OMX/cmex/m/n --> OMX/lmex/m/n on input line 29.
LaTeX Font Info:    Overwriting math alphabet `\mathbf' in version `normal'
(Font)                  OT1/cmr/bx/n --> OT1/lmr/bx/n on input line 31.
LaTeX Font Info:    Overwriting math alphabet `\mathsf' in version `normal'
(Font)                  OT1/cmss/m/n --> OT1/lmss/m/n on input line 32.
LaTeX Font Info:    Overwriting math alphabet `\mathit' in version `normal'
(Font)                  OT1/cmr/m/it --> OT1/lmr/m/it on input line 33.
LaTeX Font Info:    Overwriting math alphabet `\mathtt' in version `normal'
(Font)                  OT1/cmtt/m/n --> OT1/lmtt/m/n on input line 34.
LaTeX Font Info:    Overwriting math alphabet `\mathbf' in version `bold'
(Font)                  OT1/cmr/bx/n --> OT1/lmr/bx/n on input line 35.
LaTeX Font Info:    Overwriting math alphabet `\mathsf' in version `bold'
(Font)                  OT1/cmss/bx/n --> OT1/lmss/bx/n on input line 36.
LaTeX Font Info:    Overwriting math alphabet `\mathit' in version `bold'
(Font)                  OT1/cmr/bx/it --> OT1/lmr/bx/it on input line 37.
LaTeX Font Info:    Overwriting math alphabet `\mathtt' in version `bold'
(Font)                  OT1/cmtt/m/n --> OT1/lmtt/m/n on input line 38.
)
(/usr/local/texlive/2024/texmf-dist/tex/latex/base/textcomp.sty
Package: textcomp 2020/02/02 v2.0n Standard LaTeX package
)
(/usr/local/texlive/2024/texmf-dist/tex/latex/lastpage/lastpage.sty
Package: lastpage 2023/10/14 v2.0e lastpage: 2.09 or 2e? (HMM)

(/usr/local/texlive/2024/texmf-dist/tex/latex/lastpage/lastpage2e.sty
Package: lastpage2e 2023/10/14 v2.0e Decide which 2e lastpage version to use (H
MM)

(/usr/local/texlive/2024/texmf-dist/tex/latex/lastpage/lastpagemodern.sty
Package: lastpagemodern 2023-10-14 v2.0e Refers to last page's name (HMM; JPG)
\c@lastpagecount=\count196
) 
)) (/usr/local/texlive/2024/texmf-dist/tex/latex/geometry/geometry.sty
Package: geometry 2020/01/02 v5.9 Page Geometry

(/usr/local/texlive/2024/texmf-dist/tex/latex/graphics/keyval.sty
Package: keyval 2022/05/29 v1.15 key=value parser (DPC)
\KV@toks@=\toks19
)
(/usr/local/texlive/2024/texmf-dist/tex/generic/iftex/ifvtex.sty
Package: ifvtex 2019/10/25 v1.7 ifvtex legacy package. Use iftex instead.

(/usr/local/texlive/2024/texmf-dist/tex/generic/iftex/iftex.sty
Package: iftex 2022/02/03 v1.0f TeX engine tests
))
\Gm@cnth=\count197
\Gm@cntv=\count198
\c@Gm@tempcnt=\count199
\Gm@bindingoffset=\dimen141
\Gm@wd@mp=\dimen142
\Gm@odd@mp=\dimen143
\Gm@even@mp=\dimen144
\Gm@layoutwidth=\dimen145
\Gm@layoutheight=\dimen146
\Gm@layouthoffset=\dimen147
\Gm@layoutvoffset=\dimen148
\Gm@dimlist=\toks20
)
(/usr/local/texlive/2024/texmf-dist/tex/latex/hyperref/hyperref.sty
Package: hyperref 2024-01-20 v7.01h Hypertext links for LaTeX

(/usr/local/texlive/2024/texmf-dist/tex/latex/kvsetkeys/kvsetkeys.sty
Package: kvsetkeys 2022-10-05 v1.19 Key value parser (HO)
)
(/usr/local/texlive/2024/texmf-dist/tex/generic/kvdefinekeys/kvdefinekeys.sty
Package: kvdefinekeys 2019-12-19 v1.6 Define keys (HO)
)
(/usr/local/texlive/2024/texmf-dist/tex/generic/pdfescape/pdfescape.sty
Package: pdfescape 2019/12/09 v1.15 Implements pdfTeX's escape features (HO)

(/usr/local/texlive/2024/texmf-dist/tex/generic/ltxcmds/ltxcmds.sty
Package: ltxcmds 2023-12-04 v1.26 LaTeX kernel commands for general use (HO)
)
(/usr/local/texlive/2024/texmf-dist/tex/generic/pdftexcmds/pdftexcmds.sty
Package: pdftexcmds 2020-06-27 v0.33 Utility functions of pdfTeX for LuaTeX (HO
)

(/usr/local/texlive/2024/texmf-dist/tex/generic/infwarerr/infwarerr.sty
Package: infwarerr 2019/12/03 v1.5 Providing info/warning/error messages (HO)
)
Package pdftexcmds Info: \pdf@primitive is available.
Package pdftexcmds Info: \pdf@ifprimitive is available.
Package pdftexcmds Info: \pdfdraftmode found.
))
(/usr/local/texlive/2024/texmf-dist/tex/latex/hycolor/hycolor.sty
Package: hycolor 2020-01-27 v1.10 Color options for hyperref/bookmark (HO)
)
(/usr/local/texlive/2024/texmf-dist/tex/latex/auxhook/auxhook.sty
Package: auxhook 2019-12-17 v1.6 Hooks for auxiliary files (HO)
)
(/usr/local/texlive/2024/texmf-dist/tex/latex/hyperref/nameref.sty
Package: nameref 2023-11-26 v2.56 Cross-referencing by name of section

(/usr/local/texlive/2024/texmf-dist/tex/latex/refcount/refcount.sty
Package: refcount 2019/12/15 v3.6 Data extraction from label references (HO)
)
(/usr/local/texlive/2024/texmf-dist/tex/generic/gettitlestring/gettitlestring.s
ty
Package: gettitlestring 2019/12/15 v1.6 Cleanup title references (HO)
 (/usr/local/texlive/2024/texmf-dist/tex/latex/kvoptions/kvoptions.sty
Package: kvoptions 2022-06-15 v3.15 Key value format for package options (HO)
))
\c@section@level=\count266
)
(/usr/local/texlive/2024/texmf-dist/tex/latex/etoolbox/etoolbox.sty
Package: etoolbox 2020/10/05 v2.5k e-TeX tools for LaTeX (JAW)
\etb@tempcnta=\count267
)
\@linkdim=\dimen149
\Hy@linkcounter=\count268
\Hy@pagecounter=\count269

(/usr/local/texlive/2024/texmf-dist/tex/latex/hyperref/pd1enc.def
File: pd1enc.def 2024-01-20 v7.01h Hyperref: PDFDocEncoding definition (HO)
Now handling font encoding PD1 ...
... no UTF-8 mapping file for font encoding PD1
)
(/usr/local/texlive/2024/texmf-dist/tex/generic/intcalc/intcalc.sty
Package: intcalc 2019/12/15 v1.3 Expandable calculations with integers (HO)
)
\Hy@SavedSpaceFactor=\count270

(/usr/local/texlive/2024/texmf-dist/tex/latex/hyperref/puenc.def
File: puenc.def 2024-01-20 v7.01h Hyperref: PDF Unicode definition (HO)
Now handling font encoding PU ...
... no UTF-8 mapping file for font encoding PU
)
Package hyperref Info: Hyper figures OFF on input line 4179.
Package hyperref Info: Link nesting OFF on input line 4184.
Package hyperref Info: Hyper index ON on input line 4187.
Package hyperref Info: Plain pages OFF on input line 4194.
Package hyperref Info: Backreferencing OFF on input line 4199.
Package hyperref Info: Implicit mode ON; LaTeX internals redefined.
Package hyperref Info: Bookmarks ON on input line 4446.
\c@Hy@tempcnt=\count271

(/usr/local/texlive/2024/texmf-dist/tex/latex/url/url.sty
\Urlmuskip=\muskip16
Package: url 2013/09/16  ver 3.4  Verb mode for urls, etc.
)
LaTeX Info: Redefining \url on input line 4784.
\XeTeXLinkMargin=\dimen150

(/usr/local/texlive/2024/texmf-dist/tex/generic/bitset/bitset.sty
Package: bitset 2019/12/09 v1.3 Handle bit-vector datatype (HO)

(/usr/local/texlive/2024/texmf-dist/tex/generic/bigintcalc/bigintcalc.sty
Package: bigintcalc 2019/12/15 v1.5 Expandable calculations on big integers (HO
)
))
\Fld@menulength=\count272
\Field@Width=\dimen151
\Fld@charsize=\dimen152
Package hyperref Info: Hyper figures OFF on input line 6063.
Package hyperref Info: Link nesting OFF on input line 6068.
Package hyperref Info: Hyper index ON on input line 6071.
Package hyperref Info: backreferencing OFF on input line 6078.
Package hyperref Info: Link coloring OFF on input line 6083.
Package hyperref Info: Link coloring with OCG OFF on input line 6088.
Package hyperref Info: PDF/A mode OFF on input line 6093.

(/usr/local/texlive/2024/texmf-dist/tex/latex/base/atbegshi-ltx.sty
Package: atbegshi-ltx 2021/01/10 v1.0c Emulation of the original atbegshi
package with kernel methods
)
\Hy@abspage=\count273
\c@Item=\count274
\c@Hfootnote=\count275
)
Package hyperref Info: Driver (autodetected): hpdftex.

(/usr/local/texlive/2024/texmf-dist/tex/latex/hyperref/hpdftex.def
File: hpdftex.def 2024-01-20 v7.01h Hyperref driver for pdfTeX

(/usr/local/texlive/2024/texmf-dist/tex/latex/base/atveryend-ltx.sty
Package: atveryend-ltx 2020/08/19 v1.0a Emulation of the original atveryend pac
kage
with kernel methods
)
\Fld@listcount=\count276
\c@bookmark@seq@number=\count277

(/usr/local/texlive/2024/texmf-dist/tex/latex/rerunfilecheck/rerunfilecheck.sty
Package: rerunfilecheck 2022-07-10 v1.10 Rerun checks for auxiliary files (HO)

(/usr/local/texlive/2024/texmf-dist/tex/generic/uniquecounter/uniquecounter.sty
Package: uniquecounter 2019/12/15 v1.4 Provide unlimited unique counter (HO)
)
Package uniquecounter Info: New unique counter `rerunfilecheck' on input line 2
85.
)
\Hy@SectionHShift=\skip50
) (/usr/local/texlive/2024/texmf-dist/tex/latex/enumitem/enumitem.sty
Package: enumitem 2019/06/20 v3.9 Customized lists
\labelindent=\skip51
\enit@outerparindent=\dimen153
\enit@toks=\toks21
\enit@inbox=\box51
\enit@count@id=\count278
\enitdp@description=\count279
)
(/usr/local/texlive/2024/texmf-dist/tex/latex/fancyhdr/fancyhdr.sty
Package: fancyhdr 2022/11/09 v4.1 Extensive control of page headers and footers

\f@nch@headwidth=\skip52
\f@nch@O@elh=\skip53
\f@nch@O@erh=\skip54
\f@nch@O@olh=\skip55
\f@nch@O@orh=\skip56
\f@nch@O@elf=\skip57
\f@nch@O@erf=\skip58
\f@nch@O@olf=\skip59
\f@nch@O@orf=\skip60
)
(/usr/local/texlive/2024/texmf-dist/tex/latex/xcolor/xcolor.sty
Package: xcolor 2023/11/15 v3.01 LaTeX color extensions (UK)

(/usr/local/texlive/2024/texmf-dist/tex/latex/graphics-cfg/color.cfg
File: color.cfg 2016/01/02 v1.6 sample color configuration
)
Package xcolor Info: Driver file: pdftex.def on input line 274.

(/usr/local/texlive/2024/texmf-dist/tex/latex/graphics-def/pdftex.def
File: pdftex.def 2022/09/22 v1.2b Graphics/color driver for pdftex
)
(/usr/local/texlive/2024/texmf-dist/tex/latex/graphics/mathcolor.ltx)
Package xcolor Info: Model `cmy' substituted by `cmy0' on input line 1350.
Package xcolor Info: Model `hsb' substituted by `rgb' on input line 1354.
Package xcolor Info: Model `RGB' extended on input line 1366.
Package xcolor Info: Model `HTML' substituted by `rgb' on input line 1368.
Package xcolor Info: Model `Hsb' substituted by `hsb' on input line 1369.
Package xcolor Info: Model `tHsb' substituted by `hsb' on input line 1370.
Package xcolor Info: Model `HSB' substituted by `hsb' on input line 1371.
Package xcolor Info: Model `Gray' substituted by `gray' on input line 1372.
Package xcolor Info: Model `wave' substituted by `hsb' on input line 1373.
)
(/usr/local/texlive/2024/texmf-dist/tex/latex/breakurl/breakurl.sty
Package: breakurl 2013/04/10 v1.40 Breakable hyperref URLs

(/usr/local/texlive/2024/texmf-dist/tex/latex/xkeyval/xkeyval.sty
Package: xkeyval 2022/06/16 v2.9 package option processing (HA)

(/usr/local/texlive/2024/texmf-dist/tex/generic/xkeyval/xkeyval.tex
(/usr/local/texlive/2024/texmf-dist/tex/generic/xkeyval/xkvutils.tex
\XKV@toks=\toks22
\XKV@tempa@toks=\toks23
)
\XKV@depth=\count280
File: xkeyval.tex 2014/12/03 v2.7a key=value parser (HA)
))
(/usr/local/texlive/2024/texmf-dist/tex/generic/iftex/ifpdf.sty
Package: ifpdf 2019/10/25 v3.4 ifpdf legacy package. Use iftex instead.
)

Package breakurl Warning: You are using breakurl while processing via pdflatex.

(breakurl)                \burl will be just a synonym of \url.
(breakurl)                 on input line 48.

) (/usr/local/texlive/2024/texmf-dist/tex/latex/amsmath/amsmath.sty
Package: amsmath 2023/05/13 v2.17o AMS math features
\@mathmargin=\skip61

For additional information on amsmath, use the `?' option.
(/usr/local/texlive/2024/texmf-dist/tex/latex/amsmath/amstext.sty
Package: amstext 2021/08/26 v2.01 AMS text

(/usr/local/texlive/2024/texmf-dist/tex/latex/amsmath/amsgen.sty
File: amsgen.sty 1999/11/30 v2.0 generic functions
\@emptytoks=\toks24
\ex@=\dimen154
))
(/usr/local/texlive/2024/texmf-dist/tex/latex/amsmath/amsbsy.sty
Package: amsbsy 1999/11/29 v1.2d Bold Symbols
\pmbraise@=\dimen155
)
(/usr/local/texlive/2024/texmf-dist/tex/latex/amsmath/amsopn.sty
Package: amsopn 2022/04/08 v2.04 operator names
)
\inf@bad=\count281
LaTeX Info: Redefining \frac on input line 234.
\uproot@=\count282
\leftroot@=\count283
LaTeX Info: Redefining \overline on input line 399.
LaTeX Info: Redefining \colon on input line 410.
\classnum@=\count284
\DOTSCASE@=\count285
LaTeX Info: Redefining \ldots on input line 496.
LaTeX Info: Redefining \dots on input line 499.
LaTeX Info: Redefining \cdots on input line 620.
\Mathstrutbox@=\box52
\strutbox@=\box53
LaTeX Info: Redefining \big on input line 722.
LaTeX Info: Redefining \Big on input line 723.
LaTeX Info: Redefining \bigg on input line 724.
LaTeX Info: Redefining \Bigg on input line 725.
\big@size=\dimen156
LaTeX Font Info:    Redeclaring font encoding OML on input line 743.
LaTeX Font Info:    Redeclaring font encoding OMS on input line 744.
\macc@depth=\count286
LaTeX Info: Redefining \bmod on input line 905.
LaTeX Info: Redefining \pmod on input line 910.
LaTeX Info: Redefining \smash on input line 940.
LaTeX Info: Redefining \relbar on input line 970.
LaTeX Info: Redefining \Relbar on input line 971.
\c@MaxMatrixCols=\count287
\dotsspace@=\muskip17
\c@parentequation=\count288
\dspbrk@lvl=\count289
\tag@help=\toks25
\row@=\count290
\column@=\count291
\maxfields@=\count292
\andhelp@=\toks26
\eqnshift@=\dimen157
\alignsep@=\dimen158
\tagshift@=\dimen159
\tagwidth@=\dimen160
\totwidth@=\dimen161
\lineht@=\dimen162
\@envbody=\toks27
\multlinegap=\skip62
\multlinetaggap=\skip63
\mathdisplay@stack=\toks28
LaTeX Info: Redefining \[ on input line 2953.
LaTeX Info: Redefining \] on input line 2954.
)
(/usr/local/texlive/2024/texmf-dist/tex/latex/amsfonts/amssymb.sty
Package: amssymb 2013/01/14 v3.01 AMS font symbols

(/usr/local/texlive/2024/texmf-dist/tex/latex/amsfonts/amsfonts.sty
Package: amsfonts 2013/01/14 v3.01 Basic AMSFonts support
\symAMSa=\mathgroup4
\symAMSb=\mathgroup5
LaTeX Font Info:    Redeclaring math symbol \hbar on input line 98.
LaTeX Font Info:    Overwriting math alphabet `\mathfrak' in version `bold'
(Font)                  U/euf/m/n --> U/euf/b/n on input line 106.
))
(/usr/local/texlive/2024/texmf-dist/tex/latex/mathtools/mathtools.sty
Package: mathtools 2024/03/11 v1.30 mathematical typesetting tools

(/usr/local/texlive/2024/texmf-dist/tex/latex/tools/calc.sty
Package: calc 2023/07/08 v4.3 Infix arithmetic (KKT,FJ)
\calc@Acount=\count293
\calc@Bcount=\count294
\calc@Adimen=\dimen163
\calc@Bdimen=\dimen164
\calc@Askip=\skip64
\calc@Bskip=\skip65
LaTeX Info: Redefining \setlength on input line 80.
LaTeX Info: Redefining \addtolength on input line 81.
\calc@Ccount=\count295
\calc@Cskip=\skip66
)
(/usr/local/texlive/2024/texmf-dist/tex/latex/mathtools/mhsetup.sty
Package: mhsetup 2021/03/18 v1.4 programming setup (MH)
)
\g_MT_multlinerow_int=\count296
\l_MT_multwidth_dim=\dimen165
\origjot=\skip67
\l_MT_shortvdotswithinadjustabove_dim=\dimen166
\l_MT_shortvdotswithinadjustbelow_dim=\dimen167
\l_MT_above_intertext_sep=\dimen168
\l_MT_below_intertext_sep=\dimen169
\l_MT_above_shortintertext_sep=\dimen170
\l_MT_below_shortintertext_sep=\dimen171
\xmathstrut@box=\box54
\xmathstrut@dim=\dimen172
)
(/usr/local/texlive/2024/texmf-dist/tex/latex/amscls/amsthm.sty
Package: amsthm 2020/05/29 v2.20.6
\thm@style=\toks29
\thm@bodyfont=\toks30
\thm@headfont=\toks31
\thm@notefont=\toks32
\thm@headpunct=\toks33
\thm@preskip=\skip68
\thm@postskip=\skip69
\thm@headsep=\skip70
\dth@everypar=\toks34
)
(/usr/local/texlive/2024/texmf-dist/tex/latex/thmtools/thmtools.sty
Package: thmtools 2023/05/04 v0.76
\thmt@toks=\toks35
\c@thmt@dummyctr=\count297

(/usr/local/texlive/2024/texmf-dist/tex/latex/thmtools/thm-patch.sty
Package: thm-patch 2023/05/04 v0.76

(/usr/local/texlive/2024/texmf-dist/tex/latex/thmtools/parseargs.sty
Package: parseargs 2023/05/04 v0.76
\@parsespec=\toks36
))
(/usr/local/texlive/2024/texmf-dist/tex/latex/thmtools/thm-kv.sty
Package: thm-kv 2023/05/04 v0.76
Package thm-kv Info: Theorem names will be uppercased on input line 42.
Package thm-kv Info: kvsetkeys patch (v1.16 or later) on input line 158.
)
(/usr/local/texlive/2024/texmf-dist/tex/latex/thmtools/thm-autoref.sty
Package: thm-autoref 2023/05/04 v0.76

(/usr/local/texlive/2024/texmf-dist/tex/latex/thmtools/aliasctr.sty
Package: aliasctr 2023/05/04 v0.76
))
(/usr/local/texlive/2024/texmf-dist/tex/latex/thmtools/thm-listof.sty
Package: thm-listof 2023/05/04 v0.76
)
(/usr/local/texlive/2024/texmf-dist/tex/latex/thmtools/thm-restate.sty
Package: thm-restate 2023/05/04 v0.76
)
(/usr/local/texlive/2024/texmf-dist/tex/latex/thmtools/thm-amsthm.sty
Package: thm-amsthm 2023/05/04 v0.76
\thmt@style@headstyle=\toks37
))
(/usr/local/texlive/2024/texmf-dist/tex/latex/float/float.sty
Package: float 2001/11/08 v1.3d Float enhancements (AL)
\c@float@type=\count298
\float@exts=\toks38
\float@box=\box55
\@float@everytoks=\toks39
\@floatcapt=\box56
)
(/usr/local/texlive/2024/texmf-dist/tex/latex/caption/subcaption.sty
Package: subcaption 2023/07/28 v1.6b Sub-captions (AR)

(/usr/local/texlive/2024/texmf-dist/tex/latex/caption/caption.sty
Package: caption 2023/08/05 v3.6o Customizing captions (AR)

(/usr/local/texlive/2024/texmf-dist/tex/latex/caption/caption3.sty
Package: caption3 2023/07/31 v2.4d caption3 kernel (AR)
\caption@tempdima=\dimen173
\captionmargin=\dimen174
\caption@leftmargin=\dimen175
\caption@rightmargin=\dimen176
\caption@width=\dimen177
\caption@indent=\dimen178
\caption@parindent=\dimen179
\caption@hangindent=\dimen180
Package caption Info: Standard document class detected.
)
\c@caption@flags=\count299
\c@continuedfloat=\count300
Package caption Info: float package is loaded.
Package caption Info: hyperref package is loaded.
)
Package caption Info: New subtype `subfigure' on input line 238.
\c@subfigure=\count301
Package caption Info: New subtype `subtable' on input line 238.
\c@subtable=\count302
)
Package hyperref Info: Option `colorlinks' set `true' on input line 33.
Package hyperref Info: Option `breaklinks' set `true' on input line 33.


Package hyperref Warning: Option `bookmarks' has already been used,
(hyperref)                setting the option has no effect on input line 33.


(/usr/local/texlive/2024/texmf-dist/tex/latex/newunicodechar/newunicodechar.sty
Package: newunicodechar 2018/04/08 v1.2 Defining Unicode characters
)
LaTeX Font Info:    Trying to load font information for T1+lmr on input line 68
.
 (/usr/local/texlive/2024/texmf-dist/tex/latex/lm/t1lmr.fd
File: t1lmr.fd 2015/05/01 v1.6.1 Font defs for Latin Modern
)
(/usr/local/texlive/2024/texmf-dist/tex/latex/l3backend/l3backend-pdftex.def
File: l3backend-pdftex.def 2024-02-20 L3 backend support: PDF output (pdfTeX)
\l__color_backend_stack_int=\count303
\l__pdf_internal_box=\box57
)
(_logs/notes.aux)
\openout1 = `notes.aux'.

LaTeX Font Info:    Checking defaults for OML/cmm/m/it on input line 68.
LaTeX Font Info:    ... okay on input line 68.
LaTeX Font Info:    Checking defaults for OMS/cmsy/m/n on input line 68.
LaTeX Font Info:    ... okay on input line 68.
LaTeX Font Info:    Checking defaults for OT1/cmr/m/n on input line 68.
LaTeX Font Info:    ... okay on input line 68.
LaTeX Font Info:    Checking defaults for T1/cmr/m/n on input line 68.
LaTeX Font Info:    ... okay on input line 68.
LaTeX Font Info:    Checking defaults for TS1/cmr/m/n on input line 68.
LaTeX Font Info:    ... okay on input line 68.
LaTeX Font Info:    Checking defaults for OMX/cmex/m/n on input line 68.
LaTeX Font Info:    ... okay on input line 68.
LaTeX Font Info:    Checking defaults for U/cmr/m/n on input line 68.
LaTeX Font Info:    ... okay on input line 68.
LaTeX Font Info:    Checking defaults for PD1/pdf/m/n on input line 68.
LaTeX Font Info:    ... okay on input line 68.
LaTeX Font Info:    Checking defaults for PU/pdf/m/n on input line 68.
LaTeX Font Info:    ... okay on input line 68.

*geometry* driver: auto-detecting
*geometry* detected driver: pdftex
*geometry* verbose mode - [ preamble ] result:
* driver: pdftex
* paper: <default>
* layout: <same size as paper>
* layoutoffset:(h,v)=(0.0pt,0.0pt)
* modes: 
* h-part:(L,W,R)=(72.26999pt, 469.75502pt, 72.26999pt)
* v-part:(T,H,B)=(72.26999pt, 650.43001pt, 72.26999pt)
* \paperwidth=614.295pt
* \paperheight=794.96999pt
* \textwidth=469.75502pt
* \textheight=650.43001pt
* \oddsidemargin=0.0pt
* \evensidemargin=0.0pt
* \topmargin=-39.0pt
* \headheight=14.0pt
* \headsep=25.0pt
* \topskip=10.0pt
* \footskip=30.0pt
* \marginparwidth=65.0pt
* \marginparsep=11.0pt
* \columnsep=10.0pt
* \skip\footins=9.0pt plus 4.0pt minus 2.0pt
* \hoffset=0.0pt
* \voffset=0.0pt
* \mag=1000
* \@twocolumnfalse
* \@twosidefalse
* \@mparswitchfalse
* \@reversemarginfalse
* (1in=72.27pt=25.4mm, 1cm=28.453pt)

Package hyperref Info: Link coloring ON on input line 68.
(_logs/notes.out) (_logs/notes.out)
\@outlinefile=\write3
\openout3 = `notes.out'.


(/usr/local/texlive/2024/texmf-dist/tex/context/base/mkii/supp-pdf.mkii
[Loading MPS to PDF converter (version 2006.09.02).]
\scratchcounter=\count304
\scratchdimen=\dimen181
\scratchbox=\box58
\nofMPsegments=\count305
\nofMParguments=\count306
\everyMPshowfont=\toks40
\MPscratchCnt=\count307
\MPscratchDim=\dimen182
\MPnumerator=\count308
\makeMPintoPDFobject=\count309
\everyMPtoPDFconversion=\toks41
) (/usr/local/texlive/2024/texmf-dist/tex/latex/graphics/graphicx.sty
Package: graphicx 2021/09/16 v1.2d Enhanced LaTeX Graphics (DPC,SPQR)

(/usr/local/texlive/2024/texmf-dist/tex/latex/graphics/graphics.sty
Package: graphics 2022/03/10 v1.4e Standard LaTeX Graphics (DPC,SPQR)

(/usr/local/texlive/2024/texmf-dist/tex/latex/graphics/trig.sty
Package: trig 2021/08/11 v1.11 sin cos tan (DPC)
)
(/usr/local/texlive/2024/texmf-dist/tex/latex/graphics-cfg/graphics.cfg
File: graphics.cfg 2016/06/04 v1.11 sample graphics configuration
)
Package graphics Info: Driver file: pdftex.def on input line 107.
)
\Gin@req@height=\dimen183
\Gin@req@width=\dimen184
)
Package caption Info: Begin \AtBeginDocument code.
Package caption Info: End \AtBeginDocument code.
LaTeX Font Info:    Trying to load font information for OT1+lmr on input line 7
1.

(/usr/local/texlive/2024/texmf-dist/tex/latex/lm/ot1lmr.fd
File: ot1lmr.fd 2015/05/01 v1.6.1 Font defs for Latin Modern
)
LaTeX Font Info:    Trying to load font information for OML+lmm on input line 7
1.

(/usr/local/texlive/2024/texmf-dist/tex/latex/lm/omllmm.fd
File: omllmm.fd 2015/05/01 v1.6.1 Font defs for Latin Modern
)
LaTeX Font Info:    Trying to load font information for OMS+lmsy on input line 
71.

(/usr/local/texlive/2024/texmf-dist/tex/latex/lm/omslmsy.fd
File: omslmsy.fd 2015/05/01 v1.6.1 Font defs for Latin Modern
)
LaTeX Font Info:    Trying to load font information for OMX+lmex on input line 
71.

(/usr/local/texlive/2024/texmf-dist/tex/latex/lm/omxlmex.fd
File: omxlmex.fd 2015/05/01 v1.6.1 Font defs for Latin Modern
)
LaTeX Font Info:    External font `lmex10' loaded for size
(Font)              <12> on input line 71.
LaTeX Font Info:    External font `lmex10' loaded for size
(Font)              <8> on input line 71.
LaTeX Font Info:    External font `lmex10' loaded for size
(Font)              <6> on input line 71.
LaTeX Font Info:    Trying to load font information for U+msa on input line 71.


(/usr/local/texlive/2024/texmf-dist/tex/latex/amsfonts/umsa.fd
File: umsa.fd 2013/01/14 v3.01 AMS symbols A
)
LaTeX Font Info:    Trying to load font information for U+msb on input line 71.


(/usr/local/texlive/2024/texmf-dist/tex/latex/amsfonts/umsb.fd
File: umsb.fd 2013/01/14 v3.01 AMS symbols B
)
/Users/ashoksaravanan/Coding/ScribeLec/server/output/MA 421/lectures/2024-10-28
-ApplsLinProg/notes.tex:85: Missing $ inserted.
<inserted text> 
                $
l.85 ...[tons]} \quad \textbf{Monthly demands } d_
                                                  i, i=1,\dots,12
I've inserted a begin-math/end-math symbol since I think
you left one out. Proceed, with fingers crossed.

LaTeX Font Info:    External font `lmex10' loaded for size
(Font)              <10> on input line 85.
LaTeX Font Info:    External font `lmex10' loaded for size
(Font)              <7> on input line 85.
LaTeX Font Info:    External font `lmex10' loaded for size
(Font)              <5> on input line 85.
/Users/ashoksaravanan/Coding/ScribeLec/server/output/MA 421/lectures/2024-10-28
-ApplsLinProg/notes.tex:87: Missing $ inserted.
<inserted text> 
                $
l.87 \subsection
                {Description}%
I've inserted a begin-math/end-math symbol since I think
you left one out. Proceed, with fingers crossed.

</Users/ashoksaravanan/Coding/ScribeLec/server/output/MA 421/lectures/2024-10-2
8-ApplsLinProg/figures/1.1.png, id=132, 692.5875pt x 652.4375pt>
File: /Users/ashoksaravanan/Coding/ScribeLec/server/output/MA 421/lectures/2024
-10-28-ApplsLinProg/figures/1.1.png Graphic file (type png)
<use /Users/ashoksaravanan/Coding/ScribeLec/server/output/MA 421/lectures/2024-
10-28-ApplsLinProg/figures/1.1.png>
Package pdftex.def Info: /Users/ashoksaravanan/Coding/ScribeLec/server/output/M
A 421/lectures/2024-10-28-ApplsLinProg/figures/1.1.png  used on input line 94.
(pdftex.def)             Requested size: 70.46037pt x 66.37253pt.

Underfull \hbox (badness 1642) in paragraph at lines 95--95
[]\T1/lmr/bx/n/8 (a) |\T1/lmr/m/n/8 A bar chart
 []


Underfull \hbox (badness 10000) in paragraph at lines 95--95
\T1/lmr/m/n/8 show-ing the
 []


Underfull \hbox (badness 2790) in paragraph at lines 95--95
\T1/lmr/m/n/8 monthly de-mands
 []


Underfull \hbox (badness 1043) in paragraph at lines 95--95
\T1/lmr/m/n/8 for ice cream (in
 []


Underfull \hbox (badness 10000) in paragraph at lines 95--95
\T1/lmr/m/n/8 y-axis rep-re-sents
 []


Underfull \hbox (badness 3735) in paragraph at lines 95--95
\T1/lmr/m/n/8 the x-axis rep-re-
 []


Underfull \hbox (badness 1859) in paragraph at lines 95--95
\T1/lmr/m/n/8 sents the months
 []


Underfull \hbox (badness 10000) in paragraph at lines 95--95
\T1/lmr/m/n/8 de-mand through-
 []


Underfull \hbox (badness 10000) in paragraph at lines 95--95
\T1/lmr/m/n/8 out the year,
 []

[1

{/usr/local/texlive/2024/texmf-var/fonts/map/pdftex/updmap/pdftex.map}{/usr/loc
al/texlive/2024/texmf-dist/fonts/enc/dvips/lm/lm-ec.enc}{/usr/local/texlive/202
4/texmf-dist/fonts/enc/dvips/lm/lm-mathit.enc}{/usr/local/texlive/2024/texmf-di
st/fonts/enc/dvips/lm/lm-rm.enc}] [2 </Users/ashoksaravanan/Coding/ScribeLec/se
rver/output/MA 421/lectures/2024-10-28-ApplsLinProg/figures/1.1.png (PNG copy)>
]
/Users/ashoksaravanan/Coding/ScribeLec/server/output/MA 421/lectures/2024-10-28
-ApplsLinProg/notes.tex:115: Missing $ inserted.
<inserted text> 
                $
l.115 ...tons]} \quad \textbf{Monthly demands } d_
                                                  i, i=1,\dots,12
I've inserted a begin-math/end-math symbol since I think
you left one out. Proceed, with fingers crossed.

/Users/ashoksaravanan/Coding/ScribeLec/server/output/MA 421/lectures/2024-10-28
-ApplsLinProg/notes.tex:117: Missing $ inserted.
<inserted text> 
                $
l.117 \subsection
                 {Description}%
I've inserted a begin-math/end-math symbol since I think
you left one out. Proceed, with fingers crossed.

</Users/ashoksaravanan/Coding/ScribeLec/server/output/MA 421/lectures/2024-10-2
8-ApplsLinProg/figures/2.1.png, id=154, 692.5875pt x 692.5875pt>
File: /Users/ashoksaravanan/Coding/ScribeLec/server/output/MA 421/lectures/2024
-10-28-ApplsLinProg/figures/2.1.png Graphic file (type png)
<use /Users/ashoksaravanan/Coding/ScribeLec/server/output/MA 421/lectures/2024-
10-28-ApplsLinProg/figures/2.1.png>
Package pdftex.def Info: /Users/ashoksaravanan/Coding/ScribeLec/server/output/M
A 421/lectures/2024-10-28-ApplsLinProg/figures/2.1.png  used on input line 124.

(pdftex.def)             Requested size: 70.46037pt x 70.45699pt.

Underfull \hbox (badness 1642) in paragraph at lines 125--125
[]\T1/lmr/bx/n/8 (a) |\T1/lmr/m/n/8 A bar chart
 []


Underfull \hbox (badness 10000) in paragraph at lines 125--125
\T1/lmr/m/n/8 show-ing the
 []


Underfull \hbox (badness 2790) in paragraph at lines 125--125
\T1/lmr/m/n/8 monthly de-mands
 []


Underfull \hbox (badness 1043) in paragraph at lines 125--125
\T1/lmr/m/n/8 for ice cream (in
 []


Underfull \hbox (badness 10000) in paragraph at lines 125--125
\T1/lmr/m/n/8 y-axis rep-re-sents
 []


Underfull \hbox (badness 3735) in paragraph at lines 125--125
\T1/lmr/m/n/8 the x-axis rep-re-
 []


Underfull \hbox (badness 1859) in paragraph at lines 125--125
\T1/lmr/m/n/8 sents the months
 []


Underfull \hbox (badness 10000) in paragraph at lines 125--125
\T1/lmr/m/n/8 de-mand through-
 []


Underfull \hbox (badness 10000) in paragraph at lines 125--125
\T1/lmr/m/n/8 out the year,
 []


Underfull \hbox (badness 10000) in paragraph at lines 125--125
\T1/lmr/m/n/8 sum-mer months.
 []


Underfull \hbox (badness 3815) in paragraph at lines 125--125
\T1/lmr/m/n/8 A red hor-i-zon-tal
 []


Underfull \hbox (badness 4341) in paragraph at lines 125--125
\T1/lmr/m/n/8 line in-di-cates an
 []


Underfull \hbox (badness 10000) in paragraph at lines 125--125
\T1/lmr/m/n/8 av-er-age de-mand,
 []


Underfull \hbox (badness 10000) in paragraph at lines 125--125
\T1/lmr/m/n/8 and the word
 []


Underfull \hbox (badness 2726) in paragraph at lines 125--125
\T1/lmr/m/n/8 "av-er-age de-mand"
 []


Underfull \hbox (badness 1472) in paragraph at lines 125--125
\T1/lmr/m/n/8 is writ-ten in red
 []

[3] [4 </Users/ashoksaravanan/Coding/ScribeLec/server/output/MA 421/lectures/20
24-10-28-ApplsLinProg/figures/2.1.png (PNG copy)>]
/Users/ashoksaravanan/Coding/ScribeLec/server/output/MA 421/lectures/2024-10-28
-ApplsLinProg/notes.tex:141: Missing $ inserted.
<inserted text> 
                $
l.141 ...brace{\text{Cost of changing production}}
                                                  _{\text{Cost of storage}}
I've inserted a begin-math/end-math symbol since I think
you left one out. Proceed, with fingers crossed.

/Users/ashoksaravanan/Coding/ScribeLec/server/output/MA 421/lectures/2024-10-28
-ApplsLinProg/notes.tex:143: Missing $ inserted.
<inserted text> 
                $
l.143 \subsection
                 {Description}%
I've inserted a begin-math/end-math symbol since I think
you left one out. Proceed, with fingers crossed.

</Users/ashoksaravanan/Coding/ScribeLec/server/output/MA 421/lectures/2024-10-2
8-ApplsLinProg/figures/3.1.png, id=164, 772.8875pt x 772.8875pt>
File: /Users/ashoksaravanan/Coding/ScribeLec/server/output/MA 421/lectures/2024
-10-28-ApplsLinProg/figures/3.1.png Graphic file (type png)
<use /Users/ashoksaravanan/Coding/ScribeLec/server/output/MA 421/lectures/2024-
10-28-ApplsLinProg/figures/3.1.png>
Package pdftex.def Info: /Users/ashoksaravanan/Coding/ScribeLec/server/output/M
A 421/lectures/2024-10-28-ApplsLinProg/figures/3.1.png  used on input line 150.

(pdftex.def)             Requested size: 70.46037pt x 70.45316pt.

Underfull \hbox (badness 10000) in paragraph at lines 151--151
[]\T1/lmr/bx/n/8 (a) |\T1/lmr/m/n/8 Hand-writ-ten
 []


Underfull \hbox (badness 10000) in paragraph at lines 151--151
\T1/lmr/m/n/8 notes de-scrib-ing
 []


Underfull \hbox (badness 10000) in paragraph at lines 151--151
\T1/lmr/m/n/8 a lin-ear pro-
 []


Underfull \hbox (badness 10000) in paragraph at lines 151--151
\T1/lmr/m/n/8 gram-ming model
 []


Underfull \hbox (badness 10000) in paragraph at lines 151--151
\T1/lmr/m/n/8 for pro-duc-tion
 []


Underfull \hbox (badness 7047) in paragraph at lines 151--151
\T1/lmr/m/n/8 plan-ning. The
 []


Underfull \hbox (badness 10000) in paragraph at lines 151--151
\T1/lmr/m/n/8 notes de-fine $\OML/lmm/m/it/8 X[]$
 []


Underfull \hbox (badness 3547) in paragraph at lines 151--151
\T1/lmr/m/n/8 at month $\OML/lmm/m/it/8 i$ \T1/lmr/m/n/8 and
 []


Underfull \hbox (badness 10000) in paragraph at lines 151--151
\T1/lmr/m/n/8 at the end of
 []


Underfull \hbox (badness 10000) in paragraph at lines 151--151
\T1/lmr/m/n/8 straint equa-tion
 []


Underfull \hbox (badness 10000) in paragraph at lines 151--151
\T1/lmr/m/n/8 is given, where
 []


Underfull \hbox (badness 10000) in paragraph at lines 151--151
\OML/lmm/m/it/8 d[]$ \T1/lmr/m/n/8 rep-re-sents
 []


Underfull \hbox (badness 10000) in paragraph at lines 151--151
\T1/lmr/m/n/8 the de-mand in
 []


Underfull \hbox (badness 4454) in paragraph at lines 151--151
\T1/lmr/m/n/8 month $\OML/lmm/m/it/8 i$\T1/lmr/m/n/8 . The
 []


Underfull \hbox (badness 2435) in paragraph at lines 151--151
\T1/lmr/m/n/8 ob-jec-tive func-tion
 []


Underfull \hbox (badness 10000) in paragraph at lines 151--151
\T1/lmr/m/n/8 is to min-i-mize
 []


Underfull \hbox (badness 5681) in paragraph at lines 151--151
\T1/lmr/m/n/8 the sum of the
 []


Underfull \hbox (badness 4995) in paragraph at lines 151--151
\T1/lmr/m/n/8 cost of chang-ing
 []


Underfull \hbox (badness 10000) in paragraph at lines 151--151
\T1/lmr/m/n/8 pro-duc-tion and
 []


Underfull \hbox (badness 2012) in paragraph at lines 151--151
\T1/lmr/m/n/8 the cost of stor-
 []


Underfull \hbox (badness 10000) in paragraph at lines 151--151
\T1/lmr/m/n/8 age, rep-re-sented
 []


Underfull \hbox (badness 10000) in paragraph at lines 151--151
\T1/lmr/m/n/8 by $[] \OT1/lmr/m/n/8 50\OMS/lmsy/m/n/8 j\OML/lmm/m/it/8 X[] \OMS
/lmsy/m/n/8  
 []

[5{/usr/local/texlive/2024/texmf-dist/fonts/enc/dvips/lm/lm-mathsy.enc}{/usr/lo
cal/texlive/2024/texmf-dist/fonts/enc/dvips/lm/lm-mathex.enc}] [6 </Users/ashok
saravanan/Coding/ScribeLec/server/output/MA 421/lectures/2024-10-28-ApplsLinPro
g/figures/3.1.png (PNG copy)>]
</Users/ashoksaravanan/Coding/ScribeLec/server/output/MA 421/lectures/2024-10-2
8-ApplsLinProg/figures/4.1.png, id=185, 873.2625pt x 873.2625pt>
File: /Users/ashoksaravanan/Coding/ScribeLec/server/output/MA 421/lectures/2024
-10-28-ApplsLinProg/figures/4.1.png Graphic file (type png)
<use /Users/ashoksaravanan/Coding/ScribeLec/server/output/MA 421/lectures/2024-
10-28-ApplsLinProg/figures/4.1.png>
Package pdftex.def Info: /Users/ashoksaravanan/Coding/ScribeLec/server/output/M
A 421/lectures/2024-10-28-ApplsLinProg/figures/4.1.png  used on input line 177.

(pdftex.def)             Requested size: 70.46037pt x 70.44872pt.

Underfull \hbox (badness 10000) in paragraph at lines 178--178
[]\T1/lmr/bx/n/8 (a) |\T1/lmr/m/n/8 Hand-writ-ten
 []


Underfull \hbox (badness 10000) in paragraph at lines 178--178
\T1/lmr/m/n/8 notes de-scrib-ing
 []


Underfull \hbox (badness 10000) in paragraph at lines 178--178
\T1/lmr/m/n/8 a lin-ear pro-
 []


Underfull \hbox (badness 10000) in paragraph at lines 178--178
\T1/lmr/m/n/8 gram-ming model
 []


Underfull \hbox (badness 10000) in paragraph at lines 178--178
\T1/lmr/m/n/8 for pro-duc-tion
 []


Underfull \hbox (badness 7047) in paragraph at lines 178--178
\T1/lmr/m/n/8 plan-ning. The
 []


Underfull \hbox (badness 10000) in paragraph at lines 178--178
\T1/lmr/m/n/8 notes de-fine $\OML/lmm/m/it/8 X[]$
 []


Underfull \hbox (badness 3547) in paragraph at lines 178--178
\T1/lmr/m/n/8 at month $\OML/lmm/m/it/8 i$ \T1/lmr/m/n/8 and
 []


Underfull \hbox (badness 10000) in paragraph at lines 178--178
\T1/lmr/m/n/8 at the end of
 []


Underfull \hbox (badness 10000) in paragraph at lines 178--178
\T1/lmr/m/n/8 straint equa-tion
 []


Underfull \hbox (badness 10000) in paragraph at lines 178--178
\T1/lmr/m/n/8 is given, where
 []


Underfull \hbox (badness 10000) in paragraph at lines 178--178
\OML/lmm/m/it/8 d[]$ \T1/lmr/m/n/8 rep-re-sents
 []


Underfull \hbox (badness 10000) in paragraph at lines 178--178
\T1/lmr/m/n/8 the de-mand in
 []


Underfull \hbox (badness 4454) in paragraph at lines 178--178
\T1/lmr/m/n/8 month $\OML/lmm/m/it/8 i$\T1/lmr/m/n/8 . The
 []


Underfull \hbox (badness 2435) in paragraph at lines 178--178
\T1/lmr/m/n/8 ob-jec-tive func-tion
 []


Underfull \hbox (badness 10000) in paragraph at lines 178--178
\T1/lmr/m/n/8 is to min-i-mize
 []


Underfull \hbox (badness 5681) in paragraph at lines 178--178
\T1/lmr/m/n/8 the sum of the
 []


Underfull \hbox (badness 4995) in paragraph at lines 178--178
\T1/lmr/m/n/8 cost of chang-ing
 []


Underfull \hbox (badness 10000) in paragraph at lines 178--178
\T1/lmr/m/n/8 pro-duc-tion and
 []


Underfull \hbox (badness 2012) in paragraph at lines 178--178
\T1/lmr/m/n/8 the cost of stor-
 []


Underfull \hbox (badness 10000) in paragraph at lines 178--178
\T1/lmr/m/n/8 age, rep-re-sented
 []


Underfull \hbox (badness 10000) in paragraph at lines 178--178
\T1/lmr/m/n/8 by $[] \OT1/lmr/m/n/8 50\OMS/lmsy/m/n/8 j\OML/lmm/m/it/8 X[] \OMS
/lmsy/m/n/8  
 []


Underfull \hbox (badness 10000) in paragraph at lines 178--178
\T1/lmr/m/n/8 in the ob-jec-tive
 []


Underfull \hbox (badness 10000) in paragraph at lines 178--178
\T1/lmr/m/n/8 func-tion is lin-
 []


Underfull \hbox (badness 1038) in paragraph at lines 178--178
\T1/lmr/m/n/8 earized us-ing two
 []


Underfull \hbox (badness 10000) in paragraph at lines 178--178
\T1/lmr/m/n/8 new vari-ables
 []


Underfull \hbox (badness 3364) in paragraph at lines 178--178
\OML/lmm/m/it/8 y[]$ \T1/lmr/m/n/8 and $\OML/lmm/m/it/8 z[]$\T1/lmr/m/n/8 , wit
h
 []


Underfull \hbox (badness 10000) in paragraph at lines 178--178
\T1/lmr/m/n/8 the con-straints
 []


Underfull \hbox (badness 10000) in paragraph at lines 178--178
\OML/lmm/m/it/8 y[] \OT1/lmr/m/n/8 + \OML/lmm/m/it/8 z[]$\T1/lmr/m/n/8 , where
 []

[7] [8 </Users/ashoksaravanan/Coding/ScribeLec/server/output/MA 421/lectures/20
24-10-28-ApplsLinProg/figures/4.1.png (PNG copy)>]
/Users/ashoksaravanan/Coding/ScribeLec/server/output/MA 421/lectures/2024-10-28
-ApplsLinProg/notes.tex:190: Missing $ inserted.
<inserted text> 
                $
l.190 \text{min } 50 \sum
                         _{i=1}^{12} (y_i + z_i) + 20 \sum_{i=1}^{12} S_i \\
I've inserted a begin-math/end-math symbol since I think
you left one out. Proceed, with fingers crossed.

/Users/ashoksaravanan/Coding/ScribeLec/server/output/MA 421/lectures/2024-10-28
-ApplsLinProg/notes.tex:198: Missing $ inserted.
<inserted text> 
                $
l.198 \subsection
                 {Description}%
I've inserted a begin-math/end-math symbol since I think
you left one out. Proceed, with fingers crossed.

</Users/ashoksaravanan/Coding/ScribeLec/server/output/MA 421/lectures/2024-10-2
8-ApplsLinProg/figures/5.1.png, id=197, 873.2625pt x 873.2625pt>
File: /Users/ashoksaravanan/Coding/ScribeLec/server/output/MA 421/lectures/2024
-10-28-ApplsLinProg/figures/5.1.png Graphic file (type png)
<use /Users/ashoksaravanan/Coding/ScribeLec/server/output/MA 421/lectures/2024-
10-28-ApplsLinProg/figures/5.1.png>
Package pdftex.def Info: /Users/ashoksaravanan/Coding/ScribeLec/server/output/M
A 421/lectures/2024-10-28-ApplsLinProg/figures/5.1.png  used on input line 205.

(pdftex.def)             Requested size: 70.46037pt x 70.44872pt.

Underfull \hbox (badness 10000) in paragraph at lines 206--206
[]\T1/lmr/bx/n/8 (a) |\T1/lmr/m/n/8 Hand-writ-ten
 []


Underfull \hbox (badness 10000) in paragraph at lines 206--206
\T1/lmr/m/n/8 notes de-scrib-ing
 []


Underfull \hbox (badness 10000) in paragraph at lines 206--206
\T1/lmr/m/n/8 a lin-ear pro-
 []


Underfull \hbox (badness 10000) in paragraph at lines 206--206
\T1/lmr/m/n/8 gram-ming model
 []


Underfull \hbox (badness 10000) in paragraph at lines 206--206
\T1/lmr/m/n/8 for pro-duc-tion
 []


Underfull \hbox (badness 7047) in paragraph at lines 206--206
\T1/lmr/m/n/8 plan-ning. The
 []


Underfull \hbox (badness 10000) in paragraph at lines 206--206
\T1/lmr/m/n/8 notes de-fine $\OML/lmm/m/it/8 X[]$
 []


Underfull \hbox (badness 2922) in paragraph at lines 206--206
\T1/lmr/m/n/8 vari-ables used in
 []


Underfull \hbox (badness 10000) in paragraph at lines 206--206
\T1/lmr/m/n/8 the lin-eariza-tion
 []


Underfull \hbox (badness 10000) in paragraph at lines 206--206
\T1/lmr/m/n/8 of the ab-so-lute
 []


Underfull \hbox (badness 2213) in paragraph at lines 206--206
\T1/lmr/m/n/8 value. The ob-
 []


Underfull \hbox (badness 10000) in paragraph at lines 206--206
\T1/lmr/m/n/8 jec-tive func-tion
 []


Underfull \hbox (badness 10000) in paragraph at lines 206--206
\T1/lmr/m/n/8 is to min-i-mize
 []


Underfull \hbox (badness 5681) in paragraph at lines 206--206
\T1/lmr/m/n/8 the sum of the
 []


Underfull \hbox (badness 4995) in paragraph at lines 206--206
\T1/lmr/m/n/8 cost of chang-ing
 []


Underfull \hbox (badness 10000) in paragraph at lines 206--206
\T1/lmr/m/n/8 pro-duc-tion and
 []


Underfull \hbox (badness 2012) in paragraph at lines 206--206
\T1/lmr/m/n/8 the cost of stor-
 []


Underfull \hbox (badness 10000) in paragraph at lines 206--206
\T1/lmr/m/n/8 age, rep-re-sented
 []


Underfull \hbox (badness 10000) in paragraph at lines 206--206
\T1/lmr/m/n/8 by $\OT1/lmr/m/n/8 50 [](\OML/lmm/m/it/8 y[] \OT1/lmr/m/n/8 +
 []


Underfull \hbox (badness 10000) in paragraph at lines 206--206
\OML/lmm/m/it/8 z[]\OT1/lmr/m/n/8 ) + 20 [] \OML/lmm/m/it/8 S[]$\T1/lmr/m/n/8 .

 []


Underfull \hbox (badness 10000) in paragraph at lines 206--206
\T1/lmr/m/n/8 The con-straints
 []


Underfull \hbox (badness 10000) in paragraph at lines 206--206
\T1/lmr/m/n/8 in-clude a mass
 []


Underfull \hbox (badness 3271) in paragraph at lines 206--206
\OML/lmm/m/it/8 d[]$\T1/lmr/m/n/8 ), a con-straint
 []


Underfull \hbox (badness 10000) in paragraph at lines 206--206
\T1/lmr/m/n/8 for lin-eariza-tion
 []


Underfull \hbox (badness 7613) in paragraph at lines 206--206
\T1/lmr/m/n/8 ($\OML/lmm/m/it/8 X[] \OMS/lmsy/m/n/8   \OML/lmm/m/it/8 X[] \OT1/
lmr/m/n/8 =
 []


Underfull \hbox (badness 10000) in paragraph at lines 206--206
\OML/lmm/m/it/8 y[] \OMS/lmsy/m/n/8   \OML/lmm/m/it/8 z[]$\T1/lmr/m/n/8 ), and
 []


Underfull \hbox (badness 10000) in paragraph at lines 206--206
\T1/lmr/m/n/8 bound-ary con-
 []


Underfull \hbox (badness 10000) in paragraph at lines 206--206
\T1/lmr/m/n/8 di-tions for the
 []


Underfull \hbox (badness 10000) in paragraph at lines 206--206
\T1/lmr/m/n/8 first and last
 []


Underfull \hbox (badness 10000) in paragraph at lines 206--206
\T1/lmr/m/n/8 Non-negativity
 []


Underfull \hbox (badness 10000) in paragraph at lines 206--206
\T1/lmr/m/n/8 con-straints are
 []


Underfull \hbox (badness 10000) in paragraph at lines 206--206
\T1/lmr/m/n/8 im-posed on all
 []


Underfull \hbox (badness 6708) in paragraph at lines 206--206
\T1/lmr/m/n/8 vari-ables. The
 []


Underfull \hbox (badness 10000) in paragraph at lines 206--206
\T1/lmr/m/n/8 in-dex $\OML/lmm/m/it/8 i$ \T1/lmr/m/n/8 ranges
 []


Underfull \hbox (badness 10000) in paragraph at lines 206--206
\T1/lmr/m/n/8 from 1 to 12,
 []


Underfull \hbox (badness 10000) in paragraph at lines 206--206
\T1/lmr/m/n/8 rep-re-sent-ing the
 []

[9] [10 </Users/ashoksaravanan/Coding/ScribeLec/server/output/MA 421/lectures/2
024-10-28-ApplsLinProg/figures/5.1.png (PNG copy)>]
</Users/ashoksaravanan/Coding/ScribeLec/server/output/MA 421/lectures/2024-10-2
8-ApplsLinProg/figures/6.1.png, id=207, 772.8875pt x 772.8875pt>
File: /Users/ashoksaravanan/Coding/ScribeLec/server/output/MA 421/lectures/2024
-10-28-ApplsLinProg/figures/6.1.png Graphic file (type png)
<use /Users/ashoksaravanan/Coding/ScribeLec/server/output/MA 421/lectures/2024-
10-28-ApplsLinProg/figures/6.1.png>
Package pdftex.def Info: /Users/ashoksaravanan/Coding/ScribeLec/server/output/M
A 421/lectures/2024-10-28-ApplsLinProg/figures/6.1.png  used on input line 226.

(pdftex.def)             Requested size: 70.46037pt x 70.45316pt.

Underfull \hbox (badness 10000) in paragraph at lines 227--227
\T1/lmr/m/n/8 show-ing pro-duc-
 []


Underfull \hbox (badness 1189) in paragraph at lines 227--227
\T1/lmr/m/n/8 while the bot-tom
 []


Underfull \hbox (badness 10000) in paragraph at lines 227--227
\T1/lmr/m/n/8 chart shows a
 []


Underfull \hbox (badness 3746) in paragraph at lines 227--227
\T1/lmr/m/n/8 sce-nario with no
 []


Underfull \hbox (badness 10000) in paragraph at lines 227--227
\T1/lmr/m/n/8 y-axis rep-re-sents
 []


Underfull \hbox (badness 1028) in paragraph at lines 227--227
\T1/lmr/m/n/8 700. The x-axis
 []


Underfull \hbox (badness 1715) in paragraph at lines 227--227
\T1/lmr/m/n/8 rep-re-sents the 12
 []


Underfull \hbox (badness 5802) in paragraph at lines 227--227
\T1/lmr/m/n/8 months. Black
 []


Underfull \hbox (badness 10000) in paragraph at lines 227--227
\T1/lmr/m/n/8 bars rep-re-sent
 []


Underfull \hbox (badness 10000) in paragraph at lines 227--227
\T1/lmr/m/n/8 pro-duc-tion, and
 []


Underfull \hbox (badness 1515) in paragraph at lines 227--227
\T1/lmr/m/n/8 de-mand. A red
 []


Underfull \hbox (badness 1320) in paragraph at lines 227--227
\T1/lmr/m/n/8 the bot-tom chart
 []

[11 </Users/ashoksaravanan/Coding/ScribeLec/server/output/MA 421/lectures/2024-
10-28-ApplsLinProg/figures/6.1.png (PNG copy)>]
</Users/ashoksaravanan/Coding/ScribeLec/server/output/MA 421/lectures/2024-10-2
8-ApplsLinProg/figures/7.1.png, id=213, 137.51375pt x 110.4125pt>
File: /Users/ashoksaravanan/Coding/ScribeLec/server/output/MA 421/lectures/2024
-10-28-ApplsLinProg/figures/7.1.png Graphic file (type png)
<use /Users/ashoksaravanan/Coding/ScribeLec/server/output/MA 421/lectures/2024-
10-28-ApplsLinProg/figures/7.1.png>
Package pdftex.def Info: /Users/ashoksaravanan/Coding/ScribeLec/server/output/M
A 421/lectures/2024-10-28-ApplsLinProg/figures/7.1.png  used on input line 261.

(pdftex.def)             Requested size: 70.46037pt x 56.5758pt.

Underfull \hbox (badness 10000) in paragraph at lines 262--262
[]\T1/lmr/bx/n/8 (a) |\T1/lmr/m/n/8 Hand-writ-ten
 []

</Users/ashoksaravanan/Coding/ScribeLec/server/output/MA 421/lectures/2024-10-2
8-ApplsLinProg/figures/7.2.png, id=214, 137.51375pt x 57.21375pt>
File: /Users/ashoksaravanan/Coding/ScribeLec/server/output/MA 421/lectures/2024
-10-28-ApplsLinProg/figures/7.2.png Graphic file (type png)
<use /Users/ashoksaravanan/Coding/ScribeLec/server/output/MA 421/lectures/2024-
10-28-ApplsLinProg/figures/7.2.png>
Package pdftex.def Info: /Users/ashoksaravanan/Coding/ScribeLec/server/output/M
A 421/lectures/2024-10-28-ApplsLinProg/figures/7.2.png  used on input line 267.

(pdftex.def)             Requested size: 70.46037pt x 29.31654pt.
[12 </Users/ashoksaravanan/Coding/ScribeLec/server/output/MA 421/lectures/2024-
10-28-ApplsLinProg/figures/7.1.png (PNG copy)> </Users/ashoksaravanan/Coding/Sc
ribeLec/server/output/MA 421/lectures/2024-10-28-ApplsLinProg/figures/7.2.png (
PNG copy)>]
/Users/ashoksaravanan/Coding/ScribeLec/server/output/MA 421/lectures/2024-10-28
-ApplsLinProg/notes.tex:278: Missing $ inserted.
<inserted text> 
                $
l.278 \text{min } 25 \sum
                         _{i=1}^{12} y_i + (17.5 \times 12) x \\
I've inserted a begin-math/end-math symbol since I think
you left one out. Proceed, with fingers crossed.

/Users/ashoksaravanan/Coding/ScribeLec/server/output/MA 421/lectures/2024-10-28
-ApplsLinProg/notes.tex:284: Missing $ inserted.
<inserted text> 
                $
l.284 \subsection
                 {Description}%
I've inserted a begin-math/end-math symbol since I think
you left one out. Proceed, with fingers crossed.

</Users/ashoksaravanan/Coding/ScribeLec/server/output/MA 421/lectures/2024-10-2
8-ApplsLinProg/figures/8.1.png, id=220, 371.3875pt x 371.3875pt>
File: /Users/ashoksaravanan/Coding/ScribeLec/server/output/MA 421/lectures/2024
-10-28-ApplsLinProg/figures/8.1.png Graphic file (type png)
<use /Users/ashoksaravanan/Coding/ScribeLec/server/output/MA 421/lectures/2024-
10-28-ApplsLinProg/figures/8.1.png>
Package pdftex.def Info: /Users/ashoksaravanan/Coding/ScribeLec/server/output/M
A 421/lectures/2024-10-28-ApplsLinProg/figures/8.1.png  used on input line 291.

(pdftex.def)             Requested size: 70.46037pt x 70.45668pt.

Underfull \hbox (badness 10000) in paragraph at lines 292--292
[]\T1/lmr/bx/n/8 (a) |\T1/lmr/m/n/8 Hand-writ-ten
 []


Underfull \hbox (badness 10000) in paragraph at lines 292--292
\T1/lmr/m/n/8 notes de-scrib-ing
 []


Underfull \hbox (badness 10000) in paragraph at lines 292--292
\T1/lmr/m/n/8 the num-ber of
 []


Underfull \hbox (badness 10000) in paragraph at lines 292--292
\T1/lmr/m/n/8 em-ploy-ees, and
 []


Underfull \hbox (badness 10000) in paragraph at lines 292--292
\T1/lmr/m/n/8 vari-able. The
 []


Underfull \hbox (badness 2435) in paragraph at lines 292--292
\T1/lmr/m/n/8 ob-jec-tive func-tion
 []


Underfull \hbox (badness 10000) in paragraph at lines 292--292
\T1/lmr/m/n/8 is to min-i-mize
 []


Underfull \hbox (badness 10000) in paragraph at lines 292--292
\T1/lmr/m/n/8 the to-tal la-bor
 []


Underfull \hbox (badness 2111) in paragraph at lines 292--292
\T1/lmr/m/n/8 costs, rep-re-sented
 []


Underfull \hbox (badness 10000) in paragraph at lines 292--292
\T1/lmr/m/n/8 by $\OT1/lmr/m/n/8 25 [] \OML/lmm/m/it/8 y[] \OT1/lmr/m/n/8 +
 []


Underfull \hbox (badness 6445) in paragraph at lines 292--292
\OML/lmm/m/it/8 a[] \OMS/lmsy/m/n/8   \OML/lmm/m/it/8 x \OMS/lmsy/m/n/8  \OML/
lmm/m/it/8 y[]$\T1/lmr/m/n/8 ,
 []


Underfull \hbox (badness 1028) in paragraph at lines 292--292
\T1/lmr/m/n/8 ranges from 1 to
 []


Underfull \hbox (badness 10000) in paragraph at lines 292--292
\T1/lmr/m/n/8 12, rep-re-sent-ing
 []

[13] [14 </Users/ashoksaravanan/Coding/ScribeLec/server/output/MA 421/lectures/
2024-10-28-ApplsLinProg/figures/8.1.png (PNG copy)>]
/Users/ashoksaravanan/Coding/ScribeLec/server/output/MA 421/lectures/2024-10-28
-ApplsLinProg/notes.tex:303: Missing number, treated as zero.
<to be read again> 
                   v
l.303 [v]
         ch. 13 \\
A number should have been here; I inserted `0'.
(If you can't figure out why I needed to see a number,
look up `weird error' in the index to The TeXbook.)

/Users/ashoksaravanan/Coding/ScribeLec/server/output/MA 421/lectures/2024-10-28
-ApplsLinProg/notes.tex:303: Illegal unit of measure (pt inserted).
<to be read again> 
                   v
l.303 [v]
         ch. 13 \\
Dimensions can be in units of em, ex, in, pt, pc,
cm, mm, dd, cc, nd, nc, bp, or sp; but yours is a new one!
I'll assume that you meant to say pt, for printer's points.
To recover gracefully from this error, it's best to
delete the erroneous units; e.g., type `2' to delete
two letters. (See Chapter 27 of The TeXbook.)


/Users/ashoksaravanan/Coding/ScribeLec/server/output/MA 421/lectures/2024-10-28
-ApplsLinProg/notes.tex:303: Package calc Error: `v' invalid at this point.

See the calc package documentation for explanation.
Type  H <return>  for immediate help.
 ...                                              
                                                  
l.303 [v]
         ch. 13 \\
I expected to see one of: + - * / )

/Users/ashoksaravanan/Coding/ScribeLec/server/output/MA 421/lectures/2024-10-28
-ApplsLinProg/notes.tex:303: Extra }, or forgotten \endgroup.
\@gnewline ...\unskip \reserved@e {\reserved@f #1}
                                                  \nobreak \hfil \break \fi 
l.303 [v]
         ch. 13 \\
I've deleted a group-closing symbol because it seems to be
spurious, as in `$x}$'. But perhaps the } is legitimate and
you forgot something else, as in `\hbox{$x}'. In such cases
the way to recover is to insert both the forgotten and the
deleted material, e.g., by typing `I$}'.


/Users/ashoksaravanan/Coding/ScribeLec/server/output/MA 421/lectures/2024-10-28
-ApplsLinProg/notes.tex:304: LaTeX Error: Unicode character ① (U+2460)
               not set up for use with LaTeX.

See the LaTeX manual or LaTeX Companion for explanation.
Type  H <return>  for immediate help.
 ...                                              
                                                  
l.304 ①
          $R_i$ - (annual) return of $i^{th}$ investment \\
You may provide a definition with
\DeclareUnicodeCharacter 


/Users/ashoksaravanan/Coding/ScribeLec/server/output/MA 421/lectures/2024-10-28
-ApplsLinProg/notes.tex:306: LaTeX Error: Unicode character ② (U+2461)
               not set up for use with LaTeX.

See the LaTeX manual or LaTeX Companion for explanation.
Type  H <return>  for immediate help.
 ...                                              
                                                  
l.306 ②
          $x_j$ - proportion of investment in $i$ \\
You may provide a definition with
\DeclareUnicodeCharacter 

/Users/ashoksaravanan/Coding/ScribeLec/server/output/MA 421/lectures/2024-10-28
-ApplsLinProg/notes.tex:311: Missing $ inserted.
<inserted text> 
                $
l.311 \underbrace{\qquad \qquad}
                                _{average \text{ } return}
I've inserted a begin-math/end-math symbol since I think
you left one out. Proceed, with fingers crossed.

/Users/ashoksaravanan/Coding/ScribeLec/server/output/MA 421/lectures/2024-10-28
-ApplsLinProg/notes.tex:313: Missing $ inserted.
<inserted text> 
                $
l.313 \subsection
                 {Description}%
I've inserted a begin-math/end-math symbol since I think
you left one out. Proceed, with fingers crossed.

</Users/ashoksaravanan/Coding/ScribeLec/server/output/MA 421/lectures/2024-10-2
8-ApplsLinProg/figures/9.1.png, id=231, 772.8875pt x 772.8875pt>
File: /Users/ashoksaravanan/Coding/ScribeLec/server/output/MA 421/lectures/2024
-10-28-ApplsLinProg/figures/9.1.png Graphic file (type png)
<use /Users/ashoksaravanan/Coding/ScribeLec/server/output/MA 421/lectures/2024-
10-28-ApplsLinProg/figures/9.1.png>
Package pdftex.def Info: /Users/ashoksaravanan/Coding/ScribeLec/server/output/M
A 421/lectures/2024-10-28-ApplsLinProg/figures/9.1.png  used on input line 320.

(pdftex.def)             Requested size: 70.46037pt x 70.45316pt.

Underfull \hbox (badness 10000) in paragraph at lines 321--321
[]\T1/lmr/bx/n/8 (a) |\T1/lmr/m/n/8 Hand-writ-ten
 []


Underfull \hbox (badness 2781) in paragraph at lines 321--321
\T1/lmr/m/n/8 port-fo-lio se-lec-tion
 []


Underfull \hbox (badness 1852) in paragraph at lines 321--321
\T1/lmr/m/n/8 de-fine $\OML/lmm/m/it/8 R[]$ \T1/lmr/m/n/8 as the
 []


Underfull \hbox (badness 4391) in paragraph at lines 321--321
\T1/lmr/m/n/8 an-nual re-turn of
 []


Underfull \hbox (badness 10000) in paragraph at lines 321--321
\T1/lmr/m/n/8 the $\OML/lmm/m/it/8 i$\T1/lmr/m/n/8 -th in-vest-
 []


Underfull \hbox (badness 4713) in paragraph at lines 321--321
\T1/lmr/m/n/8 ment (a ran-dom
 []


Underfull \hbox (badness 4441) in paragraph at lines 321--321
\T1/lmr/m/n/8 vari-able) and $\OML/lmm/m/it/8 x[]$
 []


Underfull \hbox (badness 10000) in paragraph at lines 321--321
\T1/lmr/m/n/8 of in-vest-ment
 []


Underfull \hbox (badness 3557) in paragraph at lines 321--321
\T1/lmr/m/n/8 in $\OML/lmm/m/it/8 i$ \T1/lmr/m/n/8 ($\OML/lmm/m/it/8 x[] \OMS/l
msy/m/n/8  \OT1/lmr/m/n/8 0$\T1/lmr/m/n/8 ,
 []


Underfull \hbox (badness 10000) in paragraph at lines 321--321
[] \OML/lmm/m/it/8 x[] \OT1/lmr/m/n/8 = 1$\T1/lmr/m/n/8 ).
 []


Underfull \hbox (badness 10000) in paragraph at lines 321--321
\T1/lmr/m/n/8 The ob-jec-tive
 []


Underfull \hbox (badness 10000) in paragraph at lines 321--321
\T1/lmr/m/n/8 is to max-i-mize
 []


Underfull \hbox (badness 4391) in paragraph at lines 321--321
\T1/lmr/m/n/8 the to-tal re-turn,
 []


Underfull \hbox (badness 10000) in paragraph at lines 321--321
\T1/lmr/m/n/8 rep-re-sented by
 []


Underfull \hbox (badness 10000) in paragraph at lines 321--321
[] \OML/lmm/m/it/8 x[]R[]$ \T1/lmr/m/n/8 (where
 []


Underfull \hbox (badness 10000) in paragraph at lines 321--321
\T1/lmr/m/n/8 ar-row points to
 []


Underfull \hbox (badness 2753) in paragraph at lines 321--321
\T1/lmr/m/n/8 and a wavy un-
 []


Underfull \hbox (badness 3746) in paragraph at lines 321--321
\T1/lmr/m/n/8 der-line points to
 []

/Users/ashoksaravanan/Coding/ScribeLec/server/output/MA 421/lectures/2024-10-28
-ApplsLinProg/notes.tex:332: Missing number, treated as zero.
<to be read again> 
                   v
l.332 [v]
         ch. 13 \\
A number should have been here; I inserted `0'.
(If you can't figure out why I needed to see a number,
look up `weird error' in the index to The TeXbook.)

/Users/ashoksaravanan/Coding/ScribeLec/server/output/MA 421/lectures/2024-10-28
-ApplsLinProg/notes.tex:332: Illegal unit of measure (pt inserted).
<to be read again> 
                   v
l.332 [v]
         ch. 13 \\
Dimensions can be in units of em, ex, in, pt, pc,
cm, mm, dd, cc, nd, nc, bp, or sp; but yours is a new one!
I'll assume that you meant to say pt, for printer's points.
To recover gracefully from this error, it's best to
delete the erroneous units; e.g., type `2' to delete
two letters. (See Chapter 27 of The TeXbook.)


/Users/ashoksaravanan/Coding/ScribeLec/server/output/MA 421/lectures/2024-10-28
-ApplsLinProg/notes.tex:332: Package calc Error: `v' invalid at this point.

See the calc package documentation for explanation.
Type  H <return>  for immediate help.
 ...                                              
                                                  
l.332 [v]
         ch. 13 \\
I expected to see one of: + - * / )

/Users/ashoksaravanan/Coding/ScribeLec/server/output/MA 421/lectures/2024-10-28
-ApplsLinProg/notes.tex:332: Extra }, or forgotten \endgroup.
\@gnewline ...\unskip \reserved@e {\reserved@f #1}
                                                  \nobreak \hfil \break \fi 
l.332 [v]
         ch. 13 \\
I've deleted a group-closing symbol because it seems to be
spurious, as in `$x}$'. But perhaps the } is legitimate and
you forgot something else, as in `\hbox{$x}'. In such cases
the way to recover is to insert both the forgotten and the
deleted material, e.g., by typing `I$}'.


/Users/ashoksaravanan/Coding/ScribeLec/server/output/MA 421/lectures/2024-10-28
-ApplsLinProg/notes.tex:333: LaTeX Error: Unicode character ① (U+2460)
               not set up for use with LaTeX.

See the LaTeX manual or LaTeX Companion for explanation.
Type  H <return>  for immediate help.
 ...                                              
                                                  
l.333 ①
          $R_i$ - (annual) return of $i^{th}$ investment \\
You may provide a definition with
\DeclareUnicodeCharacter 


/Users/ashoksaravanan/Coding/ScribeLec/server/output/MA 421/lectures/2024-10-28
-ApplsLinProg/notes.tex:335: LaTeX Error: Unicode character ② (U+2461)
               not set up for use with LaTeX.

See the LaTeX manual or LaTeX Companion for explanation.
Type  H <return>  for immediate help.
 ...                                              
                                                  
l.335 ②
          $x_j$ - proportion of investment in $i$ \\
You may provide a definition with
\DeclareUnicodeCharacter 

</Users/ashoksaravanan/Coding/ScribeLec/server/output/MA 421/lectures/2024-10-2
8-ApplsLinProg/figures/10.1.png, id=232, 262.9825pt x 262.9825pt>
File: /Users/ashoksaravanan/Coding/ScribeLec/server/output/MA 421/lectures/2024
-10-28-ApplsLinProg/figures/10.1.png Graphic file (type png)
<use /Users/ashoksaravanan/Coding/ScribeLec/server/output/MA 421/lectures/2024-
10-28-ApplsLinProg/figures/10.1.png>
Package pdftex.def Info: /Users/ashoksaravanan/Coding/ScribeLec/server/output/M
A 421/lectures/2024-10-28-ApplsLinProg/figures/10.1.png  used on input line 348
.
(pdftex.def)             Requested size: 70.46037pt x 70.46048pt.

Underfull \hbox (badness 2088) in paragraph at lines 349--349
[]\T1/lmr/bx/n/8 (a) |\T1/lmr/m/n/8 Port-fo-lio Se-
 []

</Users/ashoksaravanan/Coding/ScribeLec/server/output/MA 421/lectures/2024-10-2
8-ApplsLinProg/figures/10.2.png, id=233, 321.2pt x 262.9825pt>
File: /Users/ashoksaravanan/Coding/ScribeLec/server/output/MA 421/lectures/2024
-10-28-ApplsLinProg/figures/10.2.png Graphic file (type png)
<use /Users/ashoksaravanan/Coding/ScribeLec/server/output/MA 421/lectures/2024-
10-28-ApplsLinProg/figures/10.2.png>
Package pdftex.def Info: /Users/ashoksaravanan/Coding/ScribeLec/server/output/M
A 421/lectures/2024-10-28-ApplsLinProg/figures/10.2.png  used on input line 354
.
(pdftex.def)             Requested size: 70.46037pt x 57.68777pt.

Underfull \hbox (badness 1629) in paragraph at lines 355--355
[]\T1/lmr/bx/n/8 (b) |\T1/lmr/m/n/8 Def-i-ni-tion of
 []

</Users/ashoksaravanan/Coding/ScribeLec/server/output/MA 421/lectures/2024-10-2
8-ApplsLinProg/figures/10.3.png, id=234, 262.9825pt x 271.0125pt>
File: /Users/ashoksaravanan/Coding/ScribeLec/server/output/MA 421/lectures/2024
-10-28-ApplsLinProg/figures/10.3.png Graphic file (type png)
<use /Users/ashoksaravanan/Coding/ScribeLec/server/output/MA 421/lectures/2024-
10-28-ApplsLinProg/figures/10.3.png>
Package pdftex.def Info: /Users/ashoksaravanan/Coding/ScribeLec/server/output/M
A 421/lectures/2024-10-28-ApplsLinProg/figures/10.3.png  used on input line 360
.
(pdftex.def)             Requested size: 70.46037pt x 72.61194pt.
</Users/ashoksaravanan/Coding/ScribeLec/server/output/MA 421/lectures/2024-10-2
8-ApplsLinProg/figures/10.4.png, id=235, 513.92pt x 271.0125pt>
File: /Users/ashoksaravanan/Coding/ScribeLec/server/output/MA 421/lectures/2024
-10-28-ApplsLinProg/figures/10.4.png Graphic file (type png)
<use /Users/ashoksaravanan/Coding/ScribeLec/server/output/MA 421/lectures/2024-
10-28-ApplsLinProg/figures/10.4.png>
Package pdftex.def Info: /Users/ashoksaravanan/Coding/ScribeLec/server/output/M
A 421/lectures/2024-10-28-ApplsLinProg/figures/10.4.png  used on input line 366
.
(pdftex.def)             Requested size: 70.46037pt x 37.15578pt.

Underfull \hbox (badness 10000) in paragraph at lines 367--367
[]\T1/lmr/bx/n/8 (d) |\T1/lmr/m/n/8 Ob-jec-tive
 []

</Users/ashoksaravanan/Coding/ScribeLec/server/output/MA 421/lectures/2024-10-2
8-ApplsLinProg/figures/10.5.png, id=236, 321.2pt x 170.6375pt>
File: /Users/ashoksaravanan/Coding/ScribeLec/server/output/MA 421/lectures/2024
-10-28-ApplsLinProg/figures/10.5.png Graphic file (type png)
<use /Users/ashoksaravanan/Coding/ScribeLec/server/output/MA 421/lectures/2024-
10-28-ApplsLinProg/figures/10.5.png>
Package pdftex.def Info: /Users/ashoksaravanan/Coding/ScribeLec/server/output/M
A 421/lectures/2024-10-28-ApplsLinProg/figures/10.5.png  used on input line 372
.
(pdftex.def)             Requested size: 70.46037pt x 37.431pt.

Underfull \hbox (badness 2310) in paragraph at lines 373--373
[]\T1/lmr/bx/n/8 (e) |\T1/lmr/m/n/8 Def-i-ni-tion of
 []

/Users/ashoksaravanan/Coding/ScribeLec/server/output/MA 421/lectures/2024-10-28
-ApplsLinProg/notes.tex:384: Missing number, treated as zero.
<to be read again> 
                   v
l.384 [v]
         ch. 13 \\
A number should have been here; I inserted `0'.
(If you can't figure out why I needed to see a number,
look up `weird error' in the index to The TeXbook.)

/Users/ashoksaravanan/Coding/ScribeLec/server/output/MA 421/lectures/2024-10-28
-ApplsLinProg/notes.tex:384: Illegal unit of measure (pt inserted).
<to be read again> 
                   v
l.384 [v]
         ch. 13 \\
Dimensions can be in units of em, ex, in, pt, pc,
cm, mm, dd, cc, nd, nc, bp, or sp; but yours is a new one!
I'll assume that you meant to say pt, for printer's points.
To recover gracefully from this error, it's best to
delete the erroneous units; e.g., type `2' to delete
two letters. (See Chapter 27 of The TeXbook.)


/Users/ashoksaravanan/Coding/ScribeLec/server/output/MA 421/lectures/2024-10-28
-ApplsLinProg/notes.tex:384: Package calc Error: `v' invalid at this point.

See the calc package documentation for explanation.
Type  H <return>  for immediate help.
 ...                                              
                                                  
l.384 [v]
         ch. 13 \\
I expected to see one of: + - * / )

/Users/ashoksaravanan/Coding/ScribeLec/server/output/MA 421/lectures/2024-10-28
-ApplsLinProg/notes.tex:384: Extra }, or forgotten \endgroup.
\@gnewline ...\unskip \reserved@e {\reserved@f #1}
                                                  \nobreak \hfil \break \fi 
l.384 [v]
         ch. 13 \\
I've deleted a group-closing symbol because it seems to be
spurious, as in `$x}$'. But perhaps the } is legitimate and
you forgot something else, as in `\hbox{$x}'. In such cases
the way to recover is to insert both the forgotten and the
deleted material, e.g., by typing `I$}'.

/Users/ashoksaravanan/Coding/ScribeLec/server/output/MA 421/lectures/2024-10-28
-ApplsLinProg/notes.tex:385: Missing $ inserted.
<inserted text> 
                $
l.385 \text{Estimation of } ER_
                               j \text{ and } E \left[ \sum_j x_j \tilde{R}_...
I've inserted a begin-math/end-math symbol since I think
you left one out. Proceed, with fingers crossed.


/Users/ashoksaravanan/Coding/ScribeLec/server/output/MA 421/lectures/2024-10-28
-ApplsLinProg/notes.tex:387: LaTeX Error: Unicode character ① (U+2460)
               not set up for use with LaTeX.

See the LaTeX manual or LaTeX Companion for explanation.
Type  H <return>  for immediate help.
 ...                                              
                                                  
l.387 ①
          \quad ER_j = \frac{1}{T} \sum_{t=1}^T R_j(t) = \bar{r}_j \\
You may provide a definition with
\DeclareUnicodeCharacter 


/Users/ashoksaravanan/Coding/ScribeLec/server/output/MA 421/lectures/2024-10-28
-ApplsLinProg/notes.tex:388: LaTeX Error: Unicode character ② (U+2461)
               not set up for use with LaTeX.

See the LaTeX manual or LaTeX Companion for explanation.
Type  H <return>  for immediate help.
 ...                                              
                                                  
l.388 ②
          \quad E \left[ \sum_j x_j \tilde{R}_j \right] = \frac{1}{T} \sum_{...

You may provide a definition with
\DeclareUnicodeCharacter 

/Users/ashoksaravanan/Coding/ScribeLec/server/output/MA 421/lectures/2024-10-28
-ApplsLinProg/notes.tex:390: Missing $ inserted.
<inserted text> 
                $
l.390 \subsection
                 {Description}%
I've inserted a begin-math/end-math symbol since I think
you left one out. Proceed, with fingers crossed.

</Users/ashoksaravanan/Coding/ScribeLec/server/output/MA 421/lectures/2024-10-2
8-ApplsLinProg/figures/11.1.png, id=237, 371.3875pt x 371.3875pt>
File: /Users/ashoksaravanan/Coding/ScribeLec/server/output/MA 421/lectures/2024
-10-28-ApplsLinProg/figures/11.1.png Graphic file (type png)
<use /Users/ashoksaravanan/Coding/ScribeLec/server/output/MA 421/lectures/2024-
10-28-ApplsLinProg/figures/11.1.png>
Package pdftex.def Info: /Users/ashoksaravanan/Coding/ScribeLec/server/output/M
A 421/lectures/2024-10-28-ApplsLinProg/figures/11.1.png  used on input line 397
.
(pdftex.def)             Requested size: 70.46037pt x 70.45668pt.

Underfull \hbox (badness 10000) in paragraph at lines 398--398
[]\T1/lmr/bx/n/8 (a) |\T1/lmr/m/n/8 Hand-writ-ten
 []


Underfull \hbox (badness 10000) in paragraph at lines 398--398
\T1/lmr/m/n/8 notes de-scrib-ing
 []


Underfull \hbox (badness 1755) in paragraph at lines 398--398
\T1/lmr/m/n/8 the es-ti-ma-tion of
 []


Underfull \hbox (badness 10000) in paragraph at lines 398--398
\T1/lmr/m/n/8 ex-pected re-turn
 []


Underfull \hbox (badness 10000) in paragraph at lines 398--398
\T1/lmr/m/n/8 and vari-ance in
 []


Underfull \hbox (badness 10000) in paragraph at lines 398--398
\T1/lmr/m/n/8 the Markowitz
 []


Underfull \hbox (badness 2781) in paragraph at lines 398--398
\T1/lmr/m/n/8 port-fo-lio se-lec-tion
 []


Underfull \hbox (badness 1308) in paragraph at lines 398--398
\T1/lmr/m/n/8 re-turn of as-set $\OML/lmm/m/it/8 j$
 []


Underfull \hbox (badness 1259) in paragraph at lines 398--398
\T1/lmr/m/n/8 at time $\OML/lmm/m/it/8 t$\T1/lmr/m/n/8 , where
 []


Underfull \hbox (badness 10000) in paragraph at lines 398--398
\T1/lmr/m/n/8 ex-pected re-turn
 []


Underfull \hbox (badness 10000) in paragraph at lines 398--398
\T1/lmr/m/n/8 of the weighted
 []


Overfull \hbox (10.80052pt too wide) in paragraph at lines 398--398
[] []\OT1/lmr/m/n/8 [[] \OML/lmm/m/it/8 x[]\OT1/lmr/m/n/8 (\OML/lmm/m/it/8 R[]\
OT1/lmr/m/n/8 (\OML/lmm/m/it/8 t\OT1/lmr/m/n/8 ) \OMS/lmsy/m/n/8  
 []


Underfull \hbox (badness 10000) in paragraph at lines 398--398
\T1/lmr/m/n/8 points from the
 []


Underfull \hbox (badness 5331) in paragraph at lines 398--398
\T1/lmr/m/n/8 first equa-tion to
 []


Underfull \hbox (badness 2521) in paragraph at lines 398--398
\T1/lmr/m/n/8 the sec-ond equa-
 []


Underfull \hbox (badness 10000) in paragraph at lines 398--398
\T1/lmr/m/n/8 tion, in-di-cat-ing
 []


Underfull \hbox (badness 10000) in paragraph at lines 398--398
\T1/lmr/m/n/8 a re-la-tion-ship
 []


Underfull \hbox (badness 4096) in paragraph at lines 398--398
\T1/lmr/m/n/8 be-tween the two
 []

/Users/ashoksaravanan/Coding/ScribeLec/server/output/MA 421/lectures/2024-10-28
-ApplsLinProg/notes.tex:409: Missing number, treated as zero.
<to be read again> 
                   v
l.409 [v]
         ch. 13 \\
A number should have been here; I inserted `0'.
(If you can't figure out why I needed to see a number,
look up `weird error' in the index to The TeXbook.)

/Users/ashoksaravanan/Coding/ScribeLec/server/output/MA 421/lectures/2024-10-28
-ApplsLinProg/notes.tex:409: Illegal unit of measure (pt inserted).
<to be read again> 
                   v
l.409 [v]
         ch. 13 \\
Dimensions can be in units of em, ex, in, pt, pc,
cm, mm, dd, cc, nd, nc, bp, or sp; but yours is a new one!
I'll assume that you meant to say pt, for printer's points.
To recover gracefully from this error, it's best to
delete the erroneous units; e.g., type `2' to delete
two letters. (See Chapter 27 of The TeXbook.)


/Users/ashoksaravanan/Coding/ScribeLec/server/output/MA 421/lectures/2024-10-28
-ApplsLinProg/notes.tex:409: Package calc Error: `v' invalid at this point.

See the calc package documentation for explanation.
Type  H <return>  for immediate help.
 ...                                              
                                                  
l.409 [v]
         ch. 13 \\
I expected to see one of: + - * / )

/Users/ashoksaravanan/Coding/ScribeLec/server/output/MA 421/lectures/2024-10-28
-ApplsLinProg/notes.tex:409: Extra }, or forgotten \endgroup.
\@gnewline ...\unskip \reserved@e {\reserved@f #1}
                                                  \nobreak \hfil \break \fi 
l.409 [v]
         ch. 13 \\
I've deleted a group-closing symbol because it seems to be
spurious, as in `$x}$'. But perhaps the } is legitimate and
you forgot something else, as in `\hbox{$x}'. In such cases
the way to recover is to insert both the forgotten and the
deleted material, e.g., by typing `I$}'.

</Users/ashoksaravanan/Coding/ScribeLec/server/output/MA 421/lectures/2024-10-2
8-ApplsLinProg/figures/12.1.png, id=238, 371.3875pt x 371.3875pt>
File: /Users/ashoksaravanan/Coding/ScribeLec/server/output/MA 421/lectures/2024
-10-28-ApplsLinProg/figures/12.1.png Graphic file (type png)
<use /Users/ashoksaravanan/Coding/ScribeLec/server/output/MA 421/lectures/2024-
10-28-ApplsLinProg/figures/12.1.png>
Package pdftex.def Info: /Users/ashoksaravanan/Coding/ScribeLec/server/output/M
A 421/lectures/2024-10-28-ApplsLinProg/figures/12.1.png  used on input line 423
.
(pdftex.def)             Requested size: 70.46037pt x 70.45668pt.

Underfull \hbox (badness 10000) in paragraph at lines 424--424
[]\T1/lmr/bx/n/8 (a) |\T1/lmr/m/n/8 Hand-writ-ten
 []


Underfull \hbox (badness 10000) in paragraph at lines 424--424
\T1/lmr/m/n/8 notes de-scrib-ing
 []


Underfull \hbox (badness 10000) in paragraph at lines 424--424
\T1/lmr/m/n/8 the Markowitz
 []


Underfull \hbox (badness 2781) in paragraph at lines 424--424
\T1/lmr/m/n/8 port-fo-lio se-lec-tion
 []


Underfull \hbox (badness 10000) in paragraph at lines 424--424
\T1/lmr/m/n/8 model re-for-mu-
 []


Underfull \hbox (badness 1688) in paragraph at lines 424--424
\T1/lmr/m/n/8 lated as a lin-ear
 []


Underfull \hbox (badness 10000) in paragraph at lines 424--424
\T1/lmr/m/n/8 pro-gram. The
 []


Underfull \hbox (badness 10000) in paragraph at lines 424--424
\T1/lmr/m/n/8 notes show the
 []


Underfull \hbox (badness 10000) in paragraph at lines 424--424
\T1/lmr/m/n/8 orig-i-nal ob-jec-tive
 []


Underfull \hbox (badness 10000) in paragraph at lines 424--424
\T1/lmr/m/n/8 func-tion, which
 []


Underfull \hbox (badness 10000) in paragraph at lines 424--424
\T1/lmr/m/n/8 in-volves the ex-
 []


Underfull \hbox (badness 10000) in paragraph at lines 424--424
\T1/lmr/m/n/8 vari-ance of the
 []


Underfull \hbox (badness 10000) in paragraph at lines 424--424
\T1/lmr/m/n/8 a re-for-mu-lated
 []


Underfull \hbox (badness 10000) in paragraph at lines 424--424
\T1/lmr/m/n/8 lin-ear pro-gram-
 []


Underfull \hbox (badness 10000) in paragraph at lines 424--424
\T1/lmr/m/n/8 ming ver-sion.
 []


Underfull \hbox (badness 6675) in paragraph at lines 424--424
\T1/lmr/m/n/8 The re-for-mu-lated
 []


Underfull \hbox (badness 1253) in paragraph at lines 424--424
\T1/lmr/m/n/8 ver-sion in-tro-duces
 []


Underfull \hbox (badness 6859) in paragraph at lines 424--424
\T1/lmr/m/n/8 to rep-re-sent the
 []


Underfull \hbox (badness 10000) in paragraph at lines 424--424
\T1/lmr/m/n/8 ex-pected re-turn
 []


Underfull \hbox (badness 1342) in paragraph at lines 424--424
\T1/lmr/m/n/8 at time $\OML/lmm/m/it/8 t$\T1/lmr/m/n/8 . The
 []


Underfull \hbox (badness 1484) in paragraph at lines 424--424
\T1/lmr/m/n/8 con-straints en-sure
 []


Underfull \hbox (badness 10000) in paragraph at lines 424--424
\T1/lmr/m/n/8 The no-ta-tion is
 []


Underfull \hbox (badness 10000) in paragraph at lines 424--424
\T1/lmr/m/n/8 con-sis-tent with
 []


Underfull \hbox (badness 10000) in paragraph at lines 424--424
\T1/lmr/m/n/8 pre-vi-ous slides,
 []


Underfull \hbox (badness 5345) in paragraph at lines 424--424
\T1/lmr/m/n/8 of in-vest-ment in
 []


Underfull \hbox (badness 10000) in paragraph at lines 424--424
\T1/lmr/m/n/8 as-set $\OML/lmm/m/it/8 j$\T1/lmr/m/n/8 , $\OML/lmm/m/it/8 R[]\OT
1/lmr/m/n/8 (\OML/lmm/m/it/8 t\OT1/lmr/m/n/8 )$
 []


Underfull \hbox (badness 10000) in paragraph at lines 424--424
\T1/lmr/m/n/8 rep-re-sent-ing the
 []


Underfull \hbox (badness 10000) in paragraph at lines 424--424
\T1/lmr/m/n/8 re-turn of as-set
 []


Underfull \hbox (badness 10000) in paragraph at lines 424--424
\OML/lmm/m/it/8 r[]$ \T1/lmr/m/n/8 rep-re-sent-ing
 []


Underfull \hbox (badness 10000) in paragraph at lines 424--424
\T1/lmr/m/n/8 the av-er-age re-
 []


Underfull \hbox (badness 4168) in paragraph at lines 424--424
\T1/lmr/m/n/8 turn of as-set $\OML/lmm/m/it/8 j$\T1/lmr/m/n/8 .
 []


Underfull \hbox (badness 10000) in paragraph at lines 424--424
\T1/lmr/m/n/8 The pa-ram-e-ter
 []


Underfull \hbox (badness 5374) in paragraph at lines 424--424
\OML/lmm/m/it/8 $ \T1/lmr/m/n/8 rep-re-sents the
 []


Underfull \hbox (badness 10000) in paragraph at lines 424--424
\T1/lmr/m/n/8 risk aver-sion
 []


Underfull \hbox (badness 2753) in paragraph at lines 424--424
\T1/lmr/m/n/8 co-ef-fi-cient. The
 []


Underfull \hbox (badness 1303) in paragraph at lines 424--424
\T1/lmr/m/n/8 an-no-ta-tion "(LP)"
 []


Underfull \hbox (badness 10000) in paragraph at lines 424--424
\T1/lmr/m/n/8 in-di-cates that
 []


Underfull \hbox (badness 6927) in paragraph at lines 424--424
\T1/lmr/m/n/8 this is a lin-ear
 []


Underfull \hbox (badness 10000) in paragraph at lines 424--424
\T1/lmr/m/n/8 pro-gram-ming
 []

</Users/ashoksaravanan/Coding/ScribeLec/server/output/MA 421/lectures/2024-10-2
8-ApplsLinProg/figures/13.1.png, id=239, 262.9825pt x 262.9825pt>
File: /Users/ashoksaravanan/Coding/ScribeLec/server/output/MA 421/lectures/2024
-10-28-ApplsLinProg/figures/13.1.png Graphic file (type png)
<use /Users/ashoksaravanan/Coding/ScribeLec/server/output/MA 421/lectures/2024-
10-28-ApplsLinProg/figures/13.1.png>
Package pdftex.def Info: /Users/ashoksaravanan/Coding/ScribeLec/server/output/M
A 421/lectures/2024-10-28-ApplsLinProg/figures/13.1.png  used on input line 441
.
(pdftex.def)             Requested size: 70.46037pt x 70.46048pt.

Underfull \hbox (badness 2088) in paragraph at lines 442--442
[]\T1/lmr/bx/n/8 (a) |\T1/lmr/m/n/8 Port-fo-lio Se-
 []

</Users/ashoksaravanan/Coding/ScribeLec/server/output/MA 421/lectures/2024-10-2
8-ApplsLinProg/figures/13.2.png, id=240, 321.2pt x 262.9825pt>
File: /Users/ashoksaravanan/Coding/ScribeLec/server/output/MA 421/lectures/2024
-10-28-ApplsLinProg/figures/13.2.png Graphic file (type png)
<use /Users/ashoksaravanan/Coding/ScribeLec/server/output/MA 421/lectures/2024-
10-28-ApplsLinProg/figures/13.2.png>
Package pdftex.def Info: /Users/ashoksaravanan/Coding/ScribeLec/server/output/M
A 421/lectures/2024-10-28-ApplsLinProg/figures/13.2.png  used on input line 447
.
(pdftex.def)             Requested size: 70.46037pt x 57.68777pt.

Underfull \hbox (badness 10000) in paragraph at lines 448--448
[]\T1/lmr/bx/n/8 (b) |\T1/lmr/m/n/8 Ob-jec-tive
 []

</Users/ashoksaravanan/Coding/ScribeLec/server/output/MA 421/lectures/2024-10-2
8-ApplsLinProg/figures/13.3.png, id=241, 321.2pt x 271.0125pt>
File: /Users/ashoksaravanan/Coding/ScribeLec/server/output/MA 421/lectures/2024
-10-28-ApplsLinProg/figures/13.3.png Graphic file (type png)
<use /Users/ashoksaravanan/Coding/ScribeLec/server/output/MA 421/lectures/2024-
10-28-ApplsLinProg/figures/13.3.png>
Package pdftex.def Info: /Users/ashoksaravanan/Coding/ScribeLec/server/output/M
A 421/lectures/2024-10-28-ApplsLinProg/figures/13.3.png  used on input line 453
.
(pdftex.def)             Requested size: 70.46037pt x 59.44925pt.

Underfull \hbox (badness 2717) in paragraph at lines 454--454
[]\T1/lmr/bx/n/8 (c) |\T1/lmr/m/n/8 Vari-ance ex-
 []

/Users/ashoksaravanan/Coding/ScribeLec/server/output/MA 421/lectures/2024-10-28
-ApplsLinProg/notes.tex:465: Missing number, treated as zero.
<to be read again> 
                   v
l.465 [v]
         ch. 24 \\
A number should have been here; I inserted `0'.
(If you can't figure out why I needed to see a number,
look up `weird error' in the index to The TeXbook.)

/Users/ashoksaravanan/Coding/ScribeLec/server/output/MA 421/lectures/2024-10-28
-ApplsLinProg/notes.tex:465: Illegal unit of measure (pt inserted).
<to be read again> 
                   v
l.465 [v]
         ch. 24 \\
Dimensions can be in units of em, ex, in, pt, pc,
cm, mm, dd, cc, nd, nc, bp, or sp; but yours is a new one!
I'll assume that you meant to say pt, for printer's points.
To recover gracefully from this error, it's best to
delete the erroneous units; e.g., type `2' to delete
two letters. (See Chapter 27 of The TeXbook.)


/Users/ashoksaravanan/Coding/ScribeLec/server/output/MA 421/lectures/2024-10-28
-ApplsLinProg/notes.tex:465: Package calc Error: `v' invalid at this point.

See the calc package documentation for explanation.
Type  H <return>  for immediate help.
 ...                                              
                                                  
l.465 [v]
         ch. 24 \\
I expected to see one of: + - * / )

/Users/ashoksaravanan/Coding/ScribeLec/server/output/MA 421/lectures/2024-10-28
-ApplsLinProg/notes.tex:465: Extra }, or forgotten \endgroup.
\@gnewline ...\unskip \reserved@e {\reserved@f #1}
                                                  \nobreak \hfil \break \fi 
l.465 [v]
         ch. 24 \\
I've deleted a group-closing symbol because it seems to be
spurious, as in `$x}$'. But perhaps the } is legitimate and
you forgot something else, as in `\hbox{$x}'. In such cases
the way to recover is to insert both the forgotten and the
deleted material, e.g., by typing `I$}'.

/Users/ashoksaravanan/Coding/ScribeLec/server/output/MA 421/lectures/2024-10-28
-ApplsLinProg/notes.tex:466: Missing $ inserted.
<inserted text> 
                $
l.466 max \quad \mu
                    \sum_j x_j ER_j - E \left( \sum_j x_j \tilde{R}_j \right...
I've inserted a begin-math/end-math symbol since I think
you left one out. Proceed, with fingers crossed.

/Users/ashoksaravanan/Coding/ScribeLec/server/output/MA 421/lectures/2024-10-28
-ApplsLinProg/notes.tex:472: Missing $ inserted.
<inserted text> 
                $
l.472 \subsection
                 {Description}%
I've inserted a begin-math/end-math symbol since I think
you left one out. Proceed, with fingers crossed.

</Users/ashoksaravanan/Coding/ScribeLec/server/output/MA 421/lectures/2024-10-2
8-ApplsLinProg/figures/14.1.png, id=242, 262.9825pt x 262.9825pt>
File: /Users/ashoksaravanan/Coding/ScribeLec/server/output/MA 421/lectures/2024
-10-28-ApplsLinProg/figures/14.1.png Graphic file (type png)
<use /Users/ashoksaravanan/Coding/ScribeLec/server/output/MA 421/lectures/2024-
10-28-ApplsLinProg/figures/14.1.png>
Package pdftex.def Info: /Users/ashoksaravanan/Coding/ScribeLec/server/output/M
A 421/lectures/2024-10-28-ApplsLinProg/figures/14.1.png  used on input line 479
.
(pdftex.def)             Requested size: 70.46037pt x 70.46048pt.

Underfull \hbox (badness 2088) in paragraph at lines 480--480
[]\T1/lmr/bx/n/8 (a) |\T1/lmr/m/n/8 Port-fo-lio Se-
 []

</Users/ashoksaravanan/Coding/ScribeLec/server/output/MA 421/lectures/2024-10-2
8-ApplsLinProg/figures/14.2.png, id=243, 321.2pt x 262.9825pt>
File: /Users/ashoksaravanan/Coding/ScribeLec/server/output/MA 421/lectures/2024
-10-28-ApplsLinProg/figures/14.2.png Graphic file (type png)
<use /Users/ashoksaravanan/Coding/ScribeLec/server/output/MA 421/lectures/2024-
10-28-ApplsLinProg/figures/14.2.png>
Package pdftex.def Info: /Users/ashoksaravanan/Coding/ScribeLec/server/output/M
A 421/lectures/2024-10-28-ApplsLinProg/figures/14.2.png  used on input line 485
.
(pdftex.def)             Requested size: 70.46037pt x 57.68777pt.

Underfull \hbox (badness 10000) in paragraph at lines 486--486
[]\T1/lmr/bx/n/8 (b) |\T1/lmr/m/n/8 Ob-jec-tive
 []

</Users/ashoksaravanan/Coding/ScribeLec/server/output/MA 421/lectures/2024-10-2
8-ApplsLinProg/figures/14.3.png, id=244, 321.2pt x 271.0125pt>
File: /Users/ashoksaravanan/Coding/ScribeLec/server/output/MA 421/lectures/2024
-10-28-ApplsLinProg/figures/14.3.png Graphic file (type png)
<use /Users/ashoksaravanan/Coding/ScribeLec/server/output/MA 421/lectures/2024-
10-28-ApplsLinProg/figures/14.3.png>
Package pdftex.def Info: /Users/ashoksaravanan/Coding/ScribeLec/server/output/M
A 421/lectures/2024-10-28-ApplsLinProg/figures/14.3.png  used on input line 491
.
(pdftex.def)             Requested size: 70.46037pt x 59.44925pt.

Underfull \hbox (badness 2717) in paragraph at lines 492--492
[]\T1/lmr/bx/n/8 (c) |\T1/lmr/m/n/8 Vari-ance ex-
 []

/Users/ashoksaravanan/Coding/ScribeLec/server/output/MA 421/lectures/2024-10-28
-ApplsLinProg/notes.tex:503: Missing number, treated as zero.
<to be read again> 
                   v
l.503 [v]
         ch. 24 \\
A number should have been here; I inserted `0'.
(If you can't figure out why I needed to see a number,
look up `weird error' in the index to The TeXbook.)

/Users/ashoksaravanan/Coding/ScribeLec/server/output/MA 421/lectures/2024-10-28
-ApplsLinProg/notes.tex:503: Illegal unit of measure (pt inserted).
<to be read again> 
                   v
l.503 [v]
         ch. 24 \\
Dimensions can be in units of em, ex, in, pt, pc,
cm, mm, dd, cc, nd, nc, bp, or sp; but yours is a new one!
I'll assume that you meant to say pt, for printer's points.
To recover gracefully from this error, it's best to
delete the erroneous units; e.g., type `2' to delete
two letters. (See Chapter 27 of The TeXbook.)


/Users/ashoksaravanan/Coding/ScribeLec/server/output/MA 421/lectures/2024-10-28
-ApplsLinProg/notes.tex:503: Package calc Error: `v' invalid at this point.

See the calc package documentation for explanation.
Type  H <return>  for immediate help.
 ...                                              
                                                  
l.503 [v]
         ch. 24 \\
I expected to see one of: + - * / )

/Users/ashoksaravanan/Coding/ScribeLec/server/output/MA 421/lectures/2024-10-28
-ApplsLinProg/notes.tex:503: Extra }, or forgotten \endgroup.
\@gnewline ...\unskip \reserved@e {\reserved@f #1}
                                                  \nobreak \hfil \break \fi 
l.503 [v]
         ch. 24 \\
I've deleted a group-closing symbol because it seems to be
spurious, as in `$x}$'. But perhaps the } is legitimate and
you forgot something else, as in `\hbox{$x}'. In such cases
the way to recover is to insert both the forgotten and the
deleted material, e.g., by typing `I$}'.

/Users/ashoksaravanan/Coding/ScribeLec/server/output/MA 421/lectures/2024-10-28
-ApplsLinProg/notes.tex:504: Missing $ inserted.
<inserted text> 
                $
l.504 max \quad \mu
                    \sum_j x_j r_j - \sum_{i,j} x_i x_j C_{ij} \\
I've inserted a begin-math/end-math symbol since I think
you left one out. Proceed, with fingers crossed.

/Users/ashoksaravanan/Coding/ScribeLec/server/output/MA 421/lectures/2024-10-28
-ApplsLinProg/notes.tex:507: Missing $ inserted.
<inserted text> 
                $
l.507 \subsection
                 {Description}%
I've inserted a begin-math/end-math symbol since I think
you left one out. Proceed, with fingers crossed.

</Users/ashoksaravanan/Coding/ScribeLec/server/output/MA 421/lectures/2024-10-2
8-ApplsLinProg/figures/15.1.png, id=245, 371.3875pt x 371.3875pt>
File: /Users/ashoksaravanan/Coding/ScribeLec/server/output/MA 421/lectures/2024
-10-28-ApplsLinProg/figures/15.1.png Graphic file (type png)
<use /Users/ashoksaravanan/Coding/ScribeLec/server/output/MA 421/lectures/2024-
10-28-ApplsLinProg/figures/15.1.png>
Package pdftex.def Info: /Users/ashoksaravanan/Coding/ScribeLec/server/output/M
A 421/lectures/2024-10-28-ApplsLinProg/figures/15.1.png  used on input line 514
.
(pdftex.def)             Requested size: 70.46037pt x 70.45668pt.

Underfull \hbox (badness 10000) in paragraph at lines 515--515
[]\T1/lmr/bx/n/8 (a) |\T1/lmr/m/n/8 Hand-writ-ten
 []


Underfull \hbox (badness 10000) in paragraph at lines 515--515
\T1/lmr/m/n/8 notes de-scrib-ing
 []


Underfull \hbox (badness 10000) in paragraph at lines 515--515
\T1/lmr/m/n/8 the Markowitz
 []


Underfull \hbox (badness 2781) in paragraph at lines 515--515
\T1/lmr/m/n/8 port-fo-lio se-lec-tion
 []


Underfull \hbox (badness 10000) in paragraph at lines 515--515
\T1/lmr/m/n/8 func-tion, which
 []


Underfull \hbox (badness 10000) in paragraph at lines 515--515
\T1/lmr/m/n/8 in-volves max-i-
 []


Underfull \hbox (badness 10000) in paragraph at lines 515--515
\T1/lmr/m/n/8 miz-ing a lin-ear
 []


Underfull \hbox (badness 10000) in paragraph at lines 515--515
\T1/lmr/m/n/8 com-bi-na-tion of
 []


Underfull \hbox (badness 7649) in paragraph at lines 515--515
\T1/lmr/m/n/8 re-turns mi-nus a
 []


Underfull \hbox (badness 10000) in paragraph at lines 515--515
\T1/lmr/m/n/8 quadratic term
 []


Underfull \hbox (badness 10000) in paragraph at lines 515--515
\T1/lmr/m/n/8 rep-re-sent-ing the
 []


Underfull \hbox (badness 1102) in paragraph at lines 515--515
\T1/lmr/m/n/8 port-fo-lio vari-ance.
 []


Underfull \hbox (badness 10000) in paragraph at lines 515--515
\T1/lmr/m/n/8 The con-straints
 []


Underfull \hbox (badness 10000) in paragraph at lines 515--515
\T1/lmr/m/n/8 en-sure that the
 []


Underfull \hbox (badness 10000) in paragraph at lines 515--515
\T1/lmr/m/n/8 in-vest-ment pro-
 []


Underfull \hbox (badness 10000) in paragraph at lines 515--515
\T1/lmr/m/n/8 por-tions ($\OML/lmm/m/it/8 x[]$\T1/lmr/m/n/8 )
 []


Underfull \hbox (badness 10000) in paragraph at lines 515--515
\T1/lmr/m/n/8 are non-negative
 []


Underfull \hbox (badness 10000) in paragraph at lines 515--515
\T1/lmr/m/n/8 and sum to 1.
 []


Underfull \hbox (badness 10000) in paragraph at lines 515--515
\T1/lmr/m/n/8 The an-no-ta-tion
 []


Underfull \hbox (badness 10000) in paragraph at lines 515--515
\T1/lmr/m/n/8 "quadratic fct"
 []


Underfull \hbox (badness 2435) in paragraph at lines 515--515
\T1/lmr/m/n/8 ob-jec-tive func-tion
 []


Underfull \hbox (badness 10000) in paragraph at lines 515--515
\T1/lmr/m/n/8 is a quadratic
 []

/Users/ashoksaravanan/Coding/ScribeLec/server/output/MA 421/lectures/2024-10-28
-ApplsLinProg/notes.tex:526: Missing number, treated as zero.
<to be read again> 
                   v
l.526 [v]
         ch. 24 \\
A number should have been here; I inserted `0'.
(If you can't figure out why I needed to see a number,
look up `weird error' in the index to The TeXbook.)

/Users/ashoksaravanan/Coding/ScribeLec/server/output/MA 421/lectures/2024-10-28
-ApplsLinProg/notes.tex:526: Illegal unit of measure (pt inserted).
<to be read again> 
                   v
l.526 [v]
         ch. 24 \\
Dimensions can be in units of em, ex, in, pt, pc,
cm, mm, dd, cc, nd, nc, bp, or sp; but yours is a new one!
I'll assume that you meant to say pt, for printer's points.
To recover gracefully from this error, it's best to
delete the erroneous units; e.g., type `2' to delete
two letters. (See Chapter 27 of The TeXbook.)


/Users/ashoksaravanan/Coding/ScribeLec/server/output/MA 421/lectures/2024-10-28
-ApplsLinProg/notes.tex:526: Package calc Error: `v' invalid at this point.

See the calc package documentation for explanation.
Type  H <return>  for immediate help.
 ...                                              
                                                  
l.526 [v]
         ch. 24 \\
I expected to see one of: + - * / )

/Users/ashoksaravanan/Coding/ScribeLec/server/output/MA 421/lectures/2024-10-28
-ApplsLinProg/notes.tex:526: Extra }, or forgotten \endgroup.
\@gnewline ...\unskip \reserved@e {\reserved@f #1}
                                                  \nobreak \hfil \break \fi 
l.526 [v]
         ch. 24 \\
I've deleted a group-closing symbol because it seems to be
spurious, as in `$x}$'. But perhaps the } is legitimate and
you forgot something else, as in `\hbox{$x}'. In such cases
the way to recover is to insert both the forgotten and the
deleted material, e.g., by typing `I$}'.

/Users/ashoksaravanan/Coding/ScribeLec/server/output/MA 421/lectures/2024-10-28
-ApplsLinProg/notes.tex:527: Missing $ inserted.
<inserted text> 
                $
l.527 \max
           \quad \mu \sum_j x_j r_j - \sum_{i,j} x_i x_j C_{ij} \\
I've inserted a begin-math/end-math symbol since I think
you left one out. Proceed, with fingers crossed.

/Users/ashoksaravanan/Coding/ScribeLec/server/output/MA 421/lectures/2024-10-28
-ApplsLinProg/notes.tex:534: Missing $ inserted.
<inserted text> 
                $
l.534 \subsection
                 {Description}%
I've inserted a begin-math/end-math symbol since I think
you left one out. Proceed, with fingers crossed.

</Users/ashoksaravanan/Coding/ScribeLec/server/output/MA 421/lectures/2024-10-2
8-ApplsLinProg/figures/16.1.png, id=246, 471.7625pt x 220.825pt>
File: /Users/ashoksaravanan/Coding/ScribeLec/server/output/MA 421/lectures/2024
-10-28-ApplsLinProg/figures/16.1.png Graphic file (type png)
<use /Users/ashoksaravanan/Coding/ScribeLec/server/output/MA 421/lectures/2024-
10-28-ApplsLinProg/figures/16.1.png>
Package pdftex.def Info: /Users/ashoksaravanan/Coding/ScribeLec/server/output/M
A 421/lectures/2024-10-28-ApplsLinProg/figures/16.1.png  used on input line 541
.
(pdftex.def)             Requested size: 70.46037pt x 32.98079pt.

Underfull \hbox (badness 2088) in paragraph at lines 542--542
[]\T1/lmr/bx/n/8 (a) |\T1/lmr/m/n/8 Port-fo-lio Se-
 []


Underfull \hbox (badness 10000) in paragraph at lines 542--542
\T1/lmr/m/n/8 Model) for-mu-
 []


Underfull \hbox (badness 10000) in paragraph at lines 542--542
\T1/lmr/m/n/8 la-tion. The
 []


Underfull \hbox (badness 2435) in paragraph at lines 542--542
\T1/lmr/m/n/8 ob-jec-tive func-tion
 []


Underfull \hbox (badness 10000) in paragraph at lines 542--542
\T1/lmr/m/n/8 com-bi-na-tion of
 []


Underfull \hbox (badness 7649) in paragraph at lines 542--542
\T1/lmr/m/n/8 re-turns mi-nus a
 []


Underfull \hbox (badness 10000) in paragraph at lines 542--542
\T1/lmr/m/n/8 quadratic term
 []


Underfull \hbox (badness 1939) in paragraph at lines 542--542
\T1/lmr/m/n/8 rep-re-sent-ing port-
 []


Underfull \hbox (badness 10000) in paragraph at lines 542--542
\T1/lmr/m/n/8 fo-lio vari-ance.
 []


Underfull \hbox (badness 10000) in paragraph at lines 542--542
\T1/lmr/m/n/8 Con-straints en-
 []


Underfull \hbox (badness 10000) in paragraph at lines 542--542
\T1/lmr/m/n/8 sure in-vest-ment
 []


Underfull \hbox (badness 10000) in paragraph at lines 542--542
\T1/lmr/m/n/8 pro-por-tions are
 []


Underfull \hbox (badness 10000) in paragraph at lines 542--542
\T1/lmr/m/n/8 non-negative and
 []

</Users/ashoksaravanan/Coding/ScribeLec/server/output/MA 421/lectures/2024-10-2
8-ApplsLinProg/figures/16.2.png, id=247, 471.7625pt x 271.0125pt>
File: /Users/ashoksaravanan/Coding/ScribeLec/server/output/MA 421/lectures/2024
-10-28-ApplsLinProg/figures/16.2.png Graphic file (type png)
<use /Users/ashoksaravanan/Coding/ScribeLec/server/output/MA 421/lectures/2024-
10-28-ApplsLinProg/figures/16.2.png>
Package pdftex.def Info: /Users/ashoksaravanan/Coding/ScribeLec/server/output/M
A 421/lectures/2024-10-28-ApplsLinProg/figures/16.2.png  used on input line 547
.
(pdftex.def)             Requested size: 70.46037pt x 40.47643pt.

Underfull \hbox (badness 10000) in paragraph at lines 548--548
[]\T1/lmr/bx/n/8 (b) |\T1/lmr/m/n/8 Quadratic
 []


Underfull \hbox (badness 10000) in paragraph at lines 548--548
\T1/lmr/m/n/8 Pro-gram-ming
 []


Underfull \hbox (badness 10000) in paragraph at lines 548--548
\T1/lmr/m/n/8 ob-jec-tive func-
 []


Underfull \hbox (badness 10000) in paragraph at lines 548--548
\T1/lmr/m/n/8 tion min-i-mizes
 []


Underfull \hbox (badness 10000) in paragraph at lines 548--548
\T1/lmr/m/n/8 a lin-ear term
 []


Underfull \hbox (badness 4647) in paragraph at lines 548--548
\T1/lmr/m/n/8 plus a quadratic
 []


Underfull \hbox (badness 10000) in paragraph at lines 548--548
\T1/lmr/m/n/8 in-volve ma-trix
 []


Underfull \hbox (badness 10000) in paragraph at lines 548--548
\T1/lmr/m/n/8 in-equal-ity and
 []

</Users/ashoksaravanan/Coding/ScribeLec/server/output/MA 421/lectures/2024-10-2
8-ApplsLinProg/figures/17.1.png, id=248, 521.95pt x 351.3125pt>
File: /Users/ashoksaravanan/Coding/ScribeLec/server/output/MA 421/lectures/2024
-10-28-ApplsLinProg/figures/17.1.png Graphic file (type png)
<use /Users/ashoksaravanan/Coding/ScribeLec/server/output/MA 421/lectures/2024-
10-28-ApplsLinProg/figures/17.1.png>
Package pdftex.def Info: /Users/ashoksaravanan/Coding/ScribeLec/server/output/M
A 421/lectures/2024-10-28-ApplsLinProg/figures/17.1.png  used on input line 570
.
(pdftex.def)             Requested size: 70.46037pt x 47.42513pt.

Underfull \hbox (badness 10000) in paragraph at lines 571--571
[]\T1/lmr/bx/n/8 (a) |\T1/lmr/m/n/8 A di-a-gram
 []


Underfull \hbox (badness 6876) in paragraph at lines 571--571
\T1/lmr/m/n/8 show-ing a cir-cle
 []


Underfull \hbox (badness 10000) in paragraph at lines 571--571
\T1/lmr/m/n/8 en-clos-ing sev-eral
 []


Underfull \hbox (badness 3250) in paragraph at lines 571--571
\T1/lmr/m/n/8 The cir-cle rep-re-
 []

</Users/ashoksaravanan/Coding/ScribeLec/server/output/MA 421/lectures/2024-10-2
8-ApplsLinProg/figures/18.1.png, id=249, 521.95pt x 572.1375pt>
File: /Users/ashoksaravanan/Coding/ScribeLec/server/output/MA 421/lectures/2024
-10-28-ApplsLinProg/figures/18.1.png Graphic file (type png)
<use /Users/ashoksaravanan/Coding/ScribeLec/server/output/MA 421/lectures/2024-
10-28-ApplsLinProg/figures/18.1.png>
Package pdftex.def Info: /Users/ashoksaravanan/Coding/ScribeLec/server/output/M
A 421/lectures/2024-10-28-ApplsLinProg/figures/18.1.png  used on input line 602
.
(pdftex.def)             Requested size: 70.46037pt x 77.23523pt.

Underfull \hbox (badness 10000) in paragraph at lines 603--603
[]\T1/lmr/bx/n/8 (a) |\T1/lmr/m/n/8 Hand-writ-ten
 []


Underfull \hbox (badness 10000) in paragraph at lines 603--603
\T1/lmr/m/n/8 notes de-scrib-
 []


Underfull \hbox (badness 10000) in paragraph at lines 603--603
\T1/lmr/m/n/8 ing a the-o-rem
 []


Underfull \hbox (badness 10000) in paragraph at lines 603--603
\T1/lmr/m/n/8 about find-ing
 []


Underfull \hbox (badness 3701) in paragraph at lines 603--603
\T1/lmr/m/n/8 the small-est ball
 []


Underfull \hbox (badness 6893) in paragraph at lines 603--603
\T1/lmr/m/n/8 con-tain-ing a set
 []


Underfull \hbox (badness 2837) in paragraph at lines 603--603
\T1/lmr/m/n/8 of points. The
 []


Underfull \hbox (badness 10000) in paragraph at lines 603--603
\T1/lmr/m/n/8 the-o-rem in-volves
 []


Underfull \hbox (badness 2150) in paragraph at lines 603--603
\T1/lmr/m/n/8 a quadratic op-ti-
 []


Underfull \hbox (badness 5189) in paragraph at lines 603--603
\T1/lmr/m/n/8 miza-tion prob-lem
 []


Underfull \hbox (badness 10000) in paragraph at lines 603--603
\T1/lmr/m/n/8 op-ti-mal so-lu-tion
 []


Underfull \hbox (badness 10000) in paragraph at lines 603--603
\T1/lmr/m/n/8 cor-re-sponds to
 []


Underfull \hbox (badness 2608) in paragraph at lines 603--603
\T1/lmr/m/n/8 small-est en-clos-ing
 []

</Users/ashoksaravanan/Coding/ScribeLec/server/output/MA 421/lectures/2024-10-2
8-ApplsLinProg/figures/19.1.png, id=250, 471.7625pt x 471.7625pt>
File: /Users/ashoksaravanan/Coding/ScribeLec/server/output/MA 421/lectures/2024
-10-28-ApplsLinProg/figures/19.1.png Graphic file (type png)
<use /Users/ashoksaravanan/Coding/ScribeLec/server/output/MA 421/lectures/2024-
10-28-ApplsLinProg/figures/19.1.png>
Package pdftex.def Info: /Users/ashoksaravanan/Coding/ScribeLec/server/output/M
A 421/lectures/2024-10-28-ApplsLinProg/figures/19.1.png  used on input line 623
.
(pdftex.def)             Requested size: 70.46037pt x 70.45897pt.

Underfull \hbox (badness 10000) in paragraph at lines 624--624
[]\T1/lmr/bx/n/8 (a) |\T1/lmr/m/n/8 A bi-par-tite
 []


Underfull \hbox (badness 4036) in paragraph at lines 624--624
\T1/lmr/m/n/8 graph show-ing a
 []


Underfull \hbox (badness 10000) in paragraph at lines 624--624
\T1/lmr/m/n/8 max-i-mum weight
 []


Underfull \hbox (badness 10000) in paragraph at lines 624--624
\T1/lmr/m/n/8 The nodes on
 []


Underfull \hbox (badness 1584) in paragraph at lines 624--624
\T1/lmr/m/n/8 the left rep-re-sent
 []


Underfull \hbox (badness 10000) in paragraph at lines 624--624
\T1/lmr/m/n/8 sec-re-tary, trend
 []


Underfull \hbox (badness 10000) in paragraph at lines 624--624
\T1/lmr/m/n/8 re-tary, va-ca-tion
 []


Underfull \hbox (badness 10000) in paragraph at lines 624--624
\T1/lmr/m/n/8 spe-cial-ist, web-
 []


Underfull \hbox (badness 1924) in paragraph at lines 624--624
\T1/lmr/m/n/8 mas-ter), and the
 []


Underfull \hbox (badness 10000) in paragraph at lines 624--624
\T1/lmr/m/n/8 rep-re-sent names
 []


Underfull \hbox (badness 10000) in paragraph at lines 624--624
\T1/lmr/m/n/8 (Amos, Boris,
 []


Underfull \hbox (badness 3240) in paragraph at lines 624--624
\T1/lmr/m/n/8 Co-lette, De-v-datt,
 []


Underfull \hbox (badness 10000) in paragraph at lines 624--624
\T1/lmr/m/n/8 Eleanor, For-tu-
 []


Underfull \hbox (badness 10000) in paragraph at lines 624--624
\T1/lmr/m/n/8 nato, Gu-drun).
 []


Underfull \hbox (badness 10000) in paragraph at lines 624--624
\T1/lmr/m/n/8 ti-tles to names,
 []

</Users/ashoksaravanan/Coding/ScribeLec/server/output/MA 421/lectures/2024-10-2
8-ApplsLinProg/figures/20.1.png, id=251, 471.7625pt x 471.7625pt>
File: /Users/ashoksaravanan/Coding/ScribeLec/server/output/MA 421/lectures/2024
-10-28-ApplsLinProg/figures/20.1.png Graphic file (type png)
<use /Users/ashoksaravanan/Coding/ScribeLec/server/output/MA 421/lectures/2024-
10-28-ApplsLinProg/figures/20.1.png>
Package pdftex.def Info: /Users/ashoksaravanan/Coding/ScribeLec/server/output/M
A 421/lectures/2024-10-28-ApplsLinProg/figures/20.1.png  used on input line 644
.
(pdftex.def)             Requested size: 70.46037pt x 70.45897pt.

Underfull \hbox (badness 10000) in paragraph at lines 645--645
[]\T1/lmr/bx/n/8 (a) |\T1/lmr/m/n/8 A bi-par-tite
 []


Underfull \hbox (badness 4036) in paragraph at lines 645--645
\T1/lmr/m/n/8 graph show-ing a
 []


Underfull \hbox (badness 10000) in paragraph at lines 645--645
\T1/lmr/m/n/8 max-i-mum weight
 []


Underfull \hbox (badness 10000) in paragraph at lines 645--645
\T1/lmr/m/n/8 The nodes on
 []


Underfull \hbox (badness 1584) in paragraph at lines 645--645
\T1/lmr/m/n/8 the left rep-re-sent
 []


Underfull \hbox (badness 10000) in paragraph at lines 645--645
\T1/lmr/m/n/8 sec-re-tary, trend
 []


Underfull \hbox (badness 10000) in paragraph at lines 645--645
\T1/lmr/m/n/8 re-tary, va-ca-tion
 []


Underfull \hbox (badness 10000) in paragraph at lines 645--645
\T1/lmr/m/n/8 spe-cial-ist, web-
 []


Underfull \hbox (badness 1924) in paragraph at lines 645--645
\T1/lmr/m/n/8 mas-ter), and the
 []


Underfull \hbox (badness 10000) in paragraph at lines 645--645
\T1/lmr/m/n/8 rep-re-sent names
 []


Underfull \hbox (badness 10000) in paragraph at lines 645--645
\T1/lmr/m/n/8 (Amos, Boris,
 []


Underfull \hbox (badness 3240) in paragraph at lines 645--645
\T1/lmr/m/n/8 Co-lette, De-v-datt,
 []


Underfull \hbox (badness 10000) in paragraph at lines 645--645
\T1/lmr/m/n/8 Eleanor, For-tu-
 []


Underfull \hbox (badness 10000) in paragraph at lines 645--645
\T1/lmr/m/n/8 nato, Gu-drun).
 []


Underfull \hbox (badness 10000) in paragraph at lines 645--645
\T1/lmr/m/n/8 ti-tles to names,
 []

</Users/ashoksaravanan/Coding/ScribeLec/server/output/MA 421/lectures/2024-10-2
8-ApplsLinProg/figures/21.1.png, id=252, 571.13374pt x 571.13374pt>
File: /Users/ashoksaravanan/Coding/ScribeLec/server/output/MA 421/lectures/2024
-10-28-ApplsLinProg/figures/21.1.png Graphic file (type png)
<use /Users/ashoksaravanan/Coding/ScribeLec/server/output/MA 421/lectures/2024-
10-28-ApplsLinProg/figures/21.1.png>
Package pdftex.def Info: /Users/ashoksaravanan/Coding/ScribeLec/server/output/M
A 421/lectures/2024-10-28-ApplsLinProg/figures/21.1.png  used on input line 665
.
(pdftex.def)             Requested size: 70.46037pt x 70.45906pt.

Underfull \hbox (badness 10000) in paragraph at lines 666--666
[]\T1/lmr/bx/n/8 (a) |\T1/lmr/m/n/8 A bi-par-tite
 []


Underfull \hbox (badness 4036) in paragraph at lines 666--666
\T1/lmr/m/n/8 graph show-ing a
 []


Underfull \hbox (badness 10000) in paragraph at lines 666--666
\T1/lmr/m/n/8 max-i-mum weight
 []


Underfull \hbox (badness 10000) in paragraph at lines 666--666
\T1/lmr/m/n/8 The nodes on
 []


Underfull \hbox (badness 1584) in paragraph at lines 666--666
\T1/lmr/m/n/8 the left rep-re-sent
 []


Underfull \hbox (badness 10000) in paragraph at lines 666--666
\T1/lmr/m/n/8 sec-re-tary, trend
 []


Underfull \hbox (badness 10000) in paragraph at lines 666--666
\T1/lmr/m/n/8 re-tary, va-ca-tion
 []


Underfull \hbox (badness 10000) in paragraph at lines 666--666
\T1/lmr/m/n/8 spe-cial-ist, web-
 []


Underfull \hbox (badness 1924) in paragraph at lines 666--666
\T1/lmr/m/n/8 mas-ter), and the
 []


Underfull \hbox (badness 10000) in paragraph at lines 666--666
\T1/lmr/m/n/8 rep-re-sent names
 []


Underfull \hbox (badness 10000) in paragraph at lines 666--666
\T1/lmr/m/n/8 (Amos, Boris,
 []


Underfull \hbox (badness 3240) in paragraph at lines 666--666
\T1/lmr/m/n/8 Co-lette, De-v-datt,
 []


Underfull \hbox (badness 10000) in paragraph at lines 666--666
\T1/lmr/m/n/8 Eleanor, For-tu-
 []


Underfull \hbox (badness 10000) in paragraph at lines 666--666
\T1/lmr/m/n/8 nato, Gu-drun).
 []


Underfull \hbox (badness 10000) in paragraph at lines 666--666
\T1/lmr/m/n/8 ti-tles to names,
 []


Underfull \hbox (badness 1590) in paragraph at lines 666--666
\T1/lmr/m/n/8 blue shaded edge
 []


Underfull \hbox (badness 4454) in paragraph at lines 666--666
\T1/lmr/m/n/8 "e edge". The
 []


Underfull \hbox (badness 6961) in paragraph at lines 666--666
\T1/lmr/m/n/8 line and la-beled
 []


Underfull \hbox (badness 1231) in paragraph at lines 666--666
\T1/lmr/m/n/8 "ver-tices, v". A
 []


Underfull \hbox (badness 4582) in paragraph at lines 666--666
\T1/lmr/m/n/8 red box en-closes
 []


Underfull \hbox (badness 5203) in paragraph at lines 666--666
\T1/lmr/m/n/8 the math-e-mat-i-cal
 []

</Users/ashoksaravanan/Coding/ScribeLec/server/output/MA 421/lectures/2024-10-2
8-ApplsLinProg/figures/21.2.png, id=253, 271.0125pt x 371.3875pt>
File: /Users/ashoksaravanan/Coding/ScribeLec/server/output/MA 421/lectures/2024
-10-28-ApplsLinProg/figures/21.2.png Graphic file (type png)
<use /Users/ashoksaravanan/Coding/ScribeLec/server/output/MA 421/lectures/2024-
10-28-ApplsLinProg/figures/21.2.png>
Package pdftex.def Info: /Users/ashoksaravanan/Coding/ScribeLec/server/output/M
A 421/lectures/2024-10-28-ApplsLinProg/figures/21.2.png  used on input line 671
.
(pdftex.def)             Requested size: 70.46037pt x 96.5528pt.
/Users/ashoksaravanan/Coding/ScribeLec/server/output/MA 421/lectures/2024-10-28
-ApplsLinProg/notes.tex:679: Missing \endgroup inserted.
<inserted text> 
                \endgroup 
l.679 }
       %
I've inserted something that you may have forgotten.
(See the <inserted text> above.)
With luck, this will get me unwedged. But if you
really didn't forget anything, try typing `2' now; then
my insertion and my current dilemma will both disappear.

/Users/ashoksaravanan/Coding/ScribeLec/server/output/MA 421/lectures/2024-10-28
-ApplsLinProg/notes.tex:679: Missing } inserted.
<inserted text> 
                }
l.679 }
       %
I've inserted something that you may have forgotten.
(See the <inserted text> above.)
With luck, this will get me unwedged. But if you
really didn't forget anything, try typing `2' now; then
my insertion and my current dilemma will both disappear.

/Users/ashoksaravanan/Coding/ScribeLec/server/output/MA 421/lectures/2024-10-28
-ApplsLinProg/notes.tex:679: Missing \endgroup inserted.
<inserted text> 
                \endgroup 
l.679 }
       %
I've inserted something that you may have forgotten.
(See the <inserted text> above.)
With luck, this will get me unwedged. But if you
really didn't forget anything, try typing `2' now; then
my insertion and my current dilemma will both disappear.

/Users/ashoksaravanan/Coding/ScribeLec/server/output/MA 421/lectures/2024-10-28
-ApplsLinProg/notes.tex:679: Missing } inserted.
<inserted text> 
                }
l.679 }
       %
I've inserted something that you may have forgotten.
(See the <inserted text> above.)
With luck, this will get me unwedged. But if you
really didn't forget anything, try typing `2' now; then
my insertion and my current dilemma will both disappear.


Overfull \hbox (54.88316pt too wide) detected at line 679
[]
 []


/Users/ashoksaravanan/Coding/ScribeLec/server/output/MA 421/lectures/2024-10-28
-ApplsLinProg/notes.tex:679: LaTeX Error: \begin{subfigure} on input line 669 e
nded by \end{align*}.

See the LaTeX manual or LaTeX Companion for explanation.
Type  H <return>  for immediate help.
 ...                                              
                                                  
l.679 }
       %
Your command was ignored.
Type  I <command> <return>  to replace it with another command,
or  <return>  to continue without it.

/Users/ashoksaravanan/Coding/ScribeLec/server/output/MA 421/lectures/2024-10-28
-ApplsLinProg/notes.tex:679: Missing $ inserted.
<inserted text> 
                $
l.679 }
       %
I've inserted something that you may have forgotten.
(See the <inserted text> above.)
With luck, this will get me unwedged. But if you
really didn't forget anything, try typing `2' now; then
my insertion and my current dilemma will both disappear.

/Users/ashoksaravanan/Coding/ScribeLec/server/output/MA 421/lectures/2024-10-28
-ApplsLinProg/notes.tex:679: Display math should end with $$.
<to be read again> 
                   \endgroup 
l.679 }
       %
The `$' that I just saw supposedly matches a previous `$$'.
So I shall assume that you typed `$$' both times.

/Users/ashoksaravanan/Coding/ScribeLec/server/output/MA 421/lectures/2024-10-28
-ApplsLinProg/notes.tex:679: Extra }, or forgotten \endgroup.
<argument> ... \strutbox \fi }{}\caption@textend }
                                                  
l.679 }
       %
I've deleted a group-closing symbol because it seems to be
spurious, as in `$x}$'. But perhaps the } is legitimate and
you forgot something else, as in `\hbox{$x}'. In such cases
the way to recover is to insert both the forgotten and the
deleted material, e.g., by typing `I$}'.

/Users/ashoksaravanan/Coding/ScribeLec/server/output/MA 421/lectures/2024-10-28
-ApplsLinProg/notes.tex:679: Extra }, or forgotten \endgroup.
\sbox  ...box {\color@setgroup #2\color@endgroup }
                                                  
l.679 }
       %
I've deleted a group-closing symbol because it seems to be
spurious, as in `$x}$'. But perhaps the } is legitimate and
you forgot something else, as in `\hbox{$x}'. In such cases
the way to recover is to insert both the forgotten and the
deleted material, e.g., by typing `I$}'.

/Users/ashoksaravanan/Coding/ScribeLec/server/output/MA 421/lectures/2024-10-28
-ApplsLinProg/notes.tex:679: Missing } inserted.
<inserted text> 
                }
l.679 }
       %
I've inserted something that you may have forgotten.
(See the <inserted text> above.)
With luck, this will get me unwedged. But if you
really didn't forget anything, try typing `2' now; then
my insertion and my current dilemma will both disappear.

/Users/ashoksaravanan/Coding/ScribeLec/server/output/MA 421/lectures/2024-10-28
-ApplsLinProg/notes.tex:680: Undefined control sequence.
\subcaption@endminipage ...ption@endminipage@hook 
                                                  \endminipage 
l.680 \end{subfigure}
                     %
The control sequence at the end of the top line
of your error message was never \def'ed. If you have
misspelled it (e.g., `\hobx'), type `I' and the correct
spelling (e.g., `I\hbox'). Otherwise just continue,
and I'll forget about whatever was undefined.

/Users/ashoksaravanan/Coding/ScribeLec/server/output/MA 421/lectures/2024-10-28
-ApplsLinProg/notes.tex:680: Missing } inserted.
<inserted text> 
                }
l.680 \end{subfigure}
                     %
I've inserted something that you may have forgotten.
(See the <inserted text> above.)
With luck, this will get me unwedged. But if you
really didn't forget anything, try typing `2' now; then
my insertion and my current dilemma will both disappear.

/Users/ashoksaravanan/Coding/ScribeLec/server/output/MA 421/lectures/2024-10-28
-ApplsLinProg/notes.tex:680: Undefined control sequence.
\endminipage ...\expandafter \@iiiparbox \@mpargs 
                                                  {\unvbox \@tempboxa }
l.680 \end{subfigure}
                     %
The control sequence at the end of the top line
of your error message was never \def'ed. If you have
misspelled it (e.g., `\hobx'), type `I' and the correct
spelling (e.g., `I\hbox'). Otherwise just continue,
and I'll forget about whatever was undefined.

/Users/ashoksaravanan/Coding/ScribeLec/server/output/MA 421/lectures/2024-10-28
-ApplsLinProg/notes.tex:693: Missing number, treated as zero.
<to be read again> 
                   P
l.693 ...on each machine.  The reference "[MEJ] P.
                                                   148" likely refers to a p...
A number should have been here; I inserted `0'.
(If you can't figure out why I needed to see a number,
look up `weird error' in the index to The TeXbook.)

/Users/ashoksaravanan/Coding/ScribeLec/server/output/MA 421/lectures/2024-10-28
-ApplsLinProg/notes.tex:693: Illegal unit of measure (pt inserted).
<to be read again> 
                   P
l.693 ...on each machine.  The reference "[MEJ] P.
                                                   148" likely refers to a p...
Dimensions can be in units of em, ex, in, pt, pc,
cm, mm, dd, cc, nd, nc, bp, or sp; but yours is a new one!
I'll assume that you meant to say pt, for printer's points.
To recover gracefully from this error, it's best to
delete the erroneous units; e.g., type `2' to delete
two letters. (See Chapter 27 of The TeXbook.)


/Users/ashoksaravanan/Coding/ScribeLec/server/output/MA 421/lectures/2024-10-28
-ApplsLinProg/notes.tex:693: Package calc Error: `P' invalid at this point.

See the calc package documentation for explanation.
Type  H <return>  for immediate help.
 ...                                              
                                                  
l.693 ...on each machine.  The reference "[MEJ] P.
                                                   148" likely refers to a p...

I expected to see one of: + - * / )

Runaway argument?
{\@checkend {subfigure}\expandafter \endgroup \if@endpe \@doendpe \fi \ETC.
/Users/ashoksaravanan/Coding/ScribeLec/server/output/MA 421/lectures/2024-10-28
-ApplsLinProg/notes.tex:693: Paragraph ended before \calc@assign@generic was co
mplete.
<to be read again> 
                   \par 
l.693 ...on each machine.  The reference "[MEJ] P.
                                                   148" likely refers to a p...
I suspect you've forgotten a `}', causing me to apply this
control sequence to too much text. How can we recover?
My plan is to forget the whole thing and hope for the best.

/Users/ashoksaravanan/Coding/ScribeLec/server/output/MA 421/lectures/2024-10-28
-ApplsLinProg/notes.tex:693: Misplaced alignment tab character &.
<argument> ...three different machines: "Single B&
                                                  W," "Duplex B&W," and "Dup...
l.693 ...on each machine.  The reference "[MEJ] P.
                                                   148" likely refers to a p...
I can't figure out why you would want to use a tab mark
here. If you just want an ampersand, the remedy is
simple: Just type `I\&' now. But if some right brace
up above has ended a previous alignment prematurely,
you're probably due for more error messages, and you
might try typing `S' now just to see what is salvageable.

/Users/ashoksaravanan/Coding/ScribeLec/server/output/MA 421/lectures/2024-10-28
-ApplsLinProg/notes.tex:693: Misplaced alignment tab character &.
<argument> ...t machines: "Single B&W," "Duplex B&
                                                  W," and "Duplex Color." Ea...
l.693 ...on each machine.  The reference "[MEJ] P.
                                                   148" likely refers to a p...
I can't figure out why you would want to use a tab mark
here. If you just want an ampersand, the remedy is
simple: Just type `I\&' now. But if some right brace
up above has ended a previous alignment prematurely,
you're probably due for more error messages, and you
might try typing `S' now just to see what is salvageable.

/Users/ashoksaravanan/Coding/ScribeLec/server/output/MA 421/lectures/2024-10-28
-ApplsLinProg/notes.tex:693: Extra }, or forgotten \endgroup.
\@iiiparbox ... #2\else \setlength \@tempdimb {#2}
                                                  \edef \@parboxto {to\the \...
l.693 ...on each machine.  The reference "[MEJ] P.
                                                   148" likely refers to a p...
I've deleted a group-closing symbol because it seems to be
spurious, as in `$x}$'. But perhaps the } is legitimate and
you forgot something else, as in `\hbox{$x}'. In such cases
the way to recover is to insert both the forgotten and the
deleted material, e.g., by typing `I$}'.


LaTeX Warning: Unexpected alignment MEJ on input line 693.

</Users/ashoksaravanan/Coding/ScribeLec/server/output/MA 421/lectures/2024-10-2
8-ApplsLinProg/figures/22.1.png, id=254, 853.1875pt x 607.26875pt>
File: /Users/ashoksaravanan/Coding/ScribeLec/server/output/MA 421/lectures/2024
-10-28-ApplsLinProg/figures/22.1.png Graphic file (type png)
<use /Users/ashoksaravanan/Coding/ScribeLec/server/output/MA 421/lectures/2024-
10-28-ApplsLinProg/figures/22.1.png>
Package pdftex.def Info: /Users/ashoksaravanan/Coding/ScribeLec/server/output/M
A 421/lectures/2024-10-28-ApplsLinProg/figures/22.1.png  used on input line 699
.
(pdftex.def)             Requested size: 70.46037pt x 50.14847pt.
/Users/ashoksaravanan/Coding/ScribeLec/server/output/MA 421/lectures/2024-10-28
-ApplsLinProg/notes.tex:700: Misplaced alignment tab character &.
<argument> ... three different machines: Single B&
                                                  W, Duplex B&W, and Duplex ...
l.700 ...e required for each job on each machine.}
                                                  %
I can't figure out why you would want to use a tab mark
here. If you just want an ampersand, the remedy is
simple: Just type `I\&' now. But if some right brace
up above has ended a previous alignment prematurely,
you're probably due for more error messages, and you
might try typing `S' now just to see what is salvageable.

/Users/ashoksaravanan/Coding/ScribeLec/server/output/MA 421/lectures/2024-10-28
-ApplsLinProg/notes.tex:700: Misplaced alignment tab character &.
<argument> ...rent machines: Single B&W, Duplex B&
                                                  W, and Duplex Color. The r...
l.700 ...e required for each job on each machine.}
                                                  %
I can't figure out why you would want to use a tab mark
here. If you just want an ampersand, the remedy is
simple: Just type `I\&' now. But if some right brace
up above has ended a previous alignment prematurely,
you're probably due for more error messages, and you
might try typing `S' now just to see what is salvageable.

/Users/ashoksaravanan/Coding/ScribeLec/server/output/MA 421/lectures/2024-10-28
-ApplsLinProg/notes.tex:700: Misplaced alignment tab character &.
<argument> ... three different machines: Single B&
                                                  W, Duplex B&W, and Duplex ...
l.700 ...e required for each job on each machine.}
                                                  %
I can't figure out why you would want to use a tab mark
here. If you just want an ampersand, the remedy is
simple: Just type `I\&' now. But if some right brace
up above has ended a previous alignment prematurely,
you're probably due for more error messages, and you
might try typing `S' now just to see what is salvageable.

/Users/ashoksaravanan/Coding/ScribeLec/server/output/MA 421/lectures/2024-10-28
-ApplsLinProg/notes.tex:700: Misplaced alignment tab character &.
<argument> ...rent machines: Single B&W, Duplex B&
                                                  W, and Duplex Color. The r...
l.700 ...e required for each job on each machine.}
                                                  %
I can't figure out why you would want to use a tab mark
here. If you just want an ampersand, the remedy is
simple: Just type `I\&' now. But if some right brace
up above has ended a previous alignment prematurely,
you're probably due for more error messages, and you
might try typing `S' now just to see what is salvageable.


Underfull \hbox (badness 10000) in paragraph at lines 700--700
[]\T1/lmr/bx/n/8 (a) |\T1/lmr/m/n/8 A ta-ble
 []


Underfull \hbox (badness 1442) in paragraph at lines 700--700
\T1/lmr/m/n/8 show-ing the time
 []


Underfull \hbox (badness 2970) in paragraph at lines 700--700
\T1/lmr/m/n/8 ent print-ing jobs
 []


Underfull \hbox (badness 1057) in paragraph at lines 700--700
\T1/lmr/m/n/8 on three dif-fer-ent
 []


Underfull \hbox (badness 2521) in paragraph at lines 700--700
\T1/lmr/m/n/8 ma-chines: Sin-gle
 []


Underfull \hbox (badness 10000) in paragraph at lines 700--700
\T1/lmr/m/n/8 dif-fer-ent jobs
 []


Underfull \hbox (badness 10000) in paragraph at lines 700--700
\T1/lmr/m/n/8 whether they
 []


Underfull \hbox (badness 6445) in paragraph at lines 700--700
\T1/lmr/m/n/8 are one-sided or
 []


Underfull \hbox (badness 4595) in paragraph at lines 700--700
\T1/lmr/m/n/8 The ta-ble shows
 []


Underfull \hbox (badness 4353) in paragraph at lines 700--700
\T1/lmr/m/n/8 for each job on
 []

/Users/ashoksaravanan/Coding/ScribeLec/server/output/MA 421/lectures/2024-10-28
-ApplsLinProg/notes.tex:714: Missing $ inserted.
<inserted text> 
                $
l.714 d_
        {ij} = \text{running time of job } j \text{ in machine } i \\
I've inserted a begin-math/end-math symbol since I think
you left one out. Proceed, with fingers crossed.

/Users/ashoksaravanan/Coding/ScribeLec/server/output/MA 421/lectures/2024-10-28
-ApplsLinProg/notes.tex:724: Missing $ inserted.
<inserted text> 
                $
l.724 \subsection
                 {Description}%
I've inserted a begin-math/end-math symbol since I think
you left one out. Proceed, with fingers crossed.

</Users/ashoksaravanan/Coding/ScribeLec/server/output/MA 421/lectures/2024-10-2
8-ApplsLinProg/figures/23.1.png, id=255, 853.1875pt x 592.2125pt>
File: /Users/ashoksaravanan/Coding/ScribeLec/server/output/MA 421/lectures/2024
-10-28-ApplsLinProg/figures/23.1.png Graphic file (type png)
<use /Users/ashoksaravanan/Coding/ScribeLec/server/output/MA 421/lectures/2024-
10-28-ApplsLinProg/figures/23.1.png>
Package pdftex.def Info: /Users/ashoksaravanan/Coding/ScribeLec/server/output/M
A 421/lectures/2024-10-28-ApplsLinProg/figures/23.1.png  used on input line 743
.
(pdftex.def)             Requested size: 70.46037pt x 48.90512pt.

Underfull \hbox (badness 6016) in paragraph at lines 744--744
[]\T1/lmr/bx/n/8 (a) |\T1/lmr/m/n/8 A red box
 []


Underfull \hbox (badness 10000) in paragraph at lines 744--744
\T1/lmr/m/n/8 mat-i-cal for-mu-la-
 []


Underfull \hbox (badness 10000) in paragraph at lines 744--744
\T1/lmr/m/n/8 schedul-ing prob-
 []


Underfull \hbox (badness 10000) in paragraph at lines 744--744
\T1/lmr/m/n/8 re-sents the set
 []


Underfull \hbox (badness 10000) in paragraph at lines 744--744
\T1/lmr/m/n/8 of ma-chines, J
 []


Underfull \hbox (badness 10000) in paragraph at lines 744--744
\T1/lmr/m/n/8 rep-re-sents the
 []


Underfull \hbox (badness 2626) in paragraph at lines 744--744
\T1/lmr/m/n/8 set of jobs, and
 []


Underfull \hbox (badness 10000) in paragraph at lines 744--744
\T1/lmr/m/n/8 run-ning time of
 []


Underfull \hbox (badness 10000) in paragraph at lines 744--744
\T1/lmr/m/n/8 func-tion is to
 []


Underfull \hbox (badness 1484) in paragraph at lines 744--744
\T1/lmr/m/n/8 con-straints en-sure
 []


Underfull \hbox (badness 2726) in paragraph at lines 744--744
\T1/lmr/m/n/8 that each job is
 []


Underfull \hbox (badness 2150) in paragraph at lines 744--744
\T1/lmr/m/n/8 one ma-chine and
 []


Underfull \hbox (badness 10000) in paragraph at lines 744--744
\T1/lmr/m/n/8 that the to-tal
 []


Underfull \hbox (badness 5050) in paragraph at lines 744--744
\T1/lmr/m/n/8 run-ning time on
 []


Underfull \hbox (badness 7203) in paragraph at lines 744--744
\T1/lmr/m/n/8 de-ci-sion vari-ables
 []


Underfull \hbox (badness 10000) in paragraph at lines 744--744
\OML/lmm/m/it/8 x[]$ \T1/lmr/m/n/8 are bi-nary,
 []

</Users/ashoksaravanan/Coding/ScribeLec/server/output/MA 421/lectures/2024-10-2
8-ApplsLinProg/figures/24.1.png, id=256, 938.50626pt x 923.45pt>
File: /Users/ashoksaravanan/Coding/ScribeLec/server/output/MA 421/lectures/2024
-10-28-ApplsLinProg/figures/24.1.png Graphic file (type png)
<use /Users/ashoksaravanan/Coding/ScribeLec/server/output/MA 421/lectures/2024-
10-28-ApplsLinProg/figures/24.1.png>
Package pdftex.def Info: /Users/ashoksaravanan/Coding/ScribeLec/server/output/M
A 421/lectures/2024-10-28-ApplsLinProg/figures/24.1.png  used on input line 764
.
(pdftex.def)             Requested size: 70.46037pt x 69.3262pt.

Underfull \hbox (badness 2119) in paragraph at lines 765--765
\T1/lmr/m/n/8 ing the knap-sack
 []


Underfull \hbox (badness 10000) in paragraph at lines 765--765
\T1/lmr/m/n/8 prob-lem for-
 []


Underfull \hbox (badness 10000) in paragraph at lines 765--765
\T1/lmr/m/n/8 mu-lated as an
 []


Underfull \hbox (badness 10000) in paragraph at lines 765--765
\T1/lmr/m/n/8 in-te-ger pro-gram-
 []


Underfull \hbox (badness 10000) in paragraph at lines 765--765
\T1/lmr/m/n/8 ming prob-lem.
 []


Underfull \hbox (badness 10000) in paragraph at lines 765--765
\T1/lmr/m/n/8 The prob-lem
 []


Underfull \hbox (badness 10000) in paragraph at lines 765--765
\T1/lmr/m/n/8 is de-scribed in
 []


Underfull \hbox (badness 10000) in paragraph at lines 765--765
\T1/lmr/m/n/8 words and then
 []


Underfull \hbox (badness 5189) in paragraph at lines 765--765
\T1/lmr/m/n/8 for-mu-lated math-
 []


Underfull \hbox (badness 2460) in paragraph at lines 765--765
\T1/lmr/m/n/8 e-mat-i-cally. The
 []


Underfull \hbox (badness 10000) in paragraph at lines 765--765
\T1/lmr/m/n/8 top sec-tion de-
 []


Underfull \hbox (badness 10000) in paragraph at lines 765--765
\T1/lmr/m/n/8 in-volv-ing a pic-
 []


Underfull \hbox (badness 10000) in paragraph at lines 765--765
\T1/lmr/m/n/8 nicker choos-ing
 []


Underfull \hbox (badness 10000) in paragraph at lines 765--765
\T1/lmr/m/n/8 en-joy-ment while
 []


Underfull \hbox (badness 4995) in paragraph at lines 765--765
\T1/lmr/m/n/8 stay-ing within a
 []


Underfull \hbox (badness 10000) in paragraph at lines 765--765
\T1/lmr/m/n/8 bot-tom sec-tion
 []


Underfull \hbox (badness 10000) in paragraph at lines 765--765
\T1/lmr/m/n/8 shows the stan-
 []


Underfull \hbox (badness 10000) in paragraph at lines 765--765
\T1/lmr/m/n/8 for-mu-la-tion of
 []


Underfull \hbox (badness 10000) in paragraph at lines 765--765
\T1/lmr/m/n/8 the knap-sack
 []


Underfull \hbox (badness 5592) in paragraph at lines 765--765
\T1/lmr/m/n/8 prob-lem. Page
 []


Underfull \hbox (badness 10000) in paragraph at lines 765--765
\T1/lmr/m/n/8 num-bers (P.413
 []


Underfull \hbox (badness 10000) in paragraph at lines 765--765
\T1/lmr/m/n/8 and P.201) are
 []


Underfull \hbox (badness 10000) in paragraph at lines 765--765
\T1/lmr/m/n/8 The math-e-mat-i-
 []


Underfull \hbox (badness 10000) in paragraph at lines 765--765
\T1/lmr/m/n/8 cal for-mu-la-tions
 []


Underfull \hbox (badness 10000) in paragraph at lines 765--765
\T1/lmr/m/n/8 use sum-ma-tion
 []


Underfull \hbox (badness 10000) in paragraph at lines 765--765
\T1/lmr/m/n/8 no-ta-tion and
 []


Underfull \hbox (badness 10000) in paragraph at lines 765--765
\T1/lmr/m/n/8 con-straints to
 []

LaTeX Font Info:    Trying to load font information for TS1+lmr on input line 7
83.
(/usr/local/texlive/2024/texmf-dist/tex/latex/lm/ts1lmr.fd
File: ts1lmr.fd 2015/05/01 v1.6.1 Font defs for Latin Modern
)
Underfull \hbox (badness 10000) in paragraph at lines 775--783

 []

</Users/ashoksaravanan/Coding/ScribeLec/server/output/MA 421/lectures/2024-10-2
8-ApplsLinProg/figures/25.1.png, id=257, 301.125pt x 150.5625pt>
File: /Users/ashoksaravanan/Coding/ScribeLec/server/output/MA 421/lectures/2024
-10-28-ApplsLinProg/figures/25.1.png Graphic file (type png)
<use /Users/ashoksaravanan/Coding/ScribeLec/server/output/MA 421/lectures/2024-
10-28-ApplsLinProg/figures/25.1.png>
Package pdftex.def Info: /Users/ashoksaravanan/Coding/ScribeLec/server/output/M
A 421/lectures/2024-10-28-ApplsLinProg/figures/25.1.png  used on input line 796
.
(pdftex.def)             Requested size: 70.46037pt x 35.23056pt.

Underfull \hbox (badness 10000) in paragraph at lines 797--797
[]\T1/lmr/bx/n/8 (a) |\T1/lmr/m/n/8 A di-a-gram
 []


Underfull \hbox (badness 10000) in paragraph at lines 807--815

 []

</Users/ashoksaravanan/Coding/ScribeLec/server/output/MA 421/lectures/2024-10-2
8-ApplsLinProg/figures/26.1.png, id=258, 451.6875pt x 291.0875pt>
File: /Users/ashoksaravanan/Coding/ScribeLec/server/output/MA 421/lectures/2024
-10-28-ApplsLinProg/figures/26.1.png Graphic file (type png)
<use /Users/ashoksaravanan/Coding/ScribeLec/server/output/MA 421/lectures/2024-
10-28-ApplsLinProg/figures/26.1.png>
Package pdftex.def Info: /Users/ashoksaravanan/Coding/ScribeLec/server/output/M
A 421/lectures/2024-10-28-ApplsLinProg/figures/26.1.png  used on input line 829
.
(pdftex.def)             Requested size: 70.46037pt x 45.4068pt.

Underfull \hbox (badness 10000) in paragraph at lines 830--830
[]\T1/lmr/bx/n/8 (a) |\T1/lmr/m/n/8 A di-a-gram
 []


Underfull \hbox (badness 1297) in paragraph at lines 830--830
\T1/lmr/m/n/8 roll of pa-per cut
 []


Underfull \hbox (badness 10000) in paragraph at lines 830--830
\T1/lmr/m/n/8 into sec-tions of
 []


Underfull \hbox (badness 10000) in paragraph at lines 830--830
\T1/lmr/m/n/8 135cm, 108cm,
 []


Underfull \hbox (badness 1142) in paragraph at lines 830--830
\T1/lmr/m/n/8 42cm, with 15cm
 []

</Users/ashoksaravanan/Coding/ScribeLec/server/output/MA 421/lectures/2024-10-2
8-ApplsLinProg/figures/27.1.png, id=259, 471.7625pt x 572.1375pt>
File: /Users/ashoksaravanan/Coding/ScribeLec/server/output/MA 421/lectures/2024
-10-28-ApplsLinProg/figures/27.1.png Graphic file (type png)
<use /Users/ashoksaravanan/Coding/ScribeLec/server/output/MA 421/lectures/2024-
10-28-ApplsLinProg/figures/27.1.png>
Package pdftex.def Info: /Users/ashoksaravanan/Coding/ScribeLec/server/output/M
A 421/lectures/2024-10-28-ApplsLinProg/figures/27.1.png  used on input line 872
.
(pdftex.def)             Requested size: 70.46037pt x 85.45026pt.

Underfull \hbox (badness 10000) in paragraph at lines 873--873
\T1/lmr/m/n/8 ting pos-si-bil-i-ties
 []


Underfull \hbox (badness 10000) in paragraph at lines 873--873
\T1/lmr/m/n/8 (P1-P12) and
 []


Underfull \hbox (badness 10000) in paragraph at lines 873--873
\T1/lmr/m/n/8 a math-e-mat-i-cal
 []

</Users/ashoksaravanan/Coding/ScribeLec/server/output/MA 421/lectures/2024-10-2
8-ApplsLinProg/figures/28.1.png, id=260, 853.1875pt x 592.2125pt>
File: /Users/ashoksaravanan/Coding/ScribeLec/server/output/MA 421/lectures/2024
-10-28-ApplsLinProg/figures/28.1.png Graphic file (type png)
<use /Users/ashoksaravanan/Coding/ScribeLec/server/output/MA 421/lectures/2024-
10-28-ApplsLinProg/figures/28.1.png>
Package pdftex.def Info: /Users/ashoksaravanan/Coding/ScribeLec/server/output/M
A 421/lectures/2024-10-28-ApplsLinProg/figures/28.1.png  used on input line 916
.
(pdftex.def)             Requested size: 70.46037pt x 48.90512pt.

Underfull \hbox (badness 10000) in paragraph at lines 917--917
\T1/lmr/m/n/8 ting pos-si-bil-i-ties
 []


Underfull \hbox (badness 10000) in paragraph at lines 917--917
\T1/lmr/m/n/8 (P1-P12) and
 []


Underfull \hbox (badness 10000) in paragraph at lines 917--917
\T1/lmr/m/n/8 a math-e-mat-i-cal
 []


Underfull \hbox (badness 10000) in paragraph at lines 917--917
\T1/lmr/m/n/8 for-mu-la-tion of
 []


Underfull \hbox (badness 10000) in paragraph at lines 917--917
\T1/lmr/m/n/8 the op-ti-miza-tion
 []

/Users/ashoksaravanan/Coding/ScribeLec/server/output/MA 421/lectures/2024-10-28
-ApplsLinProg/notes.tex:933: Missing $ inserted.
<inserted text> 
                $
l.933 \begin{array}{ll}
                       
I've inserted a begin-math/end-math symbol since I think
you left one out. Proceed, with fingers crossed.

/Users/ashoksaravanan/Coding/ScribeLec/server/output/MA 421/lectures/2024-10-28
-ApplsLinProg/notes.tex:940: Missing $ inserted.
<inserted text> 
                $
l.940 \end{array}
                 
I've inserted something that you may have forgotten.
(See the <inserted text> above.)
With luck, this will get me unwedged. But if you
really didn't forget anything, try typing `2' now; then
my insertion and my current dilemma will both disappear.

/Users/ashoksaravanan/Coding/ScribeLec/server/output/MA 421/lectures/2024-10-28
-ApplsLinProg/notes.tex:941: Missing $ inserted.
<inserted text> 
                $
l.941 \begin{array}{ll}
                       
I've inserted a begin-math/end-math symbol since I think
you left one out. Proceed, with fingers crossed.

/Users/ashoksaravanan/Coding/ScribeLec/server/output/MA 421/lectures/2024-10-28
-ApplsLinProg/notes.tex:948: Missing $ inserted.
<inserted text> 
                $
l.948 \end{array}
                  \\
I've inserted something that you may have forgotten.
(See the <inserted text> above.)
With luck, this will get me unwedged. But if you
really didn't forget anything, try typing `2' now; then
my insertion and my current dilemma will both disappear.

/Users/ashoksaravanan/Coding/ScribeLec/server/output/MA 421/lectures/2024-10-28
-ApplsLinProg/notes.tex:949: Missing $ inserted.
<inserted text> 
                $
l.949 2X_
         1 + X_2 + X_3 + X_4 \ge 97 \\
I've inserted a begin-math/end-math symbol since I think
you left one out. Proceed, with fingers crossed.

/Users/ashoksaravanan/Coding/ScribeLec/server/output/MA 421/lectures/2024-10-28
-ApplsLinProg/notes.tex:954: Missing $ inserted.
<inserted text> 
                $
l.954 \subsection
                 {Description}%
I've inserted a begin-math/end-math symbol since I think
you left one out. Proceed, with fingers crossed.

</Users/ashoksaravanan/Coding/ScribeLec/server/output/MA 421/lectures/2024-10-2
8-ApplsLinProg/figures/29.1.png, id=261, 853.1875pt x 652.4375pt>
File: /Users/ashoksaravanan/Coding/ScribeLec/server/output/MA 421/lectures/2024
-10-28-ApplsLinProg/figures/29.1.png Graphic file (type png)
<use /Users/ashoksaravanan/Coding/ScribeLec/server/output/MA 421/lectures/2024-
10-28-ApplsLinProg/figures/29.1.png>
Package pdftex.def Info: /Users/ashoksaravanan/Coding/ScribeLec/server/output/M
A 421/lectures/2024-10-28-ApplsLinProg/figures/29.1.png  used on input line 961
.
(pdftex.def)             Requested size: 70.46037pt x 53.87852pt.

Underfull \hbox (badness 1838) in paragraph at lines 962--962
[]\T1/lmr/bx/n/8 (a) |\T1/lmr/m/n/8 Cut-ting pat-
 []


Underfull \hbox (badness 5696) in paragraph at lines 962--962
\T1/lmr/m/n/8 the re-sult-ing in-
 []

</Users/ashoksaravanan/Coding/ScribeLec/server/output/MA 421/lectures/2024-10-2
8-ApplsLinProg/figures/30.1.png, id=262, 873.2625pt x 170.6375pt>
File: /Users/ashoksaravanan/Coding/ScribeLec/server/output/MA 421/lectures/2024
-10-28-ApplsLinProg/figures/30.1.png Graphic file (type png)
<use /Users/ashoksaravanan/Coding/ScribeLec/server/output/MA 421/lectures/2024-
10-28-ApplsLinProg/figures/30.1.png>
Package pdftex.def Info: /Users/ashoksaravanan/Coding/ScribeLec/server/output/M
A 421/lectures/2024-10-28-ApplsLinProg/figures/30.1.png  used on input line 987
.
(pdftex.def)             Requested size: 70.46037pt x 13.76584pt.
</Users/ashoksaravanan/Coding/ScribeLec/server/output/MA 421/lectures/2024-10-2
8-ApplsLinProg/figures/31.1.png, id=263, 923.45pt x 371.3875pt>
File: /Users/ashoksaravanan/Coding/ScribeLec/server/output/MA 421/lectures/2024
-10-28-ApplsLinProg/figures/31.1.png Graphic file (type png)
<use /Users/ashoksaravanan/Coding/ScribeLec/server/output/MA 421/lectures/2024-
10-28-ApplsLinProg/figures/31.1.png>
Package pdftex.def Info: /Users/ashoksaravanan/Coding/ScribeLec/server/output/M
A 421/lectures/2024-10-28-ApplsLinProg/figures/31.1.png  used on input line 102
1.
(pdftex.def)             Requested size: 70.46037pt x 28.33453pt.

Underfull \hbox (badness 4713) in paragraph at lines 1022--1022
\T1/lmr/m/n/8 ment and re-cov-
 []

</Users/ashoksaravanan/Coding/ScribeLec/server/output/MA 421/lectures/2024-10-2
8-ApplsLinProg/figures/32.1.png, id=264, 923.45pt x 572.1375pt>
File: /Users/ashoksaravanan/Coding/ScribeLec/server/output/MA 421/lectures/2024
-10-28-ApplsLinProg/figures/32.1.png Graphic file (type png)
<use /Users/ashoksaravanan/Coding/ScribeLec/server/output/MA 421/lectures/2024-
10-28-ApplsLinProg/figures/32.1.png>
Package pdftex.def Info: /Users/ashoksaravanan/Coding/ScribeLec/server/output/M
A 421/lectures/2024-10-28-ApplsLinProg/figures/32.1.png  used on input line 105
2.
(pdftex.def)             Requested size: 70.46037pt x 43.65051pt.
</Users/ashoksaravanan/Coding/ScribeLec/server/output/MA 421/lectures/2024-10-2
8-ApplsLinProg/figures/33.1.png, id=265, 973.6375pt x 772.8875pt>
File: /Users/ashoksaravanan/Coding/ScribeLec/server/output/MA 421/lectures/2024
-10-28-ApplsLinProg/figures/33.1.png Graphic file (type png)
<use /Users/ashoksaravanan/Coding/ScribeLec/server/output/MA 421/lectures/2024-
10-28-ApplsLinProg/figures/33.1.png>
Package pdftex.def Info: /Users/ashoksaravanan/Coding/ScribeLec/server/output/M
A 421/lectures/2024-10-28-ApplsLinProg/figures/33.1.png  used on input line 108
7.
(pdftex.def)             Requested size: 70.46037pt x 55.92381pt.

Underfull \hbox (badness 10000) in paragraph at lines 1088--1088
[]\T1/lmr/bx/n/8 (a) |\T1/lmr/m/n/8 Prob-lem
 []


Underfull \hbox (badness 10000) in paragraph at lines 1088--1088
\T1/lmr/m/n/8 state-ment and
 []


Underfull \hbox (badness 8113) in paragraph at lines 1088--1088
\T1/lmr/m/n/8 data com-pres-sion
 []

</Users/ashoksaravanan/Coding/ScribeLec/server/output/MA 421/lectures/2024-10-2
8-ApplsLinProg/figures/34.1.png, id=266, 973.6375pt x 421.575pt>
File: /Users/ashoksaravanan/Coding/ScribeLec/server/output/MA 421/lectures/2024
-10-28-ApplsLinProg/figures/34.1.png Graphic file (type png)
<use /Users/ashoksaravanan/Coding/ScribeLec/server/output/MA 421/lectures/2024-
10-28-ApplsLinProg/figures/34.1.png>
Package pdftex.def Info: /Users/ashoksaravanan/Coding/ScribeLec/server/output/M
A 421/lectures/2024-10-28-ApplsLinProg/figures/34.1.png  used on input line 111
7.
(pdftex.def)             Requested size: 70.46037pt x 30.50389pt.

Underfull \hbox (badness 10000) in paragraph at lines 1118--1118
[]\T1/lmr/bx/n/8 (a) |\T1/lmr/m/n/8 Prob-lem
 []


Underfull \hbox (badness 10000) in paragraph at lines 1118--1118
\T1/lmr/m/n/8 state-ment and
 []


Underfull \hbox (badness 10000) in paragraph at lines 1118--1118
\T1/lmr/m/n/8 op-ti-miza-tion for-
 []

</Users/ashoksaravanan/Coding/ScribeLec/server/output/MA 421/lectures/2024-10-2
8-ApplsLinProg/figures/35.1.png, id=267, 973.6375pt x 973.6375pt>
File: /Users/ashoksaravanan/Coding/ScribeLec/server/output/MA 421/lectures/2024
-10-28-ApplsLinProg/figures/35.1.png Graphic file (type png)
<use /Users/ashoksaravanan/Coding/ScribeLec/server/output/MA 421/lectures/2024-
10-28-ApplsLinProg/figures/35.1.png>
Package pdftex.def Info: /Users/ashoksaravanan/Coding/ScribeLec/server/output/M
A 421/lectures/2024-10-28-ApplsLinProg/figures/35.1.png  used on input line 115
2.
(pdftex.def)             Requested size: 70.46037pt x 70.44948pt.

Underfull \hbox (badness 2875) in paragraph at lines 1153--1153
\T1/lmr/m/n/8 miza-tion for-mu-la-
 []

</Users/ashoksaravanan/Coding/ScribeLec/server/output/MA 421/lectures/2024-10-2
8-ApplsLinProg/figures/36.1.png, id=268, 722.7pt x 707.64375pt>
File: /Users/ashoksaravanan/Coding/ScribeLec/server/output/MA 421/lectures/2024
-10-28-ApplsLinProg/figures/36.1.png Graphic file (type png)
<use /Users/ashoksaravanan/Coding/ScribeLec/server/output/MA 421/lectures/2024-
10-28-ApplsLinProg/figures/36.1.png>
Package pdftex.def Info: /Users/ashoksaravanan/Coding/ScribeLec/server/output/M
A 421/lectures/2024-10-28-ApplsLinProg/figures/36.1.png  used on input line 117
3.
(pdftex.def)             Requested size: 70.46037pt x 68.98688pt.
</Users/ashoksaravanan/Coding/ScribeLec/server/output/MA 421/lectures/2024-10-2
8-ApplsLinProg/figures/37.1.png, id=269, 371.3875pt x 371.3875pt>
File: /Users/ashoksaravanan/Coding/ScribeLec/server/output/MA 421/lectures/2024
-10-28-ApplsLinProg/figures/37.1.png Graphic file (type png)
<use /Users/ashoksaravanan/Coding/ScribeLec/server/output/MA 421/lectures/2024-
10-28-ApplsLinProg/figures/37.1.png>
Package pdftex.def Info: /Users/ashoksaravanan/Coding/ScribeLec/server/output/M
A 421/lectures/2024-10-28-ApplsLinProg/figures/37.1.png  used on input line 119
5.
(pdftex.def)             Requested size: 70.46037pt x 70.45668pt.

Underfull \hbox (badness 2903) in paragraph at lines 1196--1196
\T1/lmr/m/n/8 ing a line in-ter-
 []


/Users/ashoksaravanan/Coding/ScribeLec/server/output/MA 421/lectures/2024-10-28
-ApplsLinProg/notes.tex:1202: LaTeX Error: \begin{figure} on input line 661 end
ed by \end{document}.

See the LaTeX manual or LaTeX Companion for explanation.
Type  H <return>  for immediate help.
 ...                                              
                                                  
l.1202 \end{document}
                     
Your command was ignored.
Type  I <command> <return>  to replace it with another command,
or  <return>  to continue without it.


enddocument/afterlastpage: lastpage setting LastPage.
(_logs/notes.aux)
 ***********
LaTeX2e <2023-11-01> patch level 1
L3 programming layer <2024-02-20>
 ***********
Package rerunfilecheck Info: File `notes.out' has not changed.
(rerunfilecheck)             Checksum: 1789D183052E0E7D7EF42D56F012DF6A;3039.

/Users/ashoksaravanan/Coding/ScribeLec/server/output/MA 421/lectures/2024-10-28
-ApplsLinProg/notes.tex:1202: You can't use `\end' in internal vertical mode.
\enddocument ...cument/end}\deadcycles \z@ \@@end 
                                                  
l.1202 \end{document}
                     
Sorry, but I'm not programmed to handle this case;
I'll just pretend that you didn't ask for it.
If you're in the wrong mode, you might be able to
return to the right one by typing `I}' or `I$' or `I\par'.


/Users/ashoksaravanan/Coding/ScribeLec/server/output/MA 421/lectures/2024-10-28
-ApplsLinProg/notes.tex:1202: LaTeX Error: \begin{figure} on input line 661 end
ed by \end{document}.

See the LaTeX manual or LaTeX Companion for explanation.
Type  H <return>  for immediate help.
 ...                                              
                                                  
l.1202 \end{document}
                     
Your command was ignored.
Type  I <command> <return>  to replace it with another command,
or  <return>  to continue without it.

)
! Emergency stop.
<*> ...lectures/2024-10-28-ApplsLinProg/notes.tex"
                                                  
*** (job aborted, no legal \end found)

 
Here is how much of TeX's memory you used:
 14883 strings out of 474116
 272983 string characters out of 5743682
 2058187 words of memory out of 5000000
 36925 multiletter control sequences out of 15000+600000
 632669 words of font info for 85 fonts, out of 8000000 for 9000
 1141 hyphenation exceptions out of 8191
 83i,30n,131p,1579b,1223s stack positions out of 10000i,1000n,20000p,200000b,200000s
!  ==> Fatal error occurred, no output PDF file produced!
