This is pdfTeX, Version 3.141592653-2.6-1.40.26 (TeX Live 2024) (preloaded format=pdflatex 2024.12.3)  31 DEC 2024 14:09
entering extended mode
 \write18 enabled.
 file:line:error style messages enabled.
 %&-line parsing enabled.
**"/Users/ashoksaravanan/Coding/ScribeLec/server/output/MA 421/lectures/2024-11
-14-NetAppls/notes.tex"

(/Users/ashoksaravanan/Coding/ScribeLec/server/output/MA 421/lectures/2024-11-1
4-NetAppls/notes.tex
LaTeX2e <2023-11-01> patch level 1
L3 programming layer <2024-02-20>
(/usr/local/texlive/2024/texmf-dist/tex/latex/base/article.cls
Document Class: article 2023/05/17 v1.4n Standard LaTeX document class
(/usr/local/texlive/2024/texmf-dist/tex/latex/base/size10.clo
File: size10.clo 2023/05/17 v1.4n Standard LaTeX file (size option)
)
\c@part=\count188
\c@section=\count189
\c@subsection=\count190
\c@subsubsection=\count191
\c@paragraph=\count192
\c@subparagraph=\count193
\c@figure=\count194
\c@table=\count195
\abovecaptionskip=\skip48
\belowcaptionskip=\skip49
\bibindent=\dimen140
)
(/usr/local/texlive/2024/texmf-dist/tex/latex/base/fontenc.sty
Package: fontenc 2021/04/29 v2.0v Standard LaTeX package
)
(/usr/local/texlive/2024/texmf-dist/tex/latex/base/inputenc.sty
Package: inputenc 2021/02/14 v1.3d Input encoding file
\inpenc@prehook=\toks17
\inpenc@posthook=\toks18
)
(/usr/local/texlive/2024/texmf-dist/tex/latex/lm/lmodern.sty
Package: lmodern 2015/05/01 v1.6.1 Latin Modern Fonts
LaTeX Font Info:    Overwriting symbol font `operators' in version `normal'
(Font)                  OT1/cmr/m/n --> OT1/lmr/m/n on input line 22.
LaTeX Font Info:    Overwriting symbol font `letters' in version `normal'
(Font)                  OML/cmm/m/it --> OML/lmm/m/it on input line 23.
LaTeX Font Info:    Overwriting symbol font `symbols' in version `normal'
(Font)                  OMS/cmsy/m/n --> OMS/lmsy/m/n on input line 24.
LaTeX Font Info:    Overwriting symbol font `largesymbols' in version `normal'
(Font)                  OMX/cmex/m/n --> OMX/lmex/m/n on input line 25.
LaTeX Font Info:    Overwriting symbol font `operators' in version `bold'
(Font)                  OT1/cmr/bx/n --> OT1/lmr/bx/n on input line 26.
LaTeX Font Info:    Overwriting symbol font `letters' in version `bold'
(Font)                  OML/cmm/b/it --> OML/lmm/b/it on input line 27.
LaTeX Font Info:    Overwriting symbol font `symbols' in version `bold'
(Font)                  OMS/cmsy/b/n --> OMS/lmsy/b/n on input line 28.
LaTeX Font Info:    Overwriting symbol font `largesymbols' in version `bold'
(Font)                  OMX/cmex/m/n --> OMX/lmex/m/n on input line 29.
LaTeX Font Info:    Overwriting math alphabet `\mathbf' in version `normal'
(Font)                  OT1/cmr/bx/n --> OT1/lmr/bx/n on input line 31.
LaTeX Font Info:    Overwriting math alphabet `\mathsf' in version `normal'
(Font)                  OT1/cmss/m/n --> OT1/lmss/m/n on input line 32.
LaTeX Font Info:    Overwriting math alphabet `\mathit' in version `normal'
(Font)                  OT1/cmr/m/it --> OT1/lmr/m/it on input line 33.
LaTeX Font Info:    Overwriting math alphabet `\mathtt' in version `normal'
(Font)                  OT1/cmtt/m/n --> OT1/lmtt/m/n on input line 34.
LaTeX Font Info:    Overwriting math alphabet `\mathbf' in version `bold'
(Font)                  OT1/cmr/bx/n --> OT1/lmr/bx/n on input line 35.
LaTeX Font Info:    Overwriting math alphabet `\mathsf' in version `bold'
(Font)                  OT1/cmss/bx/n --> OT1/lmss/bx/n on input line 36.
LaTeX Font Info:    Overwriting math alphabet `\mathit' in version `bold'
(Font)                  OT1/cmr/bx/it --> OT1/lmr/bx/it on input line 37.
LaTeX Font Info:    Overwriting math alphabet `\mathtt' in version `bold'
(Font)                  OT1/cmtt/m/n --> OT1/lmtt/m/n on input line 38.
)
(/usr/local/texlive/2024/texmf-dist/tex/latex/base/textcomp.sty
Package: textcomp 2020/02/02 v2.0n Standard LaTeX package
)
(/usr/local/texlive/2024/texmf-dist/tex/latex/lastpage/lastpage.sty
Package: lastpage 2023/10/14 v2.0e lastpage: 2.09 or 2e? (HMM)

(/usr/local/texlive/2024/texmf-dist/tex/latex/lastpage/lastpage2e.sty
Package: lastpage2e 2023/10/14 v2.0e Decide which 2e lastpage version to use (H
MM)

(/usr/local/texlive/2024/texmf-dist/tex/latex/lastpage/lastpagemodern.sty
Package: lastpagemodern 2023-10-14 v2.0e Refers to last page's name (HMM; JPG)
\c@lastpagecount=\count196
) 
)) (/usr/local/texlive/2024/texmf-dist/tex/latex/geometry/geometry.sty
Package: geometry 2020/01/02 v5.9 Page Geometry

(/usr/local/texlive/2024/texmf-dist/tex/latex/graphics/keyval.sty
Package: keyval 2022/05/29 v1.15 key=value parser (DPC)
\KV@toks@=\toks19
)
(/usr/local/texlive/2024/texmf-dist/tex/generic/iftex/ifvtex.sty
Package: ifvtex 2019/10/25 v1.7 ifvtex legacy package. Use iftex instead.

(/usr/local/texlive/2024/texmf-dist/tex/generic/iftex/iftex.sty
Package: iftex 2022/02/03 v1.0f TeX engine tests
))
\Gm@cnth=\count197
\Gm@cntv=\count198
\c@Gm@tempcnt=\count199
\Gm@bindingoffset=\dimen141
\Gm@wd@mp=\dimen142
\Gm@odd@mp=\dimen143
\Gm@even@mp=\dimen144
\Gm@layoutwidth=\dimen145
\Gm@layoutheight=\dimen146
\Gm@layouthoffset=\dimen147
\Gm@layoutvoffset=\dimen148
\Gm@dimlist=\toks20
)
(/usr/local/texlive/2024/texmf-dist/tex/latex/hyperref/hyperref.sty
Package: hyperref 2024-01-20 v7.01h Hypertext links for LaTeX

(/usr/local/texlive/2024/texmf-dist/tex/latex/kvsetkeys/kvsetkeys.sty
Package: kvsetkeys 2022-10-05 v1.19 Key value parser (HO)
)
(/usr/local/texlive/2024/texmf-dist/tex/generic/kvdefinekeys/kvdefinekeys.sty
Package: kvdefinekeys 2019-12-19 v1.6 Define keys (HO)
)
(/usr/local/texlive/2024/texmf-dist/tex/generic/pdfescape/pdfescape.sty
Package: pdfescape 2019/12/09 v1.15 Implements pdfTeX's escape features (HO)

(/usr/local/texlive/2024/texmf-dist/tex/generic/ltxcmds/ltxcmds.sty
Package: ltxcmds 2023-12-04 v1.26 LaTeX kernel commands for general use (HO)
)
(/usr/local/texlive/2024/texmf-dist/tex/generic/pdftexcmds/pdftexcmds.sty
Package: pdftexcmds 2020-06-27 v0.33 Utility functions of pdfTeX for LuaTeX (HO
)

(/usr/local/texlive/2024/texmf-dist/tex/generic/infwarerr/infwarerr.sty
Package: infwarerr 2019/12/03 v1.5 Providing info/warning/error messages (HO)
)
Package pdftexcmds Info: \pdf@primitive is available.
Package pdftexcmds Info: \pdf@ifprimitive is available.
Package pdftexcmds Info: \pdfdraftmode found.
))
(/usr/local/texlive/2024/texmf-dist/tex/latex/hycolor/hycolor.sty
Package: hycolor 2020-01-27 v1.10 Color options for hyperref/bookmark (HO)
)
(/usr/local/texlive/2024/texmf-dist/tex/latex/auxhook/auxhook.sty
Package: auxhook 2019-12-17 v1.6 Hooks for auxiliary files (HO)
)
(/usr/local/texlive/2024/texmf-dist/tex/latex/hyperref/nameref.sty
Package: nameref 2023-11-26 v2.56 Cross-referencing by name of section

(/usr/local/texlive/2024/texmf-dist/tex/latex/refcount/refcount.sty
Package: refcount 2019/12/15 v3.6 Data extraction from label references (HO)
)
(/usr/local/texlive/2024/texmf-dist/tex/generic/gettitlestring/gettitlestring.s
ty
Package: gettitlestring 2019/12/15 v1.6 Cleanup title references (HO)
 (/usr/local/texlive/2024/texmf-dist/tex/latex/kvoptions/kvoptions.sty
Package: kvoptions 2022-06-15 v3.15 Key value format for package options (HO)
))
\c@section@level=\count266
)
(/usr/local/texlive/2024/texmf-dist/tex/latex/etoolbox/etoolbox.sty
Package: etoolbox 2020/10/05 v2.5k e-TeX tools for LaTeX (JAW)
\etb@tempcnta=\count267
)
\@linkdim=\dimen149
\Hy@linkcounter=\count268
\Hy@pagecounter=\count269

(/usr/local/texlive/2024/texmf-dist/tex/latex/hyperref/pd1enc.def
File: pd1enc.def 2024-01-20 v7.01h Hyperref: PDFDocEncoding definition (HO)
Now handling font encoding PD1 ...
... no UTF-8 mapping file for font encoding PD1
)
(/usr/local/texlive/2024/texmf-dist/tex/generic/intcalc/intcalc.sty
Package: intcalc 2019/12/15 v1.3 Expandable calculations with integers (HO)
)
\Hy@SavedSpaceFactor=\count270

(/usr/local/texlive/2024/texmf-dist/tex/latex/hyperref/puenc.def
File: puenc.def 2024-01-20 v7.01h Hyperref: PDF Unicode definition (HO)
Now handling font encoding PU ...
... no UTF-8 mapping file for font encoding PU
)
Package hyperref Info: Hyper figures OFF on input line 4179.
Package hyperref Info: Link nesting OFF on input line 4184.
Package hyperref Info: Hyper index ON on input line 4187.
Package hyperref Info: Plain pages OFF on input line 4194.
Package hyperref Info: Backreferencing OFF on input line 4199.
Package hyperref Info: Implicit mode ON; LaTeX internals redefined.
Package hyperref Info: Bookmarks ON on input line 4446.
\c@Hy@tempcnt=\count271

(/usr/local/texlive/2024/texmf-dist/tex/latex/url/url.sty
\Urlmuskip=\muskip16
Package: url 2013/09/16  ver 3.4  Verb mode for urls, etc.
)
LaTeX Info: Redefining \url on input line 4784.
\XeTeXLinkMargin=\dimen150

(/usr/local/texlive/2024/texmf-dist/tex/generic/bitset/bitset.sty
Package: bitset 2019/12/09 v1.3 Handle bit-vector datatype (HO)

(/usr/local/texlive/2024/texmf-dist/tex/generic/bigintcalc/bigintcalc.sty
Package: bigintcalc 2019/12/15 v1.5 Expandable calculations on big integers (HO
)
))
\Fld@menulength=\count272
\Field@Width=\dimen151
\Fld@charsize=\dimen152
Package hyperref Info: Hyper figures OFF on input line 6063.
Package hyperref Info: Link nesting OFF on input line 6068.
Package hyperref Info: Hyper index ON on input line 6071.
Package hyperref Info: backreferencing OFF on input line 6078.
Package hyperref Info: Link coloring OFF on input line 6083.
Package hyperref Info: Link coloring with OCG OFF on input line 6088.
Package hyperref Info: PDF/A mode OFF on input line 6093.

(/usr/local/texlive/2024/texmf-dist/tex/latex/base/atbegshi-ltx.sty
Package: atbegshi-ltx 2021/01/10 v1.0c Emulation of the original atbegshi
package with kernel methods
)
\Hy@abspage=\count273
\c@Item=\count274
\c@Hfootnote=\count275
)
Package hyperref Info: Driver (autodetected): hpdftex.

(/usr/local/texlive/2024/texmf-dist/tex/latex/hyperref/hpdftex.def
File: hpdftex.def 2024-01-20 v7.01h Hyperref driver for pdfTeX

(/usr/local/texlive/2024/texmf-dist/tex/latex/base/atveryend-ltx.sty
Package: atveryend-ltx 2020/08/19 v1.0a Emulation of the original atveryend pac
kage
with kernel methods
)
\Fld@listcount=\count276
\c@bookmark@seq@number=\count277

(/usr/local/texlive/2024/texmf-dist/tex/latex/rerunfilecheck/rerunfilecheck.sty
Package: rerunfilecheck 2022-07-10 v1.10 Rerun checks for auxiliary files (HO)

(/usr/local/texlive/2024/texmf-dist/tex/generic/uniquecounter/uniquecounter.sty
Package: uniquecounter 2019/12/15 v1.4 Provide unlimited unique counter (HO)
)
Package uniquecounter Info: New unique counter `rerunfilecheck' on input line 2
85.
)
\Hy@SectionHShift=\skip50
) (/usr/local/texlive/2024/texmf-dist/tex/latex/enumitem/enumitem.sty
Package: enumitem 2019/06/20 v3.9 Customized lists
\labelindent=\skip51
\enit@outerparindent=\dimen153
\enit@toks=\toks21
\enit@inbox=\box51
\enit@count@id=\count278
\enitdp@description=\count279
)
(/usr/local/texlive/2024/texmf-dist/tex/latex/fancyhdr/fancyhdr.sty
Package: fancyhdr 2022/11/09 v4.1 Extensive control of page headers and footers

\f@nch@headwidth=\skip52
\f@nch@O@elh=\skip53
\f@nch@O@erh=\skip54
\f@nch@O@olh=\skip55
\f@nch@O@orh=\skip56
\f@nch@O@elf=\skip57
\f@nch@O@erf=\skip58
\f@nch@O@olf=\skip59
\f@nch@O@orf=\skip60
)
(/usr/local/texlive/2024/texmf-dist/tex/latex/xcolor/xcolor.sty
Package: xcolor 2023/11/15 v3.01 LaTeX color extensions (UK)

(/usr/local/texlive/2024/texmf-dist/tex/latex/graphics-cfg/color.cfg
File: color.cfg 2016/01/02 v1.6 sample color configuration
)
Package xcolor Info: Driver file: pdftex.def on input line 274.

(/usr/local/texlive/2024/texmf-dist/tex/latex/graphics-def/pdftex.def
File: pdftex.def 2022/09/22 v1.2b Graphics/color driver for pdftex
)
(/usr/local/texlive/2024/texmf-dist/tex/latex/graphics/mathcolor.ltx)
Package xcolor Info: Model `cmy' substituted by `cmy0' on input line 1350.
Package xcolor Info: Model `hsb' substituted by `rgb' on input line 1354.
Package xcolor Info: Model `RGB' extended on input line 1366.
Package xcolor Info: Model `HTML' substituted by `rgb' on input line 1368.
Package xcolor Info: Model `Hsb' substituted by `hsb' on input line 1369.
Package xcolor Info: Model `tHsb' substituted by `hsb' on input line 1370.
Package xcolor Info: Model `HSB' substituted by `hsb' on input line 1371.
Package xcolor Info: Model `Gray' substituted by `gray' on input line 1372.
Package xcolor Info: Model `wave' substituted by `hsb' on input line 1373.
)
(/usr/local/texlive/2024/texmf-dist/tex/latex/breakurl/breakurl.sty
Package: breakurl 2013/04/10 v1.40 Breakable hyperref URLs

(/usr/local/texlive/2024/texmf-dist/tex/latex/xkeyval/xkeyval.sty
Package: xkeyval 2022/06/16 v2.9 package option processing (HA)

(/usr/local/texlive/2024/texmf-dist/tex/generic/xkeyval/xkeyval.tex
(/usr/local/texlive/2024/texmf-dist/tex/generic/xkeyval/xkvutils.tex
\XKV@toks=\toks22
\XKV@tempa@toks=\toks23
)
\XKV@depth=\count280
File: xkeyval.tex 2014/12/03 v2.7a key=value parser (HA)
))
(/usr/local/texlive/2024/texmf-dist/tex/generic/iftex/ifpdf.sty
Package: ifpdf 2019/10/25 v3.4 ifpdf legacy package. Use iftex instead.
)

Package breakurl Warning: You are using breakurl while processing via pdflatex.

(breakurl)                \burl will be just a synonym of \url.
(breakurl)                 on input line 48.

) (/usr/local/texlive/2024/texmf-dist/tex/latex/amsmath/amsmath.sty
Package: amsmath 2023/05/13 v2.17o AMS math features
\@mathmargin=\skip61

For additional information on amsmath, use the `?' option.
(/usr/local/texlive/2024/texmf-dist/tex/latex/amsmath/amstext.sty
Package: amstext 2021/08/26 v2.01 AMS text

(/usr/local/texlive/2024/texmf-dist/tex/latex/amsmath/amsgen.sty
File: amsgen.sty 1999/11/30 v2.0 generic functions
\@emptytoks=\toks24
\ex@=\dimen154
))
(/usr/local/texlive/2024/texmf-dist/tex/latex/amsmath/amsbsy.sty
Package: amsbsy 1999/11/29 v1.2d Bold Symbols
\pmbraise@=\dimen155
)
(/usr/local/texlive/2024/texmf-dist/tex/latex/amsmath/amsopn.sty
Package: amsopn 2022/04/08 v2.04 operator names
)
\inf@bad=\count281
LaTeX Info: Redefining \frac on input line 234.
\uproot@=\count282
\leftroot@=\count283
LaTeX Info: Redefining \overline on input line 399.
LaTeX Info: Redefining \colon on input line 410.
\classnum@=\count284
\DOTSCASE@=\count285
LaTeX Info: Redefining \ldots on input line 496.
LaTeX Info: Redefining \dots on input line 499.
LaTeX Info: Redefining \cdots on input line 620.
\Mathstrutbox@=\box52
\strutbox@=\box53
LaTeX Info: Redefining \big on input line 722.
LaTeX Info: Redefining \Big on input line 723.
LaTeX Info: Redefining \bigg on input line 724.
LaTeX Info: Redefining \Bigg on input line 725.
\big@size=\dimen156
LaTeX Font Info:    Redeclaring font encoding OML on input line 743.
LaTeX Font Info:    Redeclaring font encoding OMS on input line 744.
\macc@depth=\count286
LaTeX Info: Redefining \bmod on input line 905.
LaTeX Info: Redefining \pmod on input line 910.
LaTeX Info: Redefining \smash on input line 940.
LaTeX Info: Redefining \relbar on input line 970.
LaTeX Info: Redefining \Relbar on input line 971.
\c@MaxMatrixCols=\count287
\dotsspace@=\muskip17
\c@parentequation=\count288
\dspbrk@lvl=\count289
\tag@help=\toks25
\row@=\count290
\column@=\count291
\maxfields@=\count292
\andhelp@=\toks26
\eqnshift@=\dimen157
\alignsep@=\dimen158
\tagshift@=\dimen159
\tagwidth@=\dimen160
\totwidth@=\dimen161
\lineht@=\dimen162
\@envbody=\toks27
\multlinegap=\skip62
\multlinetaggap=\skip63
\mathdisplay@stack=\toks28
LaTeX Info: Redefining \[ on input line 2953.
LaTeX Info: Redefining \] on input line 2954.
)
(/usr/local/texlive/2024/texmf-dist/tex/latex/amsfonts/amssymb.sty
Package: amssymb 2013/01/14 v3.01 AMS font symbols

(/usr/local/texlive/2024/texmf-dist/tex/latex/amsfonts/amsfonts.sty
Package: amsfonts 2013/01/14 v3.01 Basic AMSFonts support
\symAMSa=\mathgroup4
\symAMSb=\mathgroup5
LaTeX Font Info:    Redeclaring math symbol \hbar on input line 98.
LaTeX Font Info:    Overwriting math alphabet `\mathfrak' in version `bold'
(Font)                  U/euf/m/n --> U/euf/b/n on input line 106.
))
(/usr/local/texlive/2024/texmf-dist/tex/latex/mathtools/mathtools.sty
Package: mathtools 2024/03/11 v1.30 mathematical typesetting tools

(/usr/local/texlive/2024/texmf-dist/tex/latex/tools/calc.sty
Package: calc 2023/07/08 v4.3 Infix arithmetic (KKT,FJ)
\calc@Acount=\count293
\calc@Bcount=\count294
\calc@Adimen=\dimen163
\calc@Bdimen=\dimen164
\calc@Askip=\skip64
\calc@Bskip=\skip65
LaTeX Info: Redefining \setlength on input line 80.
LaTeX Info: Redefining \addtolength on input line 81.
\calc@Ccount=\count295
\calc@Cskip=\skip66
)
(/usr/local/texlive/2024/texmf-dist/tex/latex/mathtools/mhsetup.sty
Package: mhsetup 2021/03/18 v1.4 programming setup (MH)
)
\g_MT_multlinerow_int=\count296
\l_MT_multwidth_dim=\dimen165
\origjot=\skip67
\l_MT_shortvdotswithinadjustabove_dim=\dimen166
\l_MT_shortvdotswithinadjustbelow_dim=\dimen167
\l_MT_above_intertext_sep=\dimen168
\l_MT_below_intertext_sep=\dimen169
\l_MT_above_shortintertext_sep=\dimen170
\l_MT_below_shortintertext_sep=\dimen171
\xmathstrut@box=\box54
\xmathstrut@dim=\dimen172
)
(/usr/local/texlive/2024/texmf-dist/tex/latex/amscls/amsthm.sty
Package: amsthm 2020/05/29 v2.20.6
\thm@style=\toks29
\thm@bodyfont=\toks30
\thm@headfont=\toks31
\thm@notefont=\toks32
\thm@headpunct=\toks33
\thm@preskip=\skip68
\thm@postskip=\skip69
\thm@headsep=\skip70
\dth@everypar=\toks34
)
(/usr/local/texlive/2024/texmf-dist/tex/latex/thmtools/thmtools.sty
Package: thmtools 2023/05/04 v0.76
\thmt@toks=\toks35
\c@thmt@dummyctr=\count297

(/usr/local/texlive/2024/texmf-dist/tex/latex/thmtools/thm-patch.sty
Package: thm-patch 2023/05/04 v0.76

(/usr/local/texlive/2024/texmf-dist/tex/latex/thmtools/parseargs.sty
Package: parseargs 2023/05/04 v0.76
\@parsespec=\toks36
))
(/usr/local/texlive/2024/texmf-dist/tex/latex/thmtools/thm-kv.sty
Package: thm-kv 2023/05/04 v0.76
Package thm-kv Info: Theorem names will be uppercased on input line 42.
Package thm-kv Info: kvsetkeys patch (v1.16 or later) on input line 158.
)
(/usr/local/texlive/2024/texmf-dist/tex/latex/thmtools/thm-autoref.sty
Package: thm-autoref 2023/05/04 v0.76

(/usr/local/texlive/2024/texmf-dist/tex/latex/thmtools/aliasctr.sty
Package: aliasctr 2023/05/04 v0.76
))
(/usr/local/texlive/2024/texmf-dist/tex/latex/thmtools/thm-listof.sty
Package: thm-listof 2023/05/04 v0.76
)
(/usr/local/texlive/2024/texmf-dist/tex/latex/thmtools/thm-restate.sty
Package: thm-restate 2023/05/04 v0.76
)
(/usr/local/texlive/2024/texmf-dist/tex/latex/thmtools/thm-amsthm.sty
Package: thm-amsthm 2023/05/04 v0.76
\thmt@style@headstyle=\toks37
))
(/usr/local/texlive/2024/texmf-dist/tex/latex/float/float.sty
Package: float 2001/11/08 v1.3d Float enhancements (AL)
\c@float@type=\count298
\float@exts=\toks38
\float@box=\box55
\@float@everytoks=\toks39
\@floatcapt=\box56
)
(/usr/local/texlive/2024/texmf-dist/tex/latex/caption/subcaption.sty
Package: subcaption 2023/07/28 v1.6b Sub-captions (AR)

(/usr/local/texlive/2024/texmf-dist/tex/latex/caption/caption.sty
Package: caption 2023/08/05 v3.6o Customizing captions (AR)

(/usr/local/texlive/2024/texmf-dist/tex/latex/caption/caption3.sty
Package: caption3 2023/07/31 v2.4d caption3 kernel (AR)
\caption@tempdima=\dimen173
\captionmargin=\dimen174
\caption@leftmargin=\dimen175
\caption@rightmargin=\dimen176
\caption@width=\dimen177
\caption@indent=\dimen178
\caption@parindent=\dimen179
\caption@hangindent=\dimen180
Package caption Info: Standard document class detected.
)
\c@caption@flags=\count299
\c@continuedfloat=\count300
Package caption Info: float package is loaded.
Package caption Info: hyperref package is loaded.
)
Package caption Info: New subtype `subfigure' on input line 238.
\c@subfigure=\count301
Package caption Info: New subtype `subtable' on input line 238.
\c@subtable=\count302
)
Package hyperref Info: Option `colorlinks' set `true' on input line 33.
Package hyperref Info: Option `breaklinks' set `true' on input line 33.


Package hyperref Warning: Option `bookmarks' has already been used,
(hyperref)                setting the option has no effect on input line 33.


(/usr/local/texlive/2024/texmf-dist/tex/latex/newunicodechar/newunicodechar.sty
Package: newunicodechar 2018/04/08 v1.2 Defining Unicode characters
)
LaTeX Font Info:    Trying to load font information for T1+lmr on input line 68
.
 (/usr/local/texlive/2024/texmf-dist/tex/latex/lm/t1lmr.fd
File: t1lmr.fd 2015/05/01 v1.6.1 Font defs for Latin Modern
)
(/usr/local/texlive/2024/texmf-dist/tex/latex/l3backend/l3backend-pdftex.def
File: l3backend-pdftex.def 2024-02-20 L3 backend support: PDF output (pdfTeX)
\l__color_backend_stack_int=\count303
\l__pdf_internal_box=\box57
)
(_logs/notes.aux)
\openout1 = `notes.aux'.

LaTeX Font Info:    Checking defaults for OML/cmm/m/it on input line 68.
LaTeX Font Info:    ... okay on input line 68.
LaTeX Font Info:    Checking defaults for OMS/cmsy/m/n on input line 68.
LaTeX Font Info:    ... okay on input line 68.
LaTeX Font Info:    Checking defaults for OT1/cmr/m/n on input line 68.
LaTeX Font Info:    ... okay on input line 68.
LaTeX Font Info:    Checking defaults for T1/cmr/m/n on input line 68.
LaTeX Font Info:    ... okay on input line 68.
LaTeX Font Info:    Checking defaults for TS1/cmr/m/n on input line 68.
LaTeX Font Info:    ... okay on input line 68.
LaTeX Font Info:    Checking defaults for OMX/cmex/m/n on input line 68.
LaTeX Font Info:    ... okay on input line 68.
LaTeX Font Info:    Checking defaults for U/cmr/m/n on input line 68.
LaTeX Font Info:    ... okay on input line 68.
LaTeX Font Info:    Checking defaults for PD1/pdf/m/n on input line 68.
LaTeX Font Info:    ... okay on input line 68.
LaTeX Font Info:    Checking defaults for PU/pdf/m/n on input line 68.
LaTeX Font Info:    ... okay on input line 68.

*geometry* driver: auto-detecting
*geometry* detected driver: pdftex
*geometry* verbose mode - [ preamble ] result:
* driver: pdftex
* paper: <default>
* layout: <same size as paper>
* layoutoffset:(h,v)=(0.0pt,0.0pt)
* modes: 
* h-part:(L,W,R)=(72.26999pt, 469.75502pt, 72.26999pt)
* v-part:(T,H,B)=(72.26999pt, 650.43001pt, 72.26999pt)
* \paperwidth=614.295pt
* \paperheight=794.96999pt
* \textwidth=469.75502pt
* \textheight=650.43001pt
* \oddsidemargin=0.0pt
* \evensidemargin=0.0pt
* \topmargin=-39.0pt
* \headheight=14.0pt
* \headsep=25.0pt
* \topskip=10.0pt
* \footskip=30.0pt
* \marginparwidth=65.0pt
* \marginparsep=11.0pt
* \columnsep=10.0pt
* \skip\footins=9.0pt plus 4.0pt minus 2.0pt
* \hoffset=0.0pt
* \voffset=0.0pt
* \mag=1000
* \@twocolumnfalse
* \@twosidefalse
* \@mparswitchfalse
* \@reversemarginfalse
* (1in=72.27pt=25.4mm, 1cm=28.453pt)

Package hyperref Info: Link coloring ON on input line 68.
(_logs/notes.out) (_logs/notes.out)
\@outlinefile=\write3
\openout3 = `notes.out'.


(/usr/local/texlive/2024/texmf-dist/tex/context/base/mkii/supp-pdf.mkii
[Loading MPS to PDF converter (version 2006.09.02).]
\scratchcounter=\count304
\scratchdimen=\dimen181
\scratchbox=\box58
\nofMPsegments=\count305
\nofMParguments=\count306
\everyMPshowfont=\toks40
\MPscratchCnt=\count307
\MPscratchDim=\dimen182
\MPnumerator=\count308
\makeMPintoPDFobject=\count309
\everyMPtoPDFconversion=\toks41
) (/usr/local/texlive/2024/texmf-dist/tex/latex/graphics/graphicx.sty
Package: graphicx 2021/09/16 v1.2d Enhanced LaTeX Graphics (DPC,SPQR)

(/usr/local/texlive/2024/texmf-dist/tex/latex/graphics/graphics.sty
Package: graphics 2022/03/10 v1.4e Standard LaTeX Graphics (DPC,SPQR)

(/usr/local/texlive/2024/texmf-dist/tex/latex/graphics/trig.sty
Package: trig 2021/08/11 v1.11 sin cos tan (DPC)
)
(/usr/local/texlive/2024/texmf-dist/tex/latex/graphics-cfg/graphics.cfg
File: graphics.cfg 2016/06/04 v1.11 sample graphics configuration
)
Package graphics Info: Driver file: pdftex.def on input line 107.
)
\Gin@req@height=\dimen183
\Gin@req@width=\dimen184
)
Package caption Info: Begin \AtBeginDocument code.
Package caption Info: End \AtBeginDocument code.
LaTeX Font Info:    Trying to load font information for OT1+lmr on input line 7
1.

(/usr/local/texlive/2024/texmf-dist/tex/latex/lm/ot1lmr.fd
File: ot1lmr.fd 2015/05/01 v1.6.1 Font defs for Latin Modern
)
LaTeX Font Info:    Trying to load font information for OML+lmm on input line 7
1.

(/usr/local/texlive/2024/texmf-dist/tex/latex/lm/omllmm.fd
File: omllmm.fd 2015/05/01 v1.6.1 Font defs for Latin Modern
)
LaTeX Font Info:    Trying to load font information for OMS+lmsy on input line 
71.

(/usr/local/texlive/2024/texmf-dist/tex/latex/lm/omslmsy.fd
File: omslmsy.fd 2015/05/01 v1.6.1 Font defs for Latin Modern
)
LaTeX Font Info:    Trying to load font information for OMX+lmex on input line 
71.

(/usr/local/texlive/2024/texmf-dist/tex/latex/lm/omxlmex.fd
File: omxlmex.fd 2015/05/01 v1.6.1 Font defs for Latin Modern
)
LaTeX Font Info:    External font `lmex10' loaded for size
(Font)              <12> on input line 71.
LaTeX Font Info:    External font `lmex10' loaded for size
(Font)              <8> on input line 71.
LaTeX Font Info:    External font `lmex10' loaded for size
(Font)              <6> on input line 71.
LaTeX Font Info:    Trying to load font information for U+msa on input line 71.


(/usr/local/texlive/2024/texmf-dist/tex/latex/amsfonts/umsa.fd
File: umsa.fd 2013/01/14 v3.01 AMS symbols A
)
LaTeX Font Info:    Trying to load font information for U+msb on input line 71.


(/usr/local/texlive/2024/texmf-dist/tex/latex/amsfonts/umsb.fd
File: umsb.fd 2013/01/14 v3.01 AMS symbols B
)
LaTeX Font Info:    External font `lmex10' loaded for size
(Font)              <10> on input line 76.
LaTeX Font Info:    External font `lmex10' loaded for size
(Font)              <7> on input line 76.
LaTeX Font Info:    External font `lmex10' loaded for size
(Font)              <5> on input line 76.

/Users/ashoksaravanan/Coding/ScribeLec/server/output/MA 421/lectures/2024-11-14
-NetAppls/notes.tex:78: Missing $ inserted.
<inserted text> 
                $
l.78 \begin{array}{c}
                     
I've inserted a begin-math/end-math symbol since I think
you left one out. Proceed, with fingers crossed.

/Users/ashoksaravanan/Coding/ScribeLec/server/output/MA 421/lectures/2024-11-14
-NetAppls/notes.tex:84: Missing $ inserted.
<inserted text> 
                $
l.84 \end{array}
                
I've inserted something that you may have forgotten.
(See the <inserted text> above.)
With luck, this will get me unwedged. But if you
really didn't forget anything, try typing `2' now; then
my insertion and my current dilemma will both disappear.

/Users/ashoksaravanan/Coding/ScribeLec/server/output/MA 421/lectures/2024-11-14
-NetAppls/notes.tex:85: Missing $ inserted.
<inserted text> 
                $
l.85 \xleftarrow{\qquad}
                        
I've inserted a begin-math/end-math symbol since I think
you left one out. Proceed, with fingers crossed.

/Users/ashoksaravanan/Coding/ScribeLec/server/output/MA 421/lectures/2024-11-14
-NetAppls/notes.tex:104: Missing $ inserted.
<inserted text> 
                $
l.104 \subsection
                 {Description}%
I've inserted a begin-math/end-math symbol since I think
you left one out. Proceed, with fingers crossed.

</Users/ashoksaravanan/Coding/ScribeLec/server/output/MA 421/lectures/2024-11-1
4-NetAppls/figures/1.1.png, id=325, 371.3875pt x 411.5375pt>
File: /Users/ashoksaravanan/Coding/ScribeLec/server/output/MA 421/lectures/2024
-11-14-NetAppls/figures/1.1.png Graphic file (type png)
<use /Users/ashoksaravanan/Coding/ScribeLec/server/output/MA 421/lectures/2024-
11-14-NetAppls/figures/1.1.png>
Package pdftex.def Info: /Users/ashoksaravanan/Coding/ScribeLec/server/output/M
A 421/lectures/2024-11-14-NetAppls/figures/1.1.png  used on input line 111.
(pdftex.def)             Requested size: 70.46037pt x 78.07362pt.

Underfull \hbox (badness 10000) in paragraph at lines 112--112
[]\T1/lmr/bx/n/8 (a) |\T1/lmr/m/n/8 Hand-writ-ten
 []


Underfull \hbox (badness 1558) in paragraph at lines 112--112
\T1/lmr/m/n/8 notes on vari-ants
 []


Underfull \hbox (badness 2111) in paragraph at lines 112--112
\T1/lmr/m/n/8 of net-work flows,
 []


Underfull \hbox (badness 10000) in paragraph at lines 112--112
\T1/lmr/m/n/8 specif-i-cally the
 []


Underfull \hbox (badness 10000) in paragraph at lines 112--112
\T1/lmr/m/n/8 trans-porta-tion
 []

[1

{/usr/local/texlive/2024/texmf-var/fonts/map/pdftex/updmap/pdftex.map}{/usr/loc
al/texlive/2024/texmf-dist/fonts/enc/dvips/lm/lm-ec.enc}{/usr/local/texlive/202
4/texmf-dist/fonts/enc/dvips/lm/lm-mathsy.enc}{/usr/local/texlive/2024/texmf-di
st/fonts/enc/dvips/lm/lm-mathit.enc}{/usr/local/texlive/2024/texmf-dist/fonts/e
nc/dvips/lm/lm-mathex.enc}{/usr/local/texlive/2024/texmf-dist/fonts/enc/dvips/l
m/lm-rm.enc} </Users/ashoksaravanan/Coding/ScribeLec/server/output/MA 421/lectu
res/2024-11-14-NetAppls/figures/1.1.png (PNG copy)>]
/Users/ashoksaravanan/Coding/ScribeLec/server/output/MA 421/lectures/2024-11-14
-NetAppls/notes.tex:125: Missing $ inserted.
<inserted text> 
                $
l.125 \begin{array}{c}
                      
I've inserted a begin-math/end-math symbol since I think
you left one out. Proceed, with fingers crossed.

/Users/ashoksaravanan/Coding/ScribeLec/server/output/MA 421/lectures/2024-11-14
-NetAppls/notes.tex:131: Missing $ inserted.
<inserted text> 
                $
l.131 \end{array}
                 
I've inserted something that you may have forgotten.
(See the <inserted text> above.)
With luck, this will get me unwedged. But if you
really didn't forget anything, try typing `2' now; then
my insertion and my current dilemma will both disappear.

/Users/ashoksaravanan/Coding/ScribeLec/server/output/MA 421/lectures/2024-11-14
-NetAppls/notes.tex:132: Missing $ inserted.
<inserted text> 
                $
l.132 \xleftarrow{\qquad}
                         
I've inserted a begin-math/end-math symbol since I think
you left one out. Proceed, with fingers crossed.

/Users/ashoksaravanan/Coding/ScribeLec/server/output/MA 421/lectures/2024-11-14
-NetAppls/notes.tex:152: Missing $ inserted.
<inserted text> 
                $
l.152 \subsection
                 {Description}%
I've inserted a begin-math/end-math symbol since I think
you left one out. Proceed, with fingers crossed.

</Users/ashoksaravanan/Coding/ScribeLec/server/output/MA 421/lectures/2024-11-1
4-NetAppls/figures/2.1.png, id=343, 371.3875pt x 371.3875pt>
File: /Users/ashoksaravanan/Coding/ScribeLec/server/output/MA 421/lectures/2024
-11-14-NetAppls/figures/2.1.png Graphic file (type png)
<use /Users/ashoksaravanan/Coding/ScribeLec/server/output/MA 421/lectures/2024-
11-14-NetAppls/figures/2.1.png>
Package pdftex.def Info: /Users/ashoksaravanan/Coding/ScribeLec/server/output/M
A 421/lectures/2024-11-14-NetAppls/figures/2.1.png  used on input line 159.
(pdftex.def)             Requested size: 70.46037pt x 70.45668pt.

Underfull \hbox (badness 10000) in paragraph at lines 160--160
[]\T1/lmr/bx/n/8 (a) |\T1/lmr/m/n/8 Hand-writ-ten
 []


Underfull \hbox (badness 1558) in paragraph at lines 160--160
\T1/lmr/m/n/8 notes on vari-ants
 []


Underfull \hbox (badness 2111) in paragraph at lines 160--160
\T1/lmr/m/n/8 of net-work flows,
 []


Underfull \hbox (badness 10000) in paragraph at lines 160--160
\T1/lmr/m/n/8 specif-i-cally the
 []


Underfull \hbox (badness 10000) in paragraph at lines 160--160
\T1/lmr/m/n/8 trans-porta-tion
 []

[2 </Users/ashoksaravanan/Coding/ScribeLec/server/output/MA 421/lectures/2024-1
1-14-NetAppls/figures/2.1.png (PNG copy)>]
/Users/ashoksaravanan/Coding/ScribeLec/server/output/MA 421/lectures/2024-11-14
-NetAppls/notes.tex:173: Missing $ inserted.
<inserted text> 
                $
l.173 \begin{array}{c}
                      
I've inserted a begin-math/end-math symbol since I think
you left one out. Proceed, with fingers crossed.

/Users/ashoksaravanan/Coding/ScribeLec/server/output/MA 421/lectures/2024-11-14
-NetAppls/notes.tex:179: Missing $ inserted.
<inserted text> 
                $
l.179 \end{array}
                 
I've inserted something that you may have forgotten.
(See the <inserted text> above.)
With luck, this will get me unwedged. But if you
really didn't forget anything, try typing `2' now; then
my insertion and my current dilemma will both disappear.

/Users/ashoksaravanan/Coding/ScribeLec/server/output/MA 421/lectures/2024-11-14
-NetAppls/notes.tex:180: Missing $ inserted.
<inserted text> 
                $
l.180 \xleftarrow{\qquad}
                         
I've inserted a begin-math/end-math symbol since I think
you left one out. Proceed, with fingers crossed.

/Users/ashoksaravanan/Coding/ScribeLec/server/output/MA 421/lectures/2024-11-14
-NetAppls/notes.tex:210: Missing $ inserted.
<inserted text> 
                $
l.210 \subsection
                 {Description}%
I've inserted a begin-math/end-math symbol since I think
you left one out. Proceed, with fingers crossed.

</Users/ashoksaravanan/Coding/ScribeLec/server/output/MA 421/lectures/2024-11-1
4-NetAppls/figures/3.1.png, id=349, 371.3875pt x 411.5375pt>
File: /Users/ashoksaravanan/Coding/ScribeLec/server/output/MA 421/lectures/2024
-11-14-NetAppls/figures/3.1.png Graphic file (type png)
<use /Users/ashoksaravanan/Coding/ScribeLec/server/output/MA 421/lectures/2024-
11-14-NetAppls/figures/3.1.png>
Package pdftex.def Info: /Users/ashoksaravanan/Coding/ScribeLec/server/output/M
A 421/lectures/2024-11-14-NetAppls/figures/3.1.png  used on input line 217.
(pdftex.def)             Requested size: 70.46037pt x 78.07362pt.

Underfull \hbox (badness 10000) in paragraph at lines 218--218
[]\T1/lmr/bx/n/8 (a) |\T1/lmr/m/n/8 Hand-writ-ten
 []


Underfull \hbox (badness 1558) in paragraph at lines 218--218
\T1/lmr/m/n/8 notes on vari-ants
 []


Underfull \hbox (badness 2111) in paragraph at lines 218--218
\T1/lmr/m/n/8 of net-work flows,
 []


Underfull \hbox (badness 10000) in paragraph at lines 218--218
\T1/lmr/m/n/8 specif-i-cally the
 []


Underfull \hbox (badness 10000) in paragraph at lines 218--218
\T1/lmr/m/n/8 trans-porta-tion
 []


Underfull \hbox (badness 10000) in paragraph at lines 218--218
\T1/lmr/m/n/8 prob-lem with a
 []

[3 </Users/ashoksaravanan/Coding/ScribeLec/server/output/MA 421/lectures/2024-1
1-14-NetAppls/figures/3.1.png (PNG copy)>]
/Users/ashoksaravanan/Coding/ScribeLec/server/output/MA 421/lectures/2024-11-14
-NetAppls/notes.tex:230: Missing $ inserted.
<inserted text> 
                $
l.230 \sum
          _j x_{ij} + x_{id} = s_i, \qquad \sum_i x_{ij} = d_j + x_{dj} \\
I've inserted a begin-math/end-math symbol since I think
you left one out. Proceed, with fingers crossed.

/Users/ashoksaravanan/Coding/ScribeLec/server/output/MA 421/lectures/2024-11-14
-NetAppls/notes.tex:235: Missing $ inserted.
<inserted text> 
                $
l.235 \subsection
                 {Description}%
I've inserted a begin-math/end-math symbol since I think
you left one out. Proceed, with fingers crossed.

</Users/ashoksaravanan/Coding/ScribeLec/server/output/MA 421/lectures/2024-11-1
4-NetAppls/figures/4.1.png, id=355, 823.075pt x 873.2625pt>
File: /Users/ashoksaravanan/Coding/ScribeLec/server/output/MA 421/lectures/2024
-11-14-NetAppls/figures/4.1.png Graphic file (type png)
<use /Users/ashoksaravanan/Coding/ScribeLec/server/output/MA 421/lectures/2024-
11-14-NetAppls/figures/4.1.png>
Package pdftex.def Info: /Users/ashoksaravanan/Coding/ScribeLec/server/output/M
A 421/lectures/2024-11-14-NetAppls/figures/4.1.png  used on input line 242.
(pdftex.def)             Requested size: 70.46037pt x 74.75266pt.

Underfull \hbox (badness 10000) in paragraph at lines 243--243
[]\T1/lmr/bx/n/8 (a) |\T1/lmr/m/n/8 Hand-writ-ten
 []


Underfull \hbox (badness 1558) in paragraph at lines 243--243
\T1/lmr/m/n/8 notes on vari-ants
 []


Underfull \hbox (badness 2111) in paragraph at lines 243--243
\T1/lmr/m/n/8 of net-work flows,
 []


Underfull \hbox (badness 10000) in paragraph at lines 243--243
\T1/lmr/m/n/8 specif-i-cally the
 []


Underfull \hbox (badness 10000) in paragraph at lines 243--243
\T1/lmr/m/n/8 trans-porta-tion
 []


Underfull \hbox (badness 10000) in paragraph at lines 243--243
\T1/lmr/m/n/8 prob-lem with a
 []


Underfull \hbox (badness 10000) in paragraph at lines 243--243
\T1/lmr/m/n/8 the deriva-tion
 []


Underfull \hbox (badness 6978) in paragraph at lines 243--243
\T1/lmr/m/n/8 of an ad-di-tional
 []

[4 </Users/ashoksaravanan/Coding/ScribeLec/server/output/MA 421/lectures/2024-1
1-14-NetAppls/figures/4.1.png (PNG copy)>]
/Users/ashoksaravanan/Coding/ScribeLec/server/output/MA 421/lectures/2024-11-14
-NetAppls/notes.tex:253: Missing $ inserted.
<inserted text> 
                $
l.253 ...aints (Transportation Problem)} \quad [C_
                                                  7] \text{ p. 321} \\
I've inserted a begin-math/end-math symbol since I think
you left one out. Proceed, with fingers crossed.


/Users/ashoksaravanan/Coding/ScribeLec/server/output/MA 421/lectures/2024-11-14
-NetAppls/notes.tex:254: LaTeX Error: Environment tikzpicture undefined.

See the LaTeX manual or LaTeX Companion for explanation.
Type  H <return>  for immediate help.
 ...                                              
                                                  
l.254 \begin{tikzpicture}
                         [scale=0.8]
Your command was ignored.
Type  I <command> <return>  to replace it with another command,
or  <return>  to continue without it.

/Users/ashoksaravanan/Coding/ScribeLec/server/output/MA 421/lectures/2024-11-14
-NetAppls/notes.tex:255: Undefined control sequence.
l.255 \node
           [circle,draw,label=above:1] (1) at (0,2) {};
The control sequence at the end of the top line
of your error message was never \def'ed. If you have
misspelled it (e.g., `\hobx'), type `I' and the correct
spelling (e.g., `I\hbox'). Otherwise just continue,
and I'll forget about whatever was undefined.

/Users/ashoksaravanan/Coding/ScribeLec/server/output/MA 421/lectures/2024-11-14
-NetAppls/notes.tex:256: Undefined control sequence.
l.256 \node
           [circle,draw,label=left:2] (2) at (0,0) {};
The control sequence at the end of the top line
of your error message was never \def'ed. If you have
misspelled it (e.g., `\hobx'), type `I' and the correct
spelling (e.g., `I\hbox'). Otherwise just continue,
and I'll forget about whatever was undefined.

/Users/ashoksaravanan/Coding/ScribeLec/server/output/MA 421/lectures/2024-11-14
-NetAppls/notes.tex:257: Undefined control sequence.
l.257 \node
           [circle,draw,label=above:3] (3) at (3,2) {};
The control sequence at the end of the top line
of your error message was never \def'ed. If you have
misspelled it (e.g., `\hobx'), type `I' and the correct
spelling (e.g., `I\hbox'). Otherwise just continue,
and I'll forget about whatever was undefined.

/Users/ashoksaravanan/Coding/ScribeLec/server/output/MA 421/lectures/2024-11-14
-NetAppls/notes.tex:258: Undefined control sequence.
l.258 \node
           [circle,draw,label=right:4] (4) at (3,0) {};
The control sequence at the end of the top line
of your error message was never \def'ed. If you have
misspelled it (e.g., `\hobx'), type `I' and the correct
spelling (e.g., `I\hbox'). Otherwise just continue,
and I'll forget about whatever was undefined.

/Users/ashoksaravanan/Coding/ScribeLec/server/output/MA 421/lectures/2024-11-14
-NetAppls/notes.tex:259: Undefined control sequence.
l.259 \draw
           [->] (1) -- node[above] {$-7$} (3);
The control sequence at the end of the top line
of your error message was never \def'ed. If you have
misspelled it (e.g., `\hobx'), type `I' and the correct
spelling (e.g., `I\hbox'). Otherwise just continue,
and I'll forget about whatever was undefined.

/Users/ashoksaravanan/Coding/ScribeLec/server/output/MA 421/lectures/2024-11-14
-NetAppls/notes.tex:259: Missing } inserted.
<inserted text> 
                }
l.259 \draw[->] (1) -- node[above] {$
                                     -7$} (3);
I've inserted something that you may have forgotten.
(See the <inserted text> above.)
With luck, this will get me unwedged. But if you
really didn't forget anything, try typing `2' now; then
my insertion and my current dilemma will both disappear.

/Users/ashoksaravanan/Coding/ScribeLec/server/output/MA 421/lectures/2024-11-14
-NetAppls/notes.tex:259: Missing \endgroup inserted.
<inserted text> 
                \endgroup 
l.259 \draw[->] (1) -- node[above] {$
                                     -7$} (3);
I've inserted something that you may have forgotten.
(See the <inserted text> above.)
With luck, this will get me unwedged. But if you
really didn't forget anything, try typing `2' now; then
my insertion and my current dilemma will both disappear.

/Users/ashoksaravanan/Coding/ScribeLec/server/output/MA 421/lectures/2024-11-14
-NetAppls/notes.tex:259: Extra }, or forgotten $.
<recently read> }
                 
l.259 \draw[->] (1) -- node[above] {$-7$}
                                          (3);
I've deleted a group-closing symbol because it seems to be
spurious, as in `$x}$'. But perhaps the } is legitimate and
you forgot something else, as in `\hbox{$x}'. In such cases
the way to recover is to insert both the forgotten and the
deleted material, e.g., by typing `I$}'.

/Users/ashoksaravanan/Coding/ScribeLec/server/output/MA 421/lectures/2024-11-14
-NetAppls/notes.tex:260: Undefined control sequence.
l.260 \draw
           [->] (3) -- node[right] {$-2$} (4);
The control sequence at the end of the top line
of your error message was never \def'ed. If you have
misspelled it (e.g., `\hobx'), type `I' and the correct
spelling (e.g., `I\hbox'). Otherwise just continue,
and I'll forget about whatever was undefined.

/Users/ashoksaravanan/Coding/ScribeLec/server/output/MA 421/lectures/2024-11-14
-NetAppls/notes.tex:260: Missing } inserted.
<inserted text> 
                }
l.260 \draw[->] (3) -- node[right] {$
                                     -2$} (4);
I've inserted something that you may have forgotten.
(See the <inserted text> above.)
With luck, this will get me unwedged. But if you
really didn't forget anything, try typing `2' now; then
my insertion and my current dilemma will both disappear.

/Users/ashoksaravanan/Coding/ScribeLec/server/output/MA 421/lectures/2024-11-14
-NetAppls/notes.tex:260: Extra }, or forgotten $.
<recently read> }
                 
l.260 \draw[->] (3) -- node[right] {$-2$}
                                          (4);
I've deleted a group-closing symbol because it seems to be
spurious, as in `$x}$'. But perhaps the } is legitimate and
you forgot something else, as in `\hbox{$x}'. In such cases
the way to recover is to insert both the forgotten and the
deleted material, e.g., by typing `I$}'.

/Users/ashoksaravanan/Coding/ScribeLec/server/output/MA 421/lectures/2024-11-14
-NetAppls/notes.tex:261: Undefined control sequence.
l.261 \draw
           [->] (4) -- node[below] {} (2);
The control sequence at the end of the top line
of your error message was never \def'ed. If you have
misspelled it (e.g., `\hobx'), type `I' and the correct
spelling (e.g., `I\hbox'). Otherwise just continue,
and I'll forget about whatever was undefined.

/Users/ashoksaravanan/Coding/ScribeLec/server/output/MA 421/lectures/2024-11-14
-NetAppls/notes.tex:262: Undefined control sequence.
l.262 \draw
           [->] (2) -- node[left] {} (1);
The control sequence at the end of the top line
of your error message was never \def'ed. If you have
misspelled it (e.g., `\hobx'), type `I' and the correct
spelling (e.g., `I\hbox'). Otherwise just continue,
and I'll forget about whatever was undefined.

/Users/ashoksaravanan/Coding/ScribeLec/server/output/MA 421/lectures/2024-11-14
-NetAppls/notes.tex:263: Undefined control sequence.
l.263 \draw
           [->] (2) -- node[above,sloped] {} (3);
The control sequence at the end of the top line
of your error message was never \def'ed. If you have
misspelled it (e.g., `\hobx'), type `I' and the correct
spelling (e.g., `I\hbox'). Otherwise just continue,
and I'll forget about whatever was undefined.

/Users/ashoksaravanan/Coding/ScribeLec/server/output/MA 421/lectures/2024-11-14
-NetAppls/notes.tex:264: Undefined control sequence.
l.264 \node
            at (1.5,1) {$N_1$};
The control sequence at the end of the top line
of your error message was never \def'ed. If you have
misspelled it (e.g., `\hobx'), type `I' and the correct
spelling (e.g., `I\hbox'). Otherwise just continue,
and I'll forget about whatever was undefined.

/Users/ashoksaravanan/Coding/ScribeLec/server/output/MA 421/lectures/2024-11-14
-NetAppls/notes.tex:264: Missing } inserted.
<inserted text> 
                }
l.264 \node at (1.5,1) {$
                         N_1$};
I've inserted something that you may have forgotten.
(See the <inserted text> above.)
With luck, this will get me unwedged. But if you
really didn't forget anything, try typing `2' now; then
my insertion and my current dilemma will both disappear.

/Users/ashoksaravanan/Coding/ScribeLec/server/output/MA 421/lectures/2024-11-14
-NetAppls/notes.tex:264: Missing $ inserted.
<inserted text> 
                $
l.264 \node at (1.5,1) {$N_
                           1$};
I've inserted a begin-math/end-math symbol since I think
you left one out. Proceed, with fingers crossed.

/Users/ashoksaravanan/Coding/ScribeLec/server/output/MA 421/lectures/2024-11-14
-NetAppls/notes.tex:264: Too many }'s.
l.264 \node at (1.5,1) {$N_1$}
                              ;
You've closed more groups than you opened.
Such booboos are generally harmless, so keep going.

/Users/ashoksaravanan/Coding/ScribeLec/server/output/MA 421/lectures/2024-11-14
-NetAppls/notes.tex:265: Undefined control sequence.
l.265 \node
           [red] at (-0.5,2) {$+4$};
The control sequence at the end of the top line
of your error message was never \def'ed. If you have
misspelled it (e.g., `\hobx'), type `I' and the correct
spelling (e.g., `I\hbox'). Otherwise just continue,
and I'll forget about whatever was undefined.

/Users/ashoksaravanan/Coding/ScribeLec/server/output/MA 421/lectures/2024-11-14
-NetAppls/notes.tex:266: Undefined control sequence.
l.266 \node
           [red] at (-0.5,0) {$+9$};
The control sequence at the end of the top line
of your error message was never \def'ed. If you have
misspelled it (e.g., `\hobx'), type `I' and the correct
spelling (e.g., `I\hbox'). Otherwise just continue,
and I'll forget about whatever was undefined.


/Users/ashoksaravanan/Coding/ScribeLec/server/output/MA 421/lectures/2024-11-14
-NetAppls/notes.tex:267: LaTeX Error: \begin{document} ended by \end{tikzpictur
e}.

See the LaTeX manual or LaTeX Companion for explanation.
Type  H <return>  for immediate help.
 ...                                              
                                                  
l.267 \end{tikzpicture}
                       
Your command was ignored.
Type  I <command> <return>  to replace it with another command,
or  <return>  to continue without it.

/Users/ashoksaravanan/Coding/ScribeLec/server/output/MA 421/lectures/2024-11-14
-NetAppls/notes.tex:267: Extra \endgroup.
<recently read> \endgroup 
                          
l.267 \end{tikzpicture}
                       
Things are pretty mixed up, but I think the worst is over.

/Users/ashoksaravanan/Coding/ScribeLec/server/output/MA 421/lectures/2024-11-14
-NetAppls/notes.tex:268: Missing $ inserted.
<inserted text> 
                $
l.268 \quad \xrightarrow{\qquad}
                                 \quad
I've inserted a begin-math/end-math symbol since I think
you left one out. Proceed, with fingers crossed.


/Users/ashoksaravanan/Coding/ScribeLec/server/output/MA 421/lectures/2024-11-14
-NetAppls/notes.tex:269: LaTeX Error: Environment tikzpicture undefined.

See the LaTeX manual or LaTeX Companion for explanation.
Type  H <return>  for immediate help.
 ...                                              
                                                  
l.269 \begin{tikzpicture}
                         [scale=0.8]
Your command was ignored.
Type  I <command> <return>  to replace it with another command,
or  <return>  to continue without it.

/Users/ashoksaravanan/Coding/ScribeLec/server/output/MA 421/lectures/2024-11-14
-NetAppls/notes.tex:270: Undefined control sequence.
l.270 \node
           [circle,draw,label=above:1] (1) at (0,2) {};
The control sequence at the end of the top line
of your error message was never \def'ed. If you have
misspelled it (e.g., `\hobx'), type `I' and the correct
spelling (e.g., `I\hbox'). Otherwise just continue,
and I'll forget about whatever was undefined.

/Users/ashoksaravanan/Coding/ScribeLec/server/output/MA 421/lectures/2024-11-14
-NetAppls/notes.tex:271: Undefined control sequence.
l.271 \node
           [circle,draw,label=left:2] (2) at (0,0) {};
The control sequence at the end of the top line
of your error message was never \def'ed. If you have
misspelled it (e.g., `\hobx'), type `I' and the correct
spelling (e.g., `I\hbox'). Otherwise just continue,
and I'll forget about whatever was undefined.

/Users/ashoksaravanan/Coding/ScribeLec/server/output/MA 421/lectures/2024-11-14
-NetAppls/notes.tex:272: Undefined control sequence.
l.272 \node
           [circle,draw,label=above:3] (3) at (3,2) {};
The control sequence at the end of the top line
of your error message was never \def'ed. If you have
misspelled it (e.g., `\hobx'), type `I' and the correct
spelling (e.g., `I\hbox'). Otherwise just continue,
and I'll forget about whatever was undefined.

/Users/ashoksaravanan/Coding/ScribeLec/server/output/MA 421/lectures/2024-11-14
-NetAppls/notes.tex:273: Undefined control sequence.
l.273 \node
           [circle,draw,label=right:4] (4) at (3,0) {};
The control sequence at the end of the top line
of your error message was never \def'ed. If you have
misspelled it (e.g., `\hobx'), type `I' and the correct
spelling (e.g., `I\hbox'). Otherwise just continue,
and I'll forget about whatever was undefined.

/Users/ashoksaravanan/Coding/ScribeLec/server/output/MA 421/lectures/2024-11-14
-NetAppls/notes.tex:274: Undefined control sequence.
l.274 \node
           [circle,draw,label=left:5] (5) at (-1.5,1) {};
The control sequence at the end of the top line
of your error message was never \def'ed. If you have
misspelled it (e.g., `\hobx'), type `I' and the correct
spelling (e.g., `I\hbox'). Otherwise just continue,
and I'll forget about whatever was undefined.

/Users/ashoksaravanan/Coding/ScribeLec/server/output/MA 421/lectures/2024-11-14
-NetAppls/notes.tex:275: Undefined control sequence.
l.275 \draw
           [->] (1) -- node[above] {$-7$} (3);
The control sequence at the end of the top line
of your error message was never \def'ed. If you have
misspelled it (e.g., `\hobx'), type `I' and the correct
spelling (e.g., `I\hbox'). Otherwise just continue,
and I'll forget about whatever was undefined.

/Users/ashoksaravanan/Coding/ScribeLec/server/output/MA 421/lectures/2024-11-14
-NetAppls/notes.tex:275: Missing } inserted.
<inserted text> 
                }
l.275 \draw[->] (1) -- node[above] {$
                                     -7$} (3);
I've inserted something that you may have forgotten.
(See the <inserted text> above.)
With luck, this will get me unwedged. But if you
really didn't forget anything, try typing `2' now; then
my insertion and my current dilemma will both disappear.

/Users/ashoksaravanan/Coding/ScribeLec/server/output/MA 421/lectures/2024-11-14
-NetAppls/notes.tex:275: Missing \endgroup inserted.
<inserted text> 
                \endgroup 
l.275 \draw[->] (1) -- node[above] {$
                                     -7$} (3);
I've inserted something that you may have forgotten.
(See the <inserted text> above.)
With luck, this will get me unwedged. But if you
really didn't forget anything, try typing `2' now; then
my insertion and my current dilemma will both disappear.

/Users/ashoksaravanan/Coding/ScribeLec/server/output/MA 421/lectures/2024-11-14
-NetAppls/notes.tex:275: Extra }, or forgotten $.
<recently read> }
                 
l.275 \draw[->] (1) -- node[above] {$-7$}
                                          (3);
I've deleted a group-closing symbol because it seems to be
spurious, as in `$x}$'. But perhaps the } is legitimate and
you forgot something else, as in `\hbox{$x}'. In such cases
the way to recover is to insert both the forgotten and the
deleted material, e.g., by typing `I$}'.

/Users/ashoksaravanan/Coding/ScribeLec/server/output/MA 421/lectures/2024-11-14
-NetAppls/notes.tex:276: Undefined control sequence.
l.276 \draw
           [->] (3) -- node[right] {$-2$} (4);
The control sequence at the end of the top line
of your error message was never \def'ed. If you have
misspelled it (e.g., `\hobx'), type `I' and the correct
spelling (e.g., `I\hbox'). Otherwise just continue,
and I'll forget about whatever was undefined.

/Users/ashoksaravanan/Coding/ScribeLec/server/output/MA 421/lectures/2024-11-14
-NetAppls/notes.tex:276: Missing } inserted.
<inserted text> 
                }
l.276 \draw[->] (3) -- node[right] {$
                                     -2$} (4);
I've inserted something that you may have forgotten.
(See the <inserted text> above.)
With luck, this will get me unwedged. But if you
really didn't forget anything, try typing `2' now; then
my insertion and my current dilemma will both disappear.

/Users/ashoksaravanan/Coding/ScribeLec/server/output/MA 421/lectures/2024-11-14
-NetAppls/notes.tex:276: Extra }, or forgotten $.
<recently read> }
                 
l.276 \draw[->] (3) -- node[right] {$-2$}
                                          (4);
I've deleted a group-closing symbol because it seems to be
spurious, as in `$x}$'. But perhaps the } is legitimate and
you forgot something else, as in `\hbox{$x}'. In such cases
the way to recover is to insert both the forgotten and the
deleted material, e.g., by typing `I$}'.

/Users/ashoksaravanan/Coding/ScribeLec/server/output/MA 421/lectures/2024-11-14
-NetAppls/notes.tex:277: Undefined control sequence.
l.277 \draw
           [->] (4) -- node[below] {} (2);
The control sequence at the end of the top line
of your error message was never \def'ed. If you have
misspelled it (e.g., `\hobx'), type `I' and the correct
spelling (e.g., `I\hbox'). Otherwise just continue,
and I'll forget about whatever was undefined.

/Users/ashoksaravanan/Coding/ScribeLec/server/output/MA 421/lectures/2024-11-14
-NetAppls/notes.tex:278: Undefined control sequence.
l.278 \draw
           [->] (2) -- node[left] {} (1);
The control sequence at the end of the top line
of your error message was never \def'ed. If you have
misspelled it (e.g., `\hobx'), type `I' and the correct
spelling (e.g., `I\hbox'). Otherwise just continue,
and I'll forget about whatever was undefined.

/Users/ashoksaravanan/Coding/ScribeLec/server/output/MA 421/lectures/2024-11-14
-NetAppls/notes.tex:279: Undefined control sequence.
l.279 \draw
           [->] (2) -- node[above,sloped] {} (3);
The control sequence at the end of the top line
of your error message was never \def'ed. If you have
misspelled it (e.g., `\hobx'), type `I' and the correct
spelling (e.g., `I\hbox'). Otherwise just continue,
and I'll forget about whatever was undefined.

/Users/ashoksaravanan/Coding/ScribeLec/server/output/MA 421/lectures/2024-11-14
-NetAppls/notes.tex:280: Undefined control sequence.
l.280 \draw
           [->] (5) -- node[above,sloped] {\tiny zero cost} (1);
The control sequence at the end of the top line
of your error message was never \def'ed. If you have
misspelled it (e.g., `\hobx'), type `I' and the correct
spelling (e.g., `I\hbox'). Otherwise just continue,
and I'll forget about whatever was undefined.


LaTeX Font Warning: Command \tiny invalid in math mode on input line 280.

/Users/ashoksaravanan/Coding/ScribeLec/server/output/MA 421/lectures/2024-11-14
-NetAppls/notes.tex:281: Undefined control sequence.
l.281 \draw
           [->] (5) -- node[below,sloped] {\tiny zero cost} (2);
The control sequence at the end of the top line
of your error message was never \def'ed. If you have
misspelled it (e.g., `\hobx'), type `I' and the correct
spelling (e.g., `I\hbox'). Otherwise just continue,
and I'll forget about whatever was undefined.


LaTeX Font Warning: Command \tiny invalid in math mode on input line 281.

/Users/ashoksaravanan/Coding/ScribeLec/server/output/MA 421/lectures/2024-11-14
-NetAppls/notes.tex:282: Undefined control sequence.
l.282 \node
            at (1.5,1) {$N_2$};
The control sequence at the end of the top line
of your error message was never \def'ed. If you have
misspelled it (e.g., `\hobx'), type `I' and the correct
spelling (e.g., `I\hbox'). Otherwise just continue,
and I'll forget about whatever was undefined.

/Users/ashoksaravanan/Coding/ScribeLec/server/output/MA 421/lectures/2024-11-14
-NetAppls/notes.tex:282: Missing } inserted.
<inserted text> 
                }
l.282 \node at (1.5,1) {$
                         N_2$};
I've inserted something that you may have forgotten.
(See the <inserted text> above.)
With luck, this will get me unwedged. But if you
really didn't forget anything, try typing `2' now; then
my insertion and my current dilemma will both disappear.

/Users/ashoksaravanan/Coding/ScribeLec/server/output/MA 421/lectures/2024-11-14
-NetAppls/notes.tex:282: Missing $ inserted.
<inserted text> 
                $
l.282 \node at (1.5,1) {$N_
                           2$};
I've inserted a begin-math/end-math symbol since I think
you left one out. Proceed, with fingers crossed.

/Users/ashoksaravanan/Coding/ScribeLec/server/output/MA 421/lectures/2024-11-14
-NetAppls/notes.tex:282: Too many }'s.
l.282 \node at (1.5,1) {$N_2$}
                              ;
You've closed more groups than you opened.
Such booboos are generally harmless, so keep going.

/Users/ashoksaravanan/Coding/ScribeLec/server/output/MA 421/lectures/2024-11-14
-NetAppls/notes.tex:283: Undefined control sequence.
l.283 \node
           [red] at (-0.5,2) {$+4$};
The control sequence at the end of the top line
of your error message was never \def'ed. If you have
misspelled it (e.g., `\hobx'), type `I' and the correct
spelling (e.g., `I\hbox'). Otherwise just continue,
and I'll forget about whatever was undefined.

/Users/ashoksaravanan/Coding/ScribeLec/server/output/MA 421/lectures/2024-11-14
-NetAppls/notes.tex:284: Undefined control sequence.
l.284 \node
           [red] at (-0.5,0) {$+9$};
The control sequence at the end of the top line
of your error message was never \def'ed. If you have
misspelled it (e.g., `\hobx'), type `I' and the correct
spelling (e.g., `I\hbox'). Otherwise just continue,
and I'll forget about whatever was undefined.

/Users/ashoksaravanan/Coding/ScribeLec/server/output/MA 421/lectures/2024-11-14
-NetAppls/notes.tex:285: Undefined control sequence.
l.285 \node
           [red] at (-2,1) {$-4$};
The control sequence at the end of the top line
of your error message was never \def'ed. If you have
misspelled it (e.g., `\hobx'), type `I' and the correct
spelling (e.g., `I\hbox'). Otherwise just continue,
and I'll forget about whatever was undefined.

/Users/ashoksaravanan/Coding/ScribeLec/server/output/MA 421/lectures/2024-11-14
-NetAppls/notes.tex:286: Undefined control sequence.
l.286 \node
            at (-1.5,0.5) {\tiny (dummy)};
The control sequence at the end of the top line
of your error message was never \def'ed. If you have
misspelled it (e.g., `\hobx'), type `I' and the correct
spelling (e.g., `I\hbox'). Otherwise just continue,
and I'll forget about whatever was undefined.

/Users/ashoksaravanan/Coding/ScribeLec/server/output/MA 421/lectures/2024-11-14
-NetAppls/notes.tex:287: Undefined control sequence.
l.287 \node
            at (-1.5,0.2) {\tiny node)};
The control sequence at the end of the top line
of your error message was never \def'ed. If you have
misspelled it (e.g., `\hobx'), type `I' and the correct
spelling (e.g., `I\hbox'). Otherwise just continue,
and I'll forget about whatever was undefined.


/Users/ashoksaravanan/Coding/ScribeLec/server/output/MA 421/lectures/2024-11-14
-NetAppls/notes.tex:288: LaTeX Error: \begin{document} ended by \end{tikzpictur
e}.

See the LaTeX manual or LaTeX Companion for explanation.
Type  H <return>  for immediate help.
 ...                                              
                                                  
l.288 \end{tikzpicture}
                        \\
Your command was ignored.
Type  I <command> <return>  to replace it with another command,
or  <return>  to continue without it.

/Users/ashoksaravanan/Coding/ScribeLec/server/output/MA 421/lectures/2024-11-14
-NetAppls/notes.tex:288: Extra \endgroup.
<recently read> \endgroup 
                          
l.288 \end{tikzpicture}
                        \\
Things are pretty mixed up, but I think the worst is over.


Overfull \hbox (31.1738pt too wide) in paragraph at lines 253--295
\OT1/lmr/m/n/10 [\OML/lmm/m/it/10 scale \OT1/lmr/m/n/10 = 0\OML/lmm/m/it/10 :\O
T1/lmr/m/n/10 8][\OML/lmm/m/it/10 circle; draw; label \OT1/lmr/m/n/10 = \OML/lm
m/m/it/10 above \OT1/lmr/m/n/10 : 1](1)\OML/lmm/m/it/10 at\OT1/lmr/m/n/10 (0\OM
L/lmm/m/it/10 ; \OT1/lmr/m/n/10 2)[]; [\OML/lmm/m/it/10 circle; draw; label \OT
1/lmr/m/n/10 = \OML/lmm/m/it/10 left \OT1/lmr/m/n/10 : 2](2)\OML/lmm/m/it/10 at
\OT1/lmr/m/n/10 (0\OML/lmm/m/it/10 ; \OT1/lmr/m/n/10 0)[]; [\OML/lmm/m/it/10 ci
rcle; draw; label \OT1/lmr/m/n/10 =
 []


Overfull \hbox (51.88777pt too wide) in paragraph at lines 253--295
\OMS/lmsy/m/n/10  \OML/lmm/m/it/10 node\OT1/lmr/m/n/10 [\OML/lmm/m/it/10 right\
OT1/lmr/m/n/10 ][]$\T1/lmr/m/n/10 -2$\OT1/lmr/m/n/10 (4); [\OMS/lmsy/m/n/10   \
OML/lmm/m/it/10 >\OT1/lmr/m/n/10 ](4) \OMS/lmsy/m/n/10    \OML/lmm/m/it/10 node
\OT1/lmr/m/n/10 [\OML/lmm/m/it/10 below\OT1/lmr/m/n/10 ][](2); [\OMS/lmsy/m/n/1
0   \OML/lmm/m/it/10 >\OT1/lmr/m/n/10 ](2) \OMS/lmsy/m/n/10    \OML/lmm/m/it/10
 node\OT1/lmr/m/n/10 [\OML/lmm/m/it/10 left\OT1/lmr/m/n/10 ][](1); [\OMS/lmsy/m
/n/10   \OML/lmm/m/it/10 >\OT1/lmr/m/n/10 ](2) \OMS/lmsy/m/n/10    \OML/lmm/m/i
t/10 node\OT1/lmr/m/n/10 [\OML/lmm/m/it/10 above; sloped\OT1/lmr/m/n/10 ][](3);
 \OML/lmm/m/it/10 at\OT1/lmr/m/n/10 (1\OML/lmm/m/it/10 :\OT1/lmr/m/n/10 5\OML/l
mm/m/it/10 ; \OT1/lmr/m/n/10 1)[]$\T1/lmr/m/n/10 N$[]$;
 []


Overfull \hbox (77.65085pt too wide) in paragraph at lines 253--295
\T1/lmr/m/n/10 [red] at (-0.5,2) $\OT1/lmr/m/n/10 +4$\T1/lmr/m/n/10 ; [red] at 
(-0.5,0) $\OT1/lmr/m/n/10 +9$\T1/lmr/m/n/10 ;   $[]  \OT1/lmr/m/n/10 [\OML/lmm/
m/it/10 scale \OT1/lmr/m/n/10 = 0\OML/lmm/m/it/10 :\OT1/lmr/m/n/10 8][\OML/lmm/
m/it/10 circle; draw; label \OT1/lmr/m/n/10 = \OML/lmm/m/it/10 above \OT1/lmr/m
/n/10 : 1](1)\OML/lmm/m/it/10 at\OT1/lmr/m/n/10 (0\OML/lmm/m/it/10 ; \OT1/lmr/m
/n/10 2)[]; [\OML/lmm/m/it/10 circle; draw; label \OT1/lmr/m/n/10 =
 []


Overfull \hbox (64.50774pt too wide) in paragraph at lines 253--295
\OML/lmm/m/it/10 left \OT1/lmr/m/n/10 : 2](2)\OML/lmm/m/it/10 at\OT1/lmr/m/n/10
 (0\OML/lmm/m/it/10 ; \OT1/lmr/m/n/10 0)[]; [\OML/lmm/m/it/10 circle; draw; lab
el \OT1/lmr/m/n/10 = \OML/lmm/m/it/10 above \OT1/lmr/m/n/10 : 3](3)\OML/lmm/m/i
t/10 at\OT1/lmr/m/n/10 (3\OML/lmm/m/it/10 ; \OT1/lmr/m/n/10 2)[]; [\OML/lmm/m/i
t/10 circle; draw; label \OT1/lmr/m/n/10 = \OML/lmm/m/it/10 right \OT1/lmr/m/n/
10 : 4](4)\OML/lmm/m/it/10 at\OT1/lmr/m/n/10 (3\OML/lmm/m/it/10 ; \OT1/lmr/m/n/
10 0)[]; [\OML/lmm/m/it/10 circle; draw; label \OT1/lmr/m/n/10 =
 []


Overfull \hbox (24.36104pt too wide) in paragraph at lines 253--295
\OML/lmm/m/it/10 left \OT1/lmr/m/n/10 : 5](5)\OML/lmm/m/it/10 at\OT1/lmr/m/n/10
 (\OMS/lmsy/m/n/10  \OT1/lmr/m/n/10 1\OML/lmm/m/it/10 :\OT1/lmr/m/n/10 5\OML/lm
m/m/it/10 ; \OT1/lmr/m/n/10 1)[]; [\OMS/lmsy/m/n/10   \OML/lmm/m/it/10 >\OT1/lm
r/m/n/10 ](1) \OMS/lmsy/m/n/10    \OML/lmm/m/it/10 node\OT1/lmr/m/n/10 [\OML/lm
m/m/it/10 above\OT1/lmr/m/n/10 ][]$\T1/lmr/m/n/10 -7$\OT1/lmr/m/n/10 (3); [\OMS
/lmsy/m/n/10   \OML/lmm/m/it/10 >\OT1/lmr/m/n/10 ](3) \OMS/lmsy/m/n/10    \OML/
lmm/m/it/10 node\OT1/lmr/m/n/10 [\OML/lmm/m/it/10 right\OT1/lmr/m/n/10 ][]$\T1/
lmr/m/n/10 -2$\OT1/lmr/m/n/10 (4); [\OMS/lmsy/m/n/10   \OML/lmm/m/it/10 >\OT1/l
mr/m/n/10 ](4) \OMS/lmsy/m/n/10    \OML/lmm/m/it/10 node\OT1/lmr/m/n/10 [\OML/l
mm/m/it/10 below\OT1/lmr/m/n/10 ][](2); [\OMS/lmsy/m/n/10   \OML/lmm/m/it/10 >
 []

</Users/ashoksaravanan/Coding/ScribeLec/server/output/MA 421/lectures/2024-11-1
4-NetAppls/figures/5.1.png, id=361, 823.075pt x 873.2625pt>
File: /Users/ashoksaravanan/Coding/ScribeLec/server/output/MA 421/lectures/2024
-11-14-NetAppls/figures/5.1.png Graphic file (type png)
<use /Users/ashoksaravanan/Coding/ScribeLec/server/output/MA 421/lectures/2024-
11-14-NetAppls/figures/5.1.png>
Package pdftex.def Info: /Users/ashoksaravanan/Coding/ScribeLec/server/output/M
A 421/lectures/2024-11-14-NetAppls/figures/5.1.png  used on input line 302.
(pdftex.def)             Requested size: 70.46037pt x 74.75266pt.

Underfull \hbox (badness 10000) in paragraph at lines 303--303
[]\T1/lmr/bx/n/8 (a) |\T1/lmr/m/n/8 Hand-writ-ten
 []


Underfull \hbox (badness 10000) in paragraph at lines 303--303
\T1/lmr/m/n/8 notes show-ing
 []


Underfull \hbox (badness 1622) in paragraph at lines 303--303
\T1/lmr/m/n/8 two net-work flow
 []


Underfull \hbox (badness 10000) in paragraph at lines 303--303
\T1/lmr/m/n/8 di-a-grams, be-fore
 []


Underfull \hbox (badness 10000) in paragraph at lines 303--303
\T1/lmr/m/n/8 and af-ter the
 []


Underfull \hbox (badness 2150) in paragraph at lines 303--303
\T1/lmr/m/n/8 in-tro-duc-tion of a
 []


Underfull \hbox (badness 10000) in paragraph at lines 303--303
\T1/lmr/m/n/8 of an in-equal-
 []


Underfull \hbox (badness 10000) in paragraph at lines 303--303
\T1/lmr/m/n/8 ity con-strained
 []


Underfull \hbox (badness 10000) in paragraph at lines 303--303
\T1/lmr/m/n/8 trans-porta-tion
 []


Underfull \hbox (badness 6141) in paragraph at lines 303--303
\T1/lmr/m/n/8 prob-lem into an
 []


Underfull \hbox (badness 10000) in paragraph at lines 303--303
\T1/lmr/m/n/8 with equal-ity
 []

[5] [6 </Users/ashoksaravanan/Coding/ScribeLec/server/output/MA 421/lectures/20
24-11-14-NetAppls/figures/5.1.png (PNG copy)>]
</Users/ashoksaravanan/Coding/ScribeLec/server/output/MA 421/lectures/2024-11-1
4-NetAppls/figures/6.1.png, id=374, 823.075pt x 873.2625pt>
File: /Users/ashoksaravanan/Coding/ScribeLec/server/output/MA 421/lectures/2024
-11-14-NetAppls/figures/6.1.png Graphic file (type png)
<use /Users/ashoksaravanan/Coding/ScribeLec/server/output/MA 421/lectures/2024-
11-14-NetAppls/figures/6.1.png>
Package pdftex.def Info: /Users/ashoksaravanan/Coding/ScribeLec/server/output/M
A 421/lectures/2024-11-14-NetAppls/figures/6.1.png  used on input line 320.
(pdftex.def)             Requested size: 70.46037pt x 74.75266pt.

Underfull \hbox (badness 10000) in paragraph at lines 321--321
[]\T1/lmr/bx/n/8 (a) |\T1/lmr/m/n/8 Hand-writ-ten
 []


Underfull \hbox (badness 10000) in paragraph at lines 321--321
\T1/lmr/m/n/8 lin-ear pro-gram-
 []


Underfull \hbox (badness 7291) in paragraph at lines 321--321
\T1/lmr/m/n/8 of a trans-porta-
 []


Underfull \hbox (badness 10000) in paragraph at lines 321--321
\T1/lmr/m/n/8 tion prob-lem
 []


Underfull \hbox (badness 10000) in paragraph at lines 321--321
\T1/lmr/m/n/8 with in-equal-ity
 []


Underfull \hbox (badness 1014) in paragraph at lines 321--321
\T1/lmr/m/n/8 con-straints. The
 []


Underfull \hbox (badness 10000) in paragraph at lines 321--321
\T1/lmr/m/n/8 first for-mu-la-tion
 []


Underfull \hbox (badness 10000) in paragraph at lines 321--321
\T1/lmr/m/n/8 ity con-straints,
 []


Underfull \hbox (badness 3219) in paragraph at lines 321--321
\T1/lmr/m/n/8 while the sec-ond
 []


Underfull \hbox (badness 10000) in paragraph at lines 321--321
\T1/lmr/m/n/8 for-mu-la-tion ($\OML/lmm/m/it/8 N[]$\T1/lmr/m/n/8 )
 []


Underfull \hbox (badness 10000) in paragraph at lines 321--321
\T1/lmr/m/n/8 in-tro-duces ad-di-
 []


Underfull \hbox (badness 10000) in paragraph at lines 321--321
\T1/lmr/m/n/8 tional vari-ables
 []


Underfull \hbox (badness 10000) in paragraph at lines 321--321
\T1/lmr/m/n/8 ($\OML/lmm/m/it/8 x[]$ \T1/lmr/m/n/8 and $\OML/lmm/m/it/8 x[]$\T1
/lmr/m/n/8 )
 []


Underfull \hbox (badness 3471) in paragraph at lines 321--321
\T1/lmr/m/n/8 to trans-form the
 []


Underfull \hbox (badness 10000) in paragraph at lines 321--321
\T1/lmr/m/n/8 in-equal-i-ties into
 []

[7 </Users/ashoksaravanan/Coding/ScribeLec/server/output/MA 421/lectures/2024-1
1-14-NetAppls/figures/6.1.png (PNG copy)>]
/Users/ashoksaravanan/Coding/ScribeLec/server/output/MA 421/lectures/2024-11-14
-NetAppls/notes.tex:332: Missing $ inserted.
<inserted text> 
                $
l.332 \begin{bmatrix}
                      A_1 \\ A_2 \end{bmatrix} \text{ - incident} \\
I've inserted a begin-math/end-math symbol since I think
you left one out. Proceed, with fingers crossed.

/Users/ashoksaravanan/Coding/ScribeLec/server/output/MA 421/lectures/2024-11-14
-NetAppls/notes.tex:332: Missing $ inserted.
<inserted text> 
                $
l.332 \begin{bmatrix} A_1 \\ A_2 \end{bmatrix}
                                               \text{ - incident} \\
I've inserted something that you may have forgotten.
(See the <inserted text> above.)
With luck, this will get me unwedged. But if you
really didn't forget anything, try typing `2' now; then
my insertion and my current dilemma will both disappear.

/Users/ashoksaravanan/Coding/ScribeLec/server/output/MA 421/lectures/2024-11-14
-NetAppls/notes.tex:334: Missing $ inserted.
<inserted text> 
                $
l.334 \begin{array}{c}
                      
I've inserted a begin-math/end-math symbol since I think
you left one out. Proceed, with fingers crossed.

/Users/ashoksaravanan/Coding/ScribeLec/server/output/MA 421/lectures/2024-11-14
-NetAppls/notes.tex:337: Missing $ inserted.
<inserted text> 
                $
l.337 \end{array}
                 
I've inserted something that you may have forgotten.
(See the <inserted text> above.)
With luck, this will get me unwedged. But if you
really didn't forget anything, try typing `2' now; then
my insertion and my current dilemma will both disappear.

/Users/ashoksaravanan/Coding/ScribeLec/server/output/MA 421/lectures/2024-11-14
-NetAppls/notes.tex:338: Missing $ inserted.
<inserted text> 
                $
l.338 \xrightarrow{\qquad}
                          
I've inserted a begin-math/end-math symbol since I think
you left one out. Proceed, with fingers crossed.

/Users/ashoksaravanan/Coding/ScribeLec/server/output/MA 421/lectures/2024-11-14
-NetAppls/notes.tex:345: Missing $ inserted.
<inserted text> 
                $
l.345 \subsection
                 {Description}%
I've inserted a begin-math/end-math symbol since I think
you left one out. Proceed, with fingers crossed.

</Users/ashoksaravanan/Coding/ScribeLec/server/output/MA 421/lectures/2024-11-1
4-NetAppls/figures/7.1.png, id=383, 823.075pt x 873.2625pt>
File: /Users/ashoksaravanan/Coding/ScribeLec/server/output/MA 421/lectures/2024
-11-14-NetAppls/figures/7.1.png Graphic file (type png)
<use /Users/ashoksaravanan/Coding/ScribeLec/server/output/MA 421/lectures/2024-
11-14-NetAppls/figures/7.1.png>
Package pdftex.def Info: /Users/ashoksaravanan/Coding/ScribeLec/server/output/M
A 421/lectures/2024-11-14-NetAppls/figures/7.1.png  used on input line 352.
(pdftex.def)             Requested size: 70.46037pt x 74.75266pt.

Underfull \hbox (badness 10000) in paragraph at lines 353--353
[]\T1/lmr/bx/n/8 (a) |\T1/lmr/m/n/8 Hand-writ-ten
 []


Underfull \hbox (badness 10000) in paragraph at lines 353--353
\T1/lmr/m/n/8 trans-for-ma-tion
 []


Underfull \hbox (badness 10000) in paragraph at lines 353--353
\T1/lmr/m/n/8 of in-equal-ity
 []


Underfull \hbox (badness 10000) in paragraph at lines 353--353
\T1/lmr/m/n/8 con-straints in a
 []


Underfull \hbox (badness 10000) in paragraph at lines 353--353
\T1/lmr/m/n/8 lin-ear pro-gram
 []


Underfull \hbox (badness 10000) in paragraph at lines 353--353
\T1/lmr/m/n/8 into equal-ity
 []


Underfull \hbox (badness 10000) in paragraph at lines 353--353
\T1/lmr/m/n/8 con-straints by
 []


Underfull \hbox (badness 10000) in paragraph at lines 353--353
\T1/lmr/m/n/8 in-tro-duc-ing slack
 []


Underfull \hbox (badness 6708) in paragraph at lines 353--353
\T1/lmr/m/n/8 vari-ables. The
 []


Underfull \hbox (badness 10000) in paragraph at lines 353--353
\T1/lmr/m/n/8 notes in-clude a
 []


Underfull \hbox (badness 10000) in paragraph at lines 353--353
\T1/lmr/m/n/8 ma-trix no-ta-tion
 []


Underfull \hbox (badness 10000) in paragraph at lines 353--353
\T1/lmr/m/n/8 pro-cess, and a
 []


Underfull \hbox (badness 10000) in paragraph at lines 353--353
\T1/lmr/m/n/8 new con-straint
 []


Underfull \hbox (badness 3009) in paragraph at lines 353--353
\T1/lmr/m/n/8 de-rived from the
 []

[8 </Users/ashoksaravanan/Coding/ScribeLec/server/output/MA 421/lectures/2024-1
1-14-NetAppls/figures/7.1.png (PNG copy)>]

/Users/ashoksaravanan/Coding/ScribeLec/server/output/MA 421/lectures/2024-11-14
-NetAppls/notes.tex:364: LaTeX Error: Environment tikzpicture undefined.

See the LaTeX manual or LaTeX Companion for explanation.
Type  H <return>  for immediate help.
 ...                                              
                                                  
l.364 \begin{tikzpicture}
                         [scale=0.8]
Your command was ignored.
Type  I <command> <return>  to replace it with another command,
or  <return>  to continue without it.

/Users/ashoksaravanan/Coding/ScribeLec/server/output/MA 421/lectures/2024-11-14
-NetAppls/notes.tex:365: Undefined control sequence.
l.365 \node
           [circle,draw,label=above:{$b_{1p}$}] (1) at (0,2) {};
The control sequence at the end of the top line
of your error message was never \def'ed. If you have
misspelled it (e.g., `\hobx'), type `I' and the correct
spelling (e.g., `I\hbox'). Otherwise just continue,
and I'll forget about whatever was undefined.

/Users/ashoksaravanan/Coding/ScribeLec/server/output/MA 421/lectures/2024-11-14
-NetAppls/notes.tex:366: Undefined control sequence.
l.366 \node
           [circle,draw] (2) at (1.5,1) {};
The control sequence at the end of the top line
of your error message was never \def'ed. If you have
misspelled it (e.g., `\hobx'), type `I' and the correct
spelling (e.g., `I\hbox'). Otherwise just continue,
and I'll forget about whatever was undefined.

/Users/ashoksaravanan/Coding/ScribeLec/server/output/MA 421/lectures/2024-11-14
-NetAppls/notes.tex:367: Undefined control sequence.
l.367 \node
           [circle,draw,label=above:{$b_{2q}$}] (3) at (3,2) {};
The control sequence at the end of the top line
of your error message was never \def'ed. If you have
misspelled it (e.g., `\hobx'), type `I' and the correct
spelling (e.g., `I\hbox'). Otherwise just continue,
and I'll forget about whatever was undefined.

/Users/ashoksaravanan/Coding/ScribeLec/server/output/MA 421/lectures/2024-11-14
-NetAppls/notes.tex:368: Undefined control sequence.
l.368 \node
           [circle,draw,fill=orange!50,label=below:D] (4) at (1.5,0) {};
The control sequence at the end of the top line
of your error message was never \def'ed. If you have
misspelled it (e.g., `\hobx'), type `I' and the correct
spelling (e.g., `I\hbox'). Otherwise just continue,
and I'll forget about whatever was undefined.

/Users/ashoksaravanan/Coding/ScribeLec/server/output/MA 421/lectures/2024-11-14
-NetAppls/notes.tex:369: Undefined control sequence.
l.369 \draw
           [->] (4) -- node[left] {$W_{dp} \ge 0$} (1);
The control sequence at the end of the top line
of your error message was never \def'ed. If you have
misspelled it (e.g., `\hobx'), type `I' and the correct
spelling (e.g., `I\hbox'). Otherwise just continue,
and I'll forget about whatever was undefined.

/Users/ashoksaravanan/Coding/ScribeLec/server/output/MA 421/lectures/2024-11-14
-NetAppls/notes.tex:370: Undefined control sequence.
l.370 \draw
           [->] (2) -- node[left] {} (4);
The control sequence at the end of the top line
of your error message was never \def'ed. If you have
misspelled it (e.g., `\hobx'), type `I' and the correct
spelling (e.g., `I\hbox'). Otherwise just continue,
and I'll forget about whatever was undefined.

/Users/ashoksaravanan/Coding/ScribeLec/server/output/MA 421/lectures/2024-11-14
-NetAppls/notes.tex:371: Undefined control sequence.
l.371 \draw
           [->] (3) -- node[right] {$W_{dq} \ge 0$} (4);
The control sequence at the end of the top line
of your error message was never \def'ed. If you have
misspelled it (e.g., `\hobx'), type `I' and the correct
spelling (e.g., `I\hbox'). Otherwise just continue,
and I'll forget about whatever was undefined.

/Users/ashoksaravanan/Coding/ScribeLec/server/output/MA 421/lectures/2024-11-14
-NetAppls/notes.tex:372: Undefined control sequence.
l.372 \node
           [red] at (1.5,0.7) {zero costs};
The control sequence at the end of the top line
of your error message was never \def'ed. If you have
misspelled it (e.g., `\hobx'), type `I' and the correct
spelling (e.g., `I\hbox'). Otherwise just continue,
and I'll forget about whatever was undefined.

/Users/ashoksaravanan/Coding/ScribeLec/server/output/MA 421/lectures/2024-11-14
-NetAppls/notes.tex:373: Undefined control sequence.
l.373 \node
            at (1.5,-0.5) {dummy node};
The control sequence at the end of the top line
of your error message was never \def'ed. If you have
misspelled it (e.g., `\hobx'), type `I' and the correct
spelling (e.g., `I\hbox'). Otherwise just continue,
and I'll forget about whatever was undefined.


/Users/ashoksaravanan/Coding/ScribeLec/server/output/MA 421/lectures/2024-11-14
-NetAppls/notes.tex:374: LaTeX Error: \begin{document} ended by \end{tikzpictur
e}.

See the LaTeX manual or LaTeX Companion for explanation.
Type  H <return>  for immediate help.
 ...                                              
                                                  
l.374 \end{tikzpicture}
                       
Your command was ignored.
Type  I <command> <return>  to replace it with another command,
or  <return>  to continue without it.


Overfull \hbox (1.52544pt too wide) in paragraph at lines 363--376
\T1/lmr/m/n/10 [scale=0.8] [circle,draw,label=above:$\OML/lmm/m/it/10 b[]$\T1/l
mr/m/n/10 ] (1) at (0,2) ; [cir-cle,draw] (2) at (1.5,1) ; [circle,draw,label=a
bove:$\OML/lmm/m/it/10 b[]$\T1/lmr/m/n/10 ]
 []

</Users/ashoksaravanan/Coding/ScribeLec/server/output/MA 421/lectures/2024-11-1
4-NetAppls/figures/8.1.png, id=389, 823.075pt x 873.2625pt>
File: /Users/ashoksaravanan/Coding/ScribeLec/server/output/MA 421/lectures/2024
-11-14-NetAppls/figures/8.1.png Graphic file (type png)
<use /Users/ashoksaravanan/Coding/ScribeLec/server/output/MA 421/lectures/2024-
11-14-NetAppls/figures/8.1.png>
Package pdftex.def Info: /Users/ashoksaravanan/Coding/ScribeLec/server/output/M
A 421/lectures/2024-11-14-NetAppls/figures/8.1.png  used on input line 383.
(pdftex.def)             Requested size: 70.46037pt x 74.75266pt.

Underfull \hbox (badness 10000) in paragraph at lines 384--384
[]\T1/lmr/bx/n/8 (a) |\T1/lmr/m/n/8 Hand-writ-ten
 []


Underfull \hbox (badness 10000) in paragraph at lines 384--384
\T1/lmr/m/n/8 notes show-ing
 []


Underfull \hbox (badness 10000) in paragraph at lines 384--384
\T1/lmr/m/n/8 a net-work flow
 []


Underfull \hbox (badness 10000) in paragraph at lines 384--384
\T1/lmr/m/n/8 di-a-gram with a
 []


Underfull \hbox (badness 10000) in paragraph at lines 384--384
\T1/lmr/m/n/8 a more gen-eral
 []


Underfull \hbox (badness 1466) in paragraph at lines 384--384
\T1/lmr/m/n/8 ap-proach to han-
 []


Underfull \hbox (badness 10000) in paragraph at lines 384--384
\T1/lmr/m/n/8 dling in-equal-ity
 []


Underfull \hbox (badness 10000) in paragraph at lines 384--384
\T1/lmr/m/n/8 ear pro-gram-ming
 []


Underfull \hbox (badness 3271) in paragraph at lines 384--384
\T1/lmr/m/n/8 by in-tro-duc-ing a
 []

[9 </Users/ashoksaravanan/Coding/ScribeLec/server/output/MA 421/lectures/2024-1
1-14-NetAppls/figures/8.1.png (PNG copy)>]
/Users/ashoksaravanan/Coding/ScribeLec/server/output/MA 421/lectures/2024-11-14
-NetAppls/notes.tex:395: Missing $ inserted.
<inserted text> 
                $
l.395 \underline{AX = b, \quad 0 \le X \le U}
                                              \\
I've inserted a begin-math/end-math symbol since I think
you left one out. Proceed, with fingers crossed.

/Users/ashoksaravanan/Coding/ScribeLec/server/output/MA 421/lectures/2024-11-14
-NetAppls/notes.tex:395: Extra }, or forgotten $.
\underline  ...{#1}\else $\@@underline {\hbox {#1}
                                                  }\m@th $\relax \fi 
l.395 \underline{AX = b, \quad 0 \le X \le U}
                                              \\
I've deleted a group-closing symbol because it seems to be
spurious, as in `$x}$'. But perhaps the } is legitimate and
you forgot something else, as in `\hbox{$x}'. In such cases
the way to recover is to insert both the forgotten and the
deleted material, e.g., by typing `I$}'.

/Users/ashoksaravanan/Coding/ScribeLec/server/output/MA 421/lectures/2024-11-14
-NetAppls/notes.tex:395: Extra }, or forgotten $.
\underline  ...#1}\else $\@@underline {\hbox {#1}}
                                                  \m@th $\relax \fi 
l.395 \underline{AX = b, \quad 0 \le X \le U}
                                              \\
I've deleted a group-closing symbol because it seems to be
spurious, as in `$x}$'. But perhaps the } is legitimate and
you forgot something else, as in `\hbox{$x}'. In such cases
the way to recover is to insert both the forgotten and the
deleted material, e.g., by typing `I$}'.


/Users/ashoksaravanan/Coding/ScribeLec/server/output/MA 421/lectures/2024-11-14
-NetAppls/notes.tex:396: LaTeX Error: Environment tikzpicture undefined.

See the LaTeX manual or LaTeX Companion for explanation.
Type  H <return>  for immediate help.
 ...                                              
                                                  
l.396 \begin{tikzpicture}
                         [scale=0.8]
Your command was ignored.
Type  I <command> <return>  to replace it with another command,
or  <return>  to continue without it.

/Users/ashoksaravanan/Coding/ScribeLec/server/output/MA 421/lectures/2024-11-14
-NetAppls/notes.tex:397: Undefined control sequence.
l.397 \node
           [circle,draw] (i) at (0,0) {$i$};
The control sequence at the end of the top line
of your error message was never \def'ed. If you have
misspelled it (e.g., `\hobx'), type `I' and the correct
spelling (e.g., `I\hbox'). Otherwise just continue,
and I'll forget about whatever was undefined.

/Users/ashoksaravanan/Coding/ScribeLec/server/output/MA 421/lectures/2024-11-14
-NetAppls/notes.tex:398: Undefined control sequence.
l.398 \node
           [circle,draw] (j) at (3,0) {$j$};
The control sequence at the end of the top line
of your error message was never \def'ed. If you have
misspelled it (e.g., `\hobx'), type `I' and the correct
spelling (e.g., `I\hbox'). Otherwise just continue,
and I'll forget about whatever was undefined.

/Users/ashoksaravanan/Coding/ScribeLec/server/output/MA 421/lectures/2024-11-14
-NetAppls/notes.tex:399: Undefined control sequence.
l.399 \draw
           [->] (i) to[bend left] node[below] {$x_{ij}$} (j);
The control sequence at the end of the top line
of your error message was never \def'ed. If you have
misspelled it (e.g., `\hobx'), type `I' and the correct
spelling (e.g., `I\hbox'). Otherwise just continue,
and I'll forget about whatever was undefined.

/Users/ashoksaravanan/Coding/ScribeLec/server/output/MA 421/lectures/2024-11-14
-NetAppls/notes.tex:400: Undefined control sequence.
l.400 \node
            at (1.5,-1) {$0 \le x_{ij} \le u_{ij}$};
The control sequence at the end of the top line
of your error message was never \def'ed. If you have
misspelled it (e.g., `\hobx'), type `I' and the correct
spelling (e.g., `I\hbox'). Otherwise just continue,
and I'll forget about whatever was undefined.


/Users/ashoksaravanan/Coding/ScribeLec/server/output/MA 421/lectures/2024-11-14
-NetAppls/notes.tex:401: LaTeX Error: \begin{document} ended by \end{tikzpictur
e}.

See the LaTeX manual or LaTeX Companion for explanation.
Type  H <return>  for immediate help.
 ...                                              
                                                  
l.401 \end{tikzpicture}
                       
Your command was ignored.
Type  I <command> <return>  to replace it with another command,
or  <return>  to continue without it.


/Users/ashoksaravanan/Coding/ScribeLec/server/output/MA 421/lectures/2024-11-14
-NetAppls/notes.tex:403: LaTeX Error: Something's wrong--perhaps a missing \ite
m.

See the LaTeX manual or LaTeX Companion for explanation.
Type  H <return>  for immediate help.
 ...                                              
                                                  
l.403 \subsection
                 {Description}%
Try typing  <return>  to proceed.
If that doesn't work, type  X <return>  to quit.


/Users/ashoksaravanan/Coding/ScribeLec/server/output/MA 421/lectures/2024-11-14
-NetAppls/notes.tex:403: LaTeX Error: Something's wrong--perhaps a missing \ite
m.

See the LaTeX manual or LaTeX Companion for explanation.
Type  H <return>  for immediate help.
 ...                                              
                                                  
l.403 \subsection
                 {Description}%
Try typing  <return>  to proceed.
If that doesn't work, type  X <return>  to quit.

/Users/ashoksaravanan/Coding/ScribeLec/server/output/MA 421/lectures/2024-11-14
-NetAppls/notes.tex:403: Missing } inserted.
<inserted text> 
                }
l.403 \subsection{Description}
                              %
I've inserted something that you may have forgotten.
(See the <inserted text> above.)
With luck, this will get me unwedged. But if you
really didn't forget anything, try typing `2' now; then
my insertion and my current dilemma will both disappear.

/Users/ashoksaravanan/Coding/ScribeLec/server/output/MA 421/lectures/2024-11-14
-NetAppls/notes.tex:403: Missing $ inserted.
<inserted text> 
                $
l.403 \subsection{Description}
                              %
I've inserted a begin-math/end-math symbol since I think
you left one out. Proceed, with fingers crossed.

/Users/ashoksaravanan/Coding/ScribeLec/server/output/MA 421/lectures/2024-11-14
-NetAppls/notes.tex:403: Missing } inserted.
<inserted text> 
                }
l.403 \subsection{Description}
                              %
I've inserted something that you may have forgotten.
(See the <inserted text> above.)
With luck, this will get me unwedged. But if you
really didn't forget anything, try typing `2' now; then
my insertion and my current dilemma will both disappear.


Overfull \hbox (286.55426pt too wide) in paragraph at lines 394--403
[]$ 
 []

</Users/ashoksaravanan/Coding/ScribeLec/server/output/MA 421/lectures/2024-11-1
4-NetAppls/figures/9.1.png, id=395, 823.075pt x 873.2625pt>
File: /Users/ashoksaravanan/Coding/ScribeLec/server/output/MA 421/lectures/2024
-11-14-NetAppls/figures/9.1.png Graphic file (type png)
<use /Users/ashoksaravanan/Coding/ScribeLec/server/output/MA 421/lectures/2024-
11-14-NetAppls/figures/9.1.png>
Package pdftex.def Info: /Users/ashoksaravanan/Coding/ScribeLec/server/output/M
A 421/lectures/2024-11-14-NetAppls/figures/9.1.png  used on input line 410.
(pdftex.def)             Requested size: 70.46037pt x 74.75266pt.

Underfull \hbox (badness 10000) in paragraph at lines 411--411
[]\T1/lmr/bx/n/8 (a) |\T1/lmr/m/n/8 Hand-writ-ten
 []


Underfull \hbox (badness 10000) in paragraph at lines 411--411
\T1/lmr/m/n/8 up-per bounded
 []


Underfull \hbox (badness 10000) in paragraph at lines 411--411
\T1/lmr/m/n/8 trans-ship-ment
 []


Underfull \hbox (badness 10000) in paragraph at lines 411--411
\T1/lmr/m/n/8 prob-lem. The
 []


Underfull \hbox (badness 10000) in paragraph at lines 411--411
\T1/lmr/m/n/8 notes in-clude
 []


Underfull \hbox (badness 10000) in paragraph at lines 411--411
\T1/lmr/m/n/8 a ma-trix equa-
 []


Underfull \hbox (badness 5985) in paragraph at lines 411--411
\T1/lmr/m/n/8 tion $\OML/lmm/m/it/8 AX \OT1/lmr/m/n/8 = \OML/lmm/m/it/8 b$
 []


Underfull \hbox (badness 10000) in paragraph at lines 411--411
\T1/lmr/m/n/8 with bounds on
 []


Underfull \hbox (badness 10000) in paragraph at lines 411--411
\T1/lmr/m/n/8 the vari-ables
 []


Underfull \hbox (badness 5696) in paragraph at lines 411--411
\T1/lmr/m/n/8 a small di-a-gram
 []


Underfull \hbox (badness 10000) in paragraph at lines 411--411
\T1/lmr/m/n/8 il-lus-trat-ing the
 []


Underfull \hbox (badness 2744) in paragraph at lines 411--411
\T1/lmr/m/n/8 flow $\OML/lmm/m/it/8 x[]$ \T1/lmr/m/n/8 be-tween
 []

[10 </Users/ashoksaravanan/Coding/ScribeLec/server/output/MA 421/lectures/2024-
11-14-NetAppls/figures/9.1.png (PNG copy)>]
/Users/ashoksaravanan/Coding/ScribeLec/server/output/MA 421/lectures/2024-11-14
-NetAppls/notes.tex:422: Missing $ inserted.
<inserted text> 
                $
l.422 AX = -b, \quad 0 \le
                           X \le U \\
I've inserted a begin-math/end-math symbol since I think
you left one out. Proceed, with fingers crossed.


/Users/ashoksaravanan/Coding/ScribeLec/server/output/MA 421/lectures/2024-11-14
-NetAppls/notes.tex:423: LaTeX Error: Environment tikzpicture undefined.

See the LaTeX manual or LaTeX Companion for explanation.
Type  H <return>  for immediate help.
 ...                                              
                                                  
l.423 \begin{tikzpicture}
                         [scale=0.8]
Your command was ignored.
Type  I <command> <return>  to replace it with another command,
or  <return>  to continue without it.

/Users/ashoksaravanan/Coding/ScribeLec/server/output/MA 421/lectures/2024-11-14
-NetAppls/notes.tex:424: Undefined control sequence.
l.424 \node
           [circle,draw] (i) at (0,0) {$i$};
The control sequence at the end of the top line
of your error message was never \def'ed. If you have
misspelled it (e.g., `\hobx'), type `I' and the correct
spelling (e.g., `I\hbox'). Otherwise just continue,
and I'll forget about whatever was undefined.

/Users/ashoksaravanan/Coding/ScribeLec/server/output/MA 421/lectures/2024-11-14
-NetAppls/notes.tex:424: Missing } inserted.
<inserted text> 
                }
l.424 \node[circle,draw] (i) at (0,0) {$
                                        i$};
I've inserted something that you may have forgotten.
(See the <inserted text> above.)
With luck, this will get me unwedged. But if you
really didn't forget anything, try typing `2' now; then
my insertion and my current dilemma will both disappear.

/Users/ashoksaravanan/Coding/ScribeLec/server/output/MA 421/lectures/2024-11-14
-NetAppls/notes.tex:424: Missing \endgroup inserted.
<inserted text> 
                \endgroup 
l.424 \node[circle,draw] (i) at (0,0) {$
                                        i$};
I've inserted something that you may have forgotten.
(See the <inserted text> above.)
With luck, this will get me unwedged. But if you
really didn't forget anything, try typing `2' now; then
my insertion and my current dilemma will both disappear.

/Users/ashoksaravanan/Coding/ScribeLec/server/output/MA 421/lectures/2024-11-14
-NetAppls/notes.tex:424: Extra }, or forgotten $.
<recently read> }
                 
l.424 \node[circle,draw] (i) at (0,0) {$i$}
                                           ;
I've deleted a group-closing symbol because it seems to be
spurious, as in `$x}$'. But perhaps the } is legitimate and
you forgot something else, as in `\hbox{$x}'. In such cases
the way to recover is to insert both the forgotten and the
deleted material, e.g., by typing `I$}'.

/Users/ashoksaravanan/Coding/ScribeLec/server/output/MA 421/lectures/2024-11-14
-NetAppls/notes.tex:425: Undefined control sequence.
l.425 \node
           [circle,draw] (j) at (3,0) {$j$};
The control sequence at the end of the top line
of your error message was never \def'ed. If you have
misspelled it (e.g., `\hobx'), type `I' and the correct
spelling (e.g., `I\hbox'). Otherwise just continue,
and I'll forget about whatever was undefined.

/Users/ashoksaravanan/Coding/ScribeLec/server/output/MA 421/lectures/2024-11-14
-NetAppls/notes.tex:425: Missing } inserted.
<inserted text> 
                }
l.425 \node[circle,draw] (j) at (3,0) {$
                                        j$};
I've inserted something that you may have forgotten.
(See the <inserted text> above.)
With luck, this will get me unwedged. But if you
really didn't forget anything, try typing `2' now; then
my insertion and my current dilemma will both disappear.

/Users/ashoksaravanan/Coding/ScribeLec/server/output/MA 421/lectures/2024-11-14
-NetAppls/notes.tex:425: Extra }, or forgotten $.
<recently read> }
                 
l.425 \node[circle,draw] (j) at (3,0) {$j$}
                                           ;
I've deleted a group-closing symbol because it seems to be
spurious, as in `$x}$'. But perhaps the } is legitimate and
you forgot something else, as in `\hbox{$x}'. In such cases
the way to recover is to insert both the forgotten and the
deleted material, e.g., by typing `I$}'.

/Users/ashoksaravanan/Coding/ScribeLec/server/output/MA 421/lectures/2024-11-14
-NetAppls/notes.tex:426: Undefined control sequence.
l.426 \draw
           [->] (i) to[bend left] node[above] {$x_{ij}$} (j);
The control sequence at the end of the top line
of your error message was never \def'ed. If you have
misspelled it (e.g., `\hobx'), type `I' and the correct
spelling (e.g., `I\hbox'). Otherwise just continue,
and I'll forget about whatever was undefined.

/Users/ashoksaravanan/Coding/ScribeLec/server/output/MA 421/lectures/2024-11-14
-NetAppls/notes.tex:426: Missing } inserted.
<inserted text> 
                }
l.426 \draw[->] (i) to[bend left] node[above] {$
                                                x_{ij}$} (j);
I've inserted something that you may have forgotten.
(See the <inserted text> above.)
With luck, this will get me unwedged. But if you
really didn't forget anything, try typing `2' now; then
my insertion and my current dilemma will both disappear.

/Users/ashoksaravanan/Coding/ScribeLec/server/output/MA 421/lectures/2024-11-14
-NetAppls/notes.tex:426: Missing $ inserted.
<inserted text> 
                $
l.426 \draw[->] (i) to[bend left] node[above] {$x_
                                                  {ij}$} (j);
I've inserted a begin-math/end-math symbol since I think
you left one out. Proceed, with fingers crossed.

/Users/ashoksaravanan/Coding/ScribeLec/server/output/MA 421/lectures/2024-11-14
-NetAppls/notes.tex:426: Too many }'s.
l.426 ... (i) to[bend left] node[above] {$x_{ij}$}
                                                   (j);
You've closed more groups than you opened.
Such booboos are generally harmless, so keep going.

/Users/ashoksaravanan/Coding/ScribeLec/server/output/MA 421/lectures/2024-11-14
-NetAppls/notes.tex:427: Undefined control sequence.
l.427 \draw
           [->] (i) to[out=150,in=180,looseness=1] (i);
The control sequence at the end of the top line
of your error message was never \def'ed. If you have
misspelled it (e.g., `\hobx'), type `I' and the correct
spelling (e.g., `I\hbox'). Otherwise just continue,
and I'll forget about whatever was undefined.

/Users/ashoksaravanan/Coding/ScribeLec/server/output/MA 421/lectures/2024-11-14
-NetAppls/notes.tex:428: Undefined control sequence.
l.428 \draw
           [->] (i) to[out=135,in=180,looseness=1] (i);
The control sequence at the end of the top line
of your error message was never \def'ed. If you have
misspelled it (e.g., `\hobx'), type `I' and the correct
spelling (e.g., `I\hbox'). Otherwise just continue,
and I'll forget about whatever was undefined.

/Users/ashoksaravanan/Coding/ScribeLec/server/output/MA 421/lectures/2024-11-14
-NetAppls/notes.tex:429: Undefined control sequence.
l.429 \draw
           [->] (i) to[out=120,in=180,looseness=1] (i);
The control sequence at the end of the top line
of your error message was never \def'ed. If you have
misspelled it (e.g., `\hobx'), type `I' and the correct
spelling (e.g., `I\hbox'). Otherwise just continue,
and I'll forget about whatever was undefined.

/Users/ashoksaravanan/Coding/ScribeLec/server/output/MA 421/lectures/2024-11-14
-NetAppls/notes.tex:430: Undefined control sequence.
l.430 \draw
           [->] (j) to[out=30,in=0,looseness=1] (j);
The control sequence at the end of the top line
of your error message was never \def'ed. If you have
misspelled it (e.g., `\hobx'), type `I' and the correct
spelling (e.g., `I\hbox'). Otherwise just continue,
and I'll forget about whatever was undefined.

/Users/ashoksaravanan/Coding/ScribeLec/server/output/MA 421/lectures/2024-11-14
-NetAppls/notes.tex:431: Undefined control sequence.
l.431 \draw
           [->] (j) to[out=15,in=0,looseness=1] (j);
The control sequence at the end of the top line
of your error message was never \def'ed. If you have
misspelled it (e.g., `\hobx'), type `I' and the correct
spelling (e.g., `I\hbox'). Otherwise just continue,
and I'll forget about whatever was undefined.

/Users/ashoksaravanan/Coding/ScribeLec/server/output/MA 421/lectures/2024-11-14
-NetAppls/notes.tex:432: Undefined control sequence.
l.432 \draw
           [->] (j) to[out=-15,in=0,looseness=1] (j);
The control sequence at the end of the top line
of your error message was never \def'ed. If you have
misspelled it (e.g., `\hobx'), type `I' and the correct
spelling (e.g., `I\hbox'). Otherwise just continue,
and I'll forget about whatever was undefined.

/Users/ashoksaravanan/Coding/ScribeLec/server/output/MA 421/lectures/2024-11-14
-NetAppls/notes.tex:433: Undefined control sequence.
l.433 \node
            at (0,0.5) {$b_i$};
The control sequence at the end of the top line
of your error message was never \def'ed. If you have
misspelled it (e.g., `\hobx'), type `I' and the correct
spelling (e.g., `I\hbox'). Otherwise just continue,
and I'll forget about whatever was undefined.

/Users/ashoksaravanan/Coding/ScribeLec/server/output/MA 421/lectures/2024-11-14
-NetAppls/notes.tex:434: Undefined control sequence.
l.434 \node
            at (3,0.5) {$b_j$};
The control sequence at the end of the top line
of your error message was never \def'ed. If you have
misspelled it (e.g., `\hobx'), type `I' and the correct
spelling (e.g., `I\hbox'). Otherwise just continue,
and I'll forget about whatever was undefined.

/Users/ashoksaravanan/Coding/ScribeLec/server/output/MA 421/lectures/2024-11-14
-NetAppls/notes.tex:435: Undefined control sequence.
l.435 \node
            at (1.5,-0.5) {$0 \le x_{ij} \le u_{ij}$};
The control sequence at the end of the top line
of your error message was never \def'ed. If you have
misspelled it (e.g., `\hobx'), type `I' and the correct
spelling (e.g., `I\hbox'). Otherwise just continue,
and I'll forget about whatever was undefined.


/Users/ashoksaravanan/Coding/ScribeLec/server/output/MA 421/lectures/2024-11-14
-NetAppls/notes.tex:436: LaTeX Error: \begin{document} ended by \end{tikzpictur
e}.

See the LaTeX manual or LaTeX Companion for explanation.
Type  H <return>  for immediate help.
 ...                                              
                                                  
l.436 \end{tikzpicture}
                        \\
Your command was ignored.
Type  I <command> <return>  to replace it with another command,
or  <return>  to continue without it.

/Users/ashoksaravanan/Coding/ScribeLec/server/output/MA 421/lectures/2024-11-14
-NetAppls/notes.tex:436: Extra \endgroup.
<recently read> \endgroup 
                          
l.436 \end{tikzpicture}
                        \\
Things are pretty mixed up, but I think the worst is over.

/Users/ashoksaravanan/Coding/ScribeLec/server/output/MA 421/lectures/2024-11-14
-NetAppls/notes.tex:437: Missing $ inserted.
<inserted text> 
                $
l.437 \begin{array}{rcl}
                        
I've inserted a begin-math/end-math symbol since I think
you left one out. Proceed, with fingers crossed.

/Users/ashoksaravanan/Coding/ScribeLec/server/output/MA 421/lectures/2024-11-14
-NetAppls/notes.tex:440: Missing $ inserted.
<inserted text> 
                $
l.440 \end{array}
                  \\
I've inserted something that you may have forgotten.
(See the <inserted text> above.)
With luck, this will get me unwedged. But if you
really didn't forget anything, try typing `2' now; then
my insertion and my current dilemma will both disappear.

/Users/ashoksaravanan/Coding/ScribeLec/server/output/MA 421/lectures/2024-11-14
-NetAppls/notes.tex:441: Missing $ inserted.
<inserted text> 
                $
l.441 x_
        {ij} + t_{ij} = u_{ij} \quad (t_{ij} \ge 0)
I've inserted a begin-math/end-math symbol since I think
you left one out. Proceed, with fingers crossed.

/Users/ashoksaravanan/Coding/ScribeLec/server/output/MA 421/lectures/2024-11-14
-NetAppls/notes.tex:443: Missing $ inserted.
<inserted text> 
                $
l.443 \subsection
                 {Description}%
I've inserted a begin-math/end-math symbol since I think
you left one out. Proceed, with fingers crossed.


Overfull \hbox (51.21144pt too wide) in paragraph at lines 421--443
\T1/lmr/m/n/10 to[out=150,in=180,looseness=1] (i); [->] (i) to[out=135,in=180,l
ooseness=1] (i); [->] (i) to[out=120,in=180,looseness=1]
 []

</Users/ashoksaravanan/Coding/ScribeLec/server/output/MA 421/lectures/2024-11-1
4-NetAppls/figures/10.1.png, id=404, 823.075pt x 873.2625pt>
File: /Users/ashoksaravanan/Coding/ScribeLec/server/output/MA 421/lectures/2024
-11-14-NetAppls/figures/10.1.png Graphic file (type png)
<use /Users/ashoksaravanan/Coding/ScribeLec/server/output/MA 421/lectures/2024-
11-14-NetAppls/figures/10.1.png>
Package pdftex.def Info: /Users/ashoksaravanan/Coding/ScribeLec/server/output/M
A 421/lectures/2024-11-14-NetAppls/figures/10.1.png  used on input line 450.
(pdftex.def)             Requested size: 70.46037pt x 74.75266pt.

Underfull \hbox (badness 10000) in paragraph at lines 451--451
[]\T1/lmr/bx/n/8 (a) |\T1/lmr/m/n/8 Hand-writ-ten
 []


Underfull \hbox (badness 10000) in paragraph at lines 451--451
\T1/lmr/m/n/8 up-per bounded
 []


Underfull \hbox (badness 10000) in paragraph at lines 451--451
\T1/lmr/m/n/8 trans-ship-ment
 []


Underfull \hbox (badness 10000) in paragraph at lines 451--451
\T1/lmr/m/n/8 prob-lem. The
 []


Underfull \hbox (badness 10000) in paragraph at lines 451--451
\T1/lmr/m/n/8 notes in-clude a
 []


Underfull \hbox (badness 10000) in paragraph at lines 451--451
\T1/lmr/m/n/8 ma-trix equa-tion
 []


Underfull \hbox (badness 1616) in paragraph at lines 451--451
\OML/lmm/m/it/8 AX \OT1/lmr/m/n/8 = \OMS/lmsy/m/n/8  \OML/lmm/m/it/8 b$ \T1/lmr
/m/n/8 with
 []


Underfull \hbox (badness 5696) in paragraph at lines 451--451
\T1/lmr/m/n/8 a small di-a-gram
 []


Underfull \hbox (badness 10000) in paragraph at lines 451--451
\T1/lmr/m/n/8 il-lus-trat-ing the
 []


Underfull \hbox (badness 2744) in paragraph at lines 451--451
\T1/lmr/m/n/8 flow $\OML/lmm/m/it/8 x[]$ \T1/lmr/m/n/8 be-tween
 []


Underfull \hbox (badness 2142) in paragraph at lines 451--451
\T1/lmr/m/n/8 and a sys-tem of
 []


Underfull \hbox (badness 10000) in paragraph at lines 451--451
\T1/lmr/m/n/8 equa-tions rep-re-
 []


Underfull \hbox (badness 7308) in paragraph at lines 451--451
\T1/lmr/m/n/8 sent-ing the flow
 []


Underfull \hbox (badness 10000) in paragraph at lines 451--451
\T1/lmr/m/n/8 shows mul-ti-ple
 []


Underfull \hbox (badness 10000) in paragraph at lines 451--451
\T1/lmr/m/n/8 ar-rows en-ter-ing
 []


Underfull \hbox (badness 10000) in paragraph at lines 451--451
\T1/lmr/m/n/8 mul-ti-ple sources
 []

[11] [12 </Users/ashoksaravanan/Coding/ScribeLec/server/output/MA 421/lectures/
2024-11-14-NetAppls/figures/10.1.png (PNG copy)>]
/Users/ashoksaravanan/Coding/ScribeLec/server/output/MA 421/lectures/2024-11-14
-NetAppls/notes.tex:462: Missing $ inserted.
<inserted text> 
                $
l.462 \begin{array}{rcl}
                        
I've inserted a begin-math/end-math symbol since I think
you left one out. Proceed, with fingers crossed.

/Users/ashoksaravanan/Coding/ScribeLec/server/output/MA 421/lectures/2024-11-14
-NetAppls/notes.tex:463: Undefined control sequence.
l.463 \circled
              {1} & \cdots - x_{ij} \cdots & = -b_i \quad \text{at } \circle...
The control sequence at the end of the top line
of your error message was never \def'ed. If you have
misspelled it (e.g., `\hobx'), type `I' and the correct
spelling (e.g., `I\hbox'). Otherwise just continue,
and I'll forget about whatever was undefined.

/Users/ashoksaravanan/Coding/ScribeLec/server/output/MA 421/lectures/2024-11-14
-NetAppls/notes.tex:463: Undefined control sequence.
l.463 ...\cdots & = -b_i \quad \text{at } \circled
                                                  {i} \\
The control sequence at the end of the top line
of your error message was never \def'ed. If you have
misspelled it (e.g., `\hobx'), type `I' and the correct
spelling (e.g., `I\hbox'). Otherwise just continue,
and I'll forget about whatever was undefined.

/Users/ashoksaravanan/Coding/ScribeLec/server/output/MA 421/lectures/2024-11-14
-NetAppls/notes.tex:464: Undefined control sequence.
<recently read> \circled 
                         
l.464 \circled
              {2} & \cdots + x_{ij} \cdots & = -b_j \quad \text{at } \circle...
The control sequence at the end of the top line
of your error message was never \def'ed. If you have
misspelled it (e.g., `\hobx'), type `I' and the correct
spelling (e.g., `I\hbox'). Otherwise just continue,
and I'll forget about whatever was undefined.

/Users/ashoksaravanan/Coding/ScribeLec/server/output/MA 421/lectures/2024-11-14
-NetAppls/notes.tex:464: Undefined control sequence.
l.464 ...\cdots & = -b_j \quad \text{at } \circled
                                                  {j} \\
The control sequence at the end of the top line
of your error message was never \def'ed. If you have
misspelled it (e.g., `\hobx'), type `I' and the correct
spelling (e.g., `I\hbox'). Otherwise just continue,
and I'll forget about whatever was undefined.

/Users/ashoksaravanan/Coding/ScribeLec/server/output/MA 421/lectures/2024-11-14
-NetAppls/notes.tex:466: Missing $ inserted.
<inserted text> 
                $
l.466 \end{array}
                  \\
I've inserted something that you may have forgotten.
(See the <inserted text> above.)
With luck, this will get me unwedged. But if you
really didn't forget anything, try typing `2' now; then
my insertion and my current dilemma will both disappear.

/Users/ashoksaravanan/Coding/ScribeLec/server/output/MA 421/lectures/2024-11-14
-NetAppls/notes.tex:467: Missing $ inserted.
<inserted text> 
                $
l.467 \begin{array}{rcl}
                        
I've inserted a begin-math/end-math symbol since I think
you left one out. Proceed, with fingers crossed.

/Users/ashoksaravanan/Coding/ScribeLec/server/output/MA 421/lectures/2024-11-14
-NetAppls/notes.tex:468: Undefined control sequence.
l.468 \circled
              {1} & \cdots - x_{ij} \cdots & = -b_i \\
The control sequence at the end of the top line
of your error message was never \def'ed. If you have
misspelled it (e.g., `\hobx'), type `I' and the correct
spelling (e.g., `I\hbox'). Otherwise just continue,
and I'll forget about whatever was undefined.

/Users/ashoksaravanan/Coding/ScribeLec/server/output/MA 421/lectures/2024-11-14
-NetAppls/notes.tex:469: Undefined control sequence.
<recently read> \circled 
                         
l.469 \circled
              {2} & \cdots \cdots \cdots - t_{ij} & = -b_j - u_{ij} \\
The control sequence at the end of the top line
of your error message was never \def'ed. If you have
misspelled it (e.g., `\hobx'), type `I' and the correct
spelling (e.g., `I\hbox'). Otherwise just continue,
and I'll forget about whatever was undefined.

/Users/ashoksaravanan/Coding/ScribeLec/server/output/MA 421/lectures/2024-11-14
-NetAppls/notes.tex:471: Missing $ inserted.
<inserted text> 
                $
l.471 \end{array}
                 
I've inserted something that you may have forgotten.
(See the <inserted text> above.)
With luck, this will get me unwedged. But if you
really didn't forget anything, try typing `2' now; then
my insertion and my current dilemma will both disappear.

</Users/ashoksaravanan/Coding/ScribeLec/server/output/MA 421/lectures/2024-11-1
4-NetAppls/figures/11.1.png, id=414, 823.075pt x 873.2625pt>
File: /Users/ashoksaravanan/Coding/ScribeLec/server/output/MA 421/lectures/2024
-11-14-NetAppls/figures/11.1.png Graphic file (type png)
<use /Users/ashoksaravanan/Coding/ScribeLec/server/output/MA 421/lectures/2024-
11-14-NetAppls/figures/11.1.png>
Package pdftex.def Info: /Users/ashoksaravanan/Coding/ScribeLec/server/output/M
A 421/lectures/2024-11-14-NetAppls/figures/11.1.png  used on input line 480.
(pdftex.def)             Requested size: 70.46037pt x 74.75266pt.

Underfull \hbox (badness 10000) in paragraph at lines 481--481
[]\T1/lmr/bx/n/8 (a) |\T1/lmr/m/n/8 Hand-writ-ten
 []


Underfull \hbox (badness 10000) in paragraph at lines 481--481
\T1/lmr/m/n/8 up-per bounded
 []


Underfull \hbox (badness 10000) in paragraph at lines 481--481
\T1/lmr/m/n/8 trans-ship-ment
 []


Underfull \hbox (badness 10000) in paragraph at lines 481--481
\T1/lmr/m/n/8 prob-lem. The
 []


Underfull \hbox (badness 10000) in paragraph at lines 481--481
\T1/lmr/m/n/8 notes in-clude a
 []


Underfull \hbox (badness 10000) in paragraph at lines 481--481
\T1/lmr/m/n/8 sys-tem of equa-
 []


Underfull \hbox (badness 3148) in paragraph at lines 481--481
\T1/lmr/m/n/8 tions rep-re-sent-ing
 []


Underfull \hbox (badness 4726) in paragraph at lines 481--481
\T1/lmr/m/n/8 the flow bal-ance
 []


Underfull \hbox (badness 10000) in paragraph at lines 481--481
\T1/lmr/m/n/8 con-straints at
 []


Underfull \hbox (badness 10000) in paragraph at lines 481--481
\T1/lmr/m/n/8 a trans-for-ma-tion
 []


Underfull \hbox (badness 5696) in paragraph at lines 481--481
\T1/lmr/m/n/8 of the equa-tions
 []


Underfull \hbox (badness 10000) in paragraph at lines 481--481
\T1/lmr/m/n/8 to in-cor-po-rate
 []


Underfull \hbox (badness 10000) in paragraph at lines 481--481
\T1/lmr/m/n/8 slack vari-ables.
 []


Underfull \hbox (badness 10000) in paragraph at lines 481--481
\T1/lmr/m/n/8 The equa-tions
 []


Underfull \hbox (badness 10000) in paragraph at lines 481--481
\T1/lmr/m/n/8 are num-bered
 []


Underfull \hbox (badness 1077) in paragraph at lines 481--481
\T1/lmr/m/n/8 (1), (2), and (3)
 []


Underfull \hbox (badness 10000) in paragraph at lines 481--481
\T1/lmr/m/n/8 also cir-cled (1),
 []


Underfull \hbox (badness 3460) in paragraph at lines 481--481
\T1/lmr/m/n/8 red ar-row points
 []


Underfull \hbox (badness 10000) in paragraph at lines 481--481
\T1/lmr/m/n/8 from the first
 []


Underfull \hbox (badness 8132) in paragraph at lines 481--481
\T1/lmr/m/n/8 set of equa-tions
 []


Underfull \hbox (badness 10000) in paragraph at lines 481--481
\T1/lmr/m/n/8 to the sec-ond
 []


Underfull \hbox (badness 4001) in paragraph at lines 481--481
\T1/lmr/m/n/8 set, in-di-cat-ing a
 []

[13] [14 </Users/ashoksaravanan/Coding/ScribeLec/server/output/MA 421/lectures/
2024-11-14-NetAppls/figures/11.1.png (PNG copy)>]
/Users/ashoksaravanan/Coding/ScribeLec/server/output/MA 421/lectures/2024-11-14
-NetAppls/notes.tex:492: Missing $ inserted.
<inserted text> 
                $
l.492 \begin{array}{rcl}
                        
I've inserted a begin-math/end-math symbol since I think
you left one out. Proceed, with fingers crossed.

/Users/ashoksaravanan/Coding/ScribeLec/server/output/MA 421/lectures/2024-11-14
-NetAppls/notes.tex:493: Undefined control sequence.
l.493 \circled
              {1} & \cdots - x_{ij} \cdots & = -b_i \\
The control sequence at the end of the top line
of your error message was never \def'ed. If you have
misspelled it (e.g., `\hobx'), type `I' and the correct
spelling (e.g., `I\hbox'). Otherwise just continue,
and I'll forget about whatever was undefined.

/Users/ashoksaravanan/Coding/ScribeLec/server/output/MA 421/lectures/2024-11-14
-NetAppls/notes.tex:494: Undefined control sequence.
<recently read> \circled 
                         
l.494 \circled
              {2} & \cdots \cdots \cdots - t_{ij} & = -b_j - u_{ij} \\
The control sequence at the end of the top line
of your error message was never \def'ed. If you have
misspelled it (e.g., `\hobx'), type `I' and the correct
spelling (e.g., `I\hbox'). Otherwise just continue,
and I'll forget about whatever was undefined.

/Users/ashoksaravanan/Coding/ScribeLec/server/output/MA 421/lectures/2024-11-14
-NetAppls/notes.tex:495: Undefined control sequence.
<recently read> \circled 
                         
l.495 \circled
              {3} & x_{ij} + t_{ij} & = u_{ij}
The control sequence at the end of the top line
of your error message was never \def'ed. If you have
misspelled it (e.g., `\hobx'), type `I' and the correct
spelling (e.g., `I\hbox'). Otherwise just continue,
and I'll forget about whatever was undefined.

/Users/ashoksaravanan/Coding/ScribeLec/server/output/MA 421/lectures/2024-11-14
-NetAppls/notes.tex:496: Missing $ inserted.
<inserted text> 
                $
l.496 \end{array}
                  \\
I've inserted something that you may have forgotten.
(See the <inserted text> above.)
With luck, this will get me unwedged. But if you
really didn't forget anything, try typing `2' now; then
my insertion and my current dilemma will both disappear.


/Users/ashoksaravanan/Coding/ScribeLec/server/output/MA 421/lectures/2024-11-14
-NetAppls/notes.tex:497: LaTeX Error: Environment tikzpicture undefined.

See the LaTeX manual or LaTeX Companion for explanation.
Type  H <return>  for immediate help.
 ...                                              
                                                  
l.497 \begin{tikzpicture}
                         [scale=0.8]
Your command was ignored.
Type  I <command> <return>  to replace it with another command,
or  <return>  to continue without it.

/Users/ashoksaravanan/Coding/ScribeLec/server/output/MA 421/lectures/2024-11-14
-NetAppls/notes.tex:498: Undefined control sequence.
l.498 \node
           [circle,draw] (i) at (0,0) {$i$};
The control sequence at the end of the top line
of your error message was never \def'ed. If you have
misspelled it (e.g., `\hobx'), type `I' and the correct
spelling (e.g., `I\hbox'). Otherwise just continue,
and I'll forget about whatever was undefined.

/Users/ashoksaravanan/Coding/ScribeLec/server/output/MA 421/lectures/2024-11-14
-NetAppls/notes.tex:499: Undefined control sequence.
l.499 \node
           [circle,draw] (dummy) at (3,0) {\text{dummy} \\ \text{node}};
The control sequence at the end of the top line
of your error message was never \def'ed. If you have
misspelled it (e.g., `\hobx'), type `I' and the correct
spelling (e.g., `I\hbox'). Otherwise just continue,
and I'll forget about whatever was undefined.

/Users/ashoksaravanan/Coding/ScribeLec/server/output/MA 421/lectures/2024-11-14
-NetAppls/notes.tex:500: Undefined control sequence.
l.500 \node
           [circle,draw] (j) at (6,0) {$j$};
The control sequence at the end of the top line
of your error message was never \def'ed. If you have
misspelled it (e.g., `\hobx'), type `I' and the correct
spelling (e.g., `I\hbox'). Otherwise just continue,
and I'll forget about whatever was undefined.

/Users/ashoksaravanan/Coding/ScribeLec/server/output/MA 421/lectures/2024-11-14
-NetAppls/notes.tex:501: Undefined control sequence.
l.501 \draw
           [->] (i) to node[above] {$x_{ij}$} node[below] {$c_{ij}$} (dummy);
The control sequence at the end of the top line
of your error message was never \def'ed. If you have
misspelled it (e.g., `\hobx'), type `I' and the correct
spelling (e.g., `I\hbox'). Otherwise just continue,
and I'll forget about whatever was undefined.

/Users/ashoksaravanan/Coding/ScribeLec/server/output/MA 421/lectures/2024-11-14
-NetAppls/notes.tex:502: Undefined control sequence.
l.502 \draw
           [<-] (j) to node[above] {$t_{ij}$} node[below] {\text{zero} \\ \t...
The control sequence at the end of the top line
of your error message was never \def'ed. If you have
misspelled it (e.g., `\hobx'), type `I' and the correct
spelling (e.g., `I\hbox'). Otherwise just continue,
and I'll forget about whatever was undefined.

/Users/ashoksaravanan/Coding/ScribeLec/server/output/MA 421/lectures/2024-11-14
-NetAppls/notes.tex:503: Undefined control sequence.
l.503 \node
            at (0,0.5) {$b_i$};
The control sequence at the end of the top line
of your error message was never \def'ed. If you have
misspelled it (e.g., `\hobx'), type `I' and the correct
spelling (e.g., `I\hbox'). Otherwise just continue,
and I'll forget about whatever was undefined.

/Users/ashoksaravanan/Coding/ScribeLec/server/output/MA 421/lectures/2024-11-14
-NetAppls/notes.tex:504: Undefined control sequence.
l.504 \node
            at (3,0.5) {$-u_{ij}$};
The control sequence at the end of the top line
of your error message was never \def'ed. If you have
misspelled it (e.g., `\hobx'), type `I' and the correct
spelling (e.g., `I\hbox'). Otherwise just continue,
and I'll forget about whatever was undefined.

/Users/ashoksaravanan/Coding/ScribeLec/server/output/MA 421/lectures/2024-11-14
-NetAppls/notes.tex:505: Undefined control sequence.
l.505 \node
            at (6,0.5) {$b_j + u_{ij}$};
The control sequence at the end of the top line
of your error message was never \def'ed. If you have
misspelled it (e.g., `\hobx'), type `I' and the correct
spelling (e.g., `I\hbox'). Otherwise just continue,
and I'll forget about whatever was undefined.


/Users/ashoksaravanan/Coding/ScribeLec/server/output/MA 421/lectures/2024-11-14
-NetAppls/notes.tex:506: LaTeX Error: \begin{document} ended by \end{tikzpictur
e}.

See the LaTeX manual or LaTeX Companion for explanation.
Type  H <return>  for immediate help.
 ...                                              
                                                  
l.506 \end{tikzpicture}
                       
Your command was ignored.
Type  I <command> <return>  to replace it with another command,
or  <return>  to continue without it.

</Users/ashoksaravanan/Coding/ScribeLec/server/output/MA 421/lectures/2024-11-1
4-NetAppls/figures/12.1.png, id=425, 823.075pt x 873.2625pt>
File: /Users/ashoksaravanan/Coding/ScribeLec/server/output/MA 421/lectures/2024
-11-14-NetAppls/figures/12.1.png Graphic file (type png)
<use /Users/ashoksaravanan/Coding/ScribeLec/server/output/MA 421/lectures/2024-
11-14-NetAppls/figures/12.1.png>
Package pdftex.def Info: /Users/ashoksaravanan/Coding/ScribeLec/server/output/M
A 421/lectures/2024-11-14-NetAppls/figures/12.1.png  used on input line 515.
(pdftex.def)             Requested size: 70.46037pt x 74.75266pt.

Underfull \hbox (badness 10000) in paragraph at lines 516--516
[]\T1/lmr/bx/n/8 (a) |\T1/lmr/m/n/8 Hand-writ-ten
 []


Underfull \hbox (badness 10000) in paragraph at lines 516--516
\T1/lmr/m/n/8 notes show-ing
 []


Underfull \hbox (badness 10000) in paragraph at lines 516--516
\T1/lmr/m/n/8 a sys-tem of
 []


Underfull \hbox (badness 10000) in paragraph at lines 516--516
\T1/lmr/m/n/8 three equa-tions
 []


Underfull \hbox (badness 10000) in paragraph at lines 516--516
\T1/lmr/m/n/8 rep-re-sent-ing flow
 []


Underfull \hbox (badness 10000) in paragraph at lines 516--516
\T1/lmr/m/n/8 node to han-dle
 []


Underfull \hbox (badness 10000) in paragraph at lines 516--516
\T1/lmr/m/n/8 up-per bounds.
 []


Underfull \hbox (badness 4673) in paragraph at lines 516--516
\T1/lmr/m/n/8 A di-a-gram il-lus-
 []


Underfull \hbox (badness 5260) in paragraph at lines 516--516
\T1/lmr/m/n/8 a flow $\OML/lmm/m/it/8 t[]$ \T1/lmr/m/n/8 from
 []


Underfull \hbox (badness 1789) in paragraph at lines 516--516
\T1/lmr/m/n/8 the dummy node
 []


Underfull \hbox (badness 1038) in paragraph at lines 516--516
\T1/lmr/m/n/8 nodes are la-beled
 []


Underfull \hbox (badness 10000) in paragraph at lines 516--516
\T1/lmr/m/n/8 with their net
 []


Underfull \hbox (badness 10000) in paragraph at lines 516--516
\T1/lmr/m/n/8 sup-ply/demand
 []


Underfull \hbox (badness 10000) in paragraph at lines 516--516
\T1/lmr/m/n/8 val-ues, and the
 []


Underfull \hbox (badness 10000) in paragraph at lines 516--516
\T1/lmr/m/n/8 arcs are la-beled
 []


Underfull \hbox (badness 1895) in paragraph at lines 516--516
\T1/lmr/m/n/8 and costs. The
 []


Underfull \hbox (badness 10000) in paragraph at lines 516--516
\T1/lmr/m/n/8 equa-tions are
 []


Underfull \hbox (badness 2189) in paragraph at lines 516--516
\T1/lmr/m/n/8 and (3) and the
 []


Underfull \hbox (badness 10000) in paragraph at lines 516--516
\T1/lmr/m/n/8 nodes are also
 []


Underfull \hbox (badness 10000) in paragraph at lines 516--516
\T1/lmr/m/n/8 cir-cled (1), (2),
 []

[15] [16 </Users/ashoksaravanan/Coding/ScribeLec/server/output/MA 421/lectures/
2024-11-14-NetAppls/figures/12.1.png (PNG copy)>]

/Users/ashoksaravanan/Coding/ScribeLec/server/output/MA 421/lectures/2024-11-14
-NetAppls/notes.tex:527: LaTeX Error: Environment tikzpicture undefined.

See the LaTeX manual or LaTeX Companion for explanation.
Type  H <return>  for immediate help.
 ...                                              
                                                  
l.527 \begin{tikzpicture}
                         [scale=0.8]
Your command was ignored.
Type  I <command> <return>  to replace it with another command,
or  <return>  to continue without it.

/Users/ashoksaravanan/Coding/ScribeLec/server/output/MA 421/lectures/2024-11-14
-NetAppls/notes.tex:528: Undefined control sequence.
l.528 \node
           [circle,draw] (s) at (0,0) {$S$};
The control sequence at the end of the top line
of your error message was never \def'ed. If you have
misspelled it (e.g., `\hobx'), type `I' and the correct
spelling (e.g., `I\hbox'). Otherwise just continue,
and I'll forget about whatever was undefined.

/Users/ashoksaravanan/Coding/ScribeLec/server/output/MA 421/lectures/2024-11-14
-NetAppls/notes.tex:529: Undefined control sequence.
l.529 \node
           [circle,draw] (a) at (2,1) {};
The control sequence at the end of the top line
of your error message was never \def'ed. If you have
misspelled it (e.g., `\hobx'), type `I' and the correct
spelling (e.g., `I\hbox'). Otherwise just continue,
and I'll forget about whatever was undefined.

/Users/ashoksaravanan/Coding/ScribeLec/server/output/MA 421/lectures/2024-11-14
-NetAppls/notes.tex:530: Undefined control sequence.
l.530 \node
           [circle,draw] (b) at (2,-1) {};
The control sequence at the end of the top line
of your error message was never \def'ed. If you have
misspelled it (e.g., `\hobx'), type `I' and the correct
spelling (e.g., `I\hbox'). Otherwise just continue,
and I'll forget about whatever was undefined.

/Users/ashoksaravanan/Coding/ScribeLec/server/output/MA 421/lectures/2024-11-14
-NetAppls/notes.tex:531: Undefined control sequence.
l.531 \node
           [circle,draw] (c) at (4,0) {};
The control sequence at the end of the top line
of your error message was never \def'ed. If you have
misspelled it (e.g., `\hobx'), type `I' and the correct
spelling (e.g., `I\hbox'). Otherwise just continue,
and I'll forget about whatever was undefined.

/Users/ashoksaravanan/Coding/ScribeLec/server/output/MA 421/lectures/2024-11-14
-NetAppls/notes.tex:532: Undefined control sequence.
l.532 \node
           [circle,draw] (d) at (6,1) {};
The control sequence at the end of the top line
of your error message was never \def'ed. If you have
misspelled it (e.g., `\hobx'), type `I' and the correct
spelling (e.g., `I\hbox'). Otherwise just continue,
and I'll forget about whatever was undefined.

/Users/ashoksaravanan/Coding/ScribeLec/server/output/MA 421/lectures/2024-11-14
-NetAppls/notes.tex:533: Undefined control sequence.
l.533 \node
           [circle,draw] (e) at (6,-1) {};
The control sequence at the end of the top line
of your error message was never \def'ed. If you have
misspelled it (e.g., `\hobx'), type `I' and the correct
spelling (e.g., `I\hbox'). Otherwise just continue,
and I'll forget about whatever was undefined.

/Users/ashoksaravanan/Coding/ScribeLec/server/output/MA 421/lectures/2024-11-14
-NetAppls/notes.tex:534: Undefined control sequence.
l.534 \node
           [circle,draw] (r) at (8,0) {$R$};
The control sequence at the end of the top line
of your error message was never \def'ed. If you have
misspelled it (e.g., `\hobx'), type `I' and the correct
spelling (e.g., `I\hbox'). Otherwise just continue,
and I'll forget about whatever was undefined.

/Users/ashoksaravanan/Coding/ScribeLec/server/output/MA 421/lectures/2024-11-14
-NetAppls/notes.tex:535: Undefined control sequence.
l.535 \draw
           [->,red!50!white,line width=2pt] (s) to (a);
The control sequence at the end of the top line
of your error message was never \def'ed. If you have
misspelled it (e.g., `\hobx'), type `I' and the correct
spelling (e.g., `I\hbox'). Otherwise just continue,
and I'll forget about whatever was undefined.

/Users/ashoksaravanan/Coding/ScribeLec/server/output/MA 421/lectures/2024-11-14
-NetAppls/notes.tex:536: Undefined control sequence.
l.536 \draw
           [->,red!50!white,line width=2pt] (a) to (c);
The control sequence at the end of the top line
of your error message was never \def'ed. If you have
misspelled it (e.g., `\hobx'), type `I' and the correct
spelling (e.g., `I\hbox'). Otherwise just continue,
and I'll forget about whatever was undefined.

/Users/ashoksaravanan/Coding/ScribeLec/server/output/MA 421/lectures/2024-11-14
-NetAppls/notes.tex:537: Undefined control sequence.
l.537 \draw
           [->,red!50!white,line width=2pt] (c) to (d);
The control sequence at the end of the top line
of your error message was never \def'ed. If you have
misspelled it (e.g., `\hobx'), type `I' and the correct
spelling (e.g., `I\hbox'). Otherwise just continue,
and I'll forget about whatever was undefined.

/Users/ashoksaravanan/Coding/ScribeLec/server/output/MA 421/lectures/2024-11-14
-NetAppls/notes.tex:538: Undefined control sequence.
l.538 \draw
           [->,red!50!white,line width=2pt] (d) to (r);
The control sequence at the end of the top line
of your error message was never \def'ed. If you have
misspelled it (e.g., `\hobx'), type `I' and the correct
spelling (e.g., `I\hbox'). Otherwise just continue,
and I'll forget about whatever was undefined.

/Users/ashoksaravanan/Coding/ScribeLec/server/output/MA 421/lectures/2024-11-14
-NetAppls/notes.tex:539: Undefined control sequence.
l.539 \draw
           [->] (a) to (b);
The control sequence at the end of the top line
of your error message was never \def'ed. If you have
misspelled it (e.g., `\hobx'), type `I' and the correct
spelling (e.g., `I\hbox'). Otherwise just continue,
and I'll forget about whatever was undefined.

/Users/ashoksaravanan/Coding/ScribeLec/server/output/MA 421/lectures/2024-11-14
-NetAppls/notes.tex:540: Undefined control sequence.
l.540 \draw
           [->] (b) to (c);
The control sequence at the end of the top line
of your error message was never \def'ed. If you have
misspelled it (e.g., `\hobx'), type `I' and the correct
spelling (e.g., `I\hbox'). Otherwise just continue,
and I'll forget about whatever was undefined.

/Users/ashoksaravanan/Coding/ScribeLec/server/output/MA 421/lectures/2024-11-14
-NetAppls/notes.tex:541: Undefined control sequence.
l.541 \draw
           [->] (c) to (e);
The control sequence at the end of the top line
of your error message was never \def'ed. If you have
misspelled it (e.g., `\hobx'), type `I' and the correct
spelling (e.g., `I\hbox'). Otherwise just continue,
and I'll forget about whatever was undefined.

/Users/ashoksaravanan/Coding/ScribeLec/server/output/MA 421/lectures/2024-11-14
-NetAppls/notes.tex:542: Undefined control sequence.
l.542 \draw
           [->] (e) to (r);
The control sequence at the end of the top line
of your error message was never \def'ed. If you have
misspelled it (e.g., `\hobx'), type `I' and the correct
spelling (e.g., `I\hbox'). Otherwise just continue,
and I'll forget about whatever was undefined.

/Users/ashoksaravanan/Coding/ScribeLec/server/output/MA 421/lectures/2024-11-14
-NetAppls/notes.tex:543: Undefined control sequence.
l.543 \draw
           [->] (a) to (c);
The control sequence at the end of the top line
of your error message was never \def'ed. If you have
misspelled it (e.g., `\hobx'), type `I' and the correct
spelling (e.g., `I\hbox'). Otherwise just continue,
and I'll forget about whatever was undefined.

/Users/ashoksaravanan/Coding/ScribeLec/server/output/MA 421/lectures/2024-11-14
-NetAppls/notes.tex:544: Undefined control sequence.
l.544 \node
            at (4,0.3) {$i$};
The control sequence at the end of the top line
of your error message was never \def'ed. If you have
misspelled it (e.g., `\hobx'), type `I' and the correct
spelling (e.g., `I\hbox'). Otherwise just continue,
and I'll forget about whatever was undefined.

/Users/ashoksaravanan/Coding/ScribeLec/server/output/MA 421/lectures/2024-11-14
-NetAppls/notes.tex:545: Undefined control sequence.
l.545 \node
            at (6,1.3) {$j$};
The control sequence at the end of the top line
of your error message was never \def'ed. If you have
misspelled it (e.g., `\hobx'), type `I' and the correct
spelling (e.g., `I\hbox'). Otherwise just continue,
and I'll forget about whatever was undefined.


/Users/ashoksaravanan/Coding/ScribeLec/server/output/MA 421/lectures/2024-11-14
-NetAppls/notes.tex:546: LaTeX Error: \begin{document} ended by \end{tikzpictur
e}.

See the LaTeX manual or LaTeX Companion for explanation.
Type  H <return>  for immediate help.
 ...                                              
                                                  
l.546 \end{tikzpicture}
                       
Your command was ignored.
Type  I <command> <return>  to replace it with another command,
or  <return>  to continue without it.

</Users/ashoksaravanan/Coding/ScribeLec/server/output/MA 421/lectures/2024-11-1
4-NetAppls/figures/13.1.png, id=435, 823.075pt x 873.2625pt>
File: /Users/ashoksaravanan/Coding/ScribeLec/server/output/MA 421/lectures/2024
-11-14-NetAppls/figures/13.1.png Graphic file (type png)
<use /Users/ashoksaravanan/Coding/ScribeLec/server/output/MA 421/lectures/2024-
11-14-NetAppls/figures/13.1.png>
Package pdftex.def Info: /Users/ashoksaravanan/Coding/ScribeLec/server/output/M
A 421/lectures/2024-11-14-NetAppls/figures/13.1.png  used on input line 555.
(pdftex.def)             Requested size: 70.46037pt x 74.75266pt.

Underfull \hbox (badness 10000) in paragraph at lines 556--556
\T1/lmr/m/n/8 di-a-gram show-ing
 []


Underfull \hbox (badness 10000) in paragraph at lines 556--556
\T1/lmr/m/n/8 a graph rep-re-
 []


Underfull \hbox (badness 10000) in paragraph at lines 556--556
\T1/lmr/m/n/8 path prob-lem.
 []


Underfull \hbox (badness 10000) in paragraph at lines 556--556
\T1/lmr/m/n/8 The graph has
 []


Underfull \hbox (badness 10000) in paragraph at lines 556--556
\T1/lmr/m/n/8 nodes la-beled S
 []


Underfull \hbox (badness 10000) in paragraph at lines 556--556
\T1/lmr/m/n/8 (source) and R
 []


Underfull \hbox (badness 1009) in paragraph at lines 556--556
\T1/lmr/m/n/8 (des-ti-na-tion), and
 []


Underfull \hbox (badness 4156) in paragraph at lines 556--556
\T1/lmr/m/n/8 la-beled i and j.
 []


Underfull \hbox (badness 5345) in paragraph at lines 556--556
\T1/lmr/m/n/8 is high-lighted in
 []


Underfull \hbox (badness 10000) in paragraph at lines 556--556
\T1/lmr/m/n/8 salmon/light red.
 []


Underfull \hbox (badness 10000) in paragraph at lines 556--556
\T1/lmr/m/n/8 Ar-rows in-di-cate
 []


Underfull \hbox (badness 10000) in paragraph at lines 556--556
\T1/lmr/m/n/8 are cir-cles, and
 []

[17 </Users/ashoksaravanan/Coding/ScribeLec/server/output/MA 421/lectures/2024-
11-14-NetAppls/figures/13.1.png (PNG copy)>]

/Users/ashoksaravanan/Coding/ScribeLec/server/output/MA 421/lectures/2024-11-14
-NetAppls/notes.tex:567: LaTeX Error: Environment tikzpicture undefined.

See the LaTeX manual or LaTeX Companion for explanation.
Type  H <return>  for immediate help.
 ...                                              
                                                  
l.567 \begin{tikzpicture}
                         [scale=0.8]
Your command was ignored.
Type  I <command> <return>  to replace it with another command,
or  <return>  to continue without it.

/Users/ashoksaravanan/Coding/ScribeLec/server/output/MA 421/lectures/2024-11-14
-NetAppls/notes.tex:568: Undefined control sequence.
l.568 \node
           [circle,draw] (s) at (0,0) {$S$};
The control sequence at the end of the top line
of your error message was never \def'ed. If you have
misspelled it (e.g., `\hobx'), type `I' and the correct
spelling (e.g., `I\hbox'). Otherwise just continue,
and I'll forget about whatever was undefined.

/Users/ashoksaravanan/Coding/ScribeLec/server/output/MA 421/lectures/2024-11-14
-NetAppls/notes.tex:569: Undefined control sequence.
l.569 \node
           [circle,draw] (a) at (1.5,0.5) {};
The control sequence at the end of the top line
of your error message was never \def'ed. If you have
misspelled it (e.g., `\hobx'), type `I' and the correct
spelling (e.g., `I\hbox'). Otherwise just continue,
and I'll forget about whatever was undefined.

/Users/ashoksaravanan/Coding/ScribeLec/server/output/MA 421/lectures/2024-11-14
-NetAppls/notes.tex:570: Undefined control sequence.
l.570 \node
           [circle,draw] (b) at (1.5,-0.5) {};
The control sequence at the end of the top line
of your error message was never \def'ed. If you have
misspelled it (e.g., `\hobx'), type `I' and the correct
spelling (e.g., `I\hbox'). Otherwise just continue,
and I'll forget about whatever was undefined.

/Users/ashoksaravanan/Coding/ScribeLec/server/output/MA 421/lectures/2024-11-14
-NetAppls/notes.tex:571: Undefined control sequence.
l.571 \node
           [circle,draw] (c) at (3,0.5) {};
The control sequence at the end of the top line
of your error message was never \def'ed. If you have
misspelled it (e.g., `\hobx'), type `I' and the correct
spelling (e.g., `I\hbox'). Otherwise just continue,
and I'll forget about whatever was undefined.

/Users/ashoksaravanan/Coding/ScribeLec/server/output/MA 421/lectures/2024-11-14
-NetAppls/notes.tex:572: Undefined control sequence.
l.572 \node
           [circle,draw] (d) at (3,-0.5) {};
The control sequence at the end of the top line
of your error message was never \def'ed. If you have
misspelled it (e.g., `\hobx'), type `I' and the correct
spelling (e.g., `I\hbox'). Otherwise just continue,
and I'll forget about whatever was undefined.

/Users/ashoksaravanan/Coding/ScribeLec/server/output/MA 421/lectures/2024-11-14
-NetAppls/notes.tex:573: Undefined control sequence.
l.573 \node
           [circle,draw] (e) at (4.5,0.5) {};
The control sequence at the end of the top line
of your error message was never \def'ed. If you have
misspelled it (e.g., `\hobx'), type `I' and the correct
spelling (e.g., `I\hbox'). Otherwise just continue,
and I'll forget about whatever was undefined.

/Users/ashoksaravanan/Coding/ScribeLec/server/output/MA 421/lectures/2024-11-14
-NetAppls/notes.tex:574: Undefined control sequence.
l.574 \node
           [circle,draw] (f) at (4.5,-0.5) {};
The control sequence at the end of the top line
of your error message was never \def'ed. If you have
misspelled it (e.g., `\hobx'), type `I' and the correct
spelling (e.g., `I\hbox'). Otherwise just continue,
and I'll forget about whatever was undefined.

/Users/ashoksaravanan/Coding/ScribeLec/server/output/MA 421/lectures/2024-11-14
-NetAppls/notes.tex:575: Undefined control sequence.
l.575 \node
           [circle,draw] (r) at (6,0) {$R$};
The control sequence at the end of the top line
of your error message was never \def'ed. If you have
misspelled it (e.g., `\hobx'), type `I' and the correct
spelling (e.g., `I\hbox'). Otherwise just continue,
and I'll forget about whatever was undefined.

/Users/ashoksaravanan/Coding/ScribeLec/server/output/MA 421/lectures/2024-11-14
-NetAppls/notes.tex:576: Undefined control sequence.
l.576 \draw
           [->,red!50!white,line width=2pt] (s) to (a);
The control sequence at the end of the top line
of your error message was never \def'ed. If you have
misspelled it (e.g., `\hobx'), type `I' and the correct
spelling (e.g., `I\hbox'). Otherwise just continue,
and I'll forget about whatever was undefined.

/Users/ashoksaravanan/Coding/ScribeLec/server/output/MA 421/lectures/2024-11-14
-NetAppls/notes.tex:577: Undefined control sequence.
l.577 \draw
           [->,red!50!white,line width=2pt] (a) to (c);
The control sequence at the end of the top line
of your error message was never \def'ed. If you have
misspelled it (e.g., `\hobx'), type `I' and the correct
spelling (e.g., `I\hbox'). Otherwise just continue,
and I'll forget about whatever was undefined.

/Users/ashoksaravanan/Coding/ScribeLec/server/output/MA 421/lectures/2024-11-14
-NetAppls/notes.tex:578: Undefined control sequence.
l.578 \draw
           [->,red!50!white,line width=2pt] (c) to (e);
The control sequence at the end of the top line
of your error message was never \def'ed. If you have
misspelled it (e.g., `\hobx'), type `I' and the correct
spelling (e.g., `I\hbox'). Otherwise just continue,
and I'll forget about whatever was undefined.

/Users/ashoksaravanan/Coding/ScribeLec/server/output/MA 421/lectures/2024-11-14
-NetAppls/notes.tex:579: Undefined control sequence.
l.579 \draw
           [->,red!50!white,line width=2pt] (e) to (r);
The control sequence at the end of the top line
of your error message was never \def'ed. If you have
misspelled it (e.g., `\hobx'), type `I' and the correct
spelling (e.g., `I\hbox'). Otherwise just continue,
and I'll forget about whatever was undefined.

/Users/ashoksaravanan/Coding/ScribeLec/server/output/MA 421/lectures/2024-11-14
-NetAppls/notes.tex:580: Undefined control sequence.
l.580 \draw
           [->] (a) to (b);
The control sequence at the end of the top line
of your error message was never \def'ed. If you have
misspelled it (e.g., `\hobx'), type `I' and the correct
spelling (e.g., `I\hbox'). Otherwise just continue,
and I'll forget about whatever was undefined.

/Users/ashoksaravanan/Coding/ScribeLec/server/output/MA 421/lectures/2024-11-14
-NetAppls/notes.tex:581: Undefined control sequence.
l.581 \draw
           [->] (b) to (d);
The control sequence at the end of the top line
of your error message was never \def'ed. If you have
misspelled it (e.g., `\hobx'), type `I' and the correct
spelling (e.g., `I\hbox'). Otherwise just continue,
and I'll forget about whatever was undefined.

/Users/ashoksaravanan/Coding/ScribeLec/server/output/MA 421/lectures/2024-11-14
-NetAppls/notes.tex:582: Undefined control sequence.
l.582 \draw
           [->] (d) to (f);
The control sequence at the end of the top line
of your error message was never \def'ed. If you have
misspelled it (e.g., `\hobx'), type `I' and the correct
spelling (e.g., `I\hbox'). Otherwise just continue,
and I'll forget about whatever was undefined.

/Users/ashoksaravanan/Coding/ScribeLec/server/output/MA 421/lectures/2024-11-14
-NetAppls/notes.tex:583: Undefined control sequence.
l.583 \draw
           [->] (f) to (r);
The control sequence at the end of the top line
of your error message was never \def'ed. If you have
misspelled it (e.g., `\hobx'), type `I' and the correct
spelling (e.g., `I\hbox'). Otherwise just continue,
and I'll forget about whatever was undefined.

/Users/ashoksaravanan/Coding/ScribeLec/server/output/MA 421/lectures/2024-11-14
-NetAppls/notes.tex:584: Undefined control sequence.
l.584 \draw
           [->] (a) to (c);
The control sequence at the end of the top line
of your error message was never \def'ed. If you have
misspelled it (e.g., `\hobx'), type `I' and the correct
spelling (e.g., `I\hbox'). Otherwise just continue,
and I'll forget about whatever was undefined.

/Users/ashoksaravanan/Coding/ScribeLec/server/output/MA 421/lectures/2024-11-14
-NetAppls/notes.tex:585: Undefined control sequence.
l.585 \draw
           [->] (c) to (e);
The control sequence at the end of the top line
of your error message was never \def'ed. If you have
misspelled it (e.g., `\hobx'), type `I' and the correct
spelling (e.g., `I\hbox'). Otherwise just continue,
and I'll forget about whatever was undefined.

/Users/ashoksaravanan/Coding/ScribeLec/server/output/MA 421/lectures/2024-11-14
-NetAppls/notes.tex:586: Undefined control sequence.
l.586 \node
            at (0,-0.3) {$+1$};
The control sequence at the end of the top line
of your error message was never \def'ed. If you have
misspelled it (e.g., `\hobx'), type `I' and the correct
spelling (e.g., `I\hbox'). Otherwise just continue,
and I'll forget about whatever was undefined.

/Users/ashoksaravanan/Coding/ScribeLec/server/output/MA 421/lectures/2024-11-14
-NetAppls/notes.tex:587: Undefined control sequence.
l.587 \node
            at (6,-0.3) {$-1$};
The control sequence at the end of the top line
of your error message was never \def'ed. If you have
misspelled it (e.g., `\hobx'), type `I' and the correct
spelling (e.g., `I\hbox'). Otherwise just continue,
and I'll forget about whatever was undefined.

/Users/ashoksaravanan/Coding/ScribeLec/server/output/MA 421/lectures/2024-11-14
-NetAppls/notes.tex:588: Undefined control sequence.
l.588 \node
            at (3,1) {$c_{ij}$};
The control sequence at the end of the top line
of your error message was never \def'ed. If you have
misspelled it (e.g., `\hobx'), type `I' and the correct
spelling (e.g., `I\hbox'). Otherwise just continue,
and I'll forget about whatever was undefined.

/Users/ashoksaravanan/Coding/ScribeLec/server/output/MA 421/lectures/2024-11-14
-NetAppls/notes.tex:589: Undefined control sequence.
l.589 \node
            at (3.75,1) {$b_j = 0$};
The control sequence at the end of the top line
of your error message was never \def'ed. If you have
misspelled it (e.g., `\hobx'), type `I' and the correct
spelling (e.g., `I\hbox'). Otherwise just continue,
and I'll forget about whatever was undefined.

/Users/ashoksaravanan/Coding/ScribeLec/server/output/MA 421/lectures/2024-11-14
-NetAppls/notes.tex:590: Undefined control sequence.
l.590 \node
            at (3,0) {$i$};
The control sequence at the end of the top line
of your error message was never \def'ed. If you have
misspelled it (e.g., `\hobx'), type `I' and the correct
spelling (e.g., `I\hbox'). Otherwise just continue,
and I'll forget about whatever was undefined.

/Users/ashoksaravanan/Coding/ScribeLec/server/output/MA 421/lectures/2024-11-14
-NetAppls/notes.tex:591: Undefined control sequence.
l.591 \node
            at (4.5,0) {$j$};
The control sequence at the end of the top line
of your error message was never \def'ed. If you have
misspelled it (e.g., `\hobx'), type `I' and the correct
spelling (e.g., `I\hbox'). Otherwise just continue,
and I'll forget about whatever was undefined.


/Users/ashoksaravanan/Coding/ScribeLec/server/output/MA 421/lectures/2024-11-14
-NetAppls/notes.tex:592: LaTeX Error: \begin{document} ended by \end{tikzpictur
e}.

See the LaTeX manual or LaTeX Companion for explanation.
Type  H <return>  for immediate help.
 ...                                              
                                                  
l.592 \end{tikzpicture}
                        \\
Your command was ignored.
Type  I <command> <return>  to replace it with another command,
or  <return>  to continue without it.

/Users/ashoksaravanan/Coding/ScribeLec/server/output/MA 421/lectures/2024-11-14
-NetAppls/notes.tex:594: Missing $ inserted.
<inserted text> 
                $
l.594 \text{min } \sum
                      _{ij} c_{ij} x_{ij} \\
I've inserted a begin-math/end-math symbol since I think
you left one out. Proceed, with fingers crossed.

/Users/ashoksaravanan/Coding/ScribeLec/server/output/MA 421/lectures/2024-11-14
-NetAppls/notes.tex:599: Missing $ inserted.
<inserted text> 
                $
l.599 \subsection
                 {Description}%
I've inserted a begin-math/end-math symbol since I think
you left one out. Proceed, with fingers crossed.

</Users/ashoksaravanan/Coding/ScribeLec/server/output/MA 421/lectures/2024-11-1
4-NetAppls/figures/14.1.png, id=441, 823.075pt x 873.2625pt>
File: /Users/ashoksaravanan/Coding/ScribeLec/server/output/MA 421/lectures/2024
-11-14-NetAppls/figures/14.1.png Graphic file (type png)
<use /Users/ashoksaravanan/Coding/ScribeLec/server/output/MA 421/lectures/2024-
11-14-NetAppls/figures/14.1.png>
Package pdftex.def Info: /Users/ashoksaravanan/Coding/ScribeLec/server/output/M
A 421/lectures/2024-11-14-NetAppls/figures/14.1.png  used on input line 606.
(pdftex.def)             Requested size: 70.46037pt x 74.75266pt.

Underfull \hbox (badness 10000) in paragraph at lines 607--607
\T1/lmr/m/n/8 di-a-gram show-ing
 []


Underfull \hbox (badness 10000) in paragraph at lines 607--607
\T1/lmr/m/n/8 a graph rep-re-
 []


Underfull \hbox (badness 10000) in paragraph at lines 607--607
\T1/lmr/m/n/8 path prob-lem.
 []


Underfull \hbox (badness 10000) in paragraph at lines 607--607
\T1/lmr/m/n/8 The graph has
 []


Underfull \hbox (badness 10000) in paragraph at lines 607--607
\T1/lmr/m/n/8 nodes la-beled S
 []


Underfull \hbox (badness 10000) in paragraph at lines 607--607
\T1/lmr/m/n/8 (source) and R
 []


Underfull \hbox (badness 1009) in paragraph at lines 607--607
\T1/lmr/m/n/8 (des-ti-na-tion), and
 []


Underfull \hbox (badness 4156) in paragraph at lines 607--607
\T1/lmr/m/n/8 la-beled i and j.
 []


Underfull \hbox (badness 5345) in paragraph at lines 607--607
\T1/lmr/m/n/8 is high-lighted in
 []


Underfull \hbox (badness 10000) in paragraph at lines 607--607
\T1/lmr/m/n/8 salmon/light red.
 []


Underfull \hbox (badness 10000) in paragraph at lines 607--607
\T1/lmr/m/n/8 Ar-rows in-di-cate
 []


Underfull \hbox (badness 10000) in paragraph at lines 607--607
\T1/lmr/m/n/8 are cir-cles, and
 []


Underfull \hbox (badness 10000) in paragraph at lines 607--607
\T1/lmr/m/n/8 the des-ti-na-tion
 []


Underfull \hbox (badness 3271) in paragraph at lines 607--607
\T1/lmr/m/n/8 tion to min-i-mize
 []


Underfull \hbox (badness 10000) in paragraph at lines 607--607
\T1/lmr/m/n/8 the to-tal cost
 []


Underfull \hbox (badness 10000) in paragraph at lines 607--607
\T1/lmr/m/n/8 and con-straints
 []


Underfull \hbox (badness 10000) in paragraph at lines 607--607
\T1/lmr/m/n/8 rep-re-sent-ing flow
 []


Underfull \hbox (badness 10000) in paragraph at lines 607--607
\T1/lmr/m/n/8 con-ser-va-tion at
 []


Underfull \hbox (badness 1163) in paragraph at lines 607--607
\T1/lmr/m/n/8 each node. The
 []


Underfull \hbox (badness 1484) in paragraph at lines 607--607
\T1/lmr/m/n/8 con-straints en-sure
 []


Underfull \hbox (badness 2065) in paragraph at lines 607--607
\T1/lmr/m/n/8 that one unit of
 []


Underfull \hbox (badness 10000) in paragraph at lines 607--607
\T1/lmr/m/n/8 flow leaves the
 []


Underfull \hbox (badness 10000) in paragraph at lines 607--607
\T1/lmr/m/n/8 source and one
 []

[18] [19 </Users/ashoksaravanan/Coding/ScribeLec/server/output/MA 421/lectures/
2024-11-14-NetAppls/figures/14.1.png (PNG copy)>]

/Users/ashoksaravanan/Coding/ScribeLec/server/output/MA 421/lectures/2024-11-14
-NetAppls/notes.tex:618: LaTeX Error: Environment tikzpicture undefined.

See the LaTeX manual or LaTeX Companion for explanation.
Type  H <return>  for immediate help.
 ...                                              
                                                  
l.618 \begin{tikzpicture}
                         [scale=0.8]
Your command was ignored.
Type  I <command> <return>  to replace it with another command,
or  <return>  to continue without it.

/Users/ashoksaravanan/Coding/ScribeLec/server/output/MA 421/lectures/2024-11-14
-NetAppls/notes.tex:619: Undefined control sequence.
l.619 \node
           [circle,draw] (s) at (0,0) {$S$};
The control sequence at the end of the top line
of your error message was never \def'ed. If you have
misspelled it (e.g., `\hobx'), type `I' and the correct
spelling (e.g., `I\hbox'). Otherwise just continue,
and I'll forget about whatever was undefined.

/Users/ashoksaravanan/Coding/ScribeLec/server/output/MA 421/lectures/2024-11-14
-NetAppls/notes.tex:620: Undefined control sequence.
l.620 \node
           [circle,draw] (a) at (1.5,0.5) {};
The control sequence at the end of the top line
of your error message was never \def'ed. If you have
misspelled it (e.g., `\hobx'), type `I' and the correct
spelling (e.g., `I\hbox'). Otherwise just continue,
and I'll forget about whatever was undefined.

/Users/ashoksaravanan/Coding/ScribeLec/server/output/MA 421/lectures/2024-11-14
-NetAppls/notes.tex:621: Undefined control sequence.
l.621 \node
           [circle,draw] (b) at (1.5,-0.5) {};
The control sequence at the end of the top line
of your error message was never \def'ed. If you have
misspelled it (e.g., `\hobx'), type `I' and the correct
spelling (e.g., `I\hbox'). Otherwise just continue,
and I'll forget about whatever was undefined.

/Users/ashoksaravanan/Coding/ScribeLec/server/output/MA 421/lectures/2024-11-14
-NetAppls/notes.tex:622: Undefined control sequence.
l.622 \node
           [circle,draw] (c) at (3,0) {};
The control sequence at the end of the top line
of your error message was never \def'ed. If you have
misspelled it (e.g., `\hobx'), type `I' and the correct
spelling (e.g., `I\hbox'). Otherwise just continue,
and I'll forget about whatever was undefined.

/Users/ashoksaravanan/Coding/ScribeLec/server/output/MA 421/lectures/2024-11-14
-NetAppls/notes.tex:623: Undefined control sequence.
l.623 \node
           [circle,draw] (d) at (4.5,0.5) {};
The control sequence at the end of the top line
of your error message was never \def'ed. If you have
misspelled it (e.g., `\hobx'), type `I' and the correct
spelling (e.g., `I\hbox'). Otherwise just continue,
and I'll forget about whatever was undefined.

/Users/ashoksaravanan/Coding/ScribeLec/server/output/MA 421/lectures/2024-11-14
-NetAppls/notes.tex:624: Undefined control sequence.
l.624 \node
           [circle,draw] (e) at (4.5,-0.5) {};
The control sequence at the end of the top line
of your error message was never \def'ed. If you have
misspelled it (e.g., `\hobx'), type `I' and the correct
spelling (e.g., `I\hbox'). Otherwise just continue,
and I'll forget about whatever was undefined.

/Users/ashoksaravanan/Coding/ScribeLec/server/output/MA 421/lectures/2024-11-14
-NetAppls/notes.tex:625: Undefined control sequence.
l.625 \node
           [circle,draw] (r) at (6,0) {$R$};
The control sequence at the end of the top line
of your error message was never \def'ed. If you have
misspelled it (e.g., `\hobx'), type `I' and the correct
spelling (e.g., `I\hbox'). Otherwise just continue,
and I'll forget about whatever was undefined.

/Users/ashoksaravanan/Coding/ScribeLec/server/output/MA 421/lectures/2024-11-14
-NetAppls/notes.tex:626: Undefined control sequence.
l.626 \draw
           [->,red!50!white,line width=2pt] (s) to (a);
The control sequence at the end of the top line
of your error message was never \def'ed. If you have
misspelled it (e.g., `\hobx'), type `I' and the correct
spelling (e.g., `I\hbox'). Otherwise just continue,
and I'll forget about whatever was undefined.

/Users/ashoksaravanan/Coding/ScribeLec/server/output/MA 421/lectures/2024-11-14
-NetAppls/notes.tex:627: Undefined control sequence.
l.627 \draw
           [->,red!50!white,line width=2pt] (a) to (c);
The control sequence at the end of the top line
of your error message was never \def'ed. If you have
misspelled it (e.g., `\hobx'), type `I' and the correct
spelling (e.g., `I\hbox'). Otherwise just continue,
and I'll forget about whatever was undefined.

/Users/ashoksaravanan/Coding/ScribeLec/server/output/MA 421/lectures/2024-11-14
-NetAppls/notes.tex:628: Undefined control sequence.
l.628 \draw
           [->,red!50!white,line width=2pt] (c) to (d);
The control sequence at the end of the top line
of your error message was never \def'ed. If you have
misspelled it (e.g., `\hobx'), type `I' and the correct
spelling (e.g., `I\hbox'). Otherwise just continue,
and I'll forget about whatever was undefined.

/Users/ashoksaravanan/Coding/ScribeLec/server/output/MA 421/lectures/2024-11-14
-NetAppls/notes.tex:629: Undefined control sequence.
l.629 \draw
           [->,red!50!white,line width=2pt] (d) to (r);
The control sequence at the end of the top line
of your error message was never \def'ed. If you have
misspelled it (e.g., `\hobx'), type `I' and the correct
spelling (e.g., `I\hbox'). Otherwise just continue,
and I'll forget about whatever was undefined.

/Users/ashoksaravanan/Coding/ScribeLec/server/output/MA 421/lectures/2024-11-14
-NetAppls/notes.tex:630: Undefined control sequence.
l.630 \draw
           [->] (a) to (b);
The control sequence at the end of the top line
of your error message was never \def'ed. If you have
misspelled it (e.g., `\hobx'), type `I' and the correct
spelling (e.g., `I\hbox'). Otherwise just continue,
and I'll forget about whatever was undefined.

/Users/ashoksaravanan/Coding/ScribeLec/server/output/MA 421/lectures/2024-11-14
-NetAppls/notes.tex:631: Undefined control sequence.
l.631 \draw
           [->] (b) to (c);
The control sequence at the end of the top line
of your error message was never \def'ed. If you have
misspelled it (e.g., `\hobx'), type `I' and the correct
spelling (e.g., `I\hbox'). Otherwise just continue,
and I'll forget about whatever was undefined.

/Users/ashoksaravanan/Coding/ScribeLec/server/output/MA 421/lectures/2024-11-14
-NetAppls/notes.tex:632: Undefined control sequence.
l.632 \draw
           [->] (c) to (e);
The control sequence at the end of the top line
of your error message was never \def'ed. If you have
misspelled it (e.g., `\hobx'), type `I' and the correct
spelling (e.g., `I\hbox'). Otherwise just continue,
and I'll forget about whatever was undefined.

/Users/ashoksaravanan/Coding/ScribeLec/server/output/MA 421/lectures/2024-11-14
-NetAppls/notes.tex:633: Undefined control sequence.
l.633 \draw
           [->] (e) to (r);
The control sequence at the end of the top line
of your error message was never \def'ed. If you have
misspelled it (e.g., `\hobx'), type `I' and the correct
spelling (e.g., `I\hbox'). Otherwise just continue,
and I'll forget about whatever was undefined.

/Users/ashoksaravanan/Coding/ScribeLec/server/output/MA 421/lectures/2024-11-14
-NetAppls/notes.tex:634: Undefined control sequence.
l.634 \node
            at (0,-0.3) {$+1$};
The control sequence at the end of the top line
of your error message was never \def'ed. If you have
misspelled it (e.g., `\hobx'), type `I' and the correct
spelling (e.g., `I\hbox'). Otherwise just continue,
and I'll forget about whatever was undefined.

/Users/ashoksaravanan/Coding/ScribeLec/server/output/MA 421/lectures/2024-11-14
-NetAppls/notes.tex:635: Undefined control sequence.
l.635 \node
            at (6,-0.3) {$-1$};
The control sequence at the end of the top line
of your error message was never \def'ed. If you have
misspelled it (e.g., `\hobx'), type `I' and the correct
spelling (e.g., `I\hbox'). Otherwise just continue,
and I'll forget about whatever was undefined.

/Users/ashoksaravanan/Coding/ScribeLec/server/output/MA 421/lectures/2024-11-14
-NetAppls/notes.tex:636: Undefined control sequence.
l.636 \node
            at (3,0.3) {$i$};
The control sequence at the end of the top line
of your error message was never \def'ed. If you have
misspelled it (e.g., `\hobx'), type `I' and the correct
spelling (e.g., `I\hbox'). Otherwise just continue,
and I'll forget about whatever was undefined.

/Users/ashoksaravanan/Coding/ScribeLec/server/output/MA 421/lectures/2024-11-14
-NetAppls/notes.tex:637: Undefined control sequence.
l.637 \node
            at (4.5,0.3) {$j$};
The control sequence at the end of the top line
of your error message was never \def'ed. If you have
misspelled it (e.g., `\hobx'), type `I' and the correct
spelling (e.g., `I\hbox'). Otherwise just continue,
and I'll forget about whatever was undefined.

/Users/ashoksaravanan/Coding/ScribeLec/server/output/MA 421/lectures/2024-11-14
-NetAppls/notes.tex:638: Undefined control sequence.
l.638 \node
            at (3.75,0.8) {$c_{ij}$};
The control sequence at the end of the top line
of your error message was never \def'ed. If you have
misspelled it (e.g., `\hobx'), type `I' and the correct
spelling (e.g., `I\hbox'). Otherwise just continue,
and I'll forget about whatever was undefined.

/Users/ashoksaravanan/Coding/ScribeLec/server/output/MA 421/lectures/2024-11-14
-NetAppls/notes.tex:639: Undefined control sequence.
l.639 \node
            at (3.75,1.2) {$b_j = 0$};
The control sequence at the end of the top line
of your error message was never \def'ed. If you have
misspelled it (e.g., `\hobx'), type `I' and the correct
spelling (e.g., `I\hbox'). Otherwise just continue,
and I'll forget about whatever was undefined.


/Users/ashoksaravanan/Coding/ScribeLec/server/output/MA 421/lectures/2024-11-14
-NetAppls/notes.tex:640: LaTeX Error: \begin{document} ended by \end{tikzpictur
e}.

See the LaTeX manual or LaTeX Companion for explanation.
Type  H <return>  for immediate help.
 ...                                              
                                                  
l.640 \end{tikzpicture}
                        \\
Your command was ignored.
Type  I <command> <return>  to replace it with another command,
or  <return>  to continue without it.

/Users/ashoksaravanan/Coding/ScribeLec/server/output/MA 421/lectures/2024-11-14
-NetAppls/notes.tex:642: Missing $ inserted.
<inserted text> 
                $
l.642 \text{min } \sum
                      _{ij} c_{ij} x_{ij} \\
I've inserted a begin-math/end-math symbol since I think
you left one out. Proceed, with fingers crossed.

/Users/ashoksaravanan/Coding/ScribeLec/server/output/MA 421/lectures/2024-11-14
-NetAppls/notes.tex:649: Missing $ inserted.
<inserted text> 
                $
l.649 \subsection
                 {Description}%
I've inserted a begin-math/end-math symbol since I think
you left one out. Proceed, with fingers crossed.

</Users/ashoksaravanan/Coding/ScribeLec/server/output/MA 421/lectures/2024-11-1
4-NetAppls/figures/15.1.png, id=452, 823.075pt x 873.2625pt>
File: /Users/ashoksaravanan/Coding/ScribeLec/server/output/MA 421/lectures/2024
-11-14-NetAppls/figures/15.1.png Graphic file (type png)
<use /Users/ashoksaravanan/Coding/ScribeLec/server/output/MA 421/lectures/2024-
11-14-NetAppls/figures/15.1.png>
Package pdftex.def Info: /Users/ashoksaravanan/Coding/ScribeLec/server/output/M
A 421/lectures/2024-11-14-NetAppls/figures/15.1.png  used on input line 656.
(pdftex.def)             Requested size: 70.46037pt x 74.75266pt.

Underfull \hbox (badness 10000) in paragraph at lines 657--657
\T1/lmr/m/n/8 di-a-gram show-ing
 []


Underfull \hbox (badness 10000) in paragraph at lines 657--657
\T1/lmr/m/n/8 a graph rep-re-
 []


Underfull \hbox (badness 10000) in paragraph at lines 657--657
\T1/lmr/m/n/8 path prob-lem.
 []


Underfull \hbox (badness 10000) in paragraph at lines 657--657
\T1/lmr/m/n/8 The graph has
 []


Underfull \hbox (badness 10000) in paragraph at lines 657--657
\T1/lmr/m/n/8 nodes la-beled S
 []


Underfull \hbox (badness 10000) in paragraph at lines 657--657
\T1/lmr/m/n/8 (source) and R
 []


Underfull \hbox (badness 1009) in paragraph at lines 657--657
\T1/lmr/m/n/8 (des-ti-na-tion), and
 []


Underfull \hbox (badness 4156) in paragraph at lines 657--657
\T1/lmr/m/n/8 la-beled i and j.
 []


Underfull \hbox (badness 5345) in paragraph at lines 657--657
\T1/lmr/m/n/8 is high-lighted in
 []


Underfull \hbox (badness 10000) in paragraph at lines 657--657
\T1/lmr/m/n/8 salmon/light red.
 []


Underfull \hbox (badness 10000) in paragraph at lines 657--657
\T1/lmr/m/n/8 Ar-rows in-di-cate
 []


Underfull \hbox (badness 10000) in paragraph at lines 657--657
\T1/lmr/m/n/8 are cir-cles, and
 []


Underfull \hbox (badness 10000) in paragraph at lines 657--657
\T1/lmr/m/n/8 the des-ti-na-tion
 []


Underfull \hbox (badness 3271) in paragraph at lines 657--657
\T1/lmr/m/n/8 tion to min-i-mize
 []


Underfull \hbox (badness 10000) in paragraph at lines 657--657
\T1/lmr/m/n/8 the to-tal cost
 []


Underfull \hbox (badness 10000) in paragraph at lines 657--657
\T1/lmr/m/n/8 and con-straints
 []


Underfull \hbox (badness 10000) in paragraph at lines 657--657
\T1/lmr/m/n/8 rep-re-sent-ing flow
 []


Underfull \hbox (badness 10000) in paragraph at lines 657--657
\T1/lmr/m/n/8 con-ser-va-tion at
 []


Underfull \hbox (badness 1163) in paragraph at lines 657--657
\T1/lmr/m/n/8 each node. The
 []


Underfull \hbox (badness 1484) in paragraph at lines 657--657
\T1/lmr/m/n/8 con-straints en-sure
 []


Underfull \hbox (badness 2065) in paragraph at lines 657--657
\T1/lmr/m/n/8 that one unit of
 []


Underfull \hbox (badness 10000) in paragraph at lines 657--657
\T1/lmr/m/n/8 flow leaves the
 []


Underfull \hbox (badness 10000) in paragraph at lines 657--657
\T1/lmr/m/n/8 source and one
 []


Underfull \hbox (badness 10000) in paragraph at lines 657--657
\T1/lmr/m/n/8 unit ar-rives at
 []


Underfull \hbox (badness 10000) in paragraph at lines 657--657
\T1/lmr/m/n/8 the des-ti-na-tion.
 []


Underfull \hbox (badness 10000) in paragraph at lines 657--657
\T1/lmr/m/n/8 mark next to
 []


Underfull \hbox (badness 10000) in paragraph at lines 657--657
\T1/lmr/m/n/8 the con-straint
 []


Underfull \hbox (badness 10000) in paragraph at lines 657--657
\OML/lmm/m/it/8 x[] \OMS/lmsy/m/n/8 2 f\OT1/lmr/m/n/8 0\OML/lmm/m/it/8 ; \OT1/l
mr/m/n/8 1\OMS/lmsy/m/n/8 g\OT1/lmr/m/n/8 ?$\T1/lmr/m/n/8 ,
 []


Underfull \hbox (badness 10000) in paragraph at lines 657--657
\T1/lmr/m/n/8 in-di-cat-ing un-
 []


Underfull \hbox (badness 10000) in paragraph at lines 657--657
\T1/lmr/m/n/8 cer-tainty about
 []


Underfull \hbox (badness 2556) in paragraph at lines 657--657
\T1/lmr/m/n/8 whether the flow
 []


Underfull \hbox (badness 10000) in paragraph at lines 657--657
\T1/lmr/m/n/8 vari-ables should
 []


Underfull \hbox (badness 10000) in paragraph at lines 657--657
\T1/lmr/m/n/8 be re-stricted to
 []


Underfull \hbox (badness 10000) in paragraph at lines 657--657
\T1/lmr/m/n/8 bi-nary val-ues.
 []


Underfull \hbox (badness 10000) in paragraph at lines 657--657
\T1/lmr/m/n/8 The ques-tion
 []


Underfull \hbox (badness 10000) in paragraph at lines 657--657
\T1/lmr/m/n/8 "(Unique-ness?)"
 []


Underfull \hbox (badness 10000) in paragraph at lines 657--657
\T1/lmr/m/n/8 short-est path is
 []

[20] [21]
Overfull \vbox (6.61418pt too high) has occurred while \output is active []


[22 </Users/ashoksaravanan/Coding/ScribeLec/server/output/MA 421/lectures/2024-
11-14-NetAppls/figures/15.1.png (PNG copy)>]

/Users/ashoksaravanan/Coding/ScribeLec/server/output/MA 421/lectures/2024-11-14
-NetAppls/notes.tex:668: LaTeX Error: Environment tikzpicture undefined.

See the LaTeX manual or LaTeX Companion for explanation.
Type  H <return>  for immediate help.
 ...                                              
                                                  
l.668 \begin{tikzpicture}
                         [scale=0.8]
Your command was ignored.
Type  I <command> <return>  to replace it with another command,
or  <return>  to continue without it.

/Users/ashoksaravanan/Coding/ScribeLec/server/output/MA 421/lectures/2024-11-14
-NetAppls/notes.tex:669: Undefined control sequence.
l.669 \node
           [circle,draw] (i) at (0,0) {};
The control sequence at the end of the top line
of your error message was never \def'ed. If you have
misspelled it (e.g., `\hobx'), type `I' and the correct
spelling (e.g., `I\hbox'). Otherwise just continue,
and I'll forget about whatever was undefined.

/Users/ashoksaravanan/Coding/ScribeLec/server/output/MA 421/lectures/2024-11-14
-NetAppls/notes.tex:670: Undefined control sequence.
l.670 \node
           [circle,draw] (a) at (1.5,-0.5) {};
The control sequence at the end of the top line
of your error message was never \def'ed. If you have
misspelled it (e.g., `\hobx'), type `I' and the correct
spelling (e.g., `I\hbox'). Otherwise just continue,
and I'll forget about whatever was undefined.

/Users/ashoksaravanan/Coding/ScribeLec/server/output/MA 421/lectures/2024-11-14
-NetAppls/notes.tex:671: Undefined control sequence.
l.671 \node
           [circle,draw] (b) at (3,0) {};
The control sequence at the end of the top line
of your error message was never \def'ed. If you have
misspelled it (e.g., `\hobx'), type `I' and the correct
spelling (e.g., `I\hbox'). Otherwise just continue,
and I'll forget about whatever was undefined.

/Users/ashoksaravanan/Coding/ScribeLec/server/output/MA 421/lectures/2024-11-14
-NetAppls/notes.tex:672: Undefined control sequence.
l.672 \node
           [circle,draw] (c) at (4.5,-0.5) {};
The control sequence at the end of the top line
of your error message was never \def'ed. If you have
misspelled it (e.g., `\hobx'), type `I' and the correct
spelling (e.g., `I\hbox'). Otherwise just continue,
and I'll forget about whatever was undefined.

/Users/ashoksaravanan/Coding/ScribeLec/server/output/MA 421/lectures/2024-11-14
-NetAppls/notes.tex:673: Undefined control sequence.
l.673 \node
           [circle,draw,fill=red!20] (r) at (6,0) {};
The control sequence at the end of the top line
of your error message was never \def'ed. If you have
misspelled it (e.g., `\hobx'), type `I' and the correct
spelling (e.g., `I\hbox'). Otherwise just continue,
and I'll forget about whatever was undefined.

/Users/ashoksaravanan/Coding/ScribeLec/server/output/MA 421/lectures/2024-11-14
-NetAppls/notes.tex:674: Undefined control sequence.
l.674 \draw
            (i) to (a);
The control sequence at the end of the top line
of your error message was never \def'ed. If you have
misspelled it (e.g., `\hobx'), type `I' and the correct
spelling (e.g., `I\hbox'). Otherwise just continue,
and I'll forget about whatever was undefined.

/Users/ashoksaravanan/Coding/ScribeLec/server/output/MA 421/lectures/2024-11-14
-NetAppls/notes.tex:675: Undefined control sequence.
l.675 \draw
            (a) to (b);
The control sequence at the end of the top line
of your error message was never \def'ed. If you have
misspelled it (e.g., `\hobx'), type `I' and the correct
spelling (e.g., `I\hbox'). Otherwise just continue,
and I'll forget about whatever was undefined.

/Users/ashoksaravanan/Coding/ScribeLec/server/output/MA 421/lectures/2024-11-14
-NetAppls/notes.tex:676: Undefined control sequence.
l.676 \draw
            (b) to (c);
The control sequence at the end of the top line
of your error message was never \def'ed. If you have
misspelled it (e.g., `\hobx'), type `I' and the correct
spelling (e.g., `I\hbox'). Otherwise just continue,
and I'll forget about whatever was undefined.

/Users/ashoksaravanan/Coding/ScribeLec/server/output/MA 421/lectures/2024-11-14
-NetAppls/notes.tex:677: Undefined control sequence.
l.677 \draw
            (c) to (r);
The control sequence at the end of the top line
of your error message was never \def'ed. If you have
misspelled it (e.g., `\hobx'), type `I' and the correct
spelling (e.g., `I\hbox'). Otherwise just continue,
and I'll forget about whatever was undefined.

/Users/ashoksaravanan/Coding/ScribeLec/server/output/MA 421/lectures/2024-11-14
-NetAppls/notes.tex:678: Undefined control sequence.
l.678 \node
           [left] at (i) {$i$};
The control sequence at the end of the top line
of your error message was never \def'ed. If you have
misspelled it (e.g., `\hobx'), type `I' and the correct
spelling (e.g., `I\hbox'). Otherwise just continue,
and I'll forget about whatever was undefined.

/Users/ashoksaravanan/Coding/ScribeLec/server/output/MA 421/lectures/2024-11-14
-NetAppls/notes.tex:679: Undefined control sequence.
l.679 \node
           [above] at (i) {$V_i$};
The control sequence at the end of the top line
of your error message was never \def'ed. If you have
misspelled it (e.g., `\hobx'), type `I' and the correct
spelling (e.g., `I\hbox'). Otherwise just continue,
and I'll forget about whatever was undefined.

/Users/ashoksaravanan/Coding/ScribeLec/server/output/MA 421/lectures/2024-11-14
-NetAppls/notes.tex:680: Undefined control sequence.
l.680 \node
           [right] at (r) {$r$};
The control sequence at the end of the top line
of your error message was never \def'ed. If you have
misspelled it (e.g., `\hobx'), type `I' and the correct
spelling (e.g., `I\hbox'). Otherwise just continue,
and I'll forget about whatever was undefined.

/Users/ashoksaravanan/Coding/ScribeLec/server/output/MA 421/lectures/2024-11-14
-NetAppls/notes.tex:681: Undefined control sequence.
l.681 \node
           [above] at (1.5,0) {$0$};
The control sequence at the end of the top line
of your error message was never \def'ed. If you have
misspelled it (e.g., `\hobx'), type `I' and the correct
spelling (e.g., `I\hbox'). Otherwise just continue,
and I'll forget about whatever was undefined.

/Users/ashoksaravanan/Coding/ScribeLec/server/output/MA 421/lectures/2024-11-14
-NetAppls/notes.tex:682: Undefined control sequence.
l.682 \node
           [below] at (1.5,-0.5) {$0$};
The control sequence at the end of the top line
of your error message was never \def'ed. If you have
misspelled it (e.g., `\hobx'), type `I' and the correct
spelling (e.g., `I\hbox'). Otherwise just continue,
and I'll forget about whatever was undefined.

/Users/ashoksaravanan/Coding/ScribeLec/server/output/MA 421/lectures/2024-11-14
-NetAppls/notes.tex:683: Undefined control sequence.
l.683 \node
           [above] at (3,0.5) {$0$};
The control sequence at the end of the top line
of your error message was never \def'ed. If you have
misspelled it (e.g., `\hobx'), type `I' and the correct
spelling (e.g., `I\hbox'). Otherwise just continue,
and I'll forget about whatever was undefined.

/Users/ashoksaravanan/Coding/ScribeLec/server/output/MA 421/lectures/2024-11-14
-NetAppls/notes.tex:684: Undefined control sequence.
l.684 \node
           [below] at (4.5,-0.5) {$0$};
The control sequence at the end of the top line
of your error message was never \def'ed. If you have
misspelled it (e.g., `\hobx'), type `I' and the correct
spelling (e.g., `I\hbox'). Otherwise just continue,
and I'll forget about whatever was undefined.


/Users/ashoksaravanan/Coding/ScribeLec/server/output/MA 421/lectures/2024-11-14
-NetAppls/notes.tex:685: LaTeX Error: \begin{document} ended by \end{tikzpictur
e}.

See the LaTeX manual or LaTeX Companion for explanation.
Type  H <return>  for immediate help.
 ...                                              
                                                  
l.685 \end{tikzpicture}
                        \\
Your command was ignored.
Type  I <command> <return>  to replace it with another command,
or  <return>  to continue without it.

</Users/ashoksaravanan/Coding/ScribeLec/server/output/MA 421/lectures/2024-11-1
4-NetAppls/figures/16.1.png, id=467, 823.075pt x 873.2625pt>
File: /Users/ashoksaravanan/Coding/ScribeLec/server/output/MA 421/lectures/2024
-11-14-NetAppls/figures/16.1.png Graphic file (type png)
<use /Users/ashoksaravanan/Coding/ScribeLec/server/output/MA 421/lectures/2024-
11-14-NetAppls/figures/16.1.png>
Package pdftex.def Info: /Users/ashoksaravanan/Coding/ScribeLec/server/output/M
A 421/lectures/2024-11-14-NetAppls/figures/16.1.png  used on input line 696.
(pdftex.def)             Requested size: 70.46037pt x 74.75266pt.

Underfull \hbox (badness 10000) in paragraph at lines 697--697
\T1/lmr/m/n/8 di-a-gram show-ing
 []


Underfull \hbox (badness 10000) in paragraph at lines 697--697
\T1/lmr/m/n/8 a graph rep-re-
 []


Underfull \hbox (badness 10000) in paragraph at lines 697--697
\T1/lmr/m/n/8 path prob-lem.
 []


Underfull \hbox (badness 10000) in paragraph at lines 697--697
\T1/lmr/m/n/8 The graph has
 []


Underfull \hbox (badness 10000) in paragraph at lines 697--697
\T1/lmr/m/n/8 nodes la-beled
 []


Underfull \hbox (badness 10000) in paragraph at lines 697--697
\T1/lmr/m/n/8 i (source) and
 []


Underfull \hbox (badness 10000) in paragraph at lines 697--697
\T1/lmr/m/n/8 r (des-ti-na-tion),
 []


Underfull \hbox (badness 10000) in paragraph at lines 697--697
\T1/lmr/m/n/8 and in-ter-me-di-ate
 []


Underfull \hbox (badness 10000) in paragraph at lines 697--697
\T1/lmr/m/n/8 ti-na-tion node r
 []


Underfull \hbox (badness 4279) in paragraph at lines 697--697
\T1/lmr/m/n/8 is lightly shaded
 []


Underfull \hbox (badness 10000) in paragraph at lines 697--697
\T1/lmr/m/n/8 in pink/salmon.
 []


Underfull \hbox (badness 10000) in paragraph at lines 697--697
\T1/lmr/m/n/8 Ar-rows in-di-cate
 []


Underfull \hbox (badness 10000) in paragraph at lines 697--697
\T1/lmr/m/n/8 edges are lines.
 []


Underfull \hbox (badness 10000) in paragraph at lines 697--697
\T1/lmr/m/n/8 The weights on
 []


Underfull \hbox (badness 1286) in paragraph at lines 697--697
\T1/lmr/m/n/8 the edges are all
 []


Underfull \hbox (badness 6157) in paragraph at lines 697--697
\T1/lmr/m/n/8 the def-i-ni-tion of
 []

[23 </Users/ashoksaravanan/Coding/ScribeLec/server/output/MA 421/lectures/2024-
11-14-NetAppls/figures/16.1.png (PNG copy)>]

/Users/ashoksaravanan/Coding/ScribeLec/server/output/MA 421/lectures/2024-11-14
-NetAppls/notes.tex:708: LaTeX Error: Environment tikzpicture undefined.

See the LaTeX manual or LaTeX Companion for explanation.
Type  H <return>  for immediate help.
 ...                                              
                                                  
l.708 \begin{tikzpicture}
                         [scale=0.8]
Your command was ignored.
Type  I <command> <return>  to replace it with another command,
or  <return>  to continue without it.

/Users/ashoksaravanan/Coding/ScribeLec/server/output/MA 421/lectures/2024-11-14
-NetAppls/notes.tex:709: Undefined control sequence.
l.709 \node
           [circle,draw] (i) at (0,0) {$i$};
The control sequence at the end of the top line
of your error message was never \def'ed. If you have
misspelled it (e.g., `\hobx'), type `I' and the correct
spelling (e.g., `I\hbox'). Otherwise just continue,
and I'll forget about whatever was undefined.

/Users/ashoksaravanan/Coding/ScribeLec/server/output/MA 421/lectures/2024-11-14
-NetAppls/notes.tex:710: Undefined control sequence.
l.710 \node
           [circle,draw] (j) at (1.5,0) {$j$};
The control sequence at the end of the top line
of your error message was never \def'ed. If you have
misspelled it (e.g., `\hobx'), type `I' and the correct
spelling (e.g., `I\hbox'). Otherwise just continue,
and I'll forget about whatever was undefined.

/Users/ashoksaravanan/Coding/ScribeLec/server/output/MA 421/lectures/2024-11-14
-NetAppls/notes.tex:711: Undefined control sequence.
l.711 \node
           [circle,draw] (k) at (2.5,0.2) {};
The control sequence at the end of the top line
of your error message was never \def'ed. If you have
misspelled it (e.g., `\hobx'), type `I' and the correct
spelling (e.g., `I\hbox'). Otherwise just continue,
and I'll forget about whatever was undefined.

/Users/ashoksaravanan/Coding/ScribeLec/server/output/MA 421/lectures/2024-11-14
-NetAppls/notes.tex:712: Undefined control sequence.
l.712 \node
           [circle,draw] (l) at (3.5,0.1) {};
The control sequence at the end of the top line
of your error message was never \def'ed. If you have
misspelled it (e.g., `\hobx'), type `I' and the correct
spelling (e.g., `I\hbox'). Otherwise just continue,
and I'll forget about whatever was undefined.

/Users/ashoksaravanan/Coding/ScribeLec/server/output/MA 421/lectures/2024-11-14
-NetAppls/notes.tex:713: Undefined control sequence.
l.713 \node
           [circle,draw] (r) at (4.5,0) {$r$};
The control sequence at the end of the top line
of your error message was never \def'ed. If you have
misspelled it (e.g., `\hobx'), type `I' and the correct
spelling (e.g., `I\hbox'). Otherwise just continue,
and I'll forget about whatever was undefined.

/Users/ashoksaravanan/Coding/ScribeLec/server/output/MA 421/lectures/2024-11-14
-NetAppls/notes.tex:714: Undefined control sequence.
l.714 \draw
           [->] (i) to node[above] {$c_{ij}$} (j);
The control sequence at the end of the top line
of your error message was never \def'ed. If you have
misspelled it (e.g., `\hobx'), type `I' and the correct
spelling (e.g., `I\hbox'). Otherwise just continue,
and I'll forget about whatever was undefined.

/Users/ashoksaravanan/Coding/ScribeLec/server/output/MA 421/lectures/2024-11-14
-NetAppls/notes.tex:715: Undefined control sequence.
l.715 \draw
            (j) to (k);
The control sequence at the end of the top line
of your error message was never \def'ed. If you have
misspelled it (e.g., `\hobx'), type `I' and the correct
spelling (e.g., `I\hbox'). Otherwise just continue,
and I'll forget about whatever was undefined.

/Users/ashoksaravanan/Coding/ScribeLec/server/output/MA 421/lectures/2024-11-14
-NetAppls/notes.tex:716: Undefined control sequence.
l.716 \draw
            (k) to (l);
The control sequence at the end of the top line
of your error message was never \def'ed. If you have
misspelled it (e.g., `\hobx'), type `I' and the correct
spelling (e.g., `I\hbox'). Otherwise just continue,
and I'll forget about whatever was undefined.

/Users/ashoksaravanan/Coding/ScribeLec/server/output/MA 421/lectures/2024-11-14
-NetAppls/notes.tex:717: Undefined control sequence.
l.717 \draw
            (l) to (r);
The control sequence at the end of the top line
of your error message was never \def'ed. If you have
misspelled it (e.g., `\hobx'), type `I' and the correct
spelling (e.g., `I\hbox'). Otherwise just continue,
and I'll forget about whatever was undefined.

/Users/ashoksaravanan/Coding/ScribeLec/server/output/MA 421/lectures/2024-11-14
-NetAppls/notes.tex:718: Undefined control sequence.
l.718 \node
           [left] at (i) {$V_i$};
The control sequence at the end of the top line
of your error message was never \def'ed. If you have
misspelled it (e.g., `\hobx'), type `I' and the correct
spelling (e.g., `I\hbox'). Otherwise just continue,
and I'll forget about whatever was undefined.

/Users/ashoksaravanan/Coding/ScribeLec/server/output/MA 421/lectures/2024-11-14
-NetAppls/notes.tex:719: Undefined control sequence.
l.719 \node
           [right] at (j) {$V_j$};
The control sequence at the end of the top line
of your error message was never \def'ed. If you have
misspelled it (e.g., `\hobx'), type `I' and the correct
spelling (e.g., `I\hbox'). Otherwise just continue,
and I'll forget about whatever was undefined.


/Users/ashoksaravanan/Coding/ScribeLec/server/output/MA 421/lectures/2024-11-14
-NetAppls/notes.tex:720: LaTeX Error: \begin{document} ended by \end{tikzpictur
e}.

See the LaTeX manual or LaTeX Companion for explanation.
Type  H <return>  for immediate help.
 ...                                              
                                                  
l.720 \end{tikzpicture}
                        \\
Your command was ignored.
Type  I <command> <return>  to replace it with another command,
or  <return>  to continue without it.

/Users/ashoksaravanan/Coding/ScribeLec/server/output/MA 421/lectures/2024-11-14
-NetAppls/notes.tex:722: Missing $ inserted.
<inserted text> 
                $
l.722 V_
        r = 0
I've inserted a begin-math/end-math symbol since I think
you left one out. Proceed, with fingers crossed.

/Users/ashoksaravanan/Coding/ScribeLec/server/output/MA 421/lectures/2024-11-14
-NetAppls/notes.tex:724: Missing $ inserted.
<inserted text> 
                $
l.724 \subsection
                 {Description}%
I've inserted a begin-math/end-math symbol since I think
you left one out. Proceed, with fingers crossed.

</Users/ashoksaravanan/Coding/ScribeLec/server/output/MA 421/lectures/2024-11-1
4-NetAppls/figures/17.1.png, id=473, 421.575pt x 371.3875pt>
File: /Users/ashoksaravanan/Coding/ScribeLec/server/output/MA 421/lectures/2024
-11-14-NetAppls/figures/17.1.png Graphic file (type png)
<use /Users/ashoksaravanan/Coding/ScribeLec/server/output/MA 421/lectures/2024-
11-14-NetAppls/figures/17.1.png>
Package pdftex.def Info: /Users/ashoksaravanan/Coding/ScribeLec/server/output/M
A 421/lectures/2024-11-14-NetAppls/figures/17.1.png  used on input line 731.
(pdftex.def)             Requested size: 70.46037pt x 62.06966pt.

Underfull \hbox (badness 10000) in paragraph at lines 732--732
\T1/lmr/m/n/8 di-a-gram show-ing
 []


Underfull \hbox (badness 10000) in paragraph at lines 732--732
\T1/lmr/m/n/8 a graph rep-re-
 []


Underfull \hbox (badness 10000) in paragraph at lines 732--732
\T1/lmr/m/n/8 path prob-lem.
 []


Underfull \hbox (badness 10000) in paragraph at lines 732--732
\T1/lmr/m/n/8 The graph has
 []


Underfull \hbox (badness 10000) in paragraph at lines 732--732
\T1/lmr/m/n/8 nodes la-beled
 []


Underfull \hbox (badness 10000) in paragraph at lines 732--732
\T1/lmr/m/n/8 i (source) and
 []


Underfull \hbox (badness 10000) in paragraph at lines 732--732
\T1/lmr/m/n/8 r (des-ti-na-tion),
 []


Underfull \hbox (badness 10000) in paragraph at lines 732--732
\T1/lmr/m/n/8 and in-ter-me-di-ate
 []


Underfull \hbox (badness 10000) in paragraph at lines 732--732
\T1/lmr/m/n/8 nodes j, k, l.
 []


Underfull \hbox (badness 10000) in paragraph at lines 732--732
\T1/lmr/m/n/8 Ar-rows in-di-cate
 []


Underfull \hbox (badness 10000) in paragraph at lines 732--732
\T1/lmr/m/n/8 the di-rec-tion of
 []


Underfull \hbox (badness 1910) in paragraph at lines 732--732
\T1/lmr/m/n/8 the edges. The
 []


Underfull \hbox (badness 1715) in paragraph at lines 732--732
\T1/lmr/m/n/8 nodes are cir-cles,
 []


Underfull \hbox (badness 10000) in paragraph at lines 732--732
\T1/lmr/m/n/8 short-est dis-tance
 []


Underfull \hbox (badness 6493) in paragraph at lines 732--732
\T1/lmr/m/n/8 from node i to
 []


Underfull \hbox (badness 10000) in paragraph at lines 732--732
\T1/lmr/m/n/8 by Bell-man's
 []


Underfull \hbox (badness 1394) in paragraph at lines 732--732
\T1/lmr/m/n/8 writ-ten in a box
 []


Underfull \hbox (badness 10000) in paragraph at lines 732--732
\T1/lmr/m/n/8 The des-ti-na-tion
 []


Underfull \hbox (badness 10000) in paragraph at lines 732--732
\T1/lmr/m/n/8 node r is not
 []


Underfull \hbox (badness 10000) in paragraph at lines 732--732
\T1/lmr/m/n/8 ex-plic-itly la-beled
 []


Underfull \hbox (badness 1478) in paragraph at lines 732--732
\T1/lmr/m/n/8 but it is im-plied
 []

[24] [25 </Users/ashoksaravanan/Coding/ScribeLec/server/output/MA 421/lectures/
2024-11-14-NetAppls/figures/17.1.png (PNG copy)>]
/Users/ashoksaravanan/Coding/ScribeLec/server/output/MA 421/lectures/2024-11-14
-NetAppls/notes.tex:745: Missing $ inserted.
<inserted text> 
                $
l.745 k=0 \quad V_
                  r^{(0)} = 0, \quad V_i^{(0)} = +\infty, \quad i \ne r \\
I've inserted a begin-math/end-math symbol since I think
you left one out. Proceed, with fingers crossed.

/Users/ashoksaravanan/Coding/ScribeLec/server/output/MA 421/lectures/2024-11-14
-NetAppls/notes.tex:748: Missing $ inserted.
<inserted text> 
                $
l.748 \subsection
                 {Description}%
I've inserted a begin-math/end-math symbol since I think
you left one out. Proceed, with fingers crossed.

</Users/ashoksaravanan/Coding/ScribeLec/server/output/MA 421/lectures/2024-11-1
4-NetAppls/figures/18.1.png, id=484, 823.075pt x 873.2625pt>
File: /Users/ashoksaravanan/Coding/ScribeLec/server/output/MA 421/lectures/2024
-11-14-NetAppls/figures/18.1.png Graphic file (type png)
<use /Users/ashoksaravanan/Coding/ScribeLec/server/output/MA 421/lectures/2024-
11-14-NetAppls/figures/18.1.png>
Package pdftex.def Info: /Users/ashoksaravanan/Coding/ScribeLec/server/output/M
A 421/lectures/2024-11-14-NetAppls/figures/18.1.png  used on input line 755.
(pdftex.def)             Requested size: 70.46037pt x 74.75266pt.

Underfull \hbox (badness 10000) in paragraph at lines 756--756
[]\T1/lmr/bx/n/8 (a) |\T1/lmr/m/n/8 Hand-writ-ten
 []


Underfull \hbox (badness 1264) in paragraph at lines 756--756
\T1/lmr/m/n/8 the short-est path
 []


Underfull \hbox (badness 7397) in paragraph at lines 756--756
\T1/lmr/m/n/8 prob-lem and an
 []


Underfull \hbox (badness 10000) in paragraph at lines 756--756
\T1/lmr/m/n/8 it-er-a-tive ap-prox-
 []


Underfull \hbox (badness 10000) in paragraph at lines 756--756
\T1/lmr/m/n/8 i-ma-tion method.
 []


Underfull \hbox (badness 10000) in paragraph at lines 756--756
\T1/lmr/m/n/8 The equa-tion
 []


Underfull \hbox (badness 10000) in paragraph at lines 756--756
\T1/lmr/m/n/8 is boxed, with
 []


Underfull \hbox (badness 1102) in paragraph at lines 756--756
\T1/lmr/m/n/8 it-er-a-tive ap-proach
 []


Underfull \hbox (badness 1681) in paragraph at lines 756--756
\T1/lmr/m/n/8 for $\OML/lmm/m/it/8 i \OMS/lmsy/m/n/8 6\OT1/lmr/m/n/8 = \OML/lmm
/m/it/8 r$\T1/lmr/m/n/8 , and
 []


Underfull \hbox (badness 10000) in paragraph at lines 756--756
\T1/lmr/m/n/8 then re-cur-sively
 []


Underfull \hbox (badness 10000) in paragraph at lines 756--756
\T1/lmr/m/n/8 up-dat-ing $\OML/lmm/m/it/8 V[]$
 []


Underfull \hbox (badness 6893) in paragraph at lines 756--756
\T1/lmr/m/n/8 us-ing the boxed
 []

[26 </Users/ashoksaravanan/Coding/ScribeLec/server/output/MA 421/lectures/2024-
11-14-NetAppls/figures/18.1.png (PNG copy)>]
/Users/ashoksaravanan/Coding/ScribeLec/server/output/MA 421/lectures/2024-11-14
-NetAppls/notes.tex:769: Missing $ inserted.
<inserted text> 
                $
l.769 k=0 \quad V_
                  r^{(0)} = 0, \quad V_i^{(0)} = +\infty, \quad i \ne r \\
I've inserted a begin-math/end-math symbol since I think
you left one out. Proceed, with fingers crossed.

/Users/ashoksaravanan/Coding/ScribeLec/server/output/MA 421/lectures/2024-11-14
-NetAppls/notes.tex:774: Missing $ inserted.
<inserted text> 
                $
l.774 \subsection
                 {Description}%
I've inserted a begin-math/end-math symbol since I think
you left one out. Proceed, with fingers crossed.

</Users/ashoksaravanan/Coding/ScribeLec/server/output/MA 421/lectures/2024-11-1
4-NetAppls/figures/19.1.png, id=490, 823.075pt x 873.2625pt>
File: /Users/ashoksaravanan/Coding/ScribeLec/server/output/MA 421/lectures/2024
-11-14-NetAppls/figures/19.1.png Graphic file (type png)
<use /Users/ashoksaravanan/Coding/ScribeLec/server/output/MA 421/lectures/2024-
11-14-NetAppls/figures/19.1.png>
Package pdftex.def Info: /Users/ashoksaravanan/Coding/ScribeLec/server/output/M
A 421/lectures/2024-11-14-NetAppls/figures/19.1.png  used on input line 781.
(pdftex.def)             Requested size: 70.46037pt x 74.75266pt.

Underfull \hbox (badness 10000) in paragraph at lines 782--782
[]\T1/lmr/bx/n/8 (a) |\T1/lmr/m/n/8 Hand-writ-ten
 []


Underfull \hbox (badness 1264) in paragraph at lines 782--782
\T1/lmr/m/n/8 the short-est path
 []


Underfull \hbox (badness 7397) in paragraph at lines 782--782
\T1/lmr/m/n/8 prob-lem and an
 []


Underfull \hbox (badness 10000) in paragraph at lines 782--782
\T1/lmr/m/n/8 it-er-a-tive ap-prox-
 []


Underfull \hbox (badness 10000) in paragraph at lines 782--782
\T1/lmr/m/n/8 i-ma-tion method.
 []


Underfull \hbox (badness 10000) in paragraph at lines 782--782
\T1/lmr/m/n/8 The equa-tion
 []


Underfull \hbox (badness 10000) in paragraph at lines 782--782
\T1/lmr/m/n/8 is boxed, with
 []


Underfull \hbox (badness 1102) in paragraph at lines 782--782
\T1/lmr/m/n/8 it-er-a-tive ap-proach
 []


Underfull \hbox (badness 1308) in paragraph at lines 782--782
\T1/lmr/m/n/8 re-cur-sively up-dat-
 []


Underfull \hbox (badness 1902) in paragraph at lines 782--782
\T1/lmr/m/n/8 ing $\OML/lmm/m/it/8 V[]$ \T1/lmr/m/n/8 us-ing
 []


Underfull \hbox (badness 5771) in paragraph at lines 782--782
\T1/lmr/m/n/8 the boxed equa-
 []


Underfull \hbox (badness 3849) in paragraph at lines 782--782
\T1/lmr/m/n/8 mean-ing of $\OML/lmm/m/it/8 V[]$
 []


Underfull \hbox (badness 10000) in paragraph at lines 782--782
\T1/lmr/m/n/8 it-er-a-tions needed
 []

[27] [28 </Users/ashoksaravanan/Coding/ScribeLec/server/output/MA 421/lectures/
2024-11-14-NetAppls/figures/19.1.png (PNG copy)>]

/Users/ashoksaravanan/Coding/ScribeLec/server/output/MA 421/lectures/2024-11-14
-NetAppls/notes.tex:793: LaTeX Error: \mathcal allowed only in math mode.

See the LaTeX manual or LaTeX Companion for explanation.
Type  H <return>  for immediate help.
 ...                                              
                                                  
l.793 ...mathcal{J} - \text{set of finished node}}
                                                   \\
You're in trouble here.  Try typing  <return>  to proceed.
If that doesn't work, type  X <return>  to quit.

/Users/ashoksaravanan/Coding/ScribeLec/server/output/MA 421/lectures/2024-11-14
-NetAppls/notes.tex:794: Missing $ inserted.
<inserted text> 
                $
l.794 V_
        j - \text{label of } j \text{ (shortest distance } j \text{ to } r) \\
I've inserted a begin-math/end-math symbol since I think
you left one out. Proceed, with fingers crossed.

/Users/ashoksaravanan/Coding/ScribeLec/server/output/MA 421/lectures/2024-11-14
-NetAppls/notes.tex:797: Missing $ inserted.
<inserted text> 
                $
l.797 \subsection
                 {Description}%
I've inserted a begin-math/end-math symbol since I think
you left one out. Proceed, with fingers crossed.

</Users/ashoksaravanan/Coding/ScribeLec/server/output/MA 421/lectures/2024-11-1
4-NetAppls/figures/20.1.png, id=500, 421.575pt x 371.3875pt>
File: /Users/ashoksaravanan/Coding/ScribeLec/server/output/MA 421/lectures/2024
-11-14-NetAppls/figures/20.1.png Graphic file (type png)
<use /Users/ashoksaravanan/Coding/ScribeLec/server/output/MA 421/lectures/2024-
11-14-NetAppls/figures/20.1.png>
Package pdftex.def Info: /Users/ashoksaravanan/Coding/ScribeLec/server/output/M
A 421/lectures/2024-11-14-NetAppls/figures/20.1.png  used on input line 804.
(pdftex.def)             Requested size: 70.46037pt x 62.06966pt.

Underfull \hbox (badness 10000) in paragraph at lines 805--805
[]\T1/lmr/bx/n/8 (a) |\T1/lmr/m/n/8 Hand-writ-ten
 []


Underfull \hbox (badness 10000) in paragraph at lines 805--805
\T1/lmr/m/n/8 notes de-scrib-ing
 []


Underfull \hbox (badness 2556) in paragraph at lines 805--805
\T1/lmr/m/n/8 rithm for find-ing
 []


Underfull \hbox (badness 3219) in paragraph at lines 805--805
\T1/lmr/m/n/8 The notes de-fine
 []


Underfull \hbox (badness 1924) in paragraph at lines 805--805
\OMS/lmsy/m/n/8 J$ \T1/lmr/m/n/8 as the set of
 []


Underfull \hbox (badness 10000) in paragraph at lines 805--805
\T1/lmr/m/n/8 short-est dis-tance
 []


Underfull \hbox (badness 10000) in paragraph at lines 805--805
\T1/lmr/m/n/8 des-ti-na-tion node
 []


Underfull \hbox (badness 10000) in paragraph at lines 805--805
\T1/lmr/m/n/8 in the short-est
 []

[29 </Users/ashoksaravanan/Coding/ScribeLec/server/output/MA 421/lectures/2024-
11-14-NetAppls/figures/20.1.png (PNG copy)>]

/Users/ashoksaravanan/Coding/ScribeLec/server/output/MA 421/lectures/2024-11-14
-NetAppls/notes.tex:817: LaTeX Error: \mathcal allowed only in math mode.

See the LaTeX manual or LaTeX Companion for explanation.
Type  H <return>  for immediate help.
 ...                                              
                                                  
l.817 \mathcal
              {F} = \emptyset \\
You're in trouble here.  Try typing  <return>  to proceed.
If that doesn't work, type  X <return>  to quit.

/Users/ashoksaravanan/Coding/ScribeLec/server/output/MA 421/lectures/2024-11-14
-NetAppls/notes.tex:817: Missing $ inserted.
<inserted text> 
                $
l.817 \mathcal{F} = \emptyset
                              \\
I've inserted a begin-math/end-math symbol since I think
you left one out. Proceed, with fingers crossed.

/Users/ashoksaravanan/Coding/ScribeLec/server/output/MA 421/lectures/2024-11-14
-NetAppls/notes.tex:830: Missing $ inserted.
<inserted text> 
                $
l.830 \subsection
                 {Description}%
I've inserted a begin-math/end-math symbol since I think
you left one out. Proceed, with fingers crossed.

</Users/ashoksaravanan/Coding/ScribeLec/server/output/MA 421/lectures/2024-11-1
4-NetAppls/figures/21.1.png, id=506, 471.7625pt x 772.8875pt>
File: /Users/ashoksaravanan/Coding/ScribeLec/server/output/MA 421/lectures/2024
-11-14-NetAppls/figures/21.1.png Graphic file (type png)
<use /Users/ashoksaravanan/Coding/ScribeLec/server/output/MA 421/lectures/2024-
11-14-NetAppls/figures/21.1.png>
Package pdftex.def Info: /Users/ashoksaravanan/Coding/ScribeLec/server/output/M
A 421/lectures/2024-11-14-NetAppls/figures/21.1.png  used on input line 837.
(pdftex.def)             Requested size: 70.46037pt x 115.4328pt.

Underfull \hbox (badness 10000) in paragraph at lines 838--838
[]\T1/lmr/bx/n/8 (a) |\T1/lmr/m/n/8 Hand-writ-ten
 []


Underfull \hbox (badness 10000) in paragraph at lines 838--838
\T1/lmr/m/n/8 for find-ing the
 []


Underfull \hbox (badness 10000) in paragraph at lines 838--838
\T1/lmr/m/n/8 short-est path.
 []


Underfull \hbox (badness 10000) in paragraph at lines 838--838
\T1/lmr/m/n/8 The al-go-rithm
 []


Underfull \hbox (badness 5893) in paragraph at lines 838--838
\T1/lmr/m/n/8 to $\OML/lmm/m/it/8 v[]$ \T1/lmr/m/n/8 based on
 []


Underfull \hbox (badness 1629) in paragraph at lines 838--838
\T1/lmr/m/n/8 whether $\OML/lmm/m/it/8 j$ \T1/lmr/m/n/8 is the
 []


Underfull \hbox (badness 10000) in paragraph at lines 838--838
\T1/lmr/m/n/8 des-ti-na-tion node
 []


Underfull \hbox (badness 1558) in paragraph at lines 838--838
\T1/lmr/m/n/8 con-tin-ues as long
 []


Underfull \hbox (badness 5893) in paragraph at lines 838--838
\T1/lmr/m/n/8 of $\OMS/lmsy/m/n/8 F$ \T1/lmr/m/n/8 is greater
 []


Underfull \hbox (badness 1742) in paragraph at lines 838--838
\T1/lmr/m/n/8 finds the node $\OML/lmm/m/it/8 j$
 []


Underfull \hbox (badness 2426) in paragraph at lines 838--838
\T1/lmr/m/n/8 nodes not in $\OMS/lmsy/m/n/8 F$\T1/lmr/m/n/8 ,
 []


Underfull \hbox (badness 1215) in paragraph at lines 838--838
\T1/lmr/m/n/8 of $\OML/lmm/m/it/8 v[]$ \T1/lmr/m/n/8 and $\OML/lmm/m/it/8 h[]$ 
\T1/lmr/m/n/8 for
 []


Underfull \hbox (badness 1057) in paragraph at lines 838--838
\T1/lmr/m/n/8 neigh-bor-ing nodes
 []


Underfull \hbox (badness 1629) in paragraph at lines 838--838
\OML/lmm/m/it/8 i$ \T1/lmr/m/n/8 not in $\OMS/lmsy/m/n/8 F$ \T1/lmr/m/n/8 if a
 []


Underfull \hbox (badness 10000) in paragraph at lines 838--838
\T1/lmr/m/n/8 shorter path is
 []

[30] [31 </Users/ashoksaravanan/Coding/ScribeLec/server/output/MA 421/lectures/
2024-11-14-NetAppls/figures/21.1.png (PNG copy)>]

enddocument/afterlastpage: lastpage setting LastPage.
(_logs/notes.aux)
 ***********
LaTeX2e <2023-11-01> patch level 1
L3 programming layer <2024-02-20>
 ***********


LaTeX Warning: Label(s) may have changed. Rerun to get cross-references right.


Package rerunfilecheck Warning: File `notes.out' has changed.
(rerunfilecheck)                Rerun to get outlines right
(rerunfilecheck)                or use package `bookmark'.

Package rerunfilecheck Info: Checksums for `notes.out':
(rerunfilecheck)             Before: 445BDEF5731D9DC5749DA4D91C9247D0;7743
(rerunfilecheck)             After:  392988E59AF721E7D1CE7BB0E15F561B;8136.
 ) 
Here is how much of TeX's memory you used:
 14784 strings out of 474116
 251265 string characters out of 5743682
 1953187 words of memory out of 5000000
 36753 multiletter control sequences out of 15000+600000
 616079 words of font info for 79 fonts, out of 8000000 for 9000
 1141 hyphenation exceptions out of 8191
 83i,19n,131p,1745b,681s stack positions out of 10000i,1000n,20000p,200000b,200000s
</usr/local/texlive/2024/texmf-dist/fonts/type1/public/lm/lmbx12.pfb></usr/lo
cal/texlive/2024/texmf-dist/fonts/type1/public/lm/lmbx8.pfb></usr/local/texlive
/2024/texmf-dist/fonts/type1/public/lm/lmex10.pfb></usr/local/texlive/2024/texm
f-dist/fonts/type1/public/lm/lmmi10.pfb></usr/local/texlive/2024/texmf-dist/fon
ts/type1/public/lm/lmmi6.pfb></usr/local/texlive/2024/texmf-dist/fonts/type1/pu
blic/lm/lmmi7.pfb></usr/local/texlive/2024/texmf-dist/fonts/type1/public/lm/lmm
i8.pfb></usr/local/texlive/2024/texmf-dist/fonts/type1/public/lm/lmr10.pfb></us
r/local/texlive/2024/texmf-dist/fonts/type1/public/lm/lmr12.pfb></usr/local/tex
live/2024/texmf-dist/fonts/type1/public/lm/lmr17.pfb></usr/local/texlive/2024/t
exmf-dist/fonts/type1/public/lm/lmr5.pfb></usr/local/texlive/2024/texmf-dist/fo
nts/type1/public/lm/lmr6.pfb></usr/local/texlive/2024/texmf-dist/fonts/type1/pu
blic/lm/lmr7.pfb></usr/local/texlive/2024/texmf-dist/fonts/type1/public/lm/lmr8
.pfb></usr/local/texlive/2024/texmf-dist/fonts/type1/public/lm/lmsy10.pfb></usr
/local/texlive/2024/texmf-dist/fonts/type1/public/lm/lmsy8.pfb>
Output written on _logs/notes.pdf (31 pages, 3480603 bytes).
PDF statistics:
 629 PDF objects out of 1000 (max. 8388607)
 535 compressed objects within 6 object streams
 137 named destinations out of 1000 (max. 500000)
 746 words of extra memory for PDF output out of 10000 (max. 10000000)

