This is pdfTeX, Version 3.141592653-2.6-1.40.26 (TeX Live 2024) (preloaded format=pdflatex 2024.12.3)  31 DEC 2024 15:20
entering extended mode
 \write18 enabled.
 file:line:error style messages enabled.
 %&-line parsing enabled.
**"/Users/ashoksaravanan/Coding/ScribeLec/server/output/MA 421/lectures/2024-09
-17-DualityGeneral/notes.tex"

(/Users/ashoksaravanan/Coding/ScribeLec/server/output/MA 421/lectures/2024-09-1
7-DualityGeneral/notes.tex
LaTeX2e <2023-11-01> patch level 1
L3 programming layer <2024-02-20>
(/usr/local/texlive/2024/texmf-dist/tex/latex/base/article.cls
Document Class: article 2023/05/17 v1.4n Standard LaTeX document class
(/usr/local/texlive/2024/texmf-dist/tex/latex/base/size10.clo
File: size10.clo 2023/05/17 v1.4n Standard LaTeX file (size option)
)
\c@part=\count188
\c@section=\count189
\c@subsection=\count190
\c@subsubsection=\count191
\c@paragraph=\count192
\c@subparagraph=\count193
\c@figure=\count194
\c@table=\count195
\abovecaptionskip=\skip48
\belowcaptionskip=\skip49
\bibindent=\dimen140
)
(/usr/local/texlive/2024/texmf-dist/tex/latex/base/fontenc.sty
Package: fontenc 2021/04/29 v2.0v Standard LaTeX package
)
(/usr/local/texlive/2024/texmf-dist/tex/latex/base/inputenc.sty
Package: inputenc 2021/02/14 v1.3d Input encoding file
\inpenc@prehook=\toks17
\inpenc@posthook=\toks18
)
(/usr/local/texlive/2024/texmf-dist/tex/latex/lm/lmodern.sty
Package: lmodern 2015/05/01 v1.6.1 Latin Modern Fonts
LaTeX Font Info:    Overwriting symbol font `operators' in version `normal'
(Font)                  OT1/cmr/m/n --> OT1/lmr/m/n on input line 22.
LaTeX Font Info:    Overwriting symbol font `letters' in version `normal'
(Font)                  OML/cmm/m/it --> OML/lmm/m/it on input line 23.
LaTeX Font Info:    Overwriting symbol font `symbols' in version `normal'
(Font)                  OMS/cmsy/m/n --> OMS/lmsy/m/n on input line 24.
LaTeX Font Info:    Overwriting symbol font `largesymbols' in version `normal'
(Font)                  OMX/cmex/m/n --> OMX/lmex/m/n on input line 25.
LaTeX Font Info:    Overwriting symbol font `operators' in version `bold'
(Font)                  OT1/cmr/bx/n --> OT1/lmr/bx/n on input line 26.
LaTeX Font Info:    Overwriting symbol font `letters' in version `bold'
(Font)                  OML/cmm/b/it --> OML/lmm/b/it on input line 27.
LaTeX Font Info:    Overwriting symbol font `symbols' in version `bold'
(Font)                  OMS/cmsy/b/n --> OMS/lmsy/b/n on input line 28.
LaTeX Font Info:    Overwriting symbol font `largesymbols' in version `bold'
(Font)                  OMX/cmex/m/n --> OMX/lmex/m/n on input line 29.
LaTeX Font Info:    Overwriting math alphabet `\mathbf' in version `normal'
(Font)                  OT1/cmr/bx/n --> OT1/lmr/bx/n on input line 31.
LaTeX Font Info:    Overwriting math alphabet `\mathsf' in version `normal'
(Font)                  OT1/cmss/m/n --> OT1/lmss/m/n on input line 32.
LaTeX Font Info:    Overwriting math alphabet `\mathit' in version `normal'
(Font)                  OT1/cmr/m/it --> OT1/lmr/m/it on input line 33.
LaTeX Font Info:    Overwriting math alphabet `\mathtt' in version `normal'
(Font)                  OT1/cmtt/m/n --> OT1/lmtt/m/n on input line 34.
LaTeX Font Info:    Overwriting math alphabet `\mathbf' in version `bold'
(Font)                  OT1/cmr/bx/n --> OT1/lmr/bx/n on input line 35.
LaTeX Font Info:    Overwriting math alphabet `\mathsf' in version `bold'
(Font)                  OT1/cmss/bx/n --> OT1/lmss/bx/n on input line 36.
LaTeX Font Info:    Overwriting math alphabet `\mathit' in version `bold'
(Font)                  OT1/cmr/bx/it --> OT1/lmr/bx/it on input line 37.
LaTeX Font Info:    Overwriting math alphabet `\mathtt' in version `bold'
(Font)                  OT1/cmtt/m/n --> OT1/lmtt/m/n on input line 38.
)
(/usr/local/texlive/2024/texmf-dist/tex/latex/base/textcomp.sty
Package: textcomp 2020/02/02 v2.0n Standard LaTeX package
)
(/usr/local/texlive/2024/texmf-dist/tex/latex/lastpage/lastpage.sty
Package: lastpage 2023/10/14 v2.0e lastpage: 2.09 or 2e? (HMM)

(/usr/local/texlive/2024/texmf-dist/tex/latex/lastpage/lastpage2e.sty
Package: lastpage2e 2023/10/14 v2.0e Decide which 2e lastpage version to use (H
MM)

(/usr/local/texlive/2024/texmf-dist/tex/latex/lastpage/lastpagemodern.sty
Package: lastpagemodern 2023-10-14 v2.0e Refers to last page's name (HMM; JPG)
\c@lastpagecount=\count196
) 
)) (/usr/local/texlive/2024/texmf-dist/tex/latex/geometry/geometry.sty
Package: geometry 2020/01/02 v5.9 Page Geometry

(/usr/local/texlive/2024/texmf-dist/tex/latex/graphics/keyval.sty
Package: keyval 2022/05/29 v1.15 key=value parser (DPC)
\KV@toks@=\toks19
)
(/usr/local/texlive/2024/texmf-dist/tex/generic/iftex/ifvtex.sty
Package: ifvtex 2019/10/25 v1.7 ifvtex legacy package. Use iftex instead.

(/usr/local/texlive/2024/texmf-dist/tex/generic/iftex/iftex.sty
Package: iftex 2022/02/03 v1.0f TeX engine tests
))
\Gm@cnth=\count197
\Gm@cntv=\count198
\c@Gm@tempcnt=\count199
\Gm@bindingoffset=\dimen141
\Gm@wd@mp=\dimen142
\Gm@odd@mp=\dimen143
\Gm@even@mp=\dimen144
\Gm@layoutwidth=\dimen145
\Gm@layoutheight=\dimen146
\Gm@layouthoffset=\dimen147
\Gm@layoutvoffset=\dimen148
\Gm@dimlist=\toks20
)
(/usr/local/texlive/2024/texmf-dist/tex/latex/hyperref/hyperref.sty
Package: hyperref 2024-01-20 v7.01h Hypertext links for LaTeX

(/usr/local/texlive/2024/texmf-dist/tex/latex/kvsetkeys/kvsetkeys.sty
Package: kvsetkeys 2022-10-05 v1.19 Key value parser (HO)
)
(/usr/local/texlive/2024/texmf-dist/tex/generic/kvdefinekeys/kvdefinekeys.sty
Package: kvdefinekeys 2019-12-19 v1.6 Define keys (HO)
)
(/usr/local/texlive/2024/texmf-dist/tex/generic/pdfescape/pdfescape.sty
Package: pdfescape 2019/12/09 v1.15 Implements pdfTeX's escape features (HO)

(/usr/local/texlive/2024/texmf-dist/tex/generic/ltxcmds/ltxcmds.sty
Package: ltxcmds 2023-12-04 v1.26 LaTeX kernel commands for general use (HO)
)
(/usr/local/texlive/2024/texmf-dist/tex/generic/pdftexcmds/pdftexcmds.sty
Package: pdftexcmds 2020-06-27 v0.33 Utility functions of pdfTeX for LuaTeX (HO
)

(/usr/local/texlive/2024/texmf-dist/tex/generic/infwarerr/infwarerr.sty
Package: infwarerr 2019/12/03 v1.5 Providing info/warning/error messages (HO)
)
Package pdftexcmds Info: \pdf@primitive is available.
Package pdftexcmds Info: \pdf@ifprimitive is available.
Package pdftexcmds Info: \pdfdraftmode found.
))
(/usr/local/texlive/2024/texmf-dist/tex/latex/hycolor/hycolor.sty
Package: hycolor 2020-01-27 v1.10 Color options for hyperref/bookmark (HO)
)
(/usr/local/texlive/2024/texmf-dist/tex/latex/auxhook/auxhook.sty
Package: auxhook 2019-12-17 v1.6 Hooks for auxiliary files (HO)
)
(/usr/local/texlive/2024/texmf-dist/tex/latex/hyperref/nameref.sty
Package: nameref 2023-11-26 v2.56 Cross-referencing by name of section

(/usr/local/texlive/2024/texmf-dist/tex/latex/refcount/refcount.sty
Package: refcount 2019/12/15 v3.6 Data extraction from label references (HO)
)
(/usr/local/texlive/2024/texmf-dist/tex/generic/gettitlestring/gettitlestring.s
ty
Package: gettitlestring 2019/12/15 v1.6 Cleanup title references (HO)
 (/usr/local/texlive/2024/texmf-dist/tex/latex/kvoptions/kvoptions.sty
Package: kvoptions 2022-06-15 v3.15 Key value format for package options (HO)
))
\c@section@level=\count266
)
(/usr/local/texlive/2024/texmf-dist/tex/latex/etoolbox/etoolbox.sty
Package: etoolbox 2020/10/05 v2.5k e-TeX tools for LaTeX (JAW)
\etb@tempcnta=\count267
)
\@linkdim=\dimen149
\Hy@linkcounter=\count268
\Hy@pagecounter=\count269

(/usr/local/texlive/2024/texmf-dist/tex/latex/hyperref/pd1enc.def
File: pd1enc.def 2024-01-20 v7.01h Hyperref: PDFDocEncoding definition (HO)
Now handling font encoding PD1 ...
... no UTF-8 mapping file for font encoding PD1
)
(/usr/local/texlive/2024/texmf-dist/tex/generic/intcalc/intcalc.sty
Package: intcalc 2019/12/15 v1.3 Expandable calculations with integers (HO)
)
\Hy@SavedSpaceFactor=\count270

(/usr/local/texlive/2024/texmf-dist/tex/latex/hyperref/puenc.def
File: puenc.def 2024-01-20 v7.01h Hyperref: PDF Unicode definition (HO)
Now handling font encoding PU ...
... no UTF-8 mapping file for font encoding PU
)
Package hyperref Info: Hyper figures OFF on input line 4179.
Package hyperref Info: Link nesting OFF on input line 4184.
Package hyperref Info: Hyper index ON on input line 4187.
Package hyperref Info: Plain pages OFF on input line 4194.
Package hyperref Info: Backreferencing OFF on input line 4199.
Package hyperref Info: Implicit mode ON; LaTeX internals redefined.
Package hyperref Info: Bookmarks ON on input line 4446.
\c@Hy@tempcnt=\count271

(/usr/local/texlive/2024/texmf-dist/tex/latex/url/url.sty
\Urlmuskip=\muskip16
Package: url 2013/09/16  ver 3.4  Verb mode for urls, etc.
)
LaTeX Info: Redefining \url on input line 4784.
\XeTeXLinkMargin=\dimen150

(/usr/local/texlive/2024/texmf-dist/tex/generic/bitset/bitset.sty
Package: bitset 2019/12/09 v1.3 Handle bit-vector datatype (HO)

(/usr/local/texlive/2024/texmf-dist/tex/generic/bigintcalc/bigintcalc.sty
Package: bigintcalc 2019/12/15 v1.5 Expandable calculations on big integers (HO
)
))
\Fld@menulength=\count272
\Field@Width=\dimen151
\Fld@charsize=\dimen152
Package hyperref Info: Hyper figures OFF on input line 6063.
Package hyperref Info: Link nesting OFF on input line 6068.
Package hyperref Info: Hyper index ON on input line 6071.
Package hyperref Info: backreferencing OFF on input line 6078.
Package hyperref Info: Link coloring OFF on input line 6083.
Package hyperref Info: Link coloring with OCG OFF on input line 6088.
Package hyperref Info: PDF/A mode OFF on input line 6093.

(/usr/local/texlive/2024/texmf-dist/tex/latex/base/atbegshi-ltx.sty
Package: atbegshi-ltx 2021/01/10 v1.0c Emulation of the original atbegshi
package with kernel methods
)
\Hy@abspage=\count273
\c@Item=\count274
\c@Hfootnote=\count275
)
Package hyperref Info: Driver (autodetected): hpdftex.

(/usr/local/texlive/2024/texmf-dist/tex/latex/hyperref/hpdftex.def
File: hpdftex.def 2024-01-20 v7.01h Hyperref driver for pdfTeX

(/usr/local/texlive/2024/texmf-dist/tex/latex/base/atveryend-ltx.sty
Package: atveryend-ltx 2020/08/19 v1.0a Emulation of the original atveryend pac
kage
with kernel methods
)
\Fld@listcount=\count276
\c@bookmark@seq@number=\count277

(/usr/local/texlive/2024/texmf-dist/tex/latex/rerunfilecheck/rerunfilecheck.sty
Package: rerunfilecheck 2022-07-10 v1.10 Rerun checks for auxiliary files (HO)

(/usr/local/texlive/2024/texmf-dist/tex/generic/uniquecounter/uniquecounter.sty
Package: uniquecounter 2019/12/15 v1.4 Provide unlimited unique counter (HO)
)
Package uniquecounter Info: New unique counter `rerunfilecheck' on input line 2
85.
)
\Hy@SectionHShift=\skip50
) (/usr/local/texlive/2024/texmf-dist/tex/latex/enumitem/enumitem.sty
Package: enumitem 2019/06/20 v3.9 Customized lists
\labelindent=\skip51
\enit@outerparindent=\dimen153
\enit@toks=\toks21
\enit@inbox=\box51
\enit@count@id=\count278
\enitdp@description=\count279
)
(/usr/local/texlive/2024/texmf-dist/tex/latex/fancyhdr/fancyhdr.sty
Package: fancyhdr 2022/11/09 v4.1 Extensive control of page headers and footers

\f@nch@headwidth=\skip52
\f@nch@O@elh=\skip53
\f@nch@O@erh=\skip54
\f@nch@O@olh=\skip55
\f@nch@O@orh=\skip56
\f@nch@O@elf=\skip57
\f@nch@O@erf=\skip58
\f@nch@O@olf=\skip59
\f@nch@O@orf=\skip60
)
(/usr/local/texlive/2024/texmf-dist/tex/latex/xcolor/xcolor.sty
Package: xcolor 2023/11/15 v3.01 LaTeX color extensions (UK)

(/usr/local/texlive/2024/texmf-dist/tex/latex/graphics-cfg/color.cfg
File: color.cfg 2016/01/02 v1.6 sample color configuration
)
Package xcolor Info: Driver file: pdftex.def on input line 274.

(/usr/local/texlive/2024/texmf-dist/tex/latex/graphics-def/pdftex.def
File: pdftex.def 2022/09/22 v1.2b Graphics/color driver for pdftex
)
(/usr/local/texlive/2024/texmf-dist/tex/latex/graphics/mathcolor.ltx)
Package xcolor Info: Model `cmy' substituted by `cmy0' on input line 1350.
Package xcolor Info: Model `hsb' substituted by `rgb' on input line 1354.
Package xcolor Info: Model `RGB' extended on input line 1366.
Package xcolor Info: Model `HTML' substituted by `rgb' on input line 1368.
Package xcolor Info: Model `Hsb' substituted by `hsb' on input line 1369.
Package xcolor Info: Model `tHsb' substituted by `hsb' on input line 1370.
Package xcolor Info: Model `HSB' substituted by `hsb' on input line 1371.
Package xcolor Info: Model `Gray' substituted by `gray' on input line 1372.
Package xcolor Info: Model `wave' substituted by `hsb' on input line 1373.
)
(/usr/local/texlive/2024/texmf-dist/tex/latex/breakurl/breakurl.sty
Package: breakurl 2013/04/10 v1.40 Breakable hyperref URLs

(/usr/local/texlive/2024/texmf-dist/tex/latex/xkeyval/xkeyval.sty
Package: xkeyval 2022/06/16 v2.9 package option processing (HA)

(/usr/local/texlive/2024/texmf-dist/tex/generic/xkeyval/xkeyval.tex
(/usr/local/texlive/2024/texmf-dist/tex/generic/xkeyval/xkvutils.tex
\XKV@toks=\toks22
\XKV@tempa@toks=\toks23
)
\XKV@depth=\count280
File: xkeyval.tex 2014/12/03 v2.7a key=value parser (HA)
))
(/usr/local/texlive/2024/texmf-dist/tex/generic/iftex/ifpdf.sty
Package: ifpdf 2019/10/25 v3.4 ifpdf legacy package. Use iftex instead.
)

Package breakurl Warning: You are using breakurl while processing via pdflatex.

(breakurl)                \burl will be just a synonym of \url.
(breakurl)                 on input line 48.

) (/usr/local/texlive/2024/texmf-dist/tex/latex/amsmath/amsmath.sty
Package: amsmath 2023/05/13 v2.17o AMS math features
\@mathmargin=\skip61

For additional information on amsmath, use the `?' option.
(/usr/local/texlive/2024/texmf-dist/tex/latex/amsmath/amstext.sty
Package: amstext 2021/08/26 v2.01 AMS text

(/usr/local/texlive/2024/texmf-dist/tex/latex/amsmath/amsgen.sty
File: amsgen.sty 1999/11/30 v2.0 generic functions
\@emptytoks=\toks24
\ex@=\dimen154
))
(/usr/local/texlive/2024/texmf-dist/tex/latex/amsmath/amsbsy.sty
Package: amsbsy 1999/11/29 v1.2d Bold Symbols
\pmbraise@=\dimen155
)
(/usr/local/texlive/2024/texmf-dist/tex/latex/amsmath/amsopn.sty
Package: amsopn 2022/04/08 v2.04 operator names
)
\inf@bad=\count281
LaTeX Info: Redefining \frac on input line 234.
\uproot@=\count282
\leftroot@=\count283
LaTeX Info: Redefining \overline on input line 399.
LaTeX Info: Redefining \colon on input line 410.
\classnum@=\count284
\DOTSCASE@=\count285
LaTeX Info: Redefining \ldots on input line 496.
LaTeX Info: Redefining \dots on input line 499.
LaTeX Info: Redefining \cdots on input line 620.
\Mathstrutbox@=\box52
\strutbox@=\box53
LaTeX Info: Redefining \big on input line 722.
LaTeX Info: Redefining \Big on input line 723.
LaTeX Info: Redefining \bigg on input line 724.
LaTeX Info: Redefining \Bigg on input line 725.
\big@size=\dimen156
LaTeX Font Info:    Redeclaring font encoding OML on input line 743.
LaTeX Font Info:    Redeclaring font encoding OMS on input line 744.
\macc@depth=\count286
LaTeX Info: Redefining \bmod on input line 905.
LaTeX Info: Redefining \pmod on input line 910.
LaTeX Info: Redefining \smash on input line 940.
LaTeX Info: Redefining \relbar on input line 970.
LaTeX Info: Redefining \Relbar on input line 971.
\c@MaxMatrixCols=\count287
\dotsspace@=\muskip17
\c@parentequation=\count288
\dspbrk@lvl=\count289
\tag@help=\toks25
\row@=\count290
\column@=\count291
\maxfields@=\count292
\andhelp@=\toks26
\eqnshift@=\dimen157
\alignsep@=\dimen158
\tagshift@=\dimen159
\tagwidth@=\dimen160
\totwidth@=\dimen161
\lineht@=\dimen162
\@envbody=\toks27
\multlinegap=\skip62
\multlinetaggap=\skip63
\mathdisplay@stack=\toks28
LaTeX Info: Redefining \[ on input line 2953.
LaTeX Info: Redefining \] on input line 2954.
)
(/usr/local/texlive/2024/texmf-dist/tex/latex/amsfonts/amssymb.sty
Package: amssymb 2013/01/14 v3.01 AMS font symbols

(/usr/local/texlive/2024/texmf-dist/tex/latex/amsfonts/amsfonts.sty
Package: amsfonts 2013/01/14 v3.01 Basic AMSFonts support
\symAMSa=\mathgroup4
\symAMSb=\mathgroup5
LaTeX Font Info:    Redeclaring math symbol \hbar on input line 98.
LaTeX Font Info:    Overwriting math alphabet `\mathfrak' in version `bold'
(Font)                  U/euf/m/n --> U/euf/b/n on input line 106.
))
(/usr/local/texlive/2024/texmf-dist/tex/latex/mathtools/mathtools.sty
Package: mathtools 2024/03/11 v1.30 mathematical typesetting tools

(/usr/local/texlive/2024/texmf-dist/tex/latex/tools/calc.sty
Package: calc 2023/07/08 v4.3 Infix arithmetic (KKT,FJ)
\calc@Acount=\count293
\calc@Bcount=\count294
\calc@Adimen=\dimen163
\calc@Bdimen=\dimen164
\calc@Askip=\skip64
\calc@Bskip=\skip65
LaTeX Info: Redefining \setlength on input line 80.
LaTeX Info: Redefining \addtolength on input line 81.
\calc@Ccount=\count295
\calc@Cskip=\skip66
)
(/usr/local/texlive/2024/texmf-dist/tex/latex/mathtools/mhsetup.sty
Package: mhsetup 2021/03/18 v1.4 programming setup (MH)
)
\g_MT_multlinerow_int=\count296
\l_MT_multwidth_dim=\dimen165
\origjot=\skip67
\l_MT_shortvdotswithinadjustabove_dim=\dimen166
\l_MT_shortvdotswithinadjustbelow_dim=\dimen167
\l_MT_above_intertext_sep=\dimen168
\l_MT_below_intertext_sep=\dimen169
\l_MT_above_shortintertext_sep=\dimen170
\l_MT_below_shortintertext_sep=\dimen171
\xmathstrut@box=\box54
\xmathstrut@dim=\dimen172
)
(/usr/local/texlive/2024/texmf-dist/tex/latex/amscls/amsthm.sty
Package: amsthm 2020/05/29 v2.20.6
\thm@style=\toks29
\thm@bodyfont=\toks30
\thm@headfont=\toks31
\thm@notefont=\toks32
\thm@headpunct=\toks33
\thm@preskip=\skip68
\thm@postskip=\skip69
\thm@headsep=\skip70
\dth@everypar=\toks34
)
(/usr/local/texlive/2024/texmf-dist/tex/latex/thmtools/thmtools.sty
Package: thmtools 2023/05/04 v0.76
\thmt@toks=\toks35
\c@thmt@dummyctr=\count297

(/usr/local/texlive/2024/texmf-dist/tex/latex/thmtools/thm-patch.sty
Package: thm-patch 2023/05/04 v0.76

(/usr/local/texlive/2024/texmf-dist/tex/latex/thmtools/parseargs.sty
Package: parseargs 2023/05/04 v0.76
\@parsespec=\toks36
))
(/usr/local/texlive/2024/texmf-dist/tex/latex/thmtools/thm-kv.sty
Package: thm-kv 2023/05/04 v0.76
Package thm-kv Info: Theorem names will be uppercased on input line 42.
Package thm-kv Info: kvsetkeys patch (v1.16 or later) on input line 158.
)
(/usr/local/texlive/2024/texmf-dist/tex/latex/thmtools/thm-autoref.sty
Package: thm-autoref 2023/05/04 v0.76

(/usr/local/texlive/2024/texmf-dist/tex/latex/thmtools/aliasctr.sty
Package: aliasctr 2023/05/04 v0.76
))
(/usr/local/texlive/2024/texmf-dist/tex/latex/thmtools/thm-listof.sty
Package: thm-listof 2023/05/04 v0.76
)
(/usr/local/texlive/2024/texmf-dist/tex/latex/thmtools/thm-restate.sty
Package: thm-restate 2023/05/04 v0.76
)
(/usr/local/texlive/2024/texmf-dist/tex/latex/thmtools/thm-amsthm.sty
Package: thm-amsthm 2023/05/04 v0.76
\thmt@style@headstyle=\toks37
))
(/usr/local/texlive/2024/texmf-dist/tex/latex/float/float.sty
Package: float 2001/11/08 v1.3d Float enhancements (AL)
\c@float@type=\count298
\float@exts=\toks38
\float@box=\box55
\@float@everytoks=\toks39
\@floatcapt=\box56
)
(/usr/local/texlive/2024/texmf-dist/tex/latex/caption/subcaption.sty
Package: subcaption 2023/07/28 v1.6b Sub-captions (AR)

(/usr/local/texlive/2024/texmf-dist/tex/latex/caption/caption.sty
Package: caption 2023/08/05 v3.6o Customizing captions (AR)

(/usr/local/texlive/2024/texmf-dist/tex/latex/caption/caption3.sty
Package: caption3 2023/07/31 v2.4d caption3 kernel (AR)
\caption@tempdima=\dimen173
\captionmargin=\dimen174
\caption@leftmargin=\dimen175
\caption@rightmargin=\dimen176
\caption@width=\dimen177
\caption@indent=\dimen178
\caption@parindent=\dimen179
\caption@hangindent=\dimen180
Package caption Info: Standard document class detected.
)
\c@caption@flags=\count299
\c@continuedfloat=\count300
Package caption Info: float package is loaded.
Package caption Info: hyperref package is loaded.
)
Package caption Info: New subtype `subfigure' on input line 238.
\c@subfigure=\count301
Package caption Info: New subtype `subtable' on input line 238.
\c@subtable=\count302
)
Package hyperref Info: Option `colorlinks' set `true' on input line 33.
Package hyperref Info: Option `breaklinks' set `true' on input line 33.


Package hyperref Warning: Option `bookmarks' has already been used,
(hyperref)                setting the option has no effect on input line 33.


(/usr/local/texlive/2024/texmf-dist/tex/latex/newunicodechar/newunicodechar.sty
Package: newunicodechar 2018/04/08 v1.2 Defining Unicode characters
)
LaTeX Font Info:    Trying to load font information for T1+lmr on input line 68
.
 (/usr/local/texlive/2024/texmf-dist/tex/latex/lm/t1lmr.fd
File: t1lmr.fd 2015/05/01 v1.6.1 Font defs for Latin Modern
)
(/usr/local/texlive/2024/texmf-dist/tex/latex/l3backend/l3backend-pdftex.def
File: l3backend-pdftex.def 2024-02-20 L3 backend support: PDF output (pdfTeX)
\l__color_backend_stack_int=\count303
\l__pdf_internal_box=\box57
)
(_logs/notes.aux)
\openout1 = `notes.aux'.

LaTeX Font Info:    Checking defaults for OML/cmm/m/it on input line 68.
LaTeX Font Info:    ... okay on input line 68.
LaTeX Font Info:    Checking defaults for OMS/cmsy/m/n on input line 68.
LaTeX Font Info:    ... okay on input line 68.
LaTeX Font Info:    Checking defaults for OT1/cmr/m/n on input line 68.
LaTeX Font Info:    ... okay on input line 68.
LaTeX Font Info:    Checking defaults for T1/cmr/m/n on input line 68.
LaTeX Font Info:    ... okay on input line 68.
LaTeX Font Info:    Checking defaults for TS1/cmr/m/n on input line 68.
LaTeX Font Info:    ... okay on input line 68.
LaTeX Font Info:    Checking defaults for OMX/cmex/m/n on input line 68.
LaTeX Font Info:    ... okay on input line 68.
LaTeX Font Info:    Checking defaults for U/cmr/m/n on input line 68.
LaTeX Font Info:    ... okay on input line 68.
LaTeX Font Info:    Checking defaults for PD1/pdf/m/n on input line 68.
LaTeX Font Info:    ... okay on input line 68.
LaTeX Font Info:    Checking defaults for PU/pdf/m/n on input line 68.
LaTeX Font Info:    ... okay on input line 68.

*geometry* driver: auto-detecting
*geometry* detected driver: pdftex
*geometry* verbose mode - [ preamble ] result:
* driver: pdftex
* paper: <default>
* layout: <same size as paper>
* layoutoffset:(h,v)=(0.0pt,0.0pt)
* modes: 
* h-part:(L,W,R)=(72.26999pt, 469.75502pt, 72.26999pt)
* v-part:(T,H,B)=(72.26999pt, 650.43001pt, 72.26999pt)
* \paperwidth=614.295pt
* \paperheight=794.96999pt
* \textwidth=469.75502pt
* \textheight=650.43001pt
* \oddsidemargin=0.0pt
* \evensidemargin=0.0pt
* \topmargin=-39.0pt
* \headheight=14.0pt
* \headsep=25.0pt
* \topskip=10.0pt
* \footskip=30.0pt
* \marginparwidth=65.0pt
* \marginparsep=11.0pt
* \columnsep=10.0pt
* \skip\footins=9.0pt plus 4.0pt minus 2.0pt
* \hoffset=0.0pt
* \voffset=0.0pt
* \mag=1000
* \@twocolumnfalse
* \@twosidefalse
* \@mparswitchfalse
* \@reversemarginfalse
* (1in=72.27pt=25.4mm, 1cm=28.453pt)

Package hyperref Info: Link coloring ON on input line 68.
\@outlinefile=\write3
\openout3 = `notes.out'.

(/usr/local/texlive/2024/texmf-dist/tex/context/base/mkii/supp-pdf.mkii
[Loading MPS to PDF converter (version 2006.09.02).]
\scratchcounter=\count304
\scratchdimen=\dimen181
\scratchbox=\box58
\nofMPsegments=\count305
\nofMParguments=\count306
\everyMPshowfont=\toks40
\MPscratchCnt=\count307
\MPscratchDim=\dimen182
\MPnumerator=\count308
\makeMPintoPDFobject=\count309
\everyMPtoPDFconversion=\toks41
) (/usr/local/texlive/2024/texmf-dist/tex/latex/graphics/graphicx.sty
Package: graphicx 2021/09/16 v1.2d Enhanced LaTeX Graphics (DPC,SPQR)

(/usr/local/texlive/2024/texmf-dist/tex/latex/graphics/graphics.sty
Package: graphics 2022/03/10 v1.4e Standard LaTeX Graphics (DPC,SPQR)

(/usr/local/texlive/2024/texmf-dist/tex/latex/graphics/trig.sty
Package: trig 2021/08/11 v1.11 sin cos tan (DPC)
)
(/usr/local/texlive/2024/texmf-dist/tex/latex/graphics-cfg/graphics.cfg
File: graphics.cfg 2016/06/04 v1.11 sample graphics configuration
)
Package graphics Info: Driver file: pdftex.def on input line 107.
)
\Gin@req@height=\dimen183
\Gin@req@width=\dimen184
)
Package caption Info: Begin \AtBeginDocument code.
Package caption Info: End \AtBeginDocument code.
LaTeX Font Info:    Trying to load font information for OT1+lmr on input line 7
1.

(/usr/local/texlive/2024/texmf-dist/tex/latex/lm/ot1lmr.fd
File: ot1lmr.fd 2015/05/01 v1.6.1 Font defs for Latin Modern
)
LaTeX Font Info:    Trying to load font information for OML+lmm on input line 7
1.

(/usr/local/texlive/2024/texmf-dist/tex/latex/lm/omllmm.fd
File: omllmm.fd 2015/05/01 v1.6.1 Font defs for Latin Modern
)
LaTeX Font Info:    Trying to load font information for OMS+lmsy on input line 
71.

(/usr/local/texlive/2024/texmf-dist/tex/latex/lm/omslmsy.fd
File: omslmsy.fd 2015/05/01 v1.6.1 Font defs for Latin Modern
)
LaTeX Font Info:    Trying to load font information for OMX+lmex on input line 
71.

(/usr/local/texlive/2024/texmf-dist/tex/latex/lm/omxlmex.fd
File: omxlmex.fd 2015/05/01 v1.6.1 Font defs for Latin Modern
)
LaTeX Font Info:    External font `lmex10' loaded for size
(Font)              <12> on input line 71.
LaTeX Font Info:    External font `lmex10' loaded for size
(Font)              <8> on input line 71.
LaTeX Font Info:    External font `lmex10' loaded for size
(Font)              <6> on input line 71.
LaTeX Font Info:    Trying to load font information for U+msa on input line 71.


(/usr/local/texlive/2024/texmf-dist/tex/latex/amsfonts/umsa.fd
File: umsa.fd 2013/01/14 v3.01 AMS symbols A
)
LaTeX Font Info:    Trying to load font information for U+msb on input line 71.


(/usr/local/texlive/2024/texmf-dist/tex/latex/amsfonts/umsb.fd
File: umsb.fd 2013/01/14 v3.01 AMS symbols B
)
LaTeX Font Info:    External font `lmex10' loaded for size
(Font)              <10> on input line 83.
LaTeX Font Info:    External font `lmex10' loaded for size
(Font)              <7> on input line 83.
LaTeX Font Info:    External font `lmex10' loaded for size
(Font)              <5> on input line 83.

/Users/ashoksaravanan/Coding/ScribeLec/server/output/MA 421/lectures/2024-09-17
-DualityGeneral/notes.tex:84: Missing $ inserted.
<inserted text> 
                $
l.84 \quad \leftarrow
                      \mathcal{C} \\
I've inserted a begin-math/end-math symbol since I think
you left one out. Proceed, with fingers crossed.

/Users/ashoksaravanan/Coding/ScribeLec/server/output/MA 421/lectures/2024-09-17
-DualityGeneral/notes.tex:94: Missing $ inserted.
<inserted text> 
                $
l.94 \subsection
                {Description}%
I've inserted a begin-math/end-math symbol since I think
you left one out. Proceed, with fingers crossed.

</Users/ashoksaravanan/Coding/ScribeLec/server/output/MA 421/lectures/2024-09-1
7-DualityGeneral/figures/1.1.png, id=4, 371.3875pt x 371.3875pt>
File: /Users/ashoksaravanan/Coding/ScribeLec/server/output/MA 421/lectures/2024
-09-17-DualityGeneral/figures/1.1.png Graphic file (type png)
<use /Users/ashoksaravanan/Coding/ScribeLec/server/output/MA 421/lectures/2024-
09-17-DualityGeneral/figures/1.1.png>
Package pdftex.def Info: /Users/ashoksaravanan/Coding/ScribeLec/server/output/M
A 421/lectures/2024-09-17-DualityGeneral/figures/1.1.png  used on input line 10
1.
(pdftex.def)             Requested size: 70.46037pt x 70.45668pt.

Underfull \hbox (badness 10000) in paragraph at lines 102--102
\T1/lmr/m/n/8 ear pro-gram-ming
 []


Underfull \hbox (badness 5431) in paragraph at lines 102--102
\T1/lmr/m/n/8 prob-lems. The
 []


Underfull \hbox (badness 4341) in paragraph at lines 102--102
\T1/lmr/m/n/8 top one in-cludes
 []


Underfull \hbox (badness 10000) in paragraph at lines 102--102
\T1/lmr/m/n/8 in-equal-ity and
 []


Underfull \hbox (badness 10000) in paragraph at lines 102--102
\T1/lmr/m/n/8 equal-ity con-
 []


Underfull \hbox (badness 3271) in paragraph at lines 102--102
\T1/lmr/m/n/8 bot-tom one only
 []


Underfull \hbox (badness 10000) in paragraph at lines 102--102
\T1/lmr/m/n/8 in-cludes equal-ity
 []


Underfull \hbox (badness 10000) in paragraph at lines 102--102
\T1/lmr/m/n/8 with the same
 []


Underfull \hbox (badness 2435) in paragraph at lines 102--102
\T1/lmr/m/n/8 ob-jec-tive func-tion
 []

</Users/ashoksaravanan/Coding/ScribeLec/server/output/MA 421/lectures/2024-09-1
7-DualityGeneral/figures/1.2.png, id=5, 321.2pt x 371.3875pt>
File: /Users/ashoksaravanan/Coding/ScribeLec/server/output/MA 421/lectures/2024
-09-17-DualityGeneral/figures/1.2.png Graphic file (type png)
<use /Users/ashoksaravanan/Coding/ScribeLec/server/output/MA 421/lectures/2024-
09-17-DualityGeneral/figures/1.2.png>
Package pdftex.def Info: /Users/ashoksaravanan/Coding/ScribeLec/server/output/M
A 421/lectures/2024-09-17-DualityGeneral/figures/1.2.png  used on input line 10
7.
(pdftex.def)             Requested size: 70.46037pt x 81.46748pt.

Underfull \hbox (badness 10000) in paragraph at lines 108--108
\T1/lmr/m/n/8 lin-ear pro-gram-
 []


Underfull \hbox (badness 3460) in paragraph at lines 108--108
\T1/lmr/m/n/8 red ar-row points
 []

[1

{/usr/local/texlive/2024/texmf-var/fonts/map/pdftex/updmap/pdftex.map}{/usr/loc
al/texlive/2024/texmf-dist/fonts/enc/dvips/lm/lm-ec.enc}{/usr/local/texlive/202
4/texmf-dist/fonts/enc/dvips/lm/lm-mathit.enc}{/usr/local/texlive/2024/texmf-di
st/fonts/enc/dvips/lm/lm-rm.enc}{/usr/local/texlive/2024/texmf-dist/fonts/enc/d
vips/lm/lm-mathsy.enc}] [2 </Users/ashoksaravanan/Coding/ScribeLec/server/outpu
t/MA 421/lectures/2024-09-17-DualityGeneral/figures/1.1.png (PNG copy)> </Users
/ashoksaravanan/Coding/ScribeLec/server/output/MA 421/lectures/2024-09-17-Duali
tyGeneral/figures/1.2.png (PNG copy)>]
/Users/ashoksaravanan/Coding/ScribeLec/server/output/MA 421/lectures/2024-09-17
-DualityGeneral/notes.tex:126: Missing $ inserted.
<inserted text> 
                $
l.126 \quad \xrightarrow{\mathcal{C}}
                                      \\
I've inserted a begin-math/end-math symbol since I think
you left one out. Proceed, with fingers crossed.

/Users/ashoksaravanan/Coding/ScribeLec/server/output/MA 421/lectures/2024-09-17
-DualityGeneral/notes.tex:136: Missing $ inserted.
<inserted text> 
                $
l.136 \subsection
                 {Description}%
I've inserted a begin-math/end-math symbol since I think
you left one out. Proceed, with fingers crossed.

</Users/ashoksaravanan/Coding/ScribeLec/server/output/MA 421/lectures/2024-09-1
7-DualityGeneral/figures/2.1.png, id=36, 421.575pt x 170.6375pt>
File: /Users/ashoksaravanan/Coding/ScribeLec/server/output/MA 421/lectures/2024
-09-17-DualityGeneral/figures/2.1.png Graphic file (type png)
<use /Users/ashoksaravanan/Coding/ScribeLec/server/output/MA 421/lectures/2024-
09-17-DualityGeneral/figures/2.1.png>
Package pdftex.def Info: /Users/ashoksaravanan/Coding/ScribeLec/server/output/M
A 421/lectures/2024-09-17-DualityGeneral/figures/2.1.png  used on input line 14
3.
(pdftex.def)             Requested size: 70.46037pt x 28.51848pt.

Underfull \hbox (badness 6300) in paragraph at lines 144--144
[]\T1/lmr/bx/n/8 (a) |\T1/lmr/m/n/8 First boxed
 []


Underfull \hbox (badness 10000) in paragraph at lines 144--144
\T1/lmr/m/n/8 lin-ear pro-gram-
 []


Underfull \hbox (badness 3460) in paragraph at lines 144--144
\T1/lmr/m/n/8 red ar-row points
 []

</Users/ashoksaravanan/Coding/ScribeLec/server/output/MA 421/lectures/2024-09-1
7-DualityGeneral/figures/2.2.png, id=37, 421.575pt x 170.6375pt>
File: /Users/ashoksaravanan/Coding/ScribeLec/server/output/MA 421/lectures/2024
-09-17-DualityGeneral/figures/2.2.png Graphic file (type png)
<use /Users/ashoksaravanan/Coding/ScribeLec/server/output/MA 421/lectures/2024-
09-17-DualityGeneral/figures/2.2.png>
Package pdftex.def Info: /Users/ashoksaravanan/Coding/ScribeLec/server/output/M
A 421/lectures/2024-09-17-DualityGeneral/figures/2.2.png  used on input line 14
9.
(pdftex.def)             Requested size: 70.46037pt x 28.51848pt.

Underfull \hbox (badness 10000) in paragraph at lines 150--150
\T1/lmr/m/n/8 lin-ear pro-gram-
 []


Underfull \hbox (badness 3460) in paragraph at lines 150--150
\T1/lmr/m/n/8 red ar-row points
 []


Underfull \hbox (badness 10000) in paragraph at lines 150--150
\T1/lmr/m/n/8 con-straints" next
 []

[3{/usr/local/texlive/2024/texmf-dist/fonts/enc/dvips/lm/lm-mathex.enc} </Users
/ashoksaravanan/Coding/ScribeLec/server/output/MA 421/lectures/2024-09-17-Duali
tyGeneral/figures/2.1.png (PNG copy)> </Users/ashoksaravanan/Coding/ScribeLec/s
erver/output/MA 421/lectures/2024-09-17-DualityGeneral/figures/2.2.png (PNG cop
y)>]
/Users/ashoksaravanan/Coding/ScribeLec/server/output/MA 421/lectures/2024-09-17
-DualityGeneral/notes.tex:161: Missing $ inserted.
<inserted text> 
                $
l.161 \text{Compare } \max
                           f_0 \text{ with constraints} \\
I've inserted a begin-math/end-math symbol since I think
you left one out. Proceed, with fingers crossed.

/Users/ashoksaravanan/Coding/ScribeLec/server/output/MA 421/lectures/2024-09-17
-DualityGeneral/notes.tex:169: Missing $ inserted.
<inserted text> 
                $
l.169 \subsection
                 {Description}%
I've inserted a begin-math/end-math symbol since I think
you left one out. Proceed, with fingers crossed.

</Users/ashoksaravanan/Coding/ScribeLec/server/output/MA 421/lectures/2024-09-1
7-DualityGeneral/figures/3.1.png, id=50, 471.7625pt x 471.7625pt>
File: /Users/ashoksaravanan/Coding/ScribeLec/server/output/MA 421/lectures/2024
-09-17-DualityGeneral/figures/3.1.png Graphic file (type png)
<use /Users/ashoksaravanan/Coding/ScribeLec/server/output/MA 421/lectures/2024-
09-17-DualityGeneral/figures/3.1.png>
Package pdftex.def Info: /Users/ashoksaravanan/Coding/ScribeLec/server/output/M
A 421/lectures/2024-09-17-DualityGeneral/figures/3.1.png  used on input line 17
6.
(pdftex.def)             Requested size: 70.46037pt x 70.45897pt.

Underfull \hbox (badness 10000) in paragraph at lines 177--177
[]\T1/lmr/bx/n/8 (a) |\T1/lmr/m/n/8 Hand-writ-ten
 []


Underfull \hbox (badness 10000) in paragraph at lines 177--177
\T1/lmr/m/n/8 notes com-par-ing
 []


Underfull \hbox (badness 5939) in paragraph at lines 177--177
\T1/lmr/m/n/8 the max-i-miza-tion
 []


Underfull \hbox (badness 2334) in paragraph at lines 177--177
\T1/lmr/m/n/8 of a func-tion $\OML/lmm/m/it/8 f[]$
 []


Underfull \hbox (badness 5939) in paragraph at lines 177--177
\T1/lmr/m/n/8 the max-i-miza-tion
 []


Underfull \hbox (badness 7613) in paragraph at lines 177--177
\T1/lmr/m/n/8 of a La-grangian
 []


Underfull \hbox (badness 3407) in paragraph at lines 177--177
\T1/lmr/m/n/8 func-tion $\OML/lmm/m/it/8 L$ \T1/lmr/m/n/8 with-
 []


Underfull \hbox (badness 10000) in paragraph at lines 177--177
\T1/lmr/m/n/8 out con-straints.
 []


Underfull \hbox (badness 10000) in paragraph at lines 177--177
\T1/lmr/m/n/8 The La-grangian
 []


Underfull \hbox (badness 10000) in paragraph at lines 177--177
\T1/lmr/m/n/8 is de-fined as
 []


Underfull \hbox (badness 10000) in paragraph at lines 177--177
[] \OML/lmm/m/it/8 []g[]\OT1/lmr/m/n/8 (\OML/lmm/m/it/8 x\OT1/lmr/m/n/8 )$\T1/
lmr/m/n/8 ,
 []


Underfull \hbox (badness 10000) in paragraph at lines 177--177
\T1/lmr/m/n/8 The notes show
 []


Underfull \hbox (badness 2735) in paragraph at lines 177--177
\T1/lmr/m/n/8 of $\OML/lmm/m/it/8 f[]$ \T1/lmr/m/n/8 sub-ject to
 []


Underfull \hbox (badness 1394) in paragraph at lines 177--177
\T1/lmr/m/n/8 than or equal to
 []


Underfull \hbox (badness 3536) in paragraph at lines 177--177
\T1/lmr/m/n/8 the max-i-mum of
 []


Underfull \hbox (badness 10000) in paragraph at lines 177--177
\T1/lmr/m/n/8 the La-grangian
 []


Underfull \hbox (badness 4013) in paragraph at lines 177--177
[] \OML/lmm/m/it/8 L\OT1/lmr/m/n/8 (\OML/lmm/m/it/8 x; \OT1/lmr/m/n/8 )$\T1/lm
r/m/n/8 . A
 []


Underfull \hbox (badness 10000) in paragraph at lines 177--177
\T1/lmr/m/n/8 red un-der-line
 []


Underfull \hbox (badness 10000) in paragraph at lines 177--177
\T1/lmr/m/n/8 high-lights the
 []


Underfull \hbox (badness 10000) in paragraph at lines 177--177
\T1/lmr/m/n/8 key equa-tion
 []

[4] [5 </Users/ashoksaravanan/Coding/ScribeLec/server/output/MA 421/lectures/20
24-09-17-DualityGeneral/figures/3.1.png (PNG copy)>]
/Users/ashoksaravanan/Coding/ScribeLec/server/output/MA 421/lectures/2024-09-17
-DualityGeneral/notes.tex:188: Missing $ inserted.
<inserted text> 
                $
l.188 ...pare } \max f_0 \text{ with constraints}}
                                                   \\
I've inserted a begin-math/end-math symbol since I think
you left one out. Proceed, with fingers crossed.

/Users/ashoksaravanan/Coding/ScribeLec/server/output/MA 421/lectures/2024-09-17
-DualityGeneral/notes.tex:188: Extra }, or forgotten $.
\underline  ...{#1}\else $\@@underline {\hbox {#1}
                                                  }\m@th $\relax \fi 
l.188 ...pare } \max f_0 \text{ with constraints}}
                                                   \\
I've deleted a group-closing symbol because it seems to be
spurious, as in `$x}$'. But perhaps the } is legitimate and
you forgot something else, as in `\hbox{$x}'. In such cases
the way to recover is to insert both the forgotten and the
deleted material, e.g., by typing `I$}'.

/Users/ashoksaravanan/Coding/ScribeLec/server/output/MA 421/lectures/2024-09-17
-DualityGeneral/notes.tex:188: Extra }, or forgotten $.
\underline  ...#1}\else $\@@underline {\hbox {#1}}
                                                  \m@th $\relax \fi 
l.188 ...pare } \max f_0 \text{ with constraints}}
                                                   \\
I've deleted a group-closing symbol because it seems to be
spurious, as in `$x}$'. But perhaps the } is legitimate and
you forgot something else, as in `\hbox{$x}'. In such cases
the way to recover is to insert both the forgotten and the
deleted material, e.g., by typing `I$}'.

/Users/ashoksaravanan/Coding/ScribeLec/server/output/MA 421/lectures/2024-09-17
-DualityGeneral/notes.tex:191: Missing $ inserted.
<inserted text> 
                $
l.191 ...in \mathcal{C}. \text{ i.e. } g_j(x) = 0}
                                                   \\
I've inserted a begin-math/end-math symbol since I think
you left one out. Proceed, with fingers crossed.

/Users/ashoksaravanan/Coding/ScribeLec/server/output/MA 421/lectures/2024-09-17
-DualityGeneral/notes.tex:191: Extra }, or forgotten $.
\underline  ...{#1}\else $\@@underline {\hbox {#1}
                                                  }\m@th $\relax \fi 
l.191 ...in \mathcal{C}. \text{ i.e. } g_j(x) = 0}
                                                   \\
I've deleted a group-closing symbol because it seems to be
spurious, as in `$x}$'. But perhaps the } is legitimate and
you forgot something else, as in `\hbox{$x}'. In such cases
the way to recover is to insert both the forgotten and the
deleted material, e.g., by typing `I$}'.

/Users/ashoksaravanan/Coding/ScribeLec/server/output/MA 421/lectures/2024-09-17
-DualityGeneral/notes.tex:191: Extra }, or forgotten $.
\underline  ...#1}\else $\@@underline {\hbox {#1}}
                                                  \m@th $\relax \fi 
l.191 ...in \mathcal{C}. \text{ i.e. } g_j(x) = 0}
                                                   \\
I've deleted a group-closing symbol because it seems to be
spurious, as in `$x}$'. But perhaps the } is legitimate and
you forgot something else, as in `\hbox{$x}'. In such cases
the way to recover is to insert both the forgotten and the
deleted material, e.g., by typing `I$}'.

/Users/ashoksaravanan/Coding/ScribeLec/server/output/MA 421/lectures/2024-09-17
-DualityGeneral/notes.tex:192: Missing $ inserted.
<inserted text> 
                $
l.192 \xi
         (x) = f_0(x) \le \xi(\mu) \\
I've inserted a begin-math/end-math symbol since I think
you left one out. Proceed, with fingers crossed.

/Users/ashoksaravanan/Coding/ScribeLec/server/output/MA 421/lectures/2024-09-17
-DualityGeneral/notes.tex:196: Missing $ inserted.
<inserted text> 
                $
l.196 \subsection
                 {Description}%
I've inserted a begin-math/end-math symbol since I think
you left one out. Proceed, with fingers crossed.


/Users/ashoksaravanan/Coding/ScribeLec/server/output/MA 421/lectures/2024-09-17
-DualityGeneral/notes.tex:196: LaTeX Error: Something's wrong--perhaps a missin
g \item.

See the LaTeX manual or LaTeX Companion for explanation.
Type  H <return>  for immediate help.
 ...                                              
                                                  
l.196 \subsection
                 {Description}%
Try typing  <return>  to proceed.
If that doesn't work, type  X <return>  to quit.


/Users/ashoksaravanan/Coding/ScribeLec/server/output/MA 421/lectures/2024-09-17
-DualityGeneral/notes.tex:196: LaTeX Error: Something's wrong--perhaps a missin
g \item.

See the LaTeX manual or LaTeX Companion for explanation.
Type  H <return>  for immediate help.
 ...                                              
                                                  
l.196 \subsection
                 {Description}%
Try typing  <return>  to proceed.
If that doesn't work, type  X <return>  to quit.

/Users/ashoksaravanan/Coding/ScribeLec/server/output/MA 421/lectures/2024-09-17
-DualityGeneral/notes.tex:196: Missing } inserted.
<inserted text> 
                }
l.196 \subsection{Description}
                              %
I've inserted something that you may have forgotten.
(See the <inserted text> above.)
With luck, this will get me unwedged. But if you
really didn't forget anything, try typing `2' now; then
my insertion and my current dilemma will both disappear.

/Users/ashoksaravanan/Coding/ScribeLec/server/output/MA 421/lectures/2024-09-17
-DualityGeneral/notes.tex:196: Missing $ inserted.
<inserted text> 
                $
l.196 \subsection{Description}
                              %
I've inserted a begin-math/end-math symbol since I think
you left one out. Proceed, with fingers crossed.

/Users/ashoksaravanan/Coding/ScribeLec/server/output/MA 421/lectures/2024-09-17
-DualityGeneral/notes.tex:196: Missing } inserted.
<inserted text> 
                }
l.196 \subsection{Description}
                              %
I've inserted something that you may have forgotten.
(See the <inserted text> above.)
With luck, this will get me unwedged. But if you
really didn't forget anything, try typing `2' now; then
my insertion and my current dilemma will both disappear.

/Users/ashoksaravanan/Coding/ScribeLec/server/output/MA 421/lectures/2024-09-17
-DualityGeneral/notes.tex:196: Missing } inserted.
<inserted text> 
                }
l.196 \subsection{Description}
                              %
I've inserted something that you may have forgotten.
(See the <inserted text> above.)
With luck, this will get me unwedged. But if you
really didn't forget anything, try typing `2' now; then
my insertion and my current dilemma will both disappear.

/Users/ashoksaravanan/Coding/ScribeLec/server/output/MA 421/lectures/2024-09-17
-DualityGeneral/notes.tex:196: Missing $ inserted.
<inserted text> 
                $
l.196 \subsection{Description}
                              %
I've inserted a begin-math/end-math symbol since I think
you left one out. Proceed, with fingers crossed.

/Users/ashoksaravanan/Coding/ScribeLec/server/output/MA 421/lectures/2024-09-17
-DualityGeneral/notes.tex:196: Missing } inserted.
<inserted text> 
                }
l.196 \subsection{Description}
                              %
I've inserted something that you may have forgotten.
(See the <inserted text> above.)
With luck, this will get me unwedged. But if you
really didn't forget anything, try typing `2' now; then
my insertion and my current dilemma will both disappear.


Overfull \hbox (437.07076pt too wide) in paragraph at lines 187--196
[]$ 
 []

</Users/ashoksaravanan/Coding/ScribeLec/server/output/MA 421/lectures/2024-09-1
7-DualityGeneral/figures/4.1.png, id=65, 471.7625pt x 471.7625pt>
File: /Users/ashoksaravanan/Coding/ScribeLec/server/output/MA 421/lectures/2024
-09-17-DualityGeneral/figures/4.1.png Graphic file (type png)
<use /Users/ashoksaravanan/Coding/ScribeLec/server/output/MA 421/lectures/2024-
09-17-DualityGeneral/figures/4.1.png>
Package pdftex.def Info: /Users/ashoksaravanan/Coding/ScribeLec/server/output/M
A 421/lectures/2024-09-17-DualityGeneral/figures/4.1.png  used on input line 20
3.
(pdftex.def)             Requested size: 70.46037pt x 70.45897pt.

Underfull \hbox (badness 10000) in paragraph at lines 204--204
[]\T1/lmr/bx/n/8 (a) |\T1/lmr/m/n/8 Hand-writ-ten
 []


Underfull \hbox (badness 10000) in paragraph at lines 204--204
\T1/lmr/m/n/8 notes com-par-ing
 []


Underfull \hbox (badness 10000) in paragraph at lines 204--204
\T1/lmr/m/n/8 the max-i-miza-
 []


Underfull \hbox (badness 5022) in paragraph at lines 204--204
\T1/lmr/m/n/8 tion of $\OML/lmm/m/it/8 f[]$ \T1/lmr/m/n/8 with
 []


Underfull \hbox (badness 10000) in paragraph at lines 204--204
\T1/lmr/m/n/8 con-straints to
 []


Underfull \hbox (badness 5939) in paragraph at lines 204--204
\T1/lmr/m/n/8 the max-i-miza-tion
 []


Underfull \hbox (badness 10000) in paragraph at lines 204--204
\T1/lmr/m/n/8 of $\OML/lmm/m/it/8 L$ \T1/lmr/m/n/8 with-out
 []


Underfull \hbox (badness 1014) in paragraph at lines 204--204
\T1/lmr/m/n/8 con-straints. The
 []


Underfull \hbox (badness 6808) in paragraph at lines 204--204
\T1/lmr/m/n/8 notes show that
 []


Underfull \hbox (badness 10000) in paragraph at lines 204--204
\T1/lmr/m/n/8 the max-i-mum
 []


Underfull \hbox (badness 2735) in paragraph at lines 204--204
\T1/lmr/m/n/8 of $\OML/lmm/m/it/8 f[]$ \T1/lmr/m/n/8 sub-ject to
 []


Underfull \hbox (badness 1394) in paragraph at lines 204--204
\T1/lmr/m/n/8 than or equal to
 []


Underfull \hbox (badness 5771) in paragraph at lines 204--204
\T1/lmr/m/n/8 the min-i-mum of
 []


Underfull \hbox (badness 1325) in paragraph at lines 204--204
\T1/lmr/m/n/8 fi-nal boxed equa-
 []


Underfull \hbox (badness 10000) in paragraph at lines 204--204
\T1/lmr/m/n/8 tion shows the
 []


Underfull \hbox (badness 10000) in paragraph at lines 204--204
\T1/lmr/m/n/8 un-der-lines high-
 []


Underfull \hbox (badness 2269) in paragraph at lines 204--204
\T1/lmr/m/n/8 light key phrases
 []

[6 </Users/ashoksaravanan/Coding/ScribeLec/server/output/MA 421/lectures/2024-0
9-17-DualityGeneral/figures/4.1.png (PNG copy)>]
/Users/ashoksaravanan/Coding/ScribeLec/server/output/MA 421/lectures/2024-09-17
-DualityGeneral/notes.tex:215: Missing $ inserted.
<inserted text> 
                $
l.215 ...pare } \max f_0 \text{ with constraints}}
                                                   \\
I've inserted a begin-math/end-math symbol since I think
you left one out. Proceed, with fingers crossed.

/Users/ashoksaravanan/Coding/ScribeLec/server/output/MA 421/lectures/2024-09-17
-DualityGeneral/notes.tex:215: Extra }, or forgotten $.
\underline  ...{#1}\else $\@@underline {\hbox {#1}
                                                  }\m@th $\relax \fi 
l.215 ...pare } \max f_0 \text{ with constraints}}
                                                   \\
I've deleted a group-closing symbol because it seems to be
spurious, as in `$x}$'. But perhaps the } is legitimate and
you forgot something else, as in `\hbox{$x}'. In such cases
the way to recover is to insert both the forgotten and the
deleted material, e.g., by typing `I$}'.

/Users/ashoksaravanan/Coding/ScribeLec/server/output/MA 421/lectures/2024-09-17
-DualityGeneral/notes.tex:215: Extra }, or forgotten $.
\underline  ...#1}\else $\@@underline {\hbox {#1}}
                                                  \m@th $\relax \fi 
l.215 ...pare } \max f_0 \text{ with constraints}}
                                                   \\
I've deleted a group-closing symbol because it seems to be
spurious, as in `$x}$'. But perhaps the } is legitimate and
you forgot something else, as in `\hbox{$x}'. In such cases
the way to recover is to insert both the forgotten and the
deleted material, e.g., by typing `I$}'.

/Users/ashoksaravanan/Coding/ScribeLec/server/output/MA 421/lectures/2024-09-17
-DualityGeneral/notes.tex:218: Missing $ inserted.
<inserted text> 
                $
l.218 ...in \mathcal{C}. \text{ i.e. } g_j(x) = 0}
                                                   \\
I've inserted a begin-math/end-math symbol since I think
you left one out. Proceed, with fingers crossed.

/Users/ashoksaravanan/Coding/ScribeLec/server/output/MA 421/lectures/2024-09-17
-DualityGeneral/notes.tex:218: Extra }, or forgotten $.
\underline  ...{#1}\else $\@@underline {\hbox {#1}
                                                  }\m@th $\relax \fi 
l.218 ...in \mathcal{C}. \text{ i.e. } g_j(x) = 0}
                                                   \\
I've deleted a group-closing symbol because it seems to be
spurious, as in `$x}$'. But perhaps the } is legitimate and
you forgot something else, as in `\hbox{$x}'. In such cases
the way to recover is to insert both the forgotten and the
deleted material, e.g., by typing `I$}'.

/Users/ashoksaravanan/Coding/ScribeLec/server/output/MA 421/lectures/2024-09-17
-DualityGeneral/notes.tex:218: Extra }, or forgotten $.
\underline  ...#1}\else $\@@underline {\hbox {#1}}
                                                  \m@th $\relax \fi 
l.218 ...in \mathcal{C}. \text{ i.e. } g_j(x) = 0}
                                                   \\
I've deleted a group-closing symbol because it seems to be
spurious, as in `$x}$'. But perhaps the } is legitimate and
you forgot something else, as in `\hbox{$x}'. In such cases
the way to recover is to insert both the forgotten and the
deleted material, e.g., by typing `I$}'.

/Users/ashoksaravanan/Coding/ScribeLec/server/output/MA 421/lectures/2024-09-17
-DualityGeneral/notes.tex:219: Missing $ inserted.
<inserted text> 
                $
l.219 \xi
         (x) = f_0(x) \le \xi(\mu) \\
I've inserted a begin-math/end-math symbol since I think
you left one out. Proceed, with fingers crossed.

/Users/ashoksaravanan/Coding/ScribeLec/server/output/MA 421/lectures/2024-09-17
-DualityGeneral/notes.tex:223: Missing $ inserted.
<inserted text> 
                $
l.223 \subsection
                 {Description}%
I've inserted a begin-math/end-math symbol since I think
you left one out. Proceed, with fingers crossed.


/Users/ashoksaravanan/Coding/ScribeLec/server/output/MA 421/lectures/2024-09-17
-DualityGeneral/notes.tex:223: LaTeX Error: Something's wrong--perhaps a missin
g \item.

See the LaTeX manual or LaTeX Companion for explanation.
Type  H <return>  for immediate help.
 ...                                              
                                                  
l.223 \subsection
                 {Description}%
Try typing  <return>  to proceed.
If that doesn't work, type  X <return>  to quit.


/Users/ashoksaravanan/Coding/ScribeLec/server/output/MA 421/lectures/2024-09-17
-DualityGeneral/notes.tex:223: LaTeX Error: Something's wrong--perhaps a missin
g \item.

See the LaTeX manual or LaTeX Companion for explanation.
Type  H <return>  for immediate help.
 ...                                              
                                                  
l.223 \subsection
                 {Description}%
Try typing  <return>  to proceed.
If that doesn't work, type  X <return>  to quit.

/Users/ashoksaravanan/Coding/ScribeLec/server/output/MA 421/lectures/2024-09-17
-DualityGeneral/notes.tex:223: Missing } inserted.
<inserted text> 
                }
l.223 \subsection{Description}
                              %
I've inserted something that you may have forgotten.
(See the <inserted text> above.)
With luck, this will get me unwedged. But if you
really didn't forget anything, try typing `2' now; then
my insertion and my current dilemma will both disappear.

/Users/ashoksaravanan/Coding/ScribeLec/server/output/MA 421/lectures/2024-09-17
-DualityGeneral/notes.tex:223: Missing $ inserted.
<inserted text> 
                $
l.223 \subsection{Description}
                              %
I've inserted a begin-math/end-math symbol since I think
you left one out. Proceed, with fingers crossed.

/Users/ashoksaravanan/Coding/ScribeLec/server/output/MA 421/lectures/2024-09-17
-DualityGeneral/notes.tex:223: Missing } inserted.
<inserted text> 
                }
l.223 \subsection{Description}
                              %
I've inserted something that you may have forgotten.
(See the <inserted text> above.)
With luck, this will get me unwedged. But if you
really didn't forget anything, try typing `2' now; then
my insertion and my current dilemma will both disappear.

/Users/ashoksaravanan/Coding/ScribeLec/server/output/MA 421/lectures/2024-09-17
-DualityGeneral/notes.tex:223: Missing } inserted.
<inserted text> 
                }
l.223 \subsection{Description}
                              %
I've inserted something that you may have forgotten.
(See the <inserted text> above.)
With luck, this will get me unwedged. But if you
really didn't forget anything, try typing `2' now; then
my insertion and my current dilemma will both disappear.

/Users/ashoksaravanan/Coding/ScribeLec/server/output/MA 421/lectures/2024-09-17
-DualityGeneral/notes.tex:223: Missing $ inserted.
<inserted text> 
                $
l.223 \subsection{Description}
                              %
I've inserted a begin-math/end-math symbol since I think
you left one out. Proceed, with fingers crossed.

/Users/ashoksaravanan/Coding/ScribeLec/server/output/MA 421/lectures/2024-09-17
-DualityGeneral/notes.tex:223: Missing } inserted.
<inserted text> 
                }
l.223 \subsection{Description}
                              %
I've inserted something that you may have forgotten.
(See the <inserted text> above.)
With luck, this will get me unwedged. But if you
really didn't forget anything, try typing `2' now; then
my insertion and my current dilemma will both disappear.


Overfull \hbox (405.84532pt too wide) in paragraph at lines 214--223
[]$ 
 []

</Users/ashoksaravanan/Coding/ScribeLec/server/output/MA 421/lectures/2024-09-1
7-DualityGeneral/figures/5.1.png, id=76, 471.7625pt x 471.7625pt>
File: /Users/ashoksaravanan/Coding/ScribeLec/server/output/MA 421/lectures/2024
-09-17-DualityGeneral/figures/5.1.png Graphic file (type png)
<use /Users/ashoksaravanan/Coding/ScribeLec/server/output/MA 421/lectures/2024-
09-17-DualityGeneral/figures/5.1.png>
Package pdftex.def Info: /Users/ashoksaravanan/Coding/ScribeLec/server/output/M
A 421/lectures/2024-09-17-DualityGeneral/figures/5.1.png  used on input line 23
0.
(pdftex.def)             Requested size: 70.46037pt x 70.45897pt.

Underfull \hbox (badness 10000) in paragraph at lines 231--231
[]\T1/lmr/bx/n/8 (a) |\T1/lmr/m/n/8 Hand-writ-ten
 []


Underfull \hbox (badness 10000) in paragraph at lines 231--231
\T1/lmr/m/n/8 notes com-par-ing
 []


Underfull \hbox (badness 10000) in paragraph at lines 231--231
\T1/lmr/m/n/8 the max-i-miza-
 []


Underfull \hbox (badness 5022) in paragraph at lines 231--231
\T1/lmr/m/n/8 tion of $\OML/lmm/m/it/8 f[]$ \T1/lmr/m/n/8 with
 []


Underfull \hbox (badness 10000) in paragraph at lines 231--231
\T1/lmr/m/n/8 con-straints to
 []


Underfull \hbox (badness 5939) in paragraph at lines 231--231
\T1/lmr/m/n/8 the max-i-miza-tion
 []


Underfull \hbox (badness 10000) in paragraph at lines 231--231
\T1/lmr/m/n/8 of $\OML/lmm/m/it/8 L$ \T1/lmr/m/n/8 with-out
 []


Underfull \hbox (badness 1014) in paragraph at lines 231--231
\T1/lmr/m/n/8 con-straints. The
 []


Underfull \hbox (badness 6808) in paragraph at lines 231--231
\T1/lmr/m/n/8 notes show that
 []


Underfull \hbox (badness 10000) in paragraph at lines 231--231
\T1/lmr/m/n/8 the max-i-mum
 []


Underfull \hbox (badness 2735) in paragraph at lines 231--231
\T1/lmr/m/n/8 of $\OML/lmm/m/it/8 f[]$ \T1/lmr/m/n/8 sub-ject to
 []


Underfull \hbox (badness 1394) in paragraph at lines 231--231
\T1/lmr/m/n/8 than or equal to
 []


Underfull \hbox (badness 5771) in paragraph at lines 231--231
\T1/lmr/m/n/8 the min-i-mum of
 []


Underfull \hbox (badness 1325) in paragraph at lines 231--231
\T1/lmr/m/n/8 fi-nal boxed equa-
 []


Underfull \hbox (badness 10000) in paragraph at lines 231--231
\T1/lmr/m/n/8 tion shows the
 []


Underfull \hbox (badness 10000) in paragraph at lines 231--231
\T1/lmr/m/n/8 un-der-lines high-
 []


Underfull \hbox (badness 2269) in paragraph at lines 231--231
\T1/lmr/m/n/8 light key phrases
 []

[7 </Users/ashoksaravanan/Coding/ScribeLec/server/output/MA 421/lectures/2024-0
9-17-DualityGeneral/figures/5.1.png (PNG copy)>]
/Users/ashoksaravanan/Coding/ScribeLec/server/output/MA 421/lectures/2024-09-17
-DualityGeneral/notes.tex:242: Missing $ inserted.
<inserted text> 
                $
l.242 \text{(P)} \quad \max
                           _x \xi(x) = f_0(x) \quad 6 \\
I've inserted a begin-math/end-math symbol since I think
you left one out. Proceed, with fingers crossed.

/Users/ashoksaravanan/Coding/ScribeLec/server/output/MA 421/lectures/2024-09-17
-DualityGeneral/notes.tex:248: Missing $ inserted.
<inserted text> 
                $
l.248 \subsection
                 {Description}%
I've inserted a begin-math/end-math symbol since I think
you left one out. Proceed, with fingers crossed.

</Users/ashoksaravanan/Coding/ScribeLec/server/output/MA 421/lectures/2024-09-1
7-DualityGeneral/figures/6.1.png, id=87, 471.7625pt x 471.7625pt>
File: /Users/ashoksaravanan/Coding/ScribeLec/server/output/MA 421/lectures/2024
-09-17-DualityGeneral/figures/6.1.png Graphic file (type png)
<use /Users/ashoksaravanan/Coding/ScribeLec/server/output/MA 421/lectures/2024-
09-17-DualityGeneral/figures/6.1.png>
Package pdftex.def Info: /Users/ashoksaravanan/Coding/ScribeLec/server/output/M
A 421/lectures/2024-09-17-DualityGeneral/figures/6.1.png  used on input line 25
5.
(pdftex.def)             Requested size: 70.46037pt x 70.45897pt.

Underfull \hbox (badness 10000) in paragraph at lines 256--256
[]\T1/lmr/bx/n/8 (a) |\T1/lmr/m/n/8 Hand-writ-ten
 []


Underfull \hbox (badness 10000) in paragraph at lines 256--256
\T1/lmr/m/n/8 notes de-scrib-ing
 []


Underfull \hbox (badness 1014) in paragraph at lines 256--256
\T1/lmr/m/n/8 con-straints. The
 []


Underfull \hbox (badness 10000) in paragraph at lines 256--256
\T1/lmr/m/n/8 pri-mal prob-
 []


Underfull \hbox (badness 10000) in paragraph at lines 256--256
\T1/lmr/m/n/8 lem max-i-mizes
 []


Underfull \hbox (badness 10000) in paragraph at lines 256--256
\OML/lmm/m/it/8 \OT1/lmr/m/n/8 (\OML/lmm/m/it/8 x\OT1/lmr/m/n/8 ) = \OML/lmm/m
/it/8 f[]\OT1/lmr/m/n/8 (\OML/lmm/m/it/8 x\OT1/lmr/m/n/8 )$
 []


Underfull \hbox (badness 2521) in paragraph at lines 256--256
\T1/lmr/m/n/8 sub-ject to equal-
 []


Underfull \hbox (badness 10000) in paragraph at lines 256--256
\T1/lmr/m/n/8 ity con-straints
 []


Underfull \hbox (badness 10000) in paragraph at lines 256--256
\OML/lmm/m/it/8 \OT1/lmr/m/n/8 (\OML/lmm/m/it/8 \OT1/lmr/m/n/8 )$ \T1/lmr/m/n
/8 is de-fined
 []


Underfull \hbox (badness 10000) in paragraph at lines 256--256
\T1/lmr/m/n/8 as the max-i-
 []


Underfull \hbox (badness 2393) in paragraph at lines 256--256
\T1/lmr/m/n/8 mum of the La-
 []


Underfull \hbox (badness 4518) in paragraph at lines 256--256
\T1/lmr/m/n/8 grangian func-tion
 []


Underfull \hbox (badness 10000) in paragraph at lines 256--256
[] \OML/lmm/m/it/8 []g[]\OT1/lmr/m/n/8 (\OML/lmm/m/it/8 x\OT1/lmr/m/n/8 )$ \T1
/lmr/m/n/8 over
 []


Underfull \hbox (badness 7221) in paragraph at lines 256--256
\T1/lmr/m/n/8 is in-tro-duced as
 []


Underfull \hbox (badness 1824) in paragraph at lines 256--256
\T1/lmr/m/n/8 a way to han-dle
 []


Underfull \hbox (badness 2158) in paragraph at lines 256--256
\T1/lmr/m/n/8 the equal-ity con-
 []


Underfull \hbox (badness 10000) in paragraph at lines 256--256
\T1/lmr/m/n/8 boxed equa-tion
 []


Underfull \hbox (badness 10000) in paragraph at lines 256--256
\T1/lmr/m/n/8 states the weak
 []


Underfull \hbox (badness 10000) in paragraph at lines 256--256
\T1/lmr/m/n/8 du-al-ity the-o-rem:
 []


Underfull \hbox (badness 4556) in paragraph at lines 256--256
\T1/lmr/m/n/8 lem ($\OML/lmm/m/it/8 []$\T1/lmr/m/n/8 ) is less
 []


Underfull \hbox (badness 1394) in paragraph at lines 256--256
\T1/lmr/m/n/8 than or equal to
 []


Underfull \hbox (badness 1616) in paragraph at lines 256--256
\T1/lmr/m/n/8 in-di-cate the re-la-
 []


Underfull \hbox (badness 3179) in paragraph at lines 256--256
\T1/lmr/m/n/8 tion-ships be-tween
 []


Underfull \hbox (badness 1648) in paragraph at lines 256--256
\T1/lmr/m/n/8 the pri-mal, dual,
 []


Underfull \hbox (badness 10000) in paragraph at lines 256--256
\T1/lmr/m/n/8 and La-grangian
 []


Underfull \hbox (badness 5203) in paragraph at lines 256--256
\T1/lmr/m/n/8 func-tions. The
 []


Underfull \hbox (badness 10000) in paragraph at lines 256--256
\T1/lmr/m/n/8 of the pri-mal
 []

[8] [9 </Users/ashoksaravanan/Coding/ScribeLec/server/output/MA 421/lectures/20
24-09-17-DualityGeneral/figures/6.1.png (PNG copy)>]
/Users/ashoksaravanan/Coding/ScribeLec/server/output/MA 421/lectures/2024-09-17
-DualityGeneral/notes.tex:275: Missing $ inserted.
<inserted text> 
                $
l.275 \xrightarrow{\text{6}}
                             \\
I've inserted a begin-math/end-math symbol since I think
you left one out. Proceed, with fingers crossed.

/Users/ashoksaravanan/Coding/ScribeLec/server/output/MA 421/lectures/2024-09-17
-DualityGeneral/notes.tex:279: Missing $ inserted.
<inserted text> 
                $
l.279 \subsection
                 {Description}%
I've inserted a begin-math/end-math symbol since I think
you left one out. Proceed, with fingers crossed.

</Users/ashoksaravanan/Coding/ScribeLec/server/output/MA 421/lectures/2024-09-1
7-DualityGeneral/figures/7.1.png, id=101, 471.7625pt x 471.7625pt>
File: /Users/ashoksaravanan/Coding/ScribeLec/server/output/MA 421/lectures/2024
-09-17-DualityGeneral/figures/7.1.png Graphic file (type png)
<use /Users/ashoksaravanan/Coding/ScribeLec/server/output/MA 421/lectures/2024-
09-17-DualityGeneral/figures/7.1.png>
Package pdftex.def Info: /Users/ashoksaravanan/Coding/ScribeLec/server/output/M
A 421/lectures/2024-09-17-DualityGeneral/figures/7.1.png  used on input line 28
6.
(pdftex.def)             Requested size: 70.46037pt x 70.45897pt.

Underfull \hbox (badness 10000) in paragraph at lines 287--287
[]\T1/lmr/bx/n/8 (a) |\T1/lmr/m/n/8 Hand-writ-ten
 []


Underfull \hbox (badness 10000) in paragraph at lines 287--287
\T1/lmr/m/n/8 notes de-scrib-ing
 []


Underfull \hbox (badness 10000) in paragraph at lines 287--287
\T1/lmr/m/n/8 ming prob-lem
 []


Underfull \hbox (badness 10000) in paragraph at lines 287--287
\T1/lmr/m/n/8 with in-equal-ity
 []


Underfull \hbox (badness 10000) in paragraph at lines 287--287
\T1/lmr/m/n/8 and equal-ity
 []


Underfull \hbox (badness 1014) in paragraph at lines 287--287
\T1/lmr/m/n/8 con-straints. The
 []


Underfull \hbox (badness 10000) in paragraph at lines 287--287
\T1/lmr/m/n/8 pri-mal prob-lem
 []


Underfull \hbox (badness 10000) in paragraph at lines 287--287
\T1/lmr/m/n/8 is to max-i-mize
 []


Underfull \hbox (badness 6001) in paragraph at lines 287--287
\OML/lmm/m/it/8 f[]\OT1/lmr/m/n/8 (\OML/lmm/m/it/8 x\OT1/lmr/m/n/8 )$ \T1/lmr/m
/n/8 sub-ject to
 []


Underfull \hbox (badness 10000) in paragraph at lines 287--287
\T1/lmr/m/n/8 The La-grangian
 []


Underfull \hbox (badness 7308) in paragraph at lines 287--287
\T1/lmr/m/n/8 is in-tro-duced to
 []


Underfull \hbox (badness 10000) in paragraph at lines 287--287
\T1/lmr/m/n/8 han-dle the con-
 []


Underfull \hbox (badness 1867) in paragraph at lines 287--287
\T1/lmr/m/n/8 are the La-grange
 []


Underfull \hbox (badness 10000) in paragraph at lines 287--287
\T1/lmr/m/n/8 mul-ti-pli-ers as-so-
 []


Underfull \hbox (badness 10000) in paragraph at lines 287--287
\T1/lmr/m/n/8 ci-ated with the
 []


Underfull \hbox (badness 10000) in paragraph at lines 287--287
\T1/lmr/m/n/8 in-equal-ity con-
 []


Underfull \hbox (badness 3058) in paragraph at lines 287--287
\T1/lmr/m/n/8 ti-pli-ers as-so-ci-ated
 []


Underfull \hbox (badness 10000) in paragraph at lines 287--287
\T1/lmr/m/n/8 with the equal-
 []


Underfull \hbox (badness 10000) in paragraph at lines 287--287
\T1/lmr/m/n/8 ity con-straints.
 []


Underfull \hbox (badness 10000) in paragraph at lines 287--287
\T1/lmr/m/n/8 The con-straint
 []


Underfull \hbox (badness 4479) in paragraph at lines 287--287
\T1/lmr/m/n/8 stated. Ar-rows
 []


Underfull \hbox (badness 1655) in paragraph at lines 287--287
\T1/lmr/m/n/8 point to the La-
 []


Underfull \hbox (badness 1622) in paragraph at lines 287--287
\T1/lmr/m/n/8 grangian and the
 []


Underfull \hbox (badness 10000) in paragraph at lines 287--287
\T1/lmr/m/n/8 pri-mal prob-lem,
 []


Underfull \hbox (badness 10000) in paragraph at lines 287--287
\T1/lmr/m/n/8 in-di-cat-ing their
 []


Underfull \hbox (badness 10000) in paragraph at lines 287--287
\T1/lmr/m/n/8 num-ber 6 likely
 []

[10] [11 </Users/ashoksaravanan/Coding/ScribeLec/server/output/MA 421/lectures/
2024-09-17-DualityGeneral/figures/7.1.png (PNG copy)>]

/Users/ashoksaravanan/Coding/ScribeLec/server/output/MA 421/lectures/2024-09-17
-DualityGeneral/notes.tex:298: Package amsmath Error: \tilde allowed only in ma
th mode.

See the amsmath package documentation for explanation.
Type  H <return>  for immediate help.
 ...                                              
                                                  
l.298 \text{Let } \tilde{x}
                            \in \mathcal{C}, \text{ i.e. constraints are sat...

You're in trouble here.  Try typing  <return>  to proceed.
If that doesn't work, type  X <return>  to quit.

/Users/ashoksaravanan/Coding/ScribeLec/server/output/MA 421/lectures/2024-09-17
-DualityGeneral/notes.tex:298: Missing $ inserted.
<inserted text> 
                $
l.298 \text{Let } \tilde{x} \in
                                \mathcal{C}, \text{ i.e. constraints are sat...
I've inserted a begin-math/end-math symbol since I think
you left one out. Proceed, with fingers crossed.

/Users/ashoksaravanan/Coding/ScribeLec/server/output/MA 421/lectures/2024-09-17
-DualityGeneral/notes.tex:306: Missing $ inserted.
<inserted text> 
                $
l.306 \subsection
                 {Description}%
I've inserted a begin-math/end-math symbol since I think
you left one out. Proceed, with fingers crossed.

</Users/ashoksaravanan/Coding/ScribeLec/server/output/MA 421/lectures/2024-09-1
7-DualityGeneral/figures/8.1.png, id=115, 471.7625pt x 471.7625pt>
File: /Users/ashoksaravanan/Coding/ScribeLec/server/output/MA 421/lectures/2024
-09-17-DualityGeneral/figures/8.1.png Graphic file (type png)
<use /Users/ashoksaravanan/Coding/ScribeLec/server/output/MA 421/lectures/2024-
09-17-DualityGeneral/figures/8.1.png>
Package pdftex.def Info: /Users/ashoksaravanan/Coding/ScribeLec/server/output/M
A 421/lectures/2024-09-17-DualityGeneral/figures/8.1.png  used on input line 31
3.
(pdftex.def)             Requested size: 70.46037pt x 70.45897pt.

Underfull \hbox (badness 10000) in paragraph at lines 314--314
[]\T1/lmr/bx/n/8 (a) |\T1/lmr/m/n/8 Hand-writ-ten
 []


Underfull \hbox (badness 10000) in paragraph at lines 314--314
\T1/lmr/m/n/8 deriva-tion of a
 []


Underfull \hbox (badness 10000) in paragraph at lines 314--314
\T1/lmr/m/n/8 in-equal-ity con-
 []


Underfull \hbox (badness 3417) in paragraph at lines 314--314
\T1/lmr/m/n/8 straints in lin-ear
 []


Underfull \hbox (badness 10000) in paragraph at lines 314--314
\T1/lmr/m/n/8 pro-gram-ming.
 []


Underfull \hbox (badness 10000) in paragraph at lines 314--314
\T1/lmr/m/n/8 The notes start
 []


Underfull \hbox (badness 1014) in paragraph at lines 314--314
\T1/lmr/m/n/8 by as-sum-ing that
 []


Underfull \hbox (badness 10000) in paragraph at lines 314--314
[]$ \T1/lmr/m/n/8 sat-is-fies the
 []


Underfull \hbox (badness 1014) in paragraph at lines 314--314
\T1/lmr/m/n/8 con-straints. The
 []


Underfull \hbox (badness 10000) in paragraph at lines 314--314
\T1/lmr/m/n/8 La-grangian is
 []


Underfull \hbox (badness 10000) in paragraph at lines 314--314
\T1/lmr/m/n/8 in-tro-duced, and
 []


Underfull \hbox (badness 10000) in paragraph at lines 314--314
\T1/lmr/m/n/8 an in-equal-ity is
 []


Underfull \hbox (badness 10000) in paragraph at lines 314--314
\T1/lmr/m/n/8 de-rived re-lat-ing
 []


Underfull \hbox (badness 10000) in paragraph at lines 314--314
\T1/lmr/m/n/8 the ob-jec-tive
 []


Underfull \hbox (badness 2027) in paragraph at lines 314--314
\T1/lmr/m/n/8 func-tion at $[]$ to
 []


Underfull \hbox (badness 10000) in paragraph at lines 314--314
\T1/lmr/m/n/8 the La-grangian.
 []


Underfull \hbox (badness 2119) in paragraph at lines 314--314
\T1/lmr/m/n/8 The in-equal-ity is
 []


Underfull \hbox (badness 3158) in paragraph at lines 314--314
\T1/lmr/m/n/8 func-tion at $[]$ is
 []


Underfull \hbox (badness 2790) in paragraph at lines 314--314
\T1/lmr/m/n/8 to the max-i-mum
 []


Underfull \hbox (badness 10000) in paragraph at lines 314--314
\T1/lmr/m/n/8 over $\OML/lmm/m/it/8 x$ \T1/lmr/m/n/8 (with-out
 []


Underfull \hbox (badness 1895) in paragraph at lines 314--314
\OML/lmm/m/it/8 f[]\OT1/lmr/m/n/8 (\OML/lmm/m/it/8 x\OT1/lmr/m/n/8 ) \OMS/lmsy/
m/n/8  \OT1/lmr/m/n/8 0$\T1/lmr/m/n/8 , and
 []


Underfull \hbox (badness 4193) in paragraph at lines 314--314
\OML/lmm/m/it/8 g[]\OT1/lmr/m/n/8 (\OML/lmm/m/it/8 x\OT1/lmr/m/n/8 ) = 0$ \T1/l
mr/m/n/8 are
 []


Underfull \hbox (badness 10000) in paragraph at lines 314--314
\T1/lmr/m/n/8 ex-plic-itly noted
 []


Underfull \hbox (badness 1163) in paragraph at lines 314--314
\T1/lmr/m/n/8 fi-nal in-equal-ity is
 []


Underfull \hbox (badness 10000) in paragraph at lines 314--314
\T1/lmr/m/n/8 high-lighted with
 []


Underfull \hbox (badness 7379) in paragraph at lines 314--314
\T1/lmr/m/n/8 a red un-der-line,
 []


Underfull \hbox (badness 3333) in paragraph at lines 314--314
\OML/lmm/m/it/8  \OMS/lmsy/m/n/8  \OT1/lmr/m/n/8 0$ \T1/lmr/m/n/8 is also
 []

[12] [13 </Users/ashoksaravanan/Coding/ScribeLec/server/output/MA 421/lectures/
2024-09-17-DualityGeneral/figures/8.1.png (PNG copy)>]

/Users/ashoksaravanan/Coding/ScribeLec/server/output/MA 421/lectures/2024-09-17
-DualityGeneral/notes.tex:325: Package amsmath Error: \tilde allowed only in ma
th mode.

See the amsmath package documentation for explanation.
Type  H <return>  for immediate help.
 ...                                              
                                                  
l.325 \text{Let } \tilde{x}
                            \in \mathcal{C}, \text{ i.e. constraints are sat...

You're in trouble here.  Try typing  <return>  to proceed.
If that doesn't work, type  X <return>  to quit.

/Users/ashoksaravanan/Coding/ScribeLec/server/output/MA 421/lectures/2024-09-17
-DualityGeneral/notes.tex:325: Missing $ inserted.
<inserted text> 
                $
l.325 \text{Let } \tilde{x} \in
                                \mathcal{C}, \text{ i.e. constraints are sat...
I've inserted a begin-math/end-math symbol since I think
you left one out. Proceed, with fingers crossed.

/Users/ashoksaravanan/Coding/ScribeLec/server/output/MA 421/lectures/2024-09-17
-DualityGeneral/notes.tex:332: Missing $ inserted.
<inserted text> 
                $
l.332 \subsection
                 {Description}%
I've inserted a begin-math/end-math symbol since I think
you left one out. Proceed, with fingers crossed.

</Users/ashoksaravanan/Coding/ScribeLec/server/output/MA 421/lectures/2024-09-1
7-DualityGeneral/figures/9.1.png, id=131, 471.7625pt x 471.7625pt>
File: /Users/ashoksaravanan/Coding/ScribeLec/server/output/MA 421/lectures/2024
-09-17-DualityGeneral/figures/9.1.png Graphic file (type png)
<use /Users/ashoksaravanan/Coding/ScribeLec/server/output/MA 421/lectures/2024-
09-17-DualityGeneral/figures/9.1.png>
Package pdftex.def Info: /Users/ashoksaravanan/Coding/ScribeLec/server/output/M
A 421/lectures/2024-09-17-DualityGeneral/figures/9.1.png  used on input line 33
9.
(pdftex.def)             Requested size: 70.46037pt x 70.45897pt.

Underfull \hbox (badness 10000) in paragraph at lines 340--340
[]\T1/lmr/bx/n/8 (a) |\T1/lmr/m/n/8 Hand-writ-ten
 []


Underfull \hbox (badness 1715) in paragraph at lines 340--340
\T1/lmr/m/n/8 ity con-straints in
 []


Underfull \hbox (badness 10000) in paragraph at lines 340--340
\T1/lmr/m/n/8 lin-ear pro-gram-
 []


Underfull \hbox (badness 2698) in paragraph at lines 340--340
\T1/lmr/m/n/8 con-straints. An
 []


Underfull \hbox (badness 6078) in paragraph at lines 340--340
\T1/lmr/m/n/8 in-equal-ity is de-
 []


Underfull \hbox (badness 1057) in paragraph at lines 340--340
\T1/lmr/m/n/8 rived re-lat-ing the
 []


Underfull \hbox (badness 2435) in paragraph at lines 340--340
\T1/lmr/m/n/8 ob-jec-tive func-tion
 []


Underfull \hbox (badness 4556) in paragraph at lines 340--340
\T1/lmr/m/n/8 at $[]$ to $\OML/lmm/m/it/8 \OT1/lmr/m/n/8 (\OML/lmm/m/it/8 ; 
\OT1/lmr/m/n/8 )$\T1/lmr/m/n/8 .
 []


Underfull \hbox (badness 10000) in paragraph at lines 340--340
\T1/lmr/m/n/8 of the ob-jec-tive
 []


Underfull \hbox (badness 1622) in paragraph at lines 340--340
\T1/lmr/m/n/8 func-tion over the
 []


Underfull \hbox (badness 3417) in paragraph at lines 340--340
\T1/lmr/m/n/8 fea-si-ble re-gion is
 []


Underfull \hbox (badness 4726) in paragraph at lines 340--340
\T1/lmr/m/n/8 to the min-i-mum
 []


Underfull \hbox (badness 10000) in paragraph at lines 340--340
\T1/lmr/m/n/8 La-grange mul-ti-
 []


Underfull \hbox (badness 10000) in paragraph at lines 340--340
\T1/lmr/m/n/8 Du-al-ity". The
 []


Underfull \hbox (badness 10000) in paragraph at lines 340--340
\T1/lmr/m/n/8 ex-plic-itly noted.
 []


Underfull \hbox (badness 10000) in paragraph at lines 340--340
\T1/lmr/m/n/8 Ar-rows in-di-cate
 []


Underfull \hbox (badness 10000) in paragraph at lines 340--340
\T1/lmr/m/n/8 in-equal-i-ties and
 []


Underfull \hbox (badness 10000) in paragraph at lines 340--340
\T1/lmr/m/n/8 the re-la-tion-ship
 []


Underfull \hbox (badness 10000) in paragraph at lines 340--340
\T1/lmr/m/n/8 The no-ta-tion $\OMS/lmsy/m/n/8 C$
 []


Underfull \hbox (badness 10000) in paragraph at lines 340--340
\T1/lmr/m/n/8 rep-re-sents the
 []

[14] [15 </Users/ashoksaravanan/Coding/ScribeLec/server/output/MA 421/lectures/
2024-09-17-DualityGeneral/figures/9.1.png (PNG copy)>]
/Users/ashoksaravanan/Coding/ScribeLec/server/output/MA 421/lectures/2024-09-17
-DualityGeneral/notes.tex:365: Missing $ inserted.
<inserted text> 
                $
l.365 \text{Weak Duality: } \quad \xi
                                     ^* = \max_{x \in \mathcal{C}} \xi(x) \l...
I've inserted a begin-math/end-math symbol since I think
you left one out. Proceed, with fingers crossed.

/Users/ashoksaravanan/Coding/ScribeLec/server/output/MA 421/lectures/2024-09-17
-DualityGeneral/notes.tex:367: Missing $ inserted.
<inserted text> 
                $
l.367 \subsection
                 {Description}%
I've inserted a begin-math/end-math symbol since I think
you left one out. Proceed, with fingers crossed.

</Users/ashoksaravanan/Coding/ScribeLec/server/output/MA 421/lectures/2024-09-1
7-DualityGeneral/figures/10.1.png, id=145, 471.7625pt x 471.7625pt>
File: /Users/ashoksaravanan/Coding/ScribeLec/server/output/MA 421/lectures/2024
-09-17-DualityGeneral/figures/10.1.png Graphic file (type png)
<use /Users/ashoksaravanan/Coding/ScribeLec/server/output/MA 421/lectures/2024-
09-17-DualityGeneral/figures/10.1.png>
Package pdftex.def Info: /Users/ashoksaravanan/Coding/ScribeLec/server/output/M
A 421/lectures/2024-09-17-DualityGeneral/figures/10.1.png  used on input line 3
74.
(pdftex.def)             Requested size: 70.46037pt x 70.45897pt.

Underfull \hbox (badness 10000) in paragraph at lines 375--375
[]\T1/lmr/bx/n/8 (a) |\T1/lmr/m/n/8 Hand-writ-ten
 []


Underfull \hbox (badness 10000) in paragraph at lines 375--375
\T1/lmr/m/n/8 notes de-scrib-ing
 []


Underfull \hbox (badness 10000) in paragraph at lines 375--375
\T1/lmr/m/n/8 the pri-mal and
 []


Underfull \hbox (badness 10000) in paragraph at lines 375--375
\T1/lmr/m/n/8 dual prob-lems
 []


Underfull \hbox (badness 10000) in paragraph at lines 375--375
\T1/lmr/m/n/8 in lin-ear pro-
 []


Underfull \hbox (badness 10000) in paragraph at lines 375--375
\T1/lmr/m/n/8 gram-ming with
 []


Underfull \hbox (badness 10000) in paragraph at lines 375--375
\T1/lmr/m/n/8 in-equal-ity con-
 []


Underfull \hbox (badness 10000) in paragraph at lines 375--375
\T1/lmr/m/n/8 straints. The
 []


Underfull \hbox (badness 10000) in paragraph at lines 375--375
\T1/lmr/m/n/8 pri-mal prob-lem
 []


Underfull \hbox (badness 10000) in paragraph at lines 375--375
\OML/lmm/m/it/8 \OT1/lmr/m/n/8 (\OML/lmm/m/it/8 x\OT1/lmr/m/n/8 ) = \OML/lmm/m
/it/8 f[]\OT1/lmr/m/n/8 (\OML/lmm/m/it/8 x\OT1/lmr/m/n/8 )$
 []


Underfull \hbox (badness 10000) in paragraph at lines 375--375
\T1/lmr/m/n/8 sub-ject to $\OML/lmm/m/it/8 m$
 []


Underfull \hbox (badness 10000) in paragraph at lines 375--375
\T1/lmr/m/n/8 in-equal-ity con-
 []


Underfull \hbox (badness 10000) in paragraph at lines 375--375
\T1/lmr/m/n/8 The dual prob-
 []


Underfull \hbox (badness 10000) in paragraph at lines 375--375
\T1/lmr/m/n/8 lem (D) is to
 []


Underfull \hbox (badness 10000) in paragraph at lines 375--375
\T1/lmr/m/n/8 min-i-mize $\OML/lmm/m/it/8 \OT1/lmr/m/n/8 (\OML/lmm/m/it/8 ; 
\OT1/lmr/m/n/8 )$
 []


Underfull \hbox (badness 4193) in paragraph at lines 375--375
\OML/lmm/m/it/8 $\T1/lmr/m/n/8 , where $\OML/lmm/m/it/8 \OT1/lmr/m/n/8 (\OML/
lmm/m/it/8 ; \OT1/lmr/m/n/8 )$
 []


Underfull \hbox (badness 1460) in paragraph at lines 375--375
\T1/lmr/m/n/8 is de-fined as the
 []


Underfull \hbox (badness 3536) in paragraph at lines 375--375
\T1/lmr/m/n/8 max-i-mum of the
 []


Underfull \hbox (badness 10000) in paragraph at lines 375--375
\T1/lmr/m/n/8 ex-plic-itly shown.
 []


Underfull \hbox (badness 2970) in paragraph at lines 375--375
\T1/lmr/m/n/8 lem is less than
 []


Underfull \hbox (badness 4779) in paragraph at lines 375--375
\T1/lmr/m/n/8 or equal to the
 []


Underfull \hbox (badness 5064) in paragraph at lines 375--375
\T1/lmr/m/n/8 op-ti-mal value of
 []


Underfull \hbox (badness 1028) in paragraph at lines 375--375
\T1/lmr/m/n/8 The num-ber 6 is
 []


Underfull \hbox (badness 10000) in paragraph at lines 375--375
\T1/lmr/m/n/8 pri-mal prob-lem,
 []


Underfull \hbox (badness 10000) in paragraph at lines 375--375
\T1/lmr/m/n/8 likely in-di-cat-ing
 []

[16] [17 </Users/ashoksaravanan/Coding/ScribeLec/server/output/MA 421/lectures/
2024-09-17-DualityGeneral/figures/10.1.png (PNG copy)>]
/Users/ashoksaravanan/Coding/ScribeLec/server/output/MA 421/lectures/2024-09-17
-DualityGeneral/notes.tex:386: Missing $ inserted.
<inserted text> 
                $
l.386 \max
           \quad \xi(x) = m^T x \\
I've inserted a begin-math/end-math symbol since I think
you left one out. Proceed, with fingers crossed.

/Users/ashoksaravanan/Coding/ScribeLec/server/output/MA 421/lectures/2024-09-17
-DualityGeneral/notes.tex:394: Missing $ inserted.
<inserted text> 
                $
l.394 \subsection
                 {Description}%
I've inserted a begin-math/end-math symbol since I think
you left one out. Proceed, with fingers crossed.

</Users/ashoksaravanan/Coding/ScribeLec/server/output/MA 421/lectures/2024-09-1
7-DualityGeneral/figures/11.1.png, id=160, 471.7625pt x 471.7625pt>
File: /Users/ashoksaravanan/Coding/ScribeLec/server/output/MA 421/lectures/2024
-09-17-DualityGeneral/figures/11.1.png Graphic file (type png)
<use /Users/ashoksaravanan/Coding/ScribeLec/server/output/MA 421/lectures/2024-
09-17-DualityGeneral/figures/11.1.png>
Package pdftex.def Info: /Users/ashoksaravanan/Coding/ScribeLec/server/output/M
A 421/lectures/2024-09-17-DualityGeneral/figures/11.1.png  used on input line 4
01.
(pdftex.def)             Requested size: 70.46037pt x 70.45897pt.

Underfull \hbox (badness 10000) in paragraph at lines 402--402
[]\T1/lmr/bx/n/8 (a) |\T1/lmr/m/n/8 Hand-writ-ten
 []


Underfull \hbox (badness 3271) in paragraph at lines 402--402
\T1/lmr/m/n/8 deriva-tion of the
 []


Underfull \hbox (badness 2556) in paragraph at lines 402--402
\T1/lmr/m/n/8 dual prob-lem for
 []


Underfull \hbox (badness 10000) in paragraph at lines 402--402
\T1/lmr/m/n/8 a gen-eral lin-ear
 []


Underfull \hbox (badness 10000) in paragraph at lines 402--402
\T1/lmr/m/n/8 pro-gram. The
 []


Underfull \hbox (badness 10000) in paragraph at lines 402--402
\T1/lmr/m/n/8 La-grangian is
 []


Underfull \hbox (badness 10000) in paragraph at lines 402--402
\T1/lmr/m/n/8 in-tro-duced, and
 []


Underfull \hbox (badness 1189) in paragraph at lines 402--402
\T1/lmr/m/n/8 the dual func-tion
 []


Underfull \hbox (badness 2351) in paragraph at lines 402--402
\OML/lmm/m/it/8 \OT1/lmr/m/n/8 (\OML/lmm/m/it/8 ; \OT1/lmr/m/n/8 )$ \T1/lmr/
m/n/8 is de-fined
 []


Underfull \hbox (badness 2744) in paragraph at lines 402--402
\T1/lmr/m/n/8 as the max-i-mum
 []


Underfull \hbox (badness 10000) in paragraph at lines 402--402
\T1/lmr/m/n/8 over $\OML/lmm/m/it/8 x$ \T1/lmr/m/n/8 with-out
 []


Underfull \hbox (badness 1014) in paragraph at lines 402--402
\T1/lmr/m/n/8 con-straints. The
 []


Underfull \hbox (badness 1365) in paragraph at lines 402--402
\T1/lmr/m/n/8 itly noted. The
 []


Underfull \hbox (badness 10000) in paragraph at lines 402--402
\T1/lmr/m/n/8 no-ta-tion $\OML/lmm/m/it/8 \OT1/lmr/m/n/8 (\OML/lmm/m/it/8 x\OT
1/lmr/m/n/8 )$
 []


Underfull \hbox (badness 10000) in paragraph at lines 402--402
\T1/lmr/m/n/8 rep-re-sents the
 []


Underfull \hbox (badness 10000) in paragraph at lines 402--402
\T1/lmr/m/n/8 pri-mal ob-jec-tive
 []


Underfull \hbox (badness 10000) in paragraph at lines 402--402
\T1/lmr/m/n/8 func-tion, and
 []


Underfull \hbox (badness 7344) in paragraph at lines 402--402
\OML/lmm/m/it/8 \OT1/lmr/m/n/8 (\OML/lmm/m/it/8 ; \OT1/lmr/m/n/8 )$ \T1/lmr/
m/n/8 rep-re-sents
 []

[18] [19 </Users/ashoksaravanan/Coding/ScribeLec/server/output/MA 421/lectures/
2024-09-17-DualityGeneral/figures/11.1.png (PNG copy)>]
/Users/ashoksaravanan/Coding/ScribeLec/server/output/MA 421/lectures/2024-09-17
-DualityGeneral/notes.tex:413: Missing $ inserted.
<inserted text> 
                $
l.413 \max
           \quad \xi(x) = m^T x \\
I've inserted a begin-math/end-math symbol since I think
you left one out. Proceed, with fingers crossed.

/Users/ashoksaravanan/Coding/ScribeLec/server/output/MA 421/lectures/2024-09-17
-DualityGeneral/notes.tex:420: Missing $ inserted.
<inserted text> 
                $
l.420 \subsection
                 {Description}%
I've inserted a begin-math/end-math symbol since I think
you left one out. Proceed, with fingers crossed.

</Users/ashoksaravanan/Coding/ScribeLec/server/output/MA 421/lectures/2024-09-1
7-DualityGeneral/figures/12.1.png, id=175, 471.7625pt x 471.7625pt>
File: /Users/ashoksaravanan/Coding/ScribeLec/server/output/MA 421/lectures/2024
-09-17-DualityGeneral/figures/12.1.png Graphic file (type png)
<use /Users/ashoksaravanan/Coding/ScribeLec/server/output/MA 421/lectures/2024-
09-17-DualityGeneral/figures/12.1.png>
Package pdftex.def Info: /Users/ashoksaravanan/Coding/ScribeLec/server/output/M
A 421/lectures/2024-09-17-DualityGeneral/figures/12.1.png  used on input line 4
27.
(pdftex.def)             Requested size: 70.46037pt x 70.45897pt.

Underfull \hbox (badness 10000) in paragraph at lines 428--428
[]\T1/lmr/bx/n/8 (a) |\T1/lmr/m/n/8 Hand-writ-ten
 []


Underfull \hbox (badness 3271) in paragraph at lines 428--428
\T1/lmr/m/n/8 deriva-tion of the
 []


Underfull \hbox (badness 2556) in paragraph at lines 428--428
\T1/lmr/m/n/8 dual prob-lem for
 []


Underfull \hbox (badness 10000) in paragraph at lines 428--428
\T1/lmr/m/n/8 a gen-eral lin-ear
 []


Underfull \hbox (badness 10000) in paragraph at lines 428--428
\T1/lmr/m/n/8 pro-gram. The
 []


Underfull \hbox (badness 10000) in paragraph at lines 428--428
\T1/lmr/m/n/8 La-grangian is
 []


Underfull \hbox (badness 10000) in paragraph at lines 428--428
\T1/lmr/m/n/8 in-tro-duced, and
 []


Underfull \hbox (badness 10000) in paragraph at lines 428--428
\T1/lmr/m/n/8 an in-equal-ity is
 []


Underfull \hbox (badness 10000) in paragraph at lines 428--428
\T1/lmr/m/n/8 de-rived re-lat-ing
 []


Underfull \hbox (badness 10000) in paragraph at lines 428--428
\T1/lmr/m/n/8 the pri-mal ob-
 []


Underfull \hbox (badness 10000) in paragraph at lines 428--428
\T1/lmr/m/n/8 jec-tive func-tion
 []


Underfull \hbox (badness 4156) in paragraph at lines 428--428
\T1/lmr/m/n/8 to the dual ob-
 []


Underfull \hbox (badness 10000) in paragraph at lines 428--428
\T1/lmr/m/n/8 jec-tive func-tion.
 []


Underfull \hbox (badness 10000) in paragraph at lines 428--428
\T1/lmr/m/n/8 The con-di-tions
 []


Underfull \hbox (badness 10000) in paragraph at lines 428--428
\T1/lmr/m/n/8 ex-plic-itly noted.
 []


Underfull \hbox (badness 10000) in paragraph at lines 428--428
\T1/lmr/m/n/8 rep-re-sents the
 []


Underfull \hbox (badness 10000) in paragraph at lines 428--428
\T1/lmr/m/n/8 pri-mal ob-jec-tive
 []


Underfull \hbox (badness 10000) in paragraph at lines 428--428
\T1/lmr/m/n/8 func-tion, and
 []


Underfull \hbox (badness 7344) in paragraph at lines 428--428
\OML/lmm/m/it/8 \OT1/lmr/m/n/8 (\OML/lmm/m/it/8 ; \OT1/lmr/m/n/8 )$ \T1/lmr/
m/n/8 rep-re-sents
 []


Underfull \hbox (badness 10000) in paragraph at lines 428--428
\T1/lmr/m/n/8 func-tion. The
 []


Underfull \hbox (badness 3417) in paragraph at lines 428--428
\T1/lmr/m/n/8 fea-si-ble re-gion is
 []

[20] [21 </Users/ashoksaravanan/Coding/ScribeLec/server/output/MA 421/lectures/
2024-09-17-DualityGeneral/figures/12.1.png (PNG copy)>]
/Users/ashoksaravanan/Coding/ScribeLec/server/output/MA 421/lectures/2024-09-17
-DualityGeneral/notes.tex:439: Missing $ inserted.
<inserted text> 
                $
l.439 \max
           \quad \xi(x) = m^T x \\
I've inserted a begin-math/end-math symbol since I think
you left one out. Proceed, with fingers crossed.

/Users/ashoksaravanan/Coding/ScribeLec/server/output/MA 421/lectures/2024-09-17
-DualityGeneral/notes.tex:446: Missing $ inserted.
<inserted text> 
                $
l.446 \subsection
                 {Description}%
I've inserted a begin-math/end-math symbol since I think
you left one out. Proceed, with fingers crossed.

</Users/ashoksaravanan/Coding/ScribeLec/server/output/MA 421/lectures/2024-09-1
7-DualityGeneral/figures/13.1.png, id=189, 471.7625pt x 471.7625pt>
File: /Users/ashoksaravanan/Coding/ScribeLec/server/output/MA 421/lectures/2024
-09-17-DualityGeneral/figures/13.1.png Graphic file (type png)
<use /Users/ashoksaravanan/Coding/ScribeLec/server/output/MA 421/lectures/2024-
09-17-DualityGeneral/figures/13.1.png>
Package pdftex.def Info: /Users/ashoksaravanan/Coding/ScribeLec/server/output/M
A 421/lectures/2024-09-17-DualityGeneral/figures/13.1.png  used on input line 4
53.
(pdftex.def)             Requested size: 70.46037pt x 70.45897pt.

Underfull \hbox (badness 10000) in paragraph at lines 454--454
[]\T1/lmr/bx/n/8 (a) |\T1/lmr/m/n/8 Hand-writ-ten
 []


Underfull \hbox (badness 3271) in paragraph at lines 454--454
\T1/lmr/m/n/8 deriva-tion of the
 []


Underfull \hbox (badness 2556) in paragraph at lines 454--454
\T1/lmr/m/n/8 dual prob-lem for
 []


Underfull \hbox (badness 10000) in paragraph at lines 454--454
\T1/lmr/m/n/8 a gen-eral lin-ear
 []


Underfull \hbox (badness 10000) in paragraph at lines 454--454
\T1/lmr/m/n/8 pro-gram. The
 []


Underfull \hbox (badness 10000) in paragraph at lines 454--454
\T1/lmr/m/n/8 La-grangian is
 []


Underfull \hbox (badness 10000) in paragraph at lines 454--454
\T1/lmr/m/n/8 in-tro-duced, and
 []


Underfull \hbox (badness 10000) in paragraph at lines 454--454
\T1/lmr/m/n/8 an in-equal-ity is
 []


Underfull \hbox (badness 10000) in paragraph at lines 454--454
\T1/lmr/m/n/8 de-rived re-lat-ing
 []


Underfull \hbox (badness 10000) in paragraph at lines 454--454
\T1/lmr/m/n/8 the pri-mal ob-
 []


Underfull \hbox (badness 10000) in paragraph at lines 454--454
\T1/lmr/m/n/8 jec-tive func-tion
 []


Underfull \hbox (badness 4156) in paragraph at lines 454--454
\T1/lmr/m/n/8 to the dual ob-
 []


Underfull \hbox (badness 10000) in paragraph at lines 454--454
\T1/lmr/m/n/8 jec-tive func-tion.
 []


Underfull \hbox (badness 10000) in paragraph at lines 454--454
\T1/lmr/m/n/8 The con-di-tions
 []


Underfull \hbox (badness 10000) in paragraph at lines 454--454
\T1/lmr/m/n/8 ex-plic-itly noted.
 []


Underfull \hbox (badness 10000) in paragraph at lines 454--454
\T1/lmr/m/n/8 rep-re-sents the
 []


Underfull \hbox (badness 10000) in paragraph at lines 454--454
\T1/lmr/m/n/8 pri-mal ob-jec-tive
 []


Underfull \hbox (badness 10000) in paragraph at lines 454--454
\T1/lmr/m/n/8 func-tion, and
 []


Underfull \hbox (badness 7344) in paragraph at lines 454--454
\OML/lmm/m/it/8 \OT1/lmr/m/n/8 (\OML/lmm/m/it/8 ; \OT1/lmr/m/n/8 )$ \T1/lmr/
m/n/8 rep-re-sents
 []


Underfull \hbox (badness 10000) in paragraph at lines 454--454
\T1/lmr/m/n/8 func-tion. The
 []


Underfull \hbox (badness 3417) in paragraph at lines 454--454
\T1/lmr/m/n/8 fea-si-ble re-gion is
 []

[22] [23 </Users/ashoksaravanan/Coding/ScribeLec/server/output/MA 421/lectures/
2024-09-17-DualityGeneral/figures/13.1.png (PNG copy)>]
/Users/ashoksaravanan/Coding/ScribeLec/server/output/MA 421/lectures/2024-09-17
-DualityGeneral/notes.tex:465: Missing $ inserted.
<inserted text> 
                $
l.465 L(x, \lambda
                  , \mu) = m^T x - \lambda^T (Ax - b) - \mu^T (Bx - c) \\
I've inserted a begin-math/end-math symbol since I think
you left one out. Proceed, with fingers crossed.

/Users/ashoksaravanan/Coding/ScribeLec/server/output/MA 421/lectures/2024-09-17
-DualityGeneral/notes.tex:472: Missing $ inserted.
<inserted text> 
                $
l.472 \subsection
                 {Description}%
I've inserted a begin-math/end-math symbol since I think
you left one out. Proceed, with fingers crossed.

</Users/ashoksaravanan/Coding/ScribeLec/server/output/MA 421/lectures/2024-09-1
7-DualityGeneral/figures/14.1.png, id=203, 471.7625pt x 471.7625pt>
File: /Users/ashoksaravanan/Coding/ScribeLec/server/output/MA 421/lectures/2024
-09-17-DualityGeneral/figures/14.1.png Graphic file (type png)
<use /Users/ashoksaravanan/Coding/ScribeLec/server/output/MA 421/lectures/2024-
09-17-DualityGeneral/figures/14.1.png>
Package pdftex.def Info: /Users/ashoksaravanan/Coding/ScribeLec/server/output/M
A 421/lectures/2024-09-17-DualityGeneral/figures/14.1.png  used on input line 4
79.
(pdftex.def)             Requested size: 70.46037pt x 70.45897pt.

Underfull \hbox (badness 10000) in paragraph at lines 480--480
[]\T1/lmr/bx/n/8 (a) |\T1/lmr/m/n/8 Hand-writ-ten
 []


Underfull \hbox (badness 3271) in paragraph at lines 480--480
\T1/lmr/m/n/8 deriva-tion of the
 []


Underfull \hbox (badness 2556) in paragraph at lines 480--480
\T1/lmr/m/n/8 dual prob-lem for
 []


Underfull \hbox (badness 10000) in paragraph at lines 480--480
\T1/lmr/m/n/8 a gen-eral lin-ear
 []


Underfull \hbox (badness 10000) in paragraph at lines 480--480
\T1/lmr/m/n/8 pro-gram. The
 []


Underfull \hbox (badness 10000) in paragraph at lines 480--480
\T1/lmr/m/n/8 La-grangian is
 []


Underfull \hbox (badness 10000) in paragraph at lines 480--480
\T1/lmr/m/n/8 in-tro-duced and
 []


Underfull \hbox (badness 10000) in paragraph at lines 480--480
\T1/lmr/m/n/8 sim-pli-fied. A
 []


Underfull \hbox (badness 10000) in paragraph at lines 480--480
\T1/lmr/m/n/8 for when the
 []


Underfull \hbox (badness 3536) in paragraph at lines 480--480
\T1/lmr/m/n/8 max-i-mum of the
 []


Underfull \hbox (badness 1365) in paragraph at lines 480--480
\T1/lmr/m/n/8 itly noted. The
 []


Underfull \hbox (badness 10000) in paragraph at lines 480--480
\T1/lmr/m/n/8 rep-re-sents the
 []

[24 </Users/ashoksaravanan/Coding/ScribeLec/server/output/MA 421/lectures/2024-
09-17-DualityGeneral/figures/14.1.png (PNG copy)>]
/Users/ashoksaravanan/Coding/ScribeLec/server/output/MA 421/lectures/2024-09-17
-DualityGeneral/notes.tex:491: Missing $ inserted.
<inserted text> 
                $
l.491 L(x, \lambda
                  , \mu) = m^T x - \lambda^T (Ax - b) - \mu^T (Bx - c) \\
I've inserted a begin-math/end-math symbol since I think
you left one out. Proceed, with fingers crossed.

/Users/ashoksaravanan/Coding/ScribeLec/server/output/MA 421/lectures/2024-09-17
-DualityGeneral/notes.tex:498: Missing $ inserted.
<inserted text> 
                $
l.498 \subsection
                 {Description}%
I've inserted a begin-math/end-math symbol since I think
you left one out. Proceed, with fingers crossed.

</Users/ashoksaravanan/Coding/ScribeLec/server/output/MA 421/lectures/2024-09-1
7-DualityGeneral/figures/15.1.png, id=213, 471.7625pt x 471.7625pt>
File: /Users/ashoksaravanan/Coding/ScribeLec/server/output/MA 421/lectures/2024
-09-17-DualityGeneral/figures/15.1.png Graphic file (type png)
<use /Users/ashoksaravanan/Coding/ScribeLec/server/output/MA 421/lectures/2024-
09-17-DualityGeneral/figures/15.1.png>
Package pdftex.def Info: /Users/ashoksaravanan/Coding/ScribeLec/server/output/M
A 421/lectures/2024-09-17-DualityGeneral/figures/15.1.png  used on input line 5
05.
(pdftex.def)             Requested size: 70.46037pt x 70.45897pt.

Underfull \hbox (badness 10000) in paragraph at lines 506--506
[]\T1/lmr/bx/n/8 (a) |\T1/lmr/m/n/8 Hand-writ-ten
 []


Underfull \hbox (badness 3271) in paragraph at lines 506--506
\T1/lmr/m/n/8 deriva-tion of the
 []


Underfull \hbox (badness 2556) in paragraph at lines 506--506
\T1/lmr/m/n/8 dual prob-lem for
 []


Underfull \hbox (badness 10000) in paragraph at lines 506--506
\T1/lmr/m/n/8 a gen-eral lin-ear
 []


Underfull \hbox (badness 10000) in paragraph at lines 506--506
\T1/lmr/m/n/8 pro-gram. The
 []


Underfull \hbox (badness 10000) in paragraph at lines 506--506
\T1/lmr/m/n/8 La-grangian is
 []


Underfull \hbox (badness 10000) in paragraph at lines 506--506
\T1/lmr/m/n/8 in-tro-duced and
 []


Underfull \hbox (badness 10000) in paragraph at lines 506--506
\T1/lmr/m/n/8 sim-pli-fied. A
 []


Underfull \hbox (badness 10000) in paragraph at lines 506--506
\T1/lmr/m/n/8 for when the
 []


Underfull \hbox (badness 3536) in paragraph at lines 506--506
\T1/lmr/m/n/8 max-i-mum of the
 []


Underfull \hbox (badness 1365) in paragraph at lines 506--506
\T1/lmr/m/n/8 itly noted. The
 []


Underfull \hbox (badness 10000) in paragraph at lines 506--506
\T1/lmr/m/n/8 rep-re-sents the
 []

[25 </Users/ashoksaravanan/Coding/ScribeLec/server/output/MA 421/lectures/2024-
09-17-DualityGeneral/figures/15.1.png (PNG copy)>]
/Users/ashoksaravanan/Coding/ScribeLec/server/output/MA 421/lectures/2024-09-17
-DualityGeneral/notes.tex:517: Missing $ inserted.
<inserted text> 
                $
l.517 L(x, \lambda
                  , \mu) = m^T x - \lambda^T (Ax - b) - \mu^T (Bx - c) \\
I've inserted a begin-math/end-math symbol since I think
you left one out. Proceed, with fingers crossed.

/Users/ashoksaravanan/Coding/ScribeLec/server/output/MA 421/lectures/2024-09-17
-DualityGeneral/notes.tex:523: Missing $ inserted.
<inserted text> 
                $
l.523 \subsection
                 {Description}%
I've inserted a begin-math/end-math symbol since I think
you left one out. Proceed, with fingers crossed.

</Users/ashoksaravanan/Coding/ScribeLec/server/output/MA 421/lectures/2024-09-1
7-DualityGeneral/figures/16.1.png, id=224, 471.7625pt x 471.7625pt>
File: /Users/ashoksaravanan/Coding/ScribeLec/server/output/MA 421/lectures/2024
-09-17-DualityGeneral/figures/16.1.png Graphic file (type png)
<use /Users/ashoksaravanan/Coding/ScribeLec/server/output/MA 421/lectures/2024-
09-17-DualityGeneral/figures/16.1.png>
Package pdftex.def Info: /Users/ashoksaravanan/Coding/ScribeLec/server/output/M
A 421/lectures/2024-09-17-DualityGeneral/figures/16.1.png  used on input line 5
30.
(pdftex.def)             Requested size: 70.46037pt x 70.45897pt.

Underfull \hbox (badness 10000) in paragraph at lines 531--531
[]\T1/lmr/bx/n/8 (a) |\T1/lmr/m/n/8 Hand-writ-ten
 []


Underfull \hbox (badness 3271) in paragraph at lines 531--531
\T1/lmr/m/n/8 deriva-tion of the
 []


Underfull \hbox (badness 2556) in paragraph at lines 531--531
\T1/lmr/m/n/8 dual prob-lem for
 []


Underfull \hbox (badness 10000) in paragraph at lines 531--531
\T1/lmr/m/n/8 a gen-eral lin-ear
 []


Underfull \hbox (badness 10000) in paragraph at lines 531--531
\T1/lmr/m/n/8 pro-gram. The
 []


Underfull \hbox (badness 10000) in paragraph at lines 531--531
\T1/lmr/m/n/8 La-grangian is
 []


Underfull \hbox (badness 10000) in paragraph at lines 531--531
\T1/lmr/m/n/8 in-tro-duced and
 []


Underfull \hbox (badness 10000) in paragraph at lines 531--531
\T1/lmr/m/n/8 sim-pli-fied. A
 []


Underfull \hbox (badness 1062) in paragraph at lines 531--531
\T1/lmr/m/n/8 piece-wise func-tion
 []


Underfull \hbox (badness 10000) in paragraph at lines 531--531
\T1/lmr/m/n/8 dual ob-jec-tive
 []


Underfull \hbox (badness 2662) in paragraph at lines 531--531
\T1/lmr/m/n/8 func-tion, de-pend-
 []


Underfull \hbox (badness 10000) in paragraph at lines 531--531
\T1/lmr/m/n/8 The con-di-tions
 []


Underfull \hbox (badness 10000) in paragraph at lines 531--531
\T1/lmr/m/n/8 rep-re-sents the
 []


Underfull \hbox (badness 10000) in paragraph at lines 531--531
\T1/lmr/m/n/8 La-grangian, and
 []


Underfull \hbox (badness 7344) in paragraph at lines 531--531
\OML/lmm/m/it/8 \OT1/lmr/m/n/8 (\OML/lmm/m/it/8 ; \OT1/lmr/m/n/8 )$ \T1/lmr/
m/n/8 rep-re-sents
 []

[26] [27 </Users/ashoksaravanan/Coding/ScribeLec/server/output/MA 421/lectures/
2024-09-17-DualityGeneral/figures/16.1.png (PNG copy)>]
/Users/ashoksaravanan/Coding/ScribeLec/server/output/MA 421/lectures/2024-09-17
-DualityGeneral/notes.tex:542: Missing $ inserted.
<inserted text> 
                $
l.542 L(x, \lambda
                  , \mu) = m^T x - \lambda^T (Ax - b) - \mu^T (Bx - c) \\
I've inserted a begin-math/end-math symbol since I think
you left one out. Proceed, with fingers crossed.

/Users/ashoksaravanan/Coding/ScribeLec/server/output/MA 421/lectures/2024-09-17
-DualityGeneral/notes.tex:548: Missing $ inserted.
<inserted text> 
                $
l.548 \subsection
                 {Description}%
I've inserted a begin-math/end-math symbol since I think
you left one out. Proceed, with fingers crossed.

</Users/ashoksaravanan/Coding/ScribeLec/server/output/MA 421/lectures/2024-09-1
7-DualityGeneral/figures/17.1.png, id=238, 471.7625pt x 471.7625pt>
File: /Users/ashoksaravanan/Coding/ScribeLec/server/output/MA 421/lectures/2024
-09-17-DualityGeneral/figures/17.1.png Graphic file (type png)
<use /Users/ashoksaravanan/Coding/ScribeLec/server/output/MA 421/lectures/2024-
09-17-DualityGeneral/figures/17.1.png>
Package pdftex.def Info: /Users/ashoksaravanan/Coding/ScribeLec/server/output/M
A 421/lectures/2024-09-17-DualityGeneral/figures/17.1.png  used on input line 5
55.
(pdftex.def)             Requested size: 70.46037pt x 70.45897pt.

Underfull \hbox (badness 10000) in paragraph at lines 556--556
[]\T1/lmr/bx/n/8 (a) |\T1/lmr/m/n/8 Hand-writ-ten
 []


Underfull \hbox (badness 3271) in paragraph at lines 556--556
\T1/lmr/m/n/8 deriva-tion of the
 []


Underfull \hbox (badness 2556) in paragraph at lines 556--556
\T1/lmr/m/n/8 dual prob-lem for
 []


Underfull \hbox (badness 10000) in paragraph at lines 556--556
\T1/lmr/m/n/8 a gen-eral lin-ear
 []


Underfull \hbox (badness 10000) in paragraph at lines 556--556
\T1/lmr/m/n/8 pro-gram. The
 []


Underfull \hbox (badness 10000) in paragraph at lines 556--556
\T1/lmr/m/n/8 La-grangian is
 []


Underfull \hbox (badness 10000) in paragraph at lines 556--556
\T1/lmr/m/n/8 in-tro-duced and
 []


Underfull \hbox (badness 10000) in paragraph at lines 556--556
\T1/lmr/m/n/8 sim-pli-fied. A
 []


Underfull \hbox (badness 1062) in paragraph at lines 556--556
\T1/lmr/m/n/8 piece-wise func-tion
 []


Underfull \hbox (badness 10000) in paragraph at lines 556--556
\T1/lmr/m/n/8 dual ob-jec-tive
 []


Underfull \hbox (badness 2662) in paragraph at lines 556--556
\T1/lmr/m/n/8 func-tion, de-pend-
 []


Underfull \hbox (badness 10000) in paragraph at lines 556--556
\T1/lmr/m/n/8 The con-di-tions
 []


Underfull \hbox (badness 10000) in paragraph at lines 556--556
\T1/lmr/m/n/8 rep-re-sents the
 []


Underfull \hbox (badness 10000) in paragraph at lines 556--556
\T1/lmr/m/n/8 La-grangian, and
 []


Underfull \hbox (badness 7344) in paragraph at lines 556--556
\OML/lmm/m/it/8 \OT1/lmr/m/n/8 (\OML/lmm/m/it/8 ; \OT1/lmr/m/n/8 )$ \T1/lmr/
m/n/8 rep-re-sents
 []

[28] [29 </Users/ashoksaravanan/Coding/ScribeLec/server/output/MA 421/lectures/
2024-09-17-DualityGeneral/figures/17.1.png (PNG copy)>]
</Users/ashoksaravanan/Coding/ScribeLec/server/output/MA 421/lectures/2024-09-1
7-DualityGeneral/figures/18.1.png, id=252, 371.3875pt x 371.3875pt>
File: /Users/ashoksaravanan/Coding/ScribeLec/server/output/MA 421/lectures/2024
-09-17-DualityGeneral/figures/18.1.png Graphic file (type png)
<use /Users/ashoksaravanan/Coding/ScribeLec/server/output/MA 421/lectures/2024-
09-17-DualityGeneral/figures/18.1.png>
Package pdftex.def Info: /Users/ashoksaravanan/Coding/ScribeLec/server/output/M
A 421/lectures/2024-09-17-DualityGeneral/figures/18.1.png  used on input line 5
84.
(pdftex.def)             Requested size: 70.46037pt x 70.45668pt.

Underfull \hbox (badness 10000) in paragraph at lines 585--585
[]\T1/lmr/bx/n/8 (a) |\T1/lmr/m/n/8 Hand-writ-ten
 []


Underfull \hbox (badness 10000) in paragraph at lines 585--585
\T1/lmr/m/n/8 pri-mal (P) and
 []


Underfull \hbox (badness 10000) in paragraph at lines 585--585
\T1/lmr/m/n/8 dual (D) lin-ear
 []


Underfull \hbox (badness 4518) in paragraph at lines 585--585
\T1/lmr/m/n/8 pro-grams. The
 []


Underfull \hbox (badness 10000) in paragraph at lines 585--585
\T1/lmr/m/n/8 pri-mal prob-lem
 []


Underfull \hbox (badness 2435) in paragraph at lines 585--585
\T1/lmr/m/n/8 ob-jec-tive func-tion
 []


Underfull \hbox (badness 6978) in paragraph at lines 585--585
\T1/lmr/m/n/8 ity and equal-ity
 []


Underfull \hbox (badness 1014) in paragraph at lines 585--585
\T1/lmr/m/n/8 con-straints. The
 []


Underfull \hbox (badness 10000) in paragraph at lines 585--585
\T1/lmr/m/n/8 dual prob-lem
 []


Underfull \hbox (badness 2435) in paragraph at lines 585--585
\T1/lmr/m/n/8 ob-jec-tive func-tion
 []


Underfull \hbox (badness 10000) in paragraph at lines 585--585
\T1/lmr/m/n/8 sub-ject to an
 []


Underfull \hbox (badness 10000) in paragraph at lines 585--585
\T1/lmr/m/n/8 con-straints on
 []


Underfull \hbox (badness 10000) in paragraph at lines 585--585
\T1/lmr/m/n/8 the La-grange
 []

[30 </Users/ashoksaravanan/Coding/ScribeLec/server/output/MA 421/lectures/2024-
09-17-DualityGeneral/figures/18.1.png (PNG copy)>]
/Users/ashoksaravanan/Coding/ScribeLec/server/output/MA 421/lectures/2024-09-17
-DualityGeneral/notes.tex:601: Missing $ inserted.
<inserted text> 
                $
l.601 L(x, y, \lambda
                     ) = c^T x - y^T (Ax - b) - \lambda^T (-x) \\
I've inserted a begin-math/end-math symbol since I think
you left one out. Proceed, with fingers crossed.

/Users/ashoksaravanan/Coding/ScribeLec/server/output/MA 421/lectures/2024-09-17
-DualityGeneral/notes.tex:605: Missing $ inserted.
<inserted text> 
                $
l.605 \subsection
                 {Description}%
I've inserted a begin-math/end-math symbol since I think
you left one out. Proceed, with fingers crossed.

</Users/ashoksaravanan/Coding/ScribeLec/server/output/MA 421/lectures/2024-09-1
7-DualityGeneral/figures/19.1.png, id=262, 371.3875pt x 371.3875pt>
File: /Users/ashoksaravanan/Coding/ScribeLec/server/output/MA 421/lectures/2024
-09-17-DualityGeneral/figures/19.1.png Graphic file (type png)
<use /Users/ashoksaravanan/Coding/ScribeLec/server/output/MA 421/lectures/2024-
09-17-DualityGeneral/figures/19.1.png>
Package pdftex.def Info: /Users/ashoksaravanan/Coding/ScribeLec/server/output/M
A 421/lectures/2024-09-17-DualityGeneral/figures/19.1.png  used on input line 6
12.
(pdftex.def)             Requested size: 70.46037pt x 70.45668pt.

Underfull \hbox (badness 10000) in paragraph at lines 613--613
[]\T1/lmr/bx/n/8 (a) |\T1/lmr/m/n/8 Hand-writ-ten
 []


Underfull \hbox (badness 1874) in paragraph at lines 613--613
\T1/lmr/m/n/8 pri-mal (P) lin-ear
 []


Underfull \hbox (badness 2343) in paragraph at lines 613--613
\T1/lmr/m/n/8 pro-gram and the
 []


Underfull \hbox (badness 10000) in paragraph at lines 613--613
\T1/lmr/m/n/8 pri-mal prob-lem
 []


Underfull \hbox (badness 2435) in paragraph at lines 613--613
\T1/lmr/m/n/8 ob-jec-tive func-tion
 []


Underfull \hbox (badness 10000) in paragraph at lines 613--613
\T1/lmr/m/n/8 ity con-straints
 []


Underfull \hbox (badness 1014) in paragraph at lines 613--613
\T1/lmr/m/n/8 con-straints. The
 []


Underfull \hbox (badness 10000) in paragraph at lines 613--613
\T1/lmr/m/n/8 La-grangian is
 []


Underfull \hbox (badness 10000) in paragraph at lines 613--613
\T1/lmr/m/n/8 in-tro-duced and
 []


Underfull \hbox (badness 3735) in paragraph at lines 613--613
\T1/lmr/m/n/8 sim-pli-fied. The
 []


Underfull \hbox (badness 1642) in paragraph at lines 613--613
\T1/lmr/m/n/8 and $\OML/lmm/m/it/8  \OMS/lmsy/m/n/8  \OT1/lmr/m/n/8 0$ \T1/lm
r/m/n/8 are
 []

[31 </Users/ashoksaravanan/Coding/ScribeLec/server/output/MA 421/lectures/2024-
09-17-DualityGeneral/figures/19.1.png (PNG copy)>]
/Users/ashoksaravanan/Coding/ScribeLec/server/output/MA 421/lectures/2024-09-17
-DualityGeneral/notes.tex:624: Missing $ inserted.
<inserted text> 
                $
l.624 L(x, y, \lambda
                     ) = c^T x - y^T (Ax - b) - \lambda^T (-x) \\
I've inserted a begin-math/end-math symbol since I think
you left one out. Proceed, with fingers crossed.

/Users/ashoksaravanan/Coding/ScribeLec/server/output/MA 421/lectures/2024-09-17
-DualityGeneral/notes.tex:630: Missing $ inserted.
<inserted text> 
                $
l.630 \subsection
                 {Description}%
I've inserted a begin-math/end-math symbol since I think
you left one out. Proceed, with fingers crossed.

</Users/ashoksaravanan/Coding/ScribeLec/server/output/MA 421/lectures/2024-09-1
7-DualityGeneral/figures/20.1.png, id=273, 371.3875pt x 371.3875pt>
File: /Users/ashoksaravanan/Coding/ScribeLec/server/output/MA 421/lectures/2024
-09-17-DualityGeneral/figures/20.1.png Graphic file (type png)
<use /Users/ashoksaravanan/Coding/ScribeLec/server/output/MA 421/lectures/2024-
09-17-DualityGeneral/figures/20.1.png>
Package pdftex.def Info: /Users/ashoksaravanan/Coding/ScribeLec/server/output/M
A 421/lectures/2024-09-17-DualityGeneral/figures/20.1.png  used on input line 6
37.
(pdftex.def)             Requested size: 70.46037pt x 70.45668pt.

Underfull \hbox (badness 10000) in paragraph at lines 638--638
[]\T1/lmr/bx/n/8 (a) |\T1/lmr/m/n/8 Hand-writ-ten
 []


Underfull \hbox (badness 10000) in paragraph at lines 638--638
\T1/lmr/m/n/8 notes show-ing
 []


Underfull \hbox (badness 3271) in paragraph at lines 638--638
\T1/lmr/m/n/8 the deriva-tion of
 []


Underfull \hbox (badness 1320) in paragraph at lines 638--638
\T1/lmr/m/n/8 the dual prob-lem
 []


Underfull \hbox (badness 6141) in paragraph at lines 638--638
\T1/lmr/m/n/8 for a tra-di-tional
 []


Underfull \hbox (badness 10000) in paragraph at lines 638--638
\T1/lmr/m/n/8 lin-ear pro-gram.
 []


Underfull \hbox (badness 10000) in paragraph at lines 638--638
\T1/lmr/m/n/8 The La-grangian
 []


Underfull \hbox (badness 10000) in paragraph at lines 638--638
\T1/lmr/m/n/8 sim-pli-fied. A
 []


Underfull \hbox (badness 1062) in paragraph at lines 638--638
\T1/lmr/m/n/8 piece-wise func-tion
 []


Underfull \hbox (badness 10000) in paragraph at lines 638--638
\T1/lmr/m/n/8 dual ob-jec-tive
 []


Underfull \hbox (badness 2662) in paragraph at lines 638--638
\T1/lmr/m/n/8 func-tion, de-pend-
 []


Underfull \hbox (badness 10000) in paragraph at lines 638--638
\T1/lmr/m/n/8 the La-grange
 []


Underfull \hbox (badness 10000) in paragraph at lines 638--638
\T1/lmr/m/n/8 mul-ti-pli-ers is
 []


Underfull \hbox (badness 10000) in paragraph at lines 638--638
\T1/lmr/m/n/8 sat-is-fied. The
 []


Underfull \hbox (badness 10000) in paragraph at lines 638--638
\T1/lmr/m/n/8 rep-re-sents the
 []


Underfull \hbox (badness 10000) in paragraph at lines 638--638
\T1/lmr/m/n/8 ar-row in-di-cates
 []


Underfull \hbox (badness 3219) in paragraph at lines 638--638
\T1/lmr/m/n/8 that this con-clu-
 []


Underfull \hbox (badness 10000) in paragraph at lines 638--638
\T1/lmr/m/n/8 sion is reached
 []

[32] [33 </Users/ashoksaravanan/Coding/ScribeLec/server/output/MA 421/lectures/
2024-09-17-DualityGeneral/figures/20.1.png (PNG copy)>]
/Users/ashoksaravanan/Coding/ScribeLec/server/output/MA 421/lectures/2024-09-17
-DualityGeneral/notes.tex:649: Missing $ inserted.
<inserted text> 
                $
l.649 L(x, y, \lambda
                     ) = c^T x - y^T (Ax - b) - \lambda^T (-x) \\
I've inserted a begin-math/end-math symbol since I think
you left one out. Proceed, with fingers crossed.

/Users/ashoksaravanan/Coding/ScribeLec/server/output/MA 421/lectures/2024-09-17
-DualityGeneral/notes.tex:655: Missing $ inserted.
<inserted text> 
                $
l.655 \subsection
                 {Description}%
I've inserted a begin-math/end-math symbol since I think
you left one out. Proceed, with fingers crossed.

</Users/ashoksaravanan/Coding/ScribeLec/server/output/MA 421/lectures/2024-09-1
7-DualityGeneral/figures/21.1.png, id=288, 371.3875pt x 371.3875pt>
File: /Users/ashoksaravanan/Coding/ScribeLec/server/output/MA 421/lectures/2024
-09-17-DualityGeneral/figures/21.1.png Graphic file (type png)
<use /Users/ashoksaravanan/Coding/ScribeLec/server/output/MA 421/lectures/2024-
09-17-DualityGeneral/figures/21.1.png>
Package pdftex.def Info: /Users/ashoksaravanan/Coding/ScribeLec/server/output/M
A 421/lectures/2024-09-17-DualityGeneral/figures/21.1.png  used on input line 6
62.
(pdftex.def)             Requested size: 70.46037pt x 70.45668pt.

Underfull \hbox (badness 10000) in paragraph at lines 663--663
[]\T1/lmr/bx/n/8 (a) |\T1/lmr/m/n/8 Hand-writ-ten
 []


Underfull \hbox (badness 10000) in paragraph at lines 663--663
\T1/lmr/m/n/8 notes show-ing
 []


Underfull \hbox (badness 3271) in paragraph at lines 663--663
\T1/lmr/m/n/8 the deriva-tion of
 []


Underfull \hbox (badness 1320) in paragraph at lines 663--663
\T1/lmr/m/n/8 the dual prob-lem
 []


Underfull \hbox (badness 6141) in paragraph at lines 663--663
\T1/lmr/m/n/8 for a tra-di-tional
 []


Underfull \hbox (badness 10000) in paragraph at lines 663--663
\T1/lmr/m/n/8 lin-ear pro-gram.
 []


Underfull \hbox (badness 10000) in paragraph at lines 663--663
\T1/lmr/m/n/8 The La-grangian
 []


Underfull \hbox (badness 10000) in paragraph at lines 663--663
\T1/lmr/m/n/8 sim-pli-fied. A
 []


Underfull \hbox (badness 1062) in paragraph at lines 663--663
\T1/lmr/m/n/8 piece-wise func-tion
 []


Underfull \hbox (badness 10000) in paragraph at lines 663--663
\T1/lmr/m/n/8 dual ob-jec-tive
 []


Underfull \hbox (badness 2662) in paragraph at lines 663--663
\T1/lmr/m/n/8 func-tion, de-pend-
 []


Underfull \hbox (badness 10000) in paragraph at lines 663--663
\T1/lmr/m/n/8 the La-grange
 []


Underfull \hbox (badness 10000) in paragraph at lines 663--663
\T1/lmr/m/n/8 mul-ti-pli-ers is
 []


Underfull \hbox (badness 10000) in paragraph at lines 663--663
\T1/lmr/m/n/8 sat-is-fied. The
 []


Underfull \hbox (badness 10000) in paragraph at lines 663--663
\T1/lmr/m/n/8 rep-re-sents the
 []


Underfull \hbox (badness 10000) in paragraph at lines 663--663
\T1/lmr/m/n/8 ar-row in-di-cates
 []


Underfull \hbox (badness 3219) in paragraph at lines 663--663
\T1/lmr/m/n/8 that this con-clu-
 []


Underfull \hbox (badness 10000) in paragraph at lines 663--663
\T1/lmr/m/n/8 sion is reached
 []

[34] [35 </Users/ashoksaravanan/Coding/ScribeLec/server/output/MA 421/lectures/
2024-09-17-DualityGeneral/figures/21.1.png (PNG copy)>]
/Users/ashoksaravanan/Coding/ScribeLec/server/output/MA 421/lectures/2024-09-17
-DualityGeneral/notes.tex:678: Missing $ inserted.
<inserted text> 
                $
l.678 \iff
           A^T y = c + \lambda, \quad y, \lambda \ge 0 \\
I've inserted a begin-math/end-math symbol since I think
you left one out. Proceed, with fingers crossed.

/Users/ashoksaravanan/Coding/ScribeLec/server/output/MA 421/lectures/2024-09-17
-DualityGeneral/notes.tex:681: Missing $ inserted.
<inserted text> 
                $
l.681 \subsection
                 {Description}%
I've inserted a begin-math/end-math symbol since I think
you left one out. Proceed, with fingers crossed.

</Users/ashoksaravanan/Coding/ScribeLec/server/output/MA 421/lectures/2024-09-1
7-DualityGeneral/figures/22.1.png, id=302, 371.3875pt x 371.3875pt>
File: /Users/ashoksaravanan/Coding/ScribeLec/server/output/MA 421/lectures/2024
-09-17-DualityGeneral/figures/22.1.png Graphic file (type png)
<use /Users/ashoksaravanan/Coding/ScribeLec/server/output/MA 421/lectures/2024-
09-17-DualityGeneral/figures/22.1.png>
Package pdftex.def Info: /Users/ashoksaravanan/Coding/ScribeLec/server/output/M
A 421/lectures/2024-09-17-DualityGeneral/figures/22.1.png  used on input line 6
88.
(pdftex.def)             Requested size: 70.46037pt x 70.45668pt.

Underfull \hbox (badness 10000) in paragraph at lines 689--689
[]\T1/lmr/bx/n/8 (a) |\T1/lmr/m/n/8 Hand-writ-ten
 []


Underfull \hbox (badness 3271) in paragraph at lines 689--689
\T1/lmr/m/n/8 deriva-tion of the
 []


Underfull \hbox (badness 6141) in paragraph at lines 689--689
\T1/lmr/m/n/8 for a tra-di-tional
 []


Underfull \hbox (badness 10000) in paragraph at lines 689--689
\T1/lmr/m/n/8 lin-ear pro-gram.
 []


Underfull \hbox (badness 2435) in paragraph at lines 689--689
\T1/lmr/m/n/8 ob-jec-tive func-tion
 []


Underfull \hbox (badness 10000) in paragraph at lines 689--689
\T1/lmr/m/n/8 con-straints and
 []


Underfull \hbox (badness 10000) in paragraph at lines 689--689
\T1/lmr/m/n/8 non-negativity
 []


Underfull \hbox (badness 1014) in paragraph at lines 689--689
\T1/lmr/m/n/8 con-straints. The
 []


Underfull \hbox (badness 10000) in paragraph at lines 689--689
\T1/lmr/m/n/8 equiv-a-lence be-
 []


Underfull \hbox (badness 10000) in paragraph at lines 689--689
\T1/lmr/m/n/8 in-equal-ity con-
 []


Underfull \hbox (badness 7133) in paragraph at lines 689--689
\T1/lmr/m/n/8 straint is shown
 []


Underfull \hbox (badness 10000) in paragraph at lines 689--689
\T1/lmr/m/n/8 us-ing double-
 []


Underfull \hbox (badness 10000) in paragraph at lines 689--689
\T1/lmr/m/n/8 headed ar-rows.
 []


Underfull \hbox (badness 10000) in paragraph at lines 689--689
\T1/lmr/m/n/8 rep-re-sents the
 []


Underfull \hbox (badness 10000) in paragraph at lines 689--689
\T1/lmr/m/n/8 dual ob-jec-tive
 []


Underfull \hbox (badness 10000) in paragraph at lines 689--689
\T1/lmr/m/n/8 con-straint vec-tor
 []


Underfull \hbox (badness 6944) in paragraph at lines 689--689
\T1/lmr/m/n/8 from the pri-mal
 []


Underfull \hbox (badness 5622) in paragraph at lines 689--689
\T1/lmr/m/n/8 trans-pose of the
 []


Underfull \hbox (badness 6510) in paragraph at lines 689--689
\T1/lmr/m/n/8 con-straint ma-trix
 []


Underfull \hbox (badness 6944) in paragraph at lines 689--689
\T1/lmr/m/n/8 from the pri-mal
 []


Underfull \hbox (badness 10000) in paragraph at lines 689--689
\T1/lmr/m/n/8 vec-tor of dual
 []


Underfull \hbox (badness 1377) in paragraph at lines 689--689
\T1/lmr/m/n/8 a vec-tor of slack
 []

[36] [37 </Users/ashoksaravanan/Coding/ScribeLec/server/output/MA 421/lectures/
2024-09-17-DualityGeneral/figures/22.1.png (PNG copy)>]

enddocument/afterlastpage: lastpage setting LastPage.
(_logs/notes.aux)
 ***********
LaTeX2e <2023-11-01> patch level 1
L3 programming layer <2024-02-20>
 ***********


LaTeX Warning: Label(s) may have changed. Rerun to get cross-references right.


Package rerunfilecheck Warning: File `notes.out' has changed.
(rerunfilecheck)                Rerun to get outlines right
(rerunfilecheck)                or use package `bookmark'.

Package rerunfilecheck Info: Checksums for `notes.out':
(rerunfilecheck)             Before: <no file>
(rerunfilecheck)             After:  C31C8ACCB23973E3CAA0C000FC15DB07;8529.

Package lastpage Warning: Rerun to get the references right on input line 695.

 ) 
Here is how much of TeX's memory you used:
 14725 strings out of 474116
 253300 string characters out of 5743682
 1939187 words of memory out of 5000000
 36687 multiletter control sequences out of 15000+600000
 616079 words of font info for 79 fonts, out of 8000000 for 9000
 1141 hyphenation exceptions out of 8191
 83i,13n,131p,1445b,681s stack positions out of 10000i,1000n,20000p,200000b,200000s
</usr/local/texlive/2024/texmf-dist/fonts/type1/public/lm/lmbx12.pfb></usr/lo
cal/texlive/2024/texmf-dist/fonts/type1/public/lm/lmbx8.pfb></usr/local/texlive
/2024/texmf-dist/fonts/type1/public/lm/lmex10.pfb></usr/local/texlive/2024/texm
f-dist/fonts/type1/public/lm/lmmi10.pfb></usr/local/texlive/2024/texmf-dist/fon
ts/type1/public/lm/lmmi5.pfb></usr/local/texlive/2024/texmf-dist/fonts/type1/pu
blic/lm/lmmi6.pfb></usr/local/texlive/2024/texmf-dist/fonts/type1/public/lm/lmm
i7.pfb></usr/local/texlive/2024/texmf-dist/fonts/type1/public/lm/lmmi8.pfb></us
r/local/texlive/2024/texmf-dist/fonts/type1/public/lm/lmr10.pfb></usr/local/tex
live/2024/texmf-dist/fonts/type1/public/lm/lmr12.pfb></usr/local/texlive/2024/t
exmf-dist/fonts/type1/public/lm/lmr17.pfb></usr/local/texlive/2024/texmf-dist/f
onts/type1/public/lm/lmr6.pfb></usr/local/texlive/2024/texmf-dist/fonts/type1/p
ublic/lm/lmr7.pfb></usr/local/texlive/2024/texmf-dist/fonts/type1/public/lm/lmr
8.pfb></usr/local/texlive/2024/texmf-dist/fonts/type1/public/lm/lmsy10.pfb></us
r/local/texlive/2024/texmf-dist/fonts/type1/public/lm/lmsy6.pfb></usr/local/tex
live/2024/texmf-dist/fonts/type1/public/lm/lmsy7.pfb></usr/local/texlive/2024/t
exmf-dist/fonts/type1/public/lm/lmsy8.pfb></usr/local/texlive/2024/texmf-dist/f
onts/type1/public/amsfonts/symbols/msbm10.pfb>
Output written on _logs/notes.pdf (37 pages, 1768696 bytes).
PDF statistics:
 442 PDF objects out of 1000 (max. 8388607)
 334 compressed objects within 4 object streams
 148 named destinations out of 1000 (max. 500000)
 121 words of extra memory for PDF output out of 10000 (max. 10000000)

