2025-03-08 11:59:27,869 - watchfiles.main - INFO - 3 changes detected
2025-03-08 20:06:12,585 - httpx - INFO - HTTP Request: PATCH https://hmdqtnywfebxjugxzlvc.supabase.co/rest/v1/messages?id=eq.5655aeed-45d6-40f9-a458-2c72ffbb12cc "HTTP/2 200 OK"
2025-03-08 20:06:12,680 - httpx - INFO - HTTP Request: GET https://hmdqtnywfebxjugxzlvc.supabase.co/rest/v1/chats?select=%2A&id=eq.e2a72515-7ed3-45eb-858a-e60387685996 "HTTP/2 200 OK"
2025-03-08 20:06:12,762 - httpx - INFO - HTTP Request: GET https://hmdqtnywfebxjugxzlvc.supabase.co/rest/v1/classes?select=title%2Ccourse_description&id=eq.45d629b6-9138-45f9-ab79-2a089f665890 "HTTP/2 200 OK"
2025-03-08 20:06:12,852 - httpx - INFO - HTTP Request: GET https://hmdqtnywfebxjugxzlvc.supabase.co/rest/v1/rules?select=%2A&class=eq.45d629b6-9138-45f9-ab79-2a089f665890&enabled=eq.True "HTTP/2 200 OK"
2025-03-08 20:06:12,939 - httpx - INFO - HTTP Request: GET https://hmdqtnywfebxjugxzlvc.supabase.co/rest/v1/messages?select=%2A&order=created_at&chat=eq.e2a72515-7ed3-45eb-858a-e60387685996 "HTTP/2 200 OK"
2025-03-08 20:06:13,047 - httpx - INFO - HTTP Request: GET https://hmdqtnywfebxjugxzlvc.supabase.co/rest/v1/lectures?select=%2A&id=in.%2834e6b338-a6cf-4720-af01-535cf6c32122%29&order=note_number "HTTP/2 200 OK"
2025-03-08 20:06:13,232 - httpx - INFO - HTTP Request: GET https://hmdqtnywfebxjugxzlvc.supabase.co/rest/v1/documents?select=%2A&lecture=in.%2834e6b338-a6cf-4720-af01-535cf6c32122%29&order=page "HTTP/2 200 OK"
2025-03-08 20:06:13,314 - httpx - INFO - HTTP Request: GET https://hmdqtnywfebxjugxzlvc.supabase.co/rest/v1/lectures?select=%2A&id=in.%2834e6b338-a6cf-4720-af01-535cf6c32122%29&order=note_number "HTTP/2 200 OK"
2025-03-08 20:06:13,403 - httpx - INFO - HTTP Request: GET https://hmdqtnywfebxjugxzlvc.supabase.co/rest/v1/documents?select=%2A&lecture=in.%2834e6b338-a6cf-4720-af01-535cf6c32122%29&order=page "HTTP/2 200 OK"
2025-03-08 20:06:14,373 - httpx - INFO - HTTP Request: PATCH https://hmdqtnywfebxjugxzlvc.supabase.co/rest/v1/messages?id=eq.5655aeed-45d6-40f9-a458-2c72ffbb12cc "HTTP/2 200 OK"
2025-03-08 20:06:14,461 - httpx - INFO - HTTP Request: PATCH https://hmdqtnywfebxjugxzlvc.supabase.co/rest/v1/messages?id=eq.5655aeed-45d6-40f9-a458-2c72ffbb12cc "HTTP/2 200 OK"
2025-03-08 20:06:14,532 - httpx - INFO - HTTP Request: PATCH https://hmdqtnywfebxjugxzlvc.supabase.co/rest/v1/messages?id=eq.5655aeed-45d6-40f9-a458-2c72ffbb12cc "HTTP/2 200 OK"
2025-03-08 20:06:14,638 - httpx - INFO - HTTP Request: PATCH https://hmdqtnywfebxjugxzlvc.supabase.co/rest/v1/messages?id=eq.5655aeed-45d6-40f9-a458-2c72ffbb12cc "HTTP/2 200 OK"
2025-03-08 20:06:14,739 - httpx - INFO - HTTP Request: PATCH https://hmdqtnywfebxjugxzlvc.supabase.co/rest/v1/messages?id=eq.5655aeed-45d6-40f9-a458-2c72ffbb12cc "HTTP/2 200 OK"
2025-03-08 20:06:14,882 - httpx - INFO - HTTP Request: PATCH https://hmdqtnywfebxjugxzlvc.supabase.co/rest/v1/messages?id=eq.5655aeed-45d6-40f9-a458-2c72ffbb12cc "HTTP/2 200 OK"
2025-03-08 20:06:14,934 - httpx - INFO - HTTP Request: PATCH https://hmdqtnywfebxjugxzlvc.supabase.co/rest/v1/messages?id=eq.5655aeed-45d6-40f9-a458-2c72ffbb12cc "HTTP/2 200 OK"
2025-03-08 20:06:15,085 - httpx - INFO - HTTP Request: PATCH https://hmdqtnywfebxjugxzlvc.supabase.co/rest/v1/messages?id=eq.5655aeed-45d6-40f9-a458-2c72ffbb12cc "HTTP/2 200 OK"
2025-03-08 20:06:16,289 - httpx - INFO - HTTP Request: GET https://hmdqtnywfebxjugxzlvc.supabase.co/rest/v1/chats?select=%2A&id=eq.e2a72515-7ed3-45eb-858a-e60387685996 "HTTP/2 200 OK"
2025-03-08 20:06:16,358 - httpx - INFO - HTTP Request: GET https://hmdqtnywfebxjugxzlvc.supabase.co/rest/v1/messages?select=%2A&order=created_at&chat=eq.e2a72515-7ed3-45eb-858a-e60387685996 "HTTP/2 200 OK"
2025-03-08 20:06:16,411 - httpx - INFO - HTTP Request: GET https://hmdqtnywfebxjugxzlvc.supabase.co/rest/v1/messages?select=%2A&id=eq.5655aeed-45d6-40f9-a458-2c72ffbb12cc "HTTP/2 200 OK"
2025-03-08 20:06:16,466 - httpx - INFO - HTTP Request: GET https://hmdqtnywfebxjugxzlvc.supabase.co/rest/v1/chats?select=%2A&id=eq.e2a72515-7ed3-45eb-858a-e60387685996 "HTTP/2 200 OK"
2025-03-08 20:06:16,523 - httpx - INFO - HTTP Request: GET https://hmdqtnywfebxjugxzlvc.supabase.co/rest/v1/classes?select=%2A&id=eq.45d629b6-9138-45f9-ab79-2a089f665890 "HTTP/2 200 OK"
2025-03-08 20:06:16,600 - httpx - INFO - HTTP Request: GET https://hmdqtnywfebxjugxzlvc.supabase.co/rest/v1/documents?select=%2A&id=in.%28%29 "HTTP/2 200 OK"
2025-03-08 20:06:16,652 - httpx - INFO - HTTP Request: GET https://hmdqtnywfebxjugxzlvc.supabase.co/rest/v1/messages?select=%2A&order=created_at&chat=eq.e2a72515-7ed3-45eb-858a-e60387685996 "HTTP/2 200 OK"
2025-03-08 20:06:16,730 - httpx - INFO - HTTP Request: GET https://hmdqtnywfebxjugxzlvc.supabase.co/rest/v1/faqs?select=%2A&class=eq.45d629b6-9138-45f9-ab79-2a089f665890 "HTTP/2 200 OK"
2025-03-08 20:06:18,130 - httpx - INFO - HTTP Request: PATCH https://hmdqtnywfebxjugxzlvc.supabase.co/rest/v1/chats?id=eq.e2a72515-7ed3-45eb-858a-e60387685996 "HTTP/2 200 OK"
2025-03-08 20:06:22,024 - httpx - INFO - HTTP Request: POST https://hmdqtnywfebxjugxzlvc.supabase.co/rest/v1/faqs?columns=%22lectures%22%2C%22messages%22%2C%22class%22%2C%22count%22%2C%22id%22%2C%22chapters%22%2C%22homeworks%22 "HTTP/2 200 OK"
2025-03-08 20:06:22,109 - httpx - INFO - HTTP Request: POST https://hmdqtnywfebxjugxzlvc.supabase.co/rest/v1/evals_message "HTTP/2 201 Created"
2025-03-08 20:13:53,642 - httpx - INFO - HTTP Request: PATCH https://hmdqtnywfebxjugxzlvc.supabase.co/rest/v1/messages?id=eq.c4490a6f-fe46-4f56-b734-8d2c6dcba5df "HTTP/2 200 OK"
2025-03-08 20:13:53,725 - httpx - INFO - HTTP Request: GET https://hmdqtnywfebxjugxzlvc.supabase.co/rest/v1/chats?select=%2A&id=eq.7ddf2265-33ac-494e-ba3f-ffe6c20305b3 "HTTP/2 200 OK"
2025-03-08 20:13:53,801 - httpx - INFO - HTTP Request: GET https://hmdqtnywfebxjugxzlvc.supabase.co/rest/v1/classes?select=title%2Ccourse_description&id=eq.45d629b6-9138-45f9-ab79-2a089f665890 "HTTP/2 200 OK"
2025-03-08 20:13:53,886 - httpx - INFO - HTTP Request: GET https://hmdqtnywfebxjugxzlvc.supabase.co/rest/v1/rules?select=%2A&class=eq.45d629b6-9138-45f9-ab79-2a089f665890&enabled=eq.True "HTTP/2 200 OK"
2025-03-08 20:13:53,938 - httpx - INFO - HTTP Request: GET https://hmdqtnywfebxjugxzlvc.supabase.co/rest/v1/messages?select=%2A&order=created_at&chat=eq.7ddf2265-33ac-494e-ba3f-ffe6c20305b3 "HTTP/2 200 OK"
2025-03-08 20:13:54,015 - httpx - INFO - HTTP Request: GET https://hmdqtnywfebxjugxzlvc.supabase.co/rest/v1/lectures?select=%2A&id=in.%28dab3f727-d926-4c6f-9b45-ae845d4ba00f%29&order=note_number "HTTP/2 200 OK"
2025-03-08 20:13:54,116 - httpx - INFO - HTTP Request: GET https://hmdqtnywfebxjugxzlvc.supabase.co/rest/v1/documents?select=%2A&lecture=in.%28dab3f727-d926-4c6f-9b45-ae845d4ba00f%29&order=page "HTTP/2 200 OK"
2025-03-08 20:13:54,232 - httpx - INFO - HTTP Request: GET https://hmdqtnywfebxjugxzlvc.supabase.co/rest/v1/lectures?select=%2A&id=in.%28dab3f727-d926-4c6f-9b45-ae845d4ba00f%29&order=note_number "HTTP/2 200 OK"
2025-03-08 20:13:54,335 - httpx - INFO - HTTP Request: GET https://hmdqtnywfebxjugxzlvc.supabase.co/rest/v1/documents?select=%2A&lecture=in.%28dab3f727-d926-4c6f-9b45-ae845d4ba00f%29&order=page "HTTP/2 200 OK"
2025-03-08 20:13:55,548 - httpx - INFO - HTTP Request: PATCH https://hmdqtnywfebxjugxzlvc.supabase.co/rest/v1/messages?id=eq.c4490a6f-fe46-4f56-b734-8d2c6dcba5df "HTTP/2 200 OK"
2025-03-08 20:13:55,663 - httpx - INFO - HTTP Request: PATCH https://hmdqtnywfebxjugxzlvc.supabase.co/rest/v1/messages?id=eq.c4490a6f-fe46-4f56-b734-8d2c6dcba5df "HTTP/2 200 OK"
2025-03-08 20:13:55,746 - httpx - INFO - HTTP Request: PATCH https://hmdqtnywfebxjugxzlvc.supabase.co/rest/v1/messages?id=eq.c4490a6f-fe46-4f56-b734-8d2c6dcba5df "HTTP/2 200 OK"
2025-03-08 20:13:55,925 - httpx - INFO - HTTP Request: PATCH https://hmdqtnywfebxjugxzlvc.supabase.co/rest/v1/messages?id=eq.c4490a6f-fe46-4f56-b734-8d2c6dcba5df "HTTP/2 200 OK"
2025-03-08 20:13:56,173 - httpx - INFO - HTTP Request: PATCH https://hmdqtnywfebxjugxzlvc.supabase.co/rest/v1/messages?id=eq.c4490a6f-fe46-4f56-b734-8d2c6dcba5df "HTTP/2 200 OK"
2025-03-08 20:13:56,390 - httpx - INFO - HTTP Request: PATCH https://hmdqtnywfebxjugxzlvc.supabase.co/rest/v1/messages?id=eq.c4490a6f-fe46-4f56-b734-8d2c6dcba5df "HTTP/2 200 OK"
2025-03-08 20:13:56,732 - httpx - INFO - HTTP Request: PATCH https://hmdqtnywfebxjugxzlvc.supabase.co/rest/v1/messages?id=eq.c4490a6f-fe46-4f56-b734-8d2c6dcba5df "HTTP/2 200 OK"
2025-03-08 20:13:57,048 - httpx - INFO - HTTP Request: PATCH https://hmdqtnywfebxjugxzlvc.supabase.co/rest/v1/messages?id=eq.c4490a6f-fe46-4f56-b734-8d2c6dcba5df "HTTP/2 200 OK"
2025-03-08 20:13:57,236 - httpx - INFO - HTTP Request: PATCH https://hmdqtnywfebxjugxzlvc.supabase.co/rest/v1/messages?id=eq.c4490a6f-fe46-4f56-b734-8d2c6dcba5df "HTTP/2 200 OK"
2025-03-08 20:13:57,327 - httpx - INFO - HTTP Request: PATCH https://hmdqtnywfebxjugxzlvc.supabase.co/rest/v1/messages?id=eq.c4490a6f-fe46-4f56-b734-8d2c6dcba5df "HTTP/2 200 OK"
2025-03-08 20:13:57,437 - httpx - INFO - HTTP Request: PATCH https://hmdqtnywfebxjugxzlvc.supabase.co/rest/v1/messages?id=eq.c4490a6f-fe46-4f56-b734-8d2c6dcba5df "HTTP/2 200 OK"
2025-03-08 20:13:59,089 - httpx - INFO - HTTP Request: GET https://hmdqtnywfebxjugxzlvc.supabase.co/rest/v1/messages?select=%2A&id=eq.c4490a6f-fe46-4f56-b734-8d2c6dcba5df "HTTP/2 200 OK"
2025-03-08 20:13:59,235 - httpx - INFO - HTTP Request: GET https://hmdqtnywfebxjugxzlvc.supabase.co/rest/v1/chats?select=%2A&id=eq.7ddf2265-33ac-494e-ba3f-ffe6c20305b3 "HTTP/2 200 OK"
2025-03-08 20:13:59,309 - httpx - INFO - HTTP Request: GET https://hmdqtnywfebxjugxzlvc.supabase.co/rest/v1/classes?select=%2A&id=eq.45d629b6-9138-45f9-ab79-2a089f665890 "HTTP/2 200 OK"
2025-03-08 20:13:59,355 - httpx - INFO - HTTP Request: GET https://hmdqtnywfebxjugxzlvc.supabase.co/rest/v1/documents?select=%2A&id=in.%28%29 "HTTP/2 200 OK"
2025-03-08 20:13:59,438 - httpx - INFO - HTTP Request: GET https://hmdqtnywfebxjugxzlvc.supabase.co/rest/v1/messages?select=%2A&order=created_at&chat=eq.7ddf2265-33ac-494e-ba3f-ffe6c20305b3 "HTTP/2 200 OK"
2025-03-08 20:13:59,505 - httpx - INFO - HTTP Request: GET https://hmdqtnywfebxjugxzlvc.supabase.co/rest/v1/faqs?select=%2A&class=eq.45d629b6-9138-45f9-ab79-2a089f665890 "HTTP/2 200 OK"
2025-03-08 20:14:00,112 - httpx - INFO - HTTP Request: POST https://hmdqtnywfebxjugxzlvc.supabase.co/rest/v1/faqs?columns=%22lectures%22%2C%22messages%22%2C%22class%22%2C%22count%22%2C%22id%22%2C%22chapters%22%2C%22homeworks%22 "HTTP/2 200 OK"
2025-03-08 20:14:00,214 - httpx - INFO - HTTP Request: POST https://hmdqtnywfebxjugxzlvc.supabase.co/rest/v1/evals_message "HTTP/2 201 Created"
2025-03-08 20:14:00,276 - httpx - INFO - HTTP Request: GET https://hmdqtnywfebxjugxzlvc.supabase.co/rest/v1/chats?select=%2A&id=eq.7ddf2265-33ac-494e-ba3f-ffe6c20305b3 "HTTP/2 200 OK"
2025-03-08 20:14:00,392 - httpx - INFO - HTTP Request: GET https://hmdqtnywfebxjugxzlvc.supabase.co/rest/v1/messages?select=%2A&order=created_at&chat=eq.7ddf2265-33ac-494e-ba3f-ffe6c20305b3 "HTTP/2 200 OK"
2025-03-08 20:14:04,092 - httpx - INFO - HTTP Request: PATCH https://hmdqtnywfebxjugxzlvc.supabase.co/rest/v1/chats?id=eq.7ddf2265-33ac-494e-ba3f-ffe6c20305b3 "HTTP/2 200 OK"
2025-03-08 20:29:24,757 - httpx - INFO - HTTP Request: PATCH https://hmdqtnywfebxjugxzlvc.supabase.co/rest/v1/messages?id=eq.a5c7e1b0-2cf1-438b-9e49-106926577e3b "HTTP/2 200 OK"
2025-03-08 20:29:24,858 - httpx - INFO - HTTP Request: GET https://hmdqtnywfebxjugxzlvc.supabase.co/rest/v1/chats?select=%2A&id=eq.739d8fff-da3b-4964-86ac-66e95256a754 "HTTP/2 200 OK"
2025-03-08 20:29:24,956 - httpx - INFO - HTTP Request: GET https://hmdqtnywfebxjugxzlvc.supabase.co/rest/v1/classes?select=title%2Ccourse_description&id=eq.45d629b6-9138-45f9-ab79-2a089f665890 "HTTP/2 200 OK"
2025-03-08 20:29:25,056 - httpx - INFO - HTTP Request: GET https://hmdqtnywfebxjugxzlvc.supabase.co/rest/v1/rules?select=%2A&class=eq.45d629b6-9138-45f9-ab79-2a089f665890&enabled=eq.True "HTTP/2 200 OK"
2025-03-08 20:29:25,175 - httpx - INFO - HTTP Request: GET https://hmdqtnywfebxjugxzlvc.supabase.co/rest/v1/messages?select=%2A&order=created_at&chat=eq.739d8fff-da3b-4964-86ac-66e95256a754 "HTTP/2 200 OK"
2025-03-08 20:29:25,267 - httpx - INFO - HTTP Request: GET https://hmdqtnywfebxjugxzlvc.supabase.co/rest/v1/homeworks?select=%2A&id=in.%286095cc21-3580-41f2-aa03-bba156917fad%29&order=homework_number "HTTP/2 200 OK"
2025-03-08 20:29:25,319 - httpx - INFO - HTTP Request: GET https://hmdqtnywfebxjugxzlvc.supabase.co/rest/v1/exercises?select=%2A&homework=in.%286095cc21-3580-41f2-aa03-bba156917fad%29 "HTTP/2 200 OK"
2025-03-08 20:29:25,406 - httpx - INFO - HTTP Request: GET https://hmdqtnywfebxjugxzlvc.supabase.co/rest/v1/homeworks?select=%2A&id=in.%286095cc21-3580-41f2-aa03-bba156917fad%29&order=homework_number "HTTP/2 200 OK"
2025-03-08 20:29:25,486 - httpx - INFO - HTTP Request: GET https://hmdqtnywfebxjugxzlvc.supabase.co/rest/v1/exercises?select=%2A&homework=in.%286095cc21-3580-41f2-aa03-bba156917fad%29 "HTTP/2 200 OK"
2025-03-08 20:29:26,304 - httpx - INFO - HTTP Request: PATCH https://hmdqtnywfebxjugxzlvc.supabase.co/rest/v1/messages?id=eq.a5c7e1b0-2cf1-438b-9e49-106926577e3b "HTTP/2 200 OK"
2025-03-08 20:29:26,371 - httpx - INFO - HTTP Request: PATCH https://hmdqtnywfebxjugxzlvc.supabase.co/rest/v1/messages?id=eq.a5c7e1b0-2cf1-438b-9e49-106926577e3b "HTTP/2 200 OK"
2025-03-08 20:29:26,725 - httpx - INFO - HTTP Request: PATCH https://hmdqtnywfebxjugxzlvc.supabase.co/rest/v1/messages?id=eq.a5c7e1b0-2cf1-438b-9e49-106926577e3b "HTTP/2 200 OK"
2025-03-08 20:29:26,786 - httpx - INFO - HTTP Request: PATCH https://hmdqtnywfebxjugxzlvc.supabase.co/rest/v1/messages?id=eq.a5c7e1b0-2cf1-438b-9e49-106926577e3b "HTTP/2 200 OK"
2025-03-08 20:29:26,971 - httpx - INFO - HTTP Request: PATCH https://hmdqtnywfebxjugxzlvc.supabase.co/rest/v1/messages?id=eq.a5c7e1b0-2cf1-438b-9e49-106926577e3b "HTTP/2 200 OK"
2025-03-08 20:29:27,150 - httpx - INFO - HTTP Request: PATCH https://hmdqtnywfebxjugxzlvc.supabase.co/rest/v1/messages?id=eq.a5c7e1b0-2cf1-438b-9e49-106926577e3b "HTTP/2 200 OK"
2025-03-08 20:29:27,201 - httpx - INFO - HTTP Request: PATCH https://hmdqtnywfebxjugxzlvc.supabase.co/rest/v1/messages?id=eq.a5c7e1b0-2cf1-438b-9e49-106926577e3b "HTTP/2 200 OK"
2025-03-08 20:29:27,323 - httpx - INFO - HTTP Request: PATCH https://hmdqtnywfebxjugxzlvc.supabase.co/rest/v1/messages?id=eq.a5c7e1b0-2cf1-438b-9e49-106926577e3b "HTTP/2 200 OK"
2025-03-08 20:29:28,803 - httpx - INFO - HTTP Request: GET https://hmdqtnywfebxjugxzlvc.supabase.co/rest/v1/messages?select=%2A&id=eq.a5c7e1b0-2cf1-438b-9e49-106926577e3b "HTTP/2 200 OK"
2025-03-08 20:29:28,855 - httpx - INFO - HTTP Request: GET https://hmdqtnywfebxjugxzlvc.supabase.co/rest/v1/chats?select=%2A&id=eq.739d8fff-da3b-4964-86ac-66e95256a754 "HTTP/2 200 OK"
2025-03-08 20:29:28,936 - httpx - INFO - HTTP Request: GET https://hmdqtnywfebxjugxzlvc.supabase.co/rest/v1/classes?select=%2A&id=eq.45d629b6-9138-45f9-ab79-2a089f665890 "HTTP/2 200 OK"
2025-03-08 20:29:29,038 - httpx - INFO - HTTP Request: GET https://hmdqtnywfebxjugxzlvc.supabase.co/rest/v1/documents?select=%2A&id=in.%28%29 "HTTP/2 200 OK"
2025-03-08 20:29:29,094 - httpx - INFO - HTTP Request: GET https://hmdqtnywfebxjugxzlvc.supabase.co/rest/v1/messages?select=%2A&order=created_at&chat=eq.739d8fff-da3b-4964-86ac-66e95256a754 "HTTP/2 200 OK"
2025-03-08 20:29:29,185 - httpx - INFO - HTTP Request: GET https://hmdqtnywfebxjugxzlvc.supabase.co/rest/v1/faqs?select=%2A&class=eq.45d629b6-9138-45f9-ab79-2a089f665890 "HTTP/2 200 OK"
2025-03-08 20:29:29,240 - httpx - INFO - HTTP Request: GET https://hmdqtnywfebxjugxzlvc.supabase.co/rest/v1/chats?select=%2A&id=eq.739d8fff-da3b-4964-86ac-66e95256a754 "HTTP/2 200 OK"
2025-03-08 20:29:29,297 - httpx - INFO - HTTP Request: GET https://hmdqtnywfebxjugxzlvc.supabase.co/rest/v1/messages?select=%2A&order=created_at&chat=eq.739d8fff-da3b-4964-86ac-66e95256a754 "HTTP/2 200 OK"
2025-03-08 20:29:30,139 - httpx - INFO - HTTP Request: POST https://hmdqtnywfebxjugxzlvc.supabase.co/rest/v1/faqs?columns=%22lectures%22%2C%22messages%22%2C%22class%22%2C%22count%22%2C%22id%22%2C%22chapters%22%2C%22homeworks%22 "HTTP/2 200 OK"
2025-03-08 20:29:30,215 - httpx - INFO - HTTP Request: POST https://hmdqtnywfebxjugxzlvc.supabase.co/rest/v1/evals_message "HTTP/2 201 Created"
2025-03-08 20:29:33,984 - httpx - INFO - HTTP Request: PATCH https://hmdqtnywfebxjugxzlvc.supabase.co/rest/v1/chats?id=eq.739d8fff-da3b-4964-86ac-66e95256a754 "HTTP/2 200 OK"
2025-03-08 20:32:19,587 - httpx - INFO - HTTP Request: PATCH https://hmdqtnywfebxjugxzlvc.supabase.co/rest/v1/messages?id=eq.1d99d935-7907-4969-9eb5-297909069457 "HTTP/2 200 OK"
2025-03-08 20:32:19,673 - httpx - INFO - HTTP Request: GET https://hmdqtnywfebxjugxzlvc.supabase.co/rest/v1/chats?select=%2A&id=eq.890e8f61-e87c-4e08-b4a5-80717b444b46 "HTTP/2 200 OK"
2025-03-08 20:32:19,761 - httpx - INFO - HTTP Request: GET https://hmdqtnywfebxjugxzlvc.supabase.co/rest/v1/classes?select=title%2Ccourse_description&id=eq.45d629b6-9138-45f9-ab79-2a089f665890 "HTTP/2 200 OK"
2025-03-08 20:32:19,845 - httpx - INFO - HTTP Request: GET https://hmdqtnywfebxjugxzlvc.supabase.co/rest/v1/rules?select=%2A&class=eq.45d629b6-9138-45f9-ab79-2a089f665890&enabled=eq.True "HTTP/2 200 OK"
2025-03-08 20:32:19,933 - httpx - INFO - HTTP Request: GET https://hmdqtnywfebxjugxzlvc.supabase.co/rest/v1/messages?select=%2A&order=created_at&chat=eq.890e8f61-e87c-4e08-b4a5-80717b444b46 "HTTP/2 200 OK"
2025-03-08 20:32:20,023 - httpx - INFO - HTTP Request: GET https://hmdqtnywfebxjugxzlvc.supabase.co/rest/v1/lectures?select=%2A&id=in.%2888f75939-c4fa-4ebe-bc47-566b62aa1a1b%29&order=note_number "HTTP/2 200 OK"
2025-03-08 20:32:20,148 - httpx - INFO - HTTP Request: GET https://hmdqtnywfebxjugxzlvc.supabase.co/rest/v1/documents?select=%2A&lecture=in.%2888f75939-c4fa-4ebe-bc47-566b62aa1a1b%29&order=page "HTTP/2 200 OK"
2025-03-08 20:32:20,209 - httpx - INFO - HTTP Request: GET https://hmdqtnywfebxjugxzlvc.supabase.co/rest/v1/lectures?select=%2A&id=in.%2888f75939-c4fa-4ebe-bc47-566b62aa1a1b%29&order=note_number "HTTP/2 200 OK"
2025-03-08 20:32:20,345 - httpx - INFO - HTTP Request: GET https://hmdqtnywfebxjugxzlvc.supabase.co/rest/v1/documents?select=%2A&lecture=in.%2888f75939-c4fa-4ebe-bc47-566b62aa1a1b%29&order=page "HTTP/2 200 OK"
2025-03-08 20:32:21,745 - httpx - INFO - HTTP Request: PATCH https://hmdqtnywfebxjugxzlvc.supabase.co/rest/v1/messages?id=eq.1d99d935-7907-4969-9eb5-297909069457 "HTTP/2 200 OK"
2025-03-08 20:32:21,847 - httpx - INFO - HTTP Request: PATCH https://hmdqtnywfebxjugxzlvc.supabase.co/rest/v1/messages?id=eq.1d99d935-7907-4969-9eb5-297909069457 "HTTP/2 200 OK"
2025-03-08 20:32:21,952 - httpx - INFO - HTTP Request: PATCH https://hmdqtnywfebxjugxzlvc.supabase.co/rest/v1/messages?id=eq.1d99d935-7907-4969-9eb5-297909069457 "HTTP/2 200 OK"
2025-03-08 20:32:22,087 - httpx - INFO - HTTP Request: PATCH https://hmdqtnywfebxjugxzlvc.supabase.co/rest/v1/messages?id=eq.1d99d935-7907-4969-9eb5-297909069457 "HTTP/2 200 OK"
2025-03-08 20:32:22,238 - httpx - INFO - HTTP Request: PATCH https://hmdqtnywfebxjugxzlvc.supabase.co/rest/v1/messages?id=eq.1d99d935-7907-4969-9eb5-297909069457 "HTTP/2 200 OK"
2025-03-08 20:32:23,287 - httpx - INFO - HTTP Request: GET https://hmdqtnywfebxjugxzlvc.supabase.co/rest/v1/messages?select=%2A&id=eq.1d99d935-7907-4969-9eb5-297909069457 "HTTP/2 200 OK"
2025-03-08 20:32:23,339 - httpx - INFO - HTTP Request: GET https://hmdqtnywfebxjugxzlvc.supabase.co/rest/v1/chats?select=%2A&id=eq.890e8f61-e87c-4e08-b4a5-80717b444b46 "HTTP/2 200 OK"
2025-03-08 20:32:23,410 - httpx - INFO - HTTP Request: GET https://hmdqtnywfebxjugxzlvc.supabase.co/rest/v1/classes?select=%2A&id=eq.45d629b6-9138-45f9-ab79-2a089f665890 "HTTP/2 200 OK"
2025-03-08 20:32:23,478 - httpx - INFO - HTTP Request: GET https://hmdqtnywfebxjugxzlvc.supabase.co/rest/v1/documents?select=%2A&id=in.%28%29 "HTTP/2 200 OK"
2025-03-08 20:32:23,541 - httpx - INFO - HTTP Request: GET https://hmdqtnywfebxjugxzlvc.supabase.co/rest/v1/messages?select=%2A&order=created_at&chat=eq.890e8f61-e87c-4e08-b4a5-80717b444b46 "HTTP/2 200 OK"
2025-03-08 20:32:23,623 - httpx - INFO - HTTP Request: GET https://hmdqtnywfebxjugxzlvc.supabase.co/rest/v1/faqs?select=%2A&class=eq.45d629b6-9138-45f9-ab79-2a089f665890 "HTTP/2 200 OK"
2025-03-08 20:32:23,710 - httpx - INFO - HTTP Request: GET https://hmdqtnywfebxjugxzlvc.supabase.co/rest/v1/chats?select=%2A&id=eq.890e8f61-e87c-4e08-b4a5-80717b444b46 "HTTP/2 200 OK"
2025-03-08 20:32:23,774 - httpx - INFO - HTTP Request: GET https://hmdqtnywfebxjugxzlvc.supabase.co/rest/v1/messages?select=%2A&order=created_at&chat=eq.890e8f61-e87c-4e08-b4a5-80717b444b46 "HTTP/2 200 OK"
2025-03-08 20:32:25,014 - httpx - INFO - HTTP Request: POST https://hmdqtnywfebxjugxzlvc.supabase.co/rest/v1/faqs?columns=%22lectures%22%2C%22messages%22%2C%22class%22%2C%22count%22%2C%22id%22%2C%22chapters%22%2C%22homeworks%22 "HTTP/2 200 OK"
2025-03-08 20:32:25,088 - httpx - INFO - HTTP Request: POST https://hmdqtnywfebxjugxzlvc.supabase.co/rest/v1/evals_message "HTTP/2 201 Created"
2025-03-08 20:32:28,812 - httpx - INFO - HTTP Request: PATCH https://hmdqtnywfebxjugxzlvc.supabase.co/rest/v1/chats?id=eq.890e8f61-e87c-4e08-b4a5-80717b444b46 "HTTP/2 200 OK"
2025-03-08 22:04:55,043 - watchfiles.main - INFO - 1 change detected
2025-03-08 22:05:00,651 - watchfiles.main - INFO - 2 changes detected
2025-03-08 22:05:01,225 - watchfiles.main - INFO - 1 change detected
2025-03-08 22:05:09,294 - watchfiles.main - INFO - 3 changes detected
2025-03-08 22:05:10,868 - watchfiles.main - INFO - 1 change detected
2025-03-08 22:05:12,004 - watchfiles.main - INFO - 1 change detected
2025-03-08 22:05:18,025 - watchfiles.main - INFO - 3 changes detected
2025-03-08 22:05:20,155 - watchfiles.main - INFO - 1 change detected
2025-03-08 22:05:25,082 - watchfiles.main - INFO - 3 changes detected
2025-03-08 22:05:37,739 - watchfiles.main - INFO - 1 change detected
2025-03-08 22:05:39,612 - watchfiles.main - INFO - 1 change detected
2025-03-08 22:05:41,322 - watchfiles.main - INFO - 1 change detected
2025-03-08 22:05:45,581 - watchfiles.main - INFO - 3 changes detected
2025-03-08 22:05:49,262 - watchfiles.main - INFO - 1 change detected
2025-03-08 22:05:51,028 - watchfiles.main - INFO - 1 change detected
2025-03-08 22:05:52,382 - watchfiles.main - INFO - 1 change detected
2025-03-08 22:05:53,601 - watchfiles.main - INFO - 1 change detected
2025-03-08 22:05:55,154 - watchfiles.main - INFO - 1 change detected
2025-03-08 22:05:59,819 - watchfiles.main - INFO - 3 changes detected
2025-03-08 22:06:10,765 - watchfiles.main - INFO - 1 change detected
2025-03-08 22:06:13,688 - watchfiles.main - INFO - 1 change detected
2025-03-08 22:06:14,639 - watchfiles.main - INFO - 1 change detected
2025-03-08 22:06:15,868 - watchfiles.main - INFO - 1 change detected
2025-03-08 22:06:17,205 - watchfiles.main - INFO - 1 change detected
2025-03-08 22:06:22,499 - watchfiles.main - INFO - 3 changes detected
2025-03-08 22:06:28,876 - watchfiles.main - INFO - 1 change detected
2025-03-08 22:06:34,158 - watchfiles.main - INFO - 3 changes detected
2025-03-08 22:06:51,221 - watchfiles.main - INFO - 1 change detected
2025-03-08 22:06:54,515 - watchfiles.main - INFO - 1 change detected
2025-03-08 22:06:56,215 - watchfiles.main - INFO - 1 change detected
2025-03-08 22:06:57,396 - watchfiles.main - INFO - 1 change detected
2025-03-08 22:07:01,933 - watchfiles.main - INFO - 3 changes detected
2025-03-08 22:07:02,612 - watchfiles.main - INFO - 1 change detected
2025-03-08 22:07:07,943 - watchfiles.main - INFO - 4 changes detected
2025-03-08 22:07:09,565 - watchfiles.main - INFO - 1 change detected
2025-03-08 22:07:10,740 - watchfiles.main - INFO - 1 change detected
2025-03-08 22:07:13,637 - watchfiles.main - INFO - 1 change detected
2025-03-08 22:07:16,318 - watchfiles.main - INFO - 1 change detected
2025-03-08 22:07:18,308 - watchfiles.main - INFO - 1 change detected
2025-03-08 22:07:22,137 - watchfiles.main - INFO - 3 changes detected
2025-03-08 22:07:26,076 - watchfiles.main - INFO - 1 change detected
2025-03-08 22:07:28,988 - watchfiles.main - INFO - 1 change detected
2025-03-08 22:07:31,619 - watchfiles.main - INFO - 1 change detected
2025-03-08 22:07:37,537 - watchfiles.main - INFO - 3 changes detected
2025-03-08 22:07:54,063 - httpx - INFO - HTTP Request: PATCH https://hmdqtnywfebxjugxzlvc.supabase.co/rest/v1/messages?id=eq.69c580f0-7426-4335-ba87-e720ccfc80fc "HTTP/2 200 OK"
2025-03-08 22:07:54,215 - httpx - INFO - HTTP Request: GET https://hmdqtnywfebxjugxzlvc.supabase.co/rest/v1/chats?select=%2A&id=eq.5cd62a5c-0322-421d-9224-68b8e72b58bf "HTTP/2 200 OK"
2025-03-08 22:07:54,300 - httpx - INFO - HTTP Request: GET https://hmdqtnywfebxjugxzlvc.supabase.co/rest/v1/classes?select=title%2Ccourse_description&id=eq.45d629b6-9138-45f9-ab79-2a089f665890 "HTTP/2 200 OK"
2025-03-08 22:07:54,393 - httpx - INFO - HTTP Request: GET https://hmdqtnywfebxjugxzlvc.supabase.co/rest/v1/rules?select=%2A&class=eq.45d629b6-9138-45f9-ab79-2a089f665890&enabled=eq.True "HTTP/2 200 OK"
2025-03-08 22:07:54,454 - httpx - INFO - HTTP Request: GET https://hmdqtnywfebxjugxzlvc.supabase.co/rest/v1/messages?select=%2A&order=created_at&chat=eq.5cd62a5c-0322-421d-9224-68b8e72b58bf "HTTP/2 200 OK"
2025-03-08 22:07:54,546 - httpx - INFO - HTTP Request: GET https://hmdqtnywfebxjugxzlvc.supabase.co/rest/v1/lectures?select=%2A&id=in.%28e5537e27-4e95-470a-86df-f9562cc496ad%29&order=note_number "HTTP/2 200 OK"
2025-03-08 22:07:54,667 - httpx - INFO - HTTP Request: GET https://hmdqtnywfebxjugxzlvc.supabase.co/rest/v1/documents?select=%2A&lecture=in.%28e5537e27-4e95-470a-86df-f9562cc496ad%29&order=page "HTTP/2 200 OK"
2025-03-08 22:07:54,769 - httpx - INFO - HTTP Request: GET https://hmdqtnywfebxjugxzlvc.supabase.co/rest/v1/lectures?select=%2A&id=in.%28e5537e27-4e95-470a-86df-f9562cc496ad%29&order=note_number "HTTP/2 200 OK"
2025-03-08 22:07:54,859 - httpx - INFO - HTTP Request: GET https://hmdqtnywfebxjugxzlvc.supabase.co/rest/v1/documents?select=%2A&lecture=in.%28e5537e27-4e95-470a-86df-f9562cc496ad%29&order=page "HTTP/2 200 OK"
2025-03-08 22:07:55,987 - httpx - INFO - HTTP Request: PATCH https://hmdqtnywfebxjugxzlvc.supabase.co/rest/v1/messages?id=eq.69c580f0-7426-4335-ba87-e720ccfc80fc "HTTP/2 200 OK"
2025-03-08 22:07:56,128 - httpx - INFO - HTTP Request: PATCH https://hmdqtnywfebxjugxzlvc.supabase.co/rest/v1/messages?id=eq.69c580f0-7426-4335-ba87-e720ccfc80fc "HTTP/2 200 OK"
2025-03-08 22:07:56,247 - httpx - INFO - HTTP Request: PATCH https://hmdqtnywfebxjugxzlvc.supabase.co/rest/v1/messages?id=eq.69c580f0-7426-4335-ba87-e720ccfc80fc "HTTP/2 200 OK"
2025-03-08 22:07:56,509 - httpx - INFO - HTTP Request: PATCH https://hmdqtnywfebxjugxzlvc.supabase.co/rest/v1/messages?id=eq.69c580f0-7426-4335-ba87-e720ccfc80fc "HTTP/2 200 OK"
2025-03-08 22:07:56,685 - httpx - INFO - HTTP Request: PATCH https://hmdqtnywfebxjugxzlvc.supabase.co/rest/v1/messages?id=eq.69c580f0-7426-4335-ba87-e720ccfc80fc "HTTP/2 200 OK"
2025-03-08 22:07:57,843 - httpx - INFO - HTTP Request: GET https://hmdqtnywfebxjugxzlvc.supabase.co/rest/v1/messages?select=%2A&id=eq.69c580f0-7426-4335-ba87-e720ccfc80fc "HTTP/2 200 OK"
2025-03-08 22:07:57,926 - httpx - INFO - HTTP Request: GET https://hmdqtnywfebxjugxzlvc.supabase.co/rest/v1/chats?select=%2A&id=eq.5cd62a5c-0322-421d-9224-68b8e72b58bf "HTTP/2 200 OK"
2025-03-08 22:07:58,020 - httpx - INFO - HTTP Request: GET https://hmdqtnywfebxjugxzlvc.supabase.co/rest/v1/classes?select=%2A&id=eq.45d629b6-9138-45f9-ab79-2a089f665890 "HTTP/2 200 OK"
2025-03-08 22:07:58,096 - httpx - INFO - HTTP Request: GET https://hmdqtnywfebxjugxzlvc.supabase.co/rest/v1/documents?select=%2A&id=in.%28%29 "HTTP/2 200 OK"
2025-03-08 22:07:58,173 - httpx - INFO - HTTP Request: GET https://hmdqtnywfebxjugxzlvc.supabase.co/rest/v1/messages?select=%2A&order=created_at&chat=eq.5cd62a5c-0322-421d-9224-68b8e72b58bf "HTTP/2 200 OK"
2025-03-08 22:07:58,245 - httpx - INFO - HTTP Request: GET https://hmdqtnywfebxjugxzlvc.supabase.co/rest/v1/faqs?select=%2A&class=eq.45d629b6-9138-45f9-ab79-2a089f665890 "HTTP/2 200 OK"
2025-03-08 22:07:58,328 - httpx - INFO - HTTP Request: GET https://hmdqtnywfebxjugxzlvc.supabase.co/rest/v1/chats?select=%2A&id=eq.5cd62a5c-0322-421d-9224-68b8e72b58bf "HTTP/2 200 OK"
2025-03-08 22:07:58,383 - httpx - INFO - HTTP Request: GET https://hmdqtnywfebxjugxzlvc.supabase.co/rest/v1/messages?select=%2A&order=created_at&chat=eq.5cd62a5c-0322-421d-9224-68b8e72b58bf "HTTP/2 200 OK"
2025-03-08 22:07:59,443 - httpx - INFO - HTTP Request: POST https://hmdqtnywfebxjugxzlvc.supabase.co/rest/v1/faqs?columns=%22homeworks%22%2C%22class%22%2C%22lectures%22%2C%22chapters%22%2C%22id%22%2C%22count%22%2C%22messages%22 "HTTP/2 200 OK"
2025-03-08 22:07:59,543 - httpx - INFO - HTTP Request: POST https://hmdqtnywfebxjugxzlvc.supabase.co/rest/v1/evals_message "HTTP/2 201 Created"
2025-03-08 22:08:03,389 - httpx - INFO - HTTP Request: PATCH https://hmdqtnywfebxjugxzlvc.supabase.co/rest/v1/chats?id=eq.5cd62a5c-0322-421d-9224-68b8e72b58bf "HTTP/2 200 OK"
2025-03-08 22:11:55,076 - httpx - INFO - HTTP Request: PATCH https://hmdqtnywfebxjugxzlvc.supabase.co/rest/v1/messages?id=eq.fef31d0f-1717-4229-9454-2a74e5f1e4ce "HTTP/2 200 OK"
2025-03-08 22:11:55,241 - httpx - INFO - HTTP Request: GET https://hmdqtnywfebxjugxzlvc.supabase.co/rest/v1/chats?select=%2A&id=eq.23de226e-152b-4b3b-9d4f-8e12291ec205 "HTTP/2 200 OK"
2025-03-08 22:11:55,338 - httpx - INFO - HTTP Request: GET https://hmdqtnywfebxjugxzlvc.supabase.co/rest/v1/classes?select=title%2Ccourse_description&id=eq.45d629b6-9138-45f9-ab79-2a089f665890 "HTTP/2 200 OK"
2025-03-08 22:11:55,474 - httpx - INFO - HTTP Request: GET https://hmdqtnywfebxjugxzlvc.supabase.co/rest/v1/rules?select=%2A&class=eq.45d629b6-9138-45f9-ab79-2a089f665890&enabled=eq.True "HTTP/2 200 OK"
2025-03-08 22:11:55,534 - httpx - INFO - HTTP Request: GET https://hmdqtnywfebxjugxzlvc.supabase.co/rest/v1/messages?select=%2A&order=created_at&chat=eq.23de226e-152b-4b3b-9d4f-8e12291ec205 "HTTP/2 200 OK"
2025-03-08 22:11:55,602 - httpx - INFO - HTTP Request: GET https://hmdqtnywfebxjugxzlvc.supabase.co/rest/v1/lectures?select=%2A&id=in.%28dab3f727-d926-4c6f-9b45-ae845d4ba00f%29&order=note_number "HTTP/2 200 OK"
2025-03-08 22:11:55,746 - httpx - INFO - HTTP Request: GET https://hmdqtnywfebxjugxzlvc.supabase.co/rest/v1/documents?select=%2A&lecture=in.%28dab3f727-d926-4c6f-9b45-ae845d4ba00f%29&order=page "HTTP/2 200 OK"
2025-03-08 22:11:55,807 - httpx - INFO - HTTP Request: GET https://hmdqtnywfebxjugxzlvc.supabase.co/rest/v1/lectures?select=%2A&id=in.%28dab3f727-d926-4c6f-9b45-ae845d4ba00f%29&order=note_number "HTTP/2 200 OK"
2025-03-08 22:11:55,880 - httpx - INFO - HTTP Request: GET https://hmdqtnywfebxjugxzlvc.supabase.co/rest/v1/documents?select=%2A&lecture=in.%28dab3f727-d926-4c6f-9b45-ae845d4ba00f%29&order=page "HTTP/2 200 OK"
2025-03-08 22:11:56,913 - httpx - INFO - HTTP Request: PATCH https://hmdqtnywfebxjugxzlvc.supabase.co/rest/v1/messages?id=eq.fef31d0f-1717-4229-9454-2a74e5f1e4ce "HTTP/2 200 OK"
2025-03-08 22:11:57,045 - httpx - INFO - HTTP Request: PATCH https://hmdqtnywfebxjugxzlvc.supabase.co/rest/v1/messages?id=eq.fef31d0f-1717-4229-9454-2a74e5f1e4ce "HTTP/2 200 OK"
2025-03-08 22:11:57,235 - httpx - INFO - HTTP Request: PATCH https://hmdqtnywfebxjugxzlvc.supabase.co/rest/v1/messages?id=eq.fef31d0f-1717-4229-9454-2a74e5f1e4ce "HTTP/2 200 OK"
2025-03-08 22:11:57,358 - httpx - INFO - HTTP Request: PATCH https://hmdqtnywfebxjugxzlvc.supabase.co/rest/v1/messages?id=eq.fef31d0f-1717-4229-9454-2a74e5f1e4ce "HTTP/2 200 OK"
2025-03-08 22:11:57,601 - httpx - INFO - HTTP Request: PATCH https://hmdqtnywfebxjugxzlvc.supabase.co/rest/v1/messages?id=eq.fef31d0f-1717-4229-9454-2a74e5f1e4ce "HTTP/2 200 OK"
2025-03-08 22:11:57,808 - httpx - INFO - HTTP Request: PATCH https://hmdqtnywfebxjugxzlvc.supabase.co/rest/v1/messages?id=eq.fef31d0f-1717-4229-9454-2a74e5f1e4ce "HTTP/2 200 OK"
2025-03-08 22:11:57,970 - httpx - INFO - HTTP Request: PATCH https://hmdqtnywfebxjugxzlvc.supabase.co/rest/v1/messages?id=eq.fef31d0f-1717-4229-9454-2a74e5f1e4ce "HTTP/2 200 OK"
2025-03-08 22:11:58,059 - httpx - INFO - HTTP Request: PATCH https://hmdqtnywfebxjugxzlvc.supabase.co/rest/v1/messages?id=eq.fef31d0f-1717-4229-9454-2a74e5f1e4ce "HTTP/2 200 OK"
2025-03-08 22:11:58,170 - httpx - INFO - HTTP Request: PATCH https://hmdqtnywfebxjugxzlvc.supabase.co/rest/v1/messages?id=eq.fef31d0f-1717-4229-9454-2a74e5f1e4ce "HTTP/2 200 OK"
2025-03-08 22:11:59,440 - httpx - INFO - HTTP Request: GET https://hmdqtnywfebxjugxzlvc.supabase.co/rest/v1/chats?select=%2A&id=eq.23de226e-152b-4b3b-9d4f-8e12291ec205 "HTTP/2 200 OK"
2025-03-08 22:11:59,496 - httpx - INFO - HTTP Request: GET https://hmdqtnywfebxjugxzlvc.supabase.co/rest/v1/messages?select=%2A&order=created_at&chat=eq.23de226e-152b-4b3b-9d4f-8e12291ec205 "HTTP/2 200 OK"
2025-03-08 22:11:59,560 - httpx - INFO - HTTP Request: GET https://hmdqtnywfebxjugxzlvc.supabase.co/rest/v1/messages?select=%2A&id=eq.fef31d0f-1717-4229-9454-2a74e5f1e4ce "HTTP/2 200 OK"
2025-03-08 22:11:59,622 - httpx - INFO - HTTP Request: GET https://hmdqtnywfebxjugxzlvc.supabase.co/rest/v1/chats?select=%2A&id=eq.23de226e-152b-4b3b-9d4f-8e12291ec205 "HTTP/2 200 OK"
2025-03-08 22:11:59,681 - httpx - INFO - HTTP Request: GET https://hmdqtnywfebxjugxzlvc.supabase.co/rest/v1/classes?select=%2A&id=eq.45d629b6-9138-45f9-ab79-2a089f665890 "HTTP/2 200 OK"
2025-03-08 22:11:59,750 - httpx - INFO - HTTP Request: GET https://hmdqtnywfebxjugxzlvc.supabase.co/rest/v1/documents?select=%2A&id=in.%28%29 "HTTP/2 200 OK"
2025-03-08 22:11:59,807 - httpx - INFO - HTTP Request: GET https://hmdqtnywfebxjugxzlvc.supabase.co/rest/v1/messages?select=%2A&order=created_at&chat=eq.23de226e-152b-4b3b-9d4f-8e12291ec205 "HTTP/2 200 OK"
2025-03-08 22:11:59,878 - httpx - INFO - HTTP Request: GET https://hmdqtnywfebxjugxzlvc.supabase.co/rest/v1/faqs?select=%2A&class=eq.45d629b6-9138-45f9-ab79-2a089f665890 "HTTP/2 200 OK"
2025-03-08 22:12:00,543 - httpx - INFO - HTTP Request: PATCH https://hmdqtnywfebxjugxzlvc.supabase.co/rest/v1/chats?id=eq.23de226e-152b-4b3b-9d4f-8e12291ec205 "HTTP/2 200 OK"
2025-03-08 22:12:04,445 - httpx - INFO - HTTP Request: POST https://hmdqtnywfebxjugxzlvc.supabase.co/rest/v1/faqs?columns=%22homeworks%22%2C%22class%22%2C%22lectures%22%2C%22chapters%22%2C%22id%22%2C%22count%22%2C%22messages%22 "HTTP/2 200 OK"
2025-03-08 22:12:04,522 - httpx - INFO - HTTP Request: POST https://hmdqtnywfebxjugxzlvc.supabase.co/rest/v1/evals_message "HTTP/2 201 Created"
2025-03-08 23:22:14,750 - httpx - INFO - HTTP Request: PATCH https://hmdqtnywfebxjugxzlvc.supabase.co/rest/v1/messages?id=eq.b61f3d83-3bdd-46f9-94d0-82e7fe4d06ef "HTTP/2 200 OK"
2025-03-08 23:22:14,848 - httpx - INFO - HTTP Request: GET https://hmdqtnywfebxjugxzlvc.supabase.co/rest/v1/chats?select=%2A&id=eq.473069b4-2044-48df-a04a-deeca5b863ee "HTTP/2 200 OK"
2025-03-08 23:22:15,382 - httpx - INFO - HTTP Request: GET https://hmdqtnywfebxjugxzlvc.supabase.co/rest/v1/classes?select=title%2Ccourse_description&id=eq.45d629b6-9138-45f9-ab79-2a089f665890 "HTTP/2 200 OK"
2025-03-08 23:22:15,489 - httpx - INFO - HTTP Request: GET https://hmdqtnywfebxjugxzlvc.supabase.co/rest/v1/rules?select=%2A&class=eq.45d629b6-9138-45f9-ab79-2a089f665890&enabled=eq.True "HTTP/2 200 OK"
2025-03-08 23:22:15,632 - httpx - INFO - HTTP Request: GET https://hmdqtnywfebxjugxzlvc.supabase.co/rest/v1/messages?select=%2A&order=created_at&chat=eq.473069b4-2044-48df-a04a-deeca5b863ee "HTTP/2 200 OK"
2025-03-08 23:22:15,831 - httpx - INFO - HTTP Request: GET https://hmdqtnywfebxjugxzlvc.supabase.co/rest/v1/lectures?select=%2A&id=in.%28dab3f727-d926-4c6f-9b45-ae845d4ba00f%29&order=note_number "HTTP/2 200 OK"
2025-03-08 23:22:16,591 - httpx - INFO - HTTP Request: GET https://hmdqtnywfebxjugxzlvc.supabase.co/rest/v1/documents?select=%2A&lecture=in.%28dab3f727-d926-4c6f-9b45-ae845d4ba00f%29&order=page "HTTP/2 200 OK"
2025-03-08 23:22:16,659 - httpx - INFO - HTTP Request: GET https://hmdqtnywfebxjugxzlvc.supabase.co/rest/v1/lectures?select=%2A&id=in.%28dab3f727-d926-4c6f-9b45-ae845d4ba00f%29&order=note_number "HTTP/2 200 OK"
2025-03-08 23:22:16,746 - httpx - INFO - HTTP Request: GET https://hmdqtnywfebxjugxzlvc.supabase.co/rest/v1/documents?select=%2A&lecture=in.%28dab3f727-d926-4c6f-9b45-ae845d4ba00f%29&order=page "HTTP/2 200 OK"
2025-03-08 23:22:17,933 - httpx - INFO - HTTP Request: PATCH https://hmdqtnywfebxjugxzlvc.supabase.co/rest/v1/messages?id=eq.b61f3d83-3bdd-46f9-94d0-82e7fe4d06ef "HTTP/2 200 OK"
2025-03-08 23:22:18,074 - httpx - INFO - HTTP Request: PATCH https://hmdqtnywfebxjugxzlvc.supabase.co/rest/v1/messages?id=eq.b61f3d83-3bdd-46f9-94d0-82e7fe4d06ef "HTTP/2 200 OK"
2025-03-08 23:22:18,205 - httpx - INFO - HTTP Request: PATCH https://hmdqtnywfebxjugxzlvc.supabase.co/rest/v1/messages?id=eq.b61f3d83-3bdd-46f9-94d0-82e7fe4d06ef "HTTP/2 200 OK"
2025-03-08 23:22:18,354 - httpx - INFO - HTTP Request: PATCH https://hmdqtnywfebxjugxzlvc.supabase.co/rest/v1/messages?id=eq.b61f3d83-3bdd-46f9-94d0-82e7fe4d06ef "HTTP/2 200 OK"
2025-03-08 23:22:18,605 - httpx - INFO - HTTP Request: PATCH https://hmdqtnywfebxjugxzlvc.supabase.co/rest/v1/messages?id=eq.b61f3d83-3bdd-46f9-94d0-82e7fe4d06ef "HTTP/2 200 OK"
2025-03-08 23:22:18,888 - httpx - INFO - HTTP Request: PATCH https://hmdqtnywfebxjugxzlvc.supabase.co/rest/v1/messages?id=eq.b61f3d83-3bdd-46f9-94d0-82e7fe4d06ef "HTTP/2 200 OK"
2025-03-08 23:22:19,188 - httpx - INFO - HTTP Request: PATCH https://hmdqtnywfebxjugxzlvc.supabase.co/rest/v1/messages?id=eq.b61f3d83-3bdd-46f9-94d0-82e7fe4d06ef "HTTP/2 200 OK"
2025-03-08 23:22:19,321 - httpx - INFO - HTTP Request: PATCH https://hmdqtnywfebxjugxzlvc.supabase.co/rest/v1/messages?id=eq.b61f3d83-3bdd-46f9-94d0-82e7fe4d06ef "HTTP/2 200 OK"
2025-03-08 23:22:19,399 - httpx - INFO - HTTP Request: PATCH https://hmdqtnywfebxjugxzlvc.supabase.co/rest/v1/messages?id=eq.b61f3d83-3bdd-46f9-94d0-82e7fe4d06ef "HTTP/2 200 OK"
2025-03-08 23:22:19,521 - httpx - INFO - HTTP Request: PATCH https://hmdqtnywfebxjugxzlvc.supabase.co/rest/v1/messages?id=eq.b61f3d83-3bdd-46f9-94d0-82e7fe4d06ef "HTTP/2 200 OK"
2025-03-08 23:22:21,269 - httpx - INFO - HTTP Request: GET https://hmdqtnywfebxjugxzlvc.supabase.co/rest/v1/messages?select=%2A&id=eq.b61f3d83-3bdd-46f9-94d0-82e7fe4d06ef "HTTP/2 200 OK"
2025-03-08 23:22:21,321 - httpx - INFO - HTTP Request: GET https://hmdqtnywfebxjugxzlvc.supabase.co/rest/v1/chats?select=%2A&id=eq.473069b4-2044-48df-a04a-deeca5b863ee "HTTP/2 200 OK"
2025-03-08 23:22:21,381 - httpx - INFO - HTTP Request: GET https://hmdqtnywfebxjugxzlvc.supabase.co/rest/v1/classes?select=%2A&id=eq.45d629b6-9138-45f9-ab79-2a089f665890 "HTTP/2 200 OK"
2025-03-08 23:22:21,440 - httpx - INFO - HTTP Request: GET https://hmdqtnywfebxjugxzlvc.supabase.co/rest/v1/documents?select=%2A&id=in.%28%29 "HTTP/2 200 OK"
2025-03-08 23:22:21,491 - httpx - INFO - HTTP Request: GET https://hmdqtnywfebxjugxzlvc.supabase.co/rest/v1/messages?select=%2A&order=created_at&chat=eq.473069b4-2044-48df-a04a-deeca5b863ee "HTTP/2 200 OK"
2025-03-08 23:22:21,567 - httpx - INFO - HTTP Request: GET https://hmdqtnywfebxjugxzlvc.supabase.co/rest/v1/faqs?select=%2A&class=eq.45d629b6-9138-45f9-ab79-2a089f665890 "HTTP/2 200 OK"
2025-03-08 23:22:22,235 - httpx - INFO - HTTP Request: POST https://hmdqtnywfebxjugxzlvc.supabase.co/rest/v1/faqs?columns=%22homeworks%22%2C%22class%22%2C%22lectures%22%2C%22chapters%22%2C%22id%22%2C%22count%22%2C%22messages%22 "HTTP/2 200 OK"
2025-03-08 23:22:22,311 - httpx - INFO - HTTP Request: POST https://hmdqtnywfebxjugxzlvc.supabase.co/rest/v1/evals_message "HTTP/2 201 Created"
2025-03-08 23:22:22,397 - httpx - INFO - HTTP Request: GET https://hmdqtnywfebxjugxzlvc.supabase.co/rest/v1/chats?select=%2A&id=eq.473069b4-2044-48df-a04a-deeca5b863ee "HTTP/2 200 OK"
2025-03-08 23:22:22,462 - httpx - INFO - HTTP Request: GET https://hmdqtnywfebxjugxzlvc.supabase.co/rest/v1/messages?select=%2A&order=created_at&chat=eq.473069b4-2044-48df-a04a-deeca5b863ee "HTTP/2 200 OK"
2025-03-08 23:22:26,144 - httpx - INFO - HTTP Request: PATCH https://hmdqtnywfebxjugxzlvc.supabase.co/rest/v1/chats?id=eq.473069b4-2044-48df-a04a-deeca5b863ee "HTTP/2 200 OK"
2025-03-08 23:26:54,208 - httpx - INFO - HTTP Request: PATCH https://hmdqtnywfebxjugxzlvc.supabase.co/rest/v1/messages?id=eq.f407d273-d1c4-4a8f-adf9-e14087fb2af4 "HTTP/2 200 OK"
2025-03-08 23:26:54,261 - httpx - INFO - HTTP Request: GET https://hmdqtnywfebxjugxzlvc.supabase.co/rest/v1/chats?select=%2A&id=eq.ea9b2754-8452-46a5-83e4-7a4d6ab1aaeb "HTTP/2 200 OK"
2025-03-08 23:26:54,315 - httpx - INFO - HTTP Request: GET https://hmdqtnywfebxjugxzlvc.supabase.co/rest/v1/classes?select=title%2Ccourse_description&id=eq.45d629b6-9138-45f9-ab79-2a089f665890 "HTTP/2 200 OK"
2025-03-08 23:26:54,373 - httpx - INFO - HTTP Request: GET https://hmdqtnywfebxjugxzlvc.supabase.co/rest/v1/rules?select=%2A&class=eq.45d629b6-9138-45f9-ab79-2a089f665890&enabled=eq.True "HTTP/2 200 OK"
2025-03-08 23:26:54,457 - httpx - INFO - HTTP Request: GET https://hmdqtnywfebxjugxzlvc.supabase.co/rest/v1/messages?select=%2A&order=created_at&chat=eq.ea9b2754-8452-46a5-83e4-7a4d6ab1aaeb "HTTP/2 200 OK"
2025-03-08 23:26:54,539 - httpx - INFO - HTTP Request: GET https://hmdqtnywfebxjugxzlvc.supabase.co/rest/v1/lectures?select=%2A&id=in.%28dab3f727-d926-4c6f-9b45-ae845d4ba00f%29&order=note_number "HTTP/2 200 OK"
2025-03-08 23:26:54,647 - httpx - INFO - HTTP Request: GET https://hmdqtnywfebxjugxzlvc.supabase.co/rest/v1/documents?select=%2A&lecture=in.%28dab3f727-d926-4c6f-9b45-ae845d4ba00f%29&order=page "HTTP/2 200 OK"
2025-03-08 23:26:54,704 - httpx - INFO - HTTP Request: GET https://hmdqtnywfebxjugxzlvc.supabase.co/rest/v1/lectures?select=%2A&id=in.%28dab3f727-d926-4c6f-9b45-ae845d4ba00f%29&order=note_number "HTTP/2 200 OK"
2025-03-08 23:26:54,823 - httpx - INFO - HTTP Request: GET https://hmdqtnywfebxjugxzlvc.supabase.co/rest/v1/documents?select=%2A&lecture=in.%28dab3f727-d926-4c6f-9b45-ae845d4ba00f%29&order=page "HTTP/2 200 OK"
2025-03-08 23:26:55,853 - httpx - INFO - HTTP Request: PATCH https://hmdqtnywfebxjugxzlvc.supabase.co/rest/v1/messages?id=eq.f407d273-d1c4-4a8f-adf9-e14087fb2af4 "HTTP/2 200 OK"
2025-03-08 23:26:55,935 - httpx - INFO - HTTP Request: PATCH https://hmdqtnywfebxjugxzlvc.supabase.co/rest/v1/messages?id=eq.f407d273-d1c4-4a8f-adf9-e14087fb2af4 "HTTP/2 200 OK"
2025-03-08 23:26:56,051 - httpx - INFO - HTTP Request: PATCH https://hmdqtnywfebxjugxzlvc.supabase.co/rest/v1/messages?id=eq.f407d273-d1c4-4a8f-adf9-e14087fb2af4 "HTTP/2 200 OK"
2025-03-08 23:26:56,222 - httpx - INFO - HTTP Request: PATCH https://hmdqtnywfebxjugxzlvc.supabase.co/rest/v1/messages?id=eq.f407d273-d1c4-4a8f-adf9-e14087fb2af4 "HTTP/2 200 OK"
2025-03-08 23:26:56,472 - httpx - INFO - HTTP Request: PATCH https://hmdqtnywfebxjugxzlvc.supabase.co/rest/v1/messages?id=eq.f407d273-d1c4-4a8f-adf9-e14087fb2af4 "HTTP/2 200 OK"
2025-03-08 23:26:56,731 - httpx - INFO - HTTP Request: PATCH https://hmdqtnywfebxjugxzlvc.supabase.co/rest/v1/messages?id=eq.f407d273-d1c4-4a8f-adf9-e14087fb2af4 "HTTP/2 200 OK"
2025-03-08 23:26:57,080 - httpx - INFO - HTTP Request: PATCH https://hmdqtnywfebxjugxzlvc.supabase.co/rest/v1/messages?id=eq.f407d273-d1c4-4a8f-adf9-e14087fb2af4 "HTTP/2 200 OK"
2025-03-08 23:26:57,177 - httpx - INFO - HTTP Request: PATCH https://hmdqtnywfebxjugxzlvc.supabase.co/rest/v1/messages?id=eq.f407d273-d1c4-4a8f-adf9-e14087fb2af4 "HTTP/2 200 OK"
2025-03-08 23:26:57,281 - httpx - INFO - HTTP Request: PATCH https://hmdqtnywfebxjugxzlvc.supabase.co/rest/v1/messages?id=eq.f407d273-d1c4-4a8f-adf9-e14087fb2af4 "HTTP/2 200 OK"
2025-03-08 23:26:57,387 - httpx - INFO - HTTP Request: PATCH https://hmdqtnywfebxjugxzlvc.supabase.co/rest/v1/messages?id=eq.f407d273-d1c4-4a8f-adf9-e14087fb2af4 "HTTP/2 200 OK"
2025-03-08 23:26:58,836 - httpx - INFO - HTTP Request: GET https://hmdqtnywfebxjugxzlvc.supabase.co/rest/v1/chats?select=%2A&id=eq.ea9b2754-8452-46a5-83e4-7a4d6ab1aaeb "HTTP/2 200 OK"
2025-03-08 23:26:58,920 - httpx - INFO - HTTP Request: GET https://hmdqtnywfebxjugxzlvc.supabase.co/rest/v1/messages?select=%2A&order=created_at&chat=eq.ea9b2754-8452-46a5-83e4-7a4d6ab1aaeb "HTTP/2 200 OK"
2025-03-08 23:26:59,463 - httpx - INFO - HTTP Request: PATCH https://hmdqtnywfebxjugxzlvc.supabase.co/rest/v1/chats?id=eq.ea9b2754-8452-46a5-83e4-7a4d6ab1aaeb "HTTP/2 200 OK"
2025-03-08 23:26:59,518 - httpx - INFO - HTTP Request: GET https://hmdqtnywfebxjugxzlvc.supabase.co/rest/v1/messages?select=%2A&id=eq.f407d273-d1c4-4a8f-adf9-e14087fb2af4 "HTTP/2 200 OK"
2025-03-08 23:26:59,598 - httpx - INFO - HTTP Request: GET https://hmdqtnywfebxjugxzlvc.supabase.co/rest/v1/chats?select=%2A&id=eq.ea9b2754-8452-46a5-83e4-7a4d6ab1aaeb "HTTP/2 200 OK"
2025-03-08 23:26:59,652 - httpx - INFO - HTTP Request: GET https://hmdqtnywfebxjugxzlvc.supabase.co/rest/v1/classes?select=%2A&id=eq.45d629b6-9138-45f9-ab79-2a089f665890 "HTTP/2 200 OK"
2025-03-08 23:26:59,706 - httpx - INFO - HTTP Request: GET https://hmdqtnywfebxjugxzlvc.supabase.co/rest/v1/documents?select=%2A&id=in.%28%29 "HTTP/2 200 OK"
2025-03-08 23:26:59,762 - httpx - INFO - HTTP Request: GET https://hmdqtnywfebxjugxzlvc.supabase.co/rest/v1/messages?select=%2A&order=created_at&chat=eq.ea9b2754-8452-46a5-83e4-7a4d6ab1aaeb "HTTP/2 200 OK"
2025-03-08 23:26:59,814 - httpx - INFO - HTTP Request: GET https://hmdqtnywfebxjugxzlvc.supabase.co/rest/v1/faqs?select=%2A&class=eq.45d629b6-9138-45f9-ab79-2a089f665890 "HTTP/2 200 OK"
2025-03-08 23:27:03,501 - httpx - INFO - HTTP Request: POST https://hmdqtnywfebxjugxzlvc.supabase.co/rest/v1/faqs?columns=%22homeworks%22%2C%22class%22%2C%22lectures%22%2C%22chapters%22%2C%22id%22%2C%22count%22%2C%22messages%22 "HTTP/2 200 OK"
2025-03-08 23:27:03,594 - httpx - INFO - HTTP Request: POST https://hmdqtnywfebxjugxzlvc.supabase.co/rest/v1/evals_message "HTTP/2 201 Created"
2025-03-08 23:38:48,301 - httpx - INFO - HTTP Request: PATCH https://hmdqtnywfebxjugxzlvc.supabase.co/rest/v1/messages?id=eq.37bbc194-c37b-4c5d-a6c5-6f383f2345a9 "HTTP/2 200 OK"
2025-03-08 23:38:48,381 - httpx - INFO - HTTP Request: GET https://hmdqtnywfebxjugxzlvc.supabase.co/rest/v1/chats?select=%2A&id=eq.b43ebb62-66da-4724-84db-e6f2a4973873 "HTTP/2 200 OK"
2025-03-08 23:38:48,436 - httpx - INFO - HTTP Request: GET https://hmdqtnywfebxjugxzlvc.supabase.co/rest/v1/classes?select=title%2Ccourse_description&id=eq.45d629b6-9138-45f9-ab79-2a089f665890 "HTTP/2 200 OK"
2025-03-08 23:38:48,513 - httpx - INFO - HTTP Request: GET https://hmdqtnywfebxjugxzlvc.supabase.co/rest/v1/rules?select=%2A&class=eq.45d629b6-9138-45f9-ab79-2a089f665890&enabled=eq.True "HTTP/2 200 OK"
2025-03-08 23:38:48,565 - httpx - INFO - HTTP Request: GET https://hmdqtnywfebxjugxzlvc.supabase.co/rest/v1/messages?select=%2A&order=created_at&chat=eq.b43ebb62-66da-4724-84db-e6f2a4973873 "HTTP/2 200 OK"
2025-03-08 23:38:48,639 - httpx - INFO - HTTP Request: GET https://hmdqtnywfebxjugxzlvc.supabase.co/rest/v1/lectures?select=%2A&id=in.%28dab3f727-d926-4c6f-9b45-ae845d4ba00f%29&order=note_number "HTTP/2 200 OK"
2025-03-08 23:38:48,728 - httpx - INFO - HTTP Request: GET https://hmdqtnywfebxjugxzlvc.supabase.co/rest/v1/documents?select=%2A&lecture=in.%28dab3f727-d926-4c6f-9b45-ae845d4ba00f%29&order=page "HTTP/2 200 OK"
2025-03-08 23:38:48,793 - httpx - INFO - HTTP Request: GET https://hmdqtnywfebxjugxzlvc.supabase.co/rest/v1/lectures?select=%2A&id=in.%28dab3f727-d926-4c6f-9b45-ae845d4ba00f%29&order=note_number "HTTP/2 200 OK"
2025-03-08 23:38:48,880 - httpx - INFO - HTTP Request: GET https://hmdqtnywfebxjugxzlvc.supabase.co/rest/v1/documents?select=%2A&lecture=in.%28dab3f727-d926-4c6f-9b45-ae845d4ba00f%29&order=page "HTTP/2 200 OK"
2025-03-08 23:38:49,945 - httpx - INFO - HTTP Request: PATCH https://hmdqtnywfebxjugxzlvc.supabase.co/rest/v1/messages?id=eq.37bbc194-c37b-4c5d-a6c5-6f383f2345a9 "HTTP/2 200 OK"
2025-03-08 23:38:50,047 - httpx - INFO - HTTP Request: PATCH https://hmdqtnywfebxjugxzlvc.supabase.co/rest/v1/messages?id=eq.37bbc194-c37b-4c5d-a6c5-6f383f2345a9 "HTTP/2 200 OK"
2025-03-08 23:38:50,151 - httpx - INFO - HTTP Request: PATCH https://hmdqtnywfebxjugxzlvc.supabase.co/rest/v1/messages?id=eq.37bbc194-c37b-4c5d-a6c5-6f383f2345a9 "HTTP/2 200 OK"
2025-03-08 23:38:50,245 - httpx - INFO - HTTP Request: PATCH https://hmdqtnywfebxjugxzlvc.supabase.co/rest/v1/messages?id=eq.37bbc194-c37b-4c5d-a6c5-6f383f2345a9 "HTTP/2 200 OK"
2025-03-08 23:38:50,371 - httpx - INFO - HTTP Request: PATCH https://hmdqtnywfebxjugxzlvc.supabase.co/rest/v1/messages?id=eq.37bbc194-c37b-4c5d-a6c5-6f383f2345a9 "HTTP/2 200 OK"
2025-03-08 23:38:52,189 - httpx - INFO - HTTP Request: GET https://hmdqtnywfebxjugxzlvc.supabase.co/rest/v1/messages?select=%2A&id=eq.37bbc194-c37b-4c5d-a6c5-6f383f2345a9 "HTTP/2 200 OK"
2025-03-08 23:38:52,233 - httpx - INFO - HTTP Request: GET https://hmdqtnywfebxjugxzlvc.supabase.co/rest/v1/chats?select=%2A&id=eq.b43ebb62-66da-4724-84db-e6f2a4973873 "HTTP/2 200 OK"
2025-03-08 23:38:52,283 - httpx - INFO - HTTP Request: GET https://hmdqtnywfebxjugxzlvc.supabase.co/rest/v1/classes?select=%2A&id=eq.45d629b6-9138-45f9-ab79-2a089f665890 "HTTP/2 200 OK"
2025-03-08 23:38:52,395 - httpx - INFO - HTTP Request: GET https://hmdqtnywfebxjugxzlvc.supabase.co/rest/v1/documents?select=%2A&id=in.%28%29 "HTTP/2 200 OK"
2025-03-08 23:38:52,454 - httpx - INFO - HTTP Request: GET https://hmdqtnywfebxjugxzlvc.supabase.co/rest/v1/messages?select=%2A&order=created_at&chat=eq.b43ebb62-66da-4724-84db-e6f2a4973873 "HTTP/2 200 OK"
2025-03-08 23:38:52,510 - httpx - INFO - HTTP Request: GET https://hmdqtnywfebxjugxzlvc.supabase.co/rest/v1/faqs?select=%2A&class=eq.45d629b6-9138-45f9-ab79-2a089f665890 "HTTP/2 200 OK"
2025-03-08 23:38:52,551 - httpx - INFO - HTTP Request: GET https://hmdqtnywfebxjugxzlvc.supabase.co/rest/v1/chats?select=%2A&id=eq.b43ebb62-66da-4724-84db-e6f2a4973873 "HTTP/2 200 OK"
2025-03-08 23:38:52,593 - httpx - INFO - HTTP Request: GET https://hmdqtnywfebxjugxzlvc.supabase.co/rest/v1/messages?select=%2A&order=created_at&chat=eq.b43ebb62-66da-4724-84db-e6f2a4973873 "HTTP/2 200 OK"
2025-03-08 23:38:53,441 - httpx - INFO - HTTP Request: POST https://hmdqtnywfebxjugxzlvc.supabase.co/rest/v1/faqs?columns=%22homeworks%22%2C%22class%22%2C%22lectures%22%2C%22chapters%22%2C%22id%22%2C%22count%22%2C%22messages%22 "HTTP/2 200 OK"
2025-03-08 23:38:53,491 - httpx - INFO - HTTP Request: POST https://hmdqtnywfebxjugxzlvc.supabase.co/rest/v1/evals_message "HTTP/2 201 Created"
2025-03-08 23:38:57,281 - httpx - INFO - HTTP Request: PATCH https://hmdqtnywfebxjugxzlvc.supabase.co/rest/v1/chats?id=eq.b43ebb62-66da-4724-84db-e6f2a4973873 "HTTP/2 200 OK"
2025-03-08 23:39:44,316 - httpx - INFO - HTTP Request: PATCH https://hmdqtnywfebxjugxzlvc.supabase.co/rest/v1/messages?id=eq.39bc4331-a4bd-4373-b6fd-526e64daf3d7 "HTTP/2 200 OK"
2025-03-08 23:39:44,372 - httpx - INFO - HTTP Request: GET https://hmdqtnywfebxjugxzlvc.supabase.co/rest/v1/chats?select=%2A&id=eq.303535ab-9531-4492-bfec-2aab8a8e9268 "HTTP/2 200 OK"
2025-03-08 23:39:44,456 - httpx - INFO - HTTP Request: GET https://hmdqtnywfebxjugxzlvc.supabase.co/rest/v1/classes?select=title%2Ccourse_description&id=eq.45d629b6-9138-45f9-ab79-2a089f665890 "HTTP/2 200 OK"
2025-03-08 23:39:44,511 - httpx - INFO - HTTP Request: GET https://hmdqtnywfebxjugxzlvc.supabase.co/rest/v1/rules?select=%2A&class=eq.45d629b6-9138-45f9-ab79-2a089f665890&enabled=eq.True "HTTP/2 200 OK"
2025-03-08 23:39:44,567 - httpx - INFO - HTTP Request: GET https://hmdqtnywfebxjugxzlvc.supabase.co/rest/v1/messages?select=%2A&order=created_at&chat=eq.303535ab-9531-4492-bfec-2aab8a8e9268 "HTTP/2 200 OK"
2025-03-08 23:39:44,626 - httpx - INFO - HTTP Request: GET https://hmdqtnywfebxjugxzlvc.supabase.co/rest/v1/lectures?select=%2A&id=in.%2834e6b338-a6cf-4720-af01-535cf6c32122%29&order=note_number "HTTP/2 200 OK"
2025-03-08 23:39:44,688 - httpx - INFO - HTTP Request: GET https://hmdqtnywfebxjugxzlvc.supabase.co/rest/v1/documents?select=%2A&lecture=in.%2834e6b338-a6cf-4720-af01-535cf6c32122%29&order=page "HTTP/2 200 OK"
2025-03-08 23:39:44,874 - httpx - INFO - HTTP Request: GET https://hmdqtnywfebxjugxzlvc.supabase.co/rest/v1/lectures?select=%2A&id=in.%2834e6b338-a6cf-4720-af01-535cf6c32122%29&order=note_number "HTTP/2 200 OK"
2025-03-08 23:39:44,928 - httpx - INFO - HTTP Request: GET https://hmdqtnywfebxjugxzlvc.supabase.co/rest/v1/documents?select=%2A&lecture=in.%2834e6b338-a6cf-4720-af01-535cf6c32122%29&order=page "HTTP/2 200 OK"
2025-03-08 23:39:45,748 - httpx - INFO - HTTP Request: PATCH https://hmdqtnywfebxjugxzlvc.supabase.co/rest/v1/messages?id=eq.39bc4331-a4bd-4373-b6fd-526e64daf3d7 "HTTP/2 200 OK"
2025-03-08 23:39:45,809 - httpx - INFO - HTTP Request: PATCH https://hmdqtnywfebxjugxzlvc.supabase.co/rest/v1/messages?id=eq.39bc4331-a4bd-4373-b6fd-526e64daf3d7 "HTTP/2 200 OK"
2025-03-08 23:39:45,912 - httpx - INFO - HTTP Request: PATCH https://hmdqtnywfebxjugxzlvc.supabase.co/rest/v1/messages?id=eq.39bc4331-a4bd-4373-b6fd-526e64daf3d7 "HTTP/2 200 OK"
2025-03-08 23:39:47,182 - httpx - INFO - HTTP Request: GET https://hmdqtnywfebxjugxzlvc.supabase.co/rest/v1/messages?select=%2A&id=eq.39bc4331-a4bd-4373-b6fd-526e64daf3d7 "HTTP/2 200 OK"
2025-03-08 23:39:47,237 - httpx - INFO - HTTP Request: GET https://hmdqtnywfebxjugxzlvc.supabase.co/rest/v1/chats?select=%2A&id=eq.303535ab-9531-4492-bfec-2aab8a8e9268 "HTTP/2 200 OK"
2025-03-08 23:39:47,286 - httpx - INFO - HTTP Request: GET https://hmdqtnywfebxjugxzlvc.supabase.co/rest/v1/classes?select=%2A&id=eq.45d629b6-9138-45f9-ab79-2a089f665890 "HTTP/2 200 OK"
2025-03-08 23:39:47,340 - httpx - INFO - HTTP Request: GET https://hmdqtnywfebxjugxzlvc.supabase.co/rest/v1/documents?select=%2A&id=in.%28%29 "HTTP/2 200 OK"
2025-03-08 23:39:47,429 - httpx - INFO - HTTP Request: GET https://hmdqtnywfebxjugxzlvc.supabase.co/rest/v1/messages?select=%2A&order=created_at&chat=eq.303535ab-9531-4492-bfec-2aab8a8e9268 "HTTP/2 200 OK"
2025-03-08 23:39:47,496 - httpx - INFO - HTTP Request: GET https://hmdqtnywfebxjugxzlvc.supabase.co/rest/v1/faqs?select=%2A&class=eq.45d629b6-9138-45f9-ab79-2a089f665890 "HTTP/2 200 OK"
2025-03-08 23:39:47,582 - httpx - INFO - HTTP Request: GET https://hmdqtnywfebxjugxzlvc.supabase.co/rest/v1/chats?select=%2A&id=eq.303535ab-9531-4492-bfec-2aab8a8e9268 "HTTP/2 200 OK"
2025-03-08 23:39:47,634 - httpx - INFO - HTTP Request: GET https://hmdqtnywfebxjugxzlvc.supabase.co/rest/v1/messages?select=%2A&order=created_at&chat=eq.303535ab-9531-4492-bfec-2aab8a8e9268 "HTTP/2 200 OK"
2025-03-08 23:39:49,479 - httpx - INFO - HTTP Request: POST https://hmdqtnywfebxjugxzlvc.supabase.co/rest/v1/faqs?columns=%22homeworks%22%2C%22class%22%2C%22lectures%22%2C%22chapters%22%2C%22id%22%2C%22count%22%2C%22messages%22 "HTTP/2 200 OK"
2025-03-08 23:39:49,568 - httpx - INFO - HTTP Request: POST https://hmdqtnywfebxjugxzlvc.supabase.co/rest/v1/evals_message "HTTP/2 201 Created"
2025-03-08 23:39:53,440 - httpx - INFO - HTTP Request: PATCH https://hmdqtnywfebxjugxzlvc.supabase.co/rest/v1/chats?id=eq.303535ab-9531-4492-bfec-2aab8a8e9268 "HTTP/2 200 OK"
2025-03-08 23:42:25,267 - httpx - INFO - HTTP Request: PATCH https://hmdqtnywfebxjugxzlvc.supabase.co/rest/v1/messages?id=eq.fa74cbb0-ea9b-4dc3-b3c0-ed707fb3af61 "HTTP/2 200 OK"
2025-03-08 23:42:25,341 - httpx - INFO - HTTP Request: GET https://hmdqtnywfebxjugxzlvc.supabase.co/rest/v1/chats?select=%2A&id=eq.303535ab-9531-4492-bfec-2aab8a8e9268 "HTTP/2 200 OK"
2025-03-08 23:42:25,466 - httpx - INFO - HTTP Request: GET https://hmdqtnywfebxjugxzlvc.supabase.co/rest/v1/classes?select=title%2Ccourse_description&id=eq.45d629b6-9138-45f9-ab79-2a089f665890 "HTTP/2 200 OK"
2025-03-08 23:42:25,564 - httpx - INFO - HTTP Request: GET https://hmdqtnywfebxjugxzlvc.supabase.co/rest/v1/rules?select=%2A&class=eq.45d629b6-9138-45f9-ab79-2a089f665890&enabled=eq.True "HTTP/2 200 OK"
2025-03-08 23:42:25,641 - httpx - INFO - HTTP Request: GET https://hmdqtnywfebxjugxzlvc.supabase.co/rest/v1/messages?select=%2A&order=created_at&chat=eq.303535ab-9531-4492-bfec-2aab8a8e9268 "HTTP/2 200 OK"
2025-03-08 23:42:25,713 - httpx - INFO - HTTP Request: GET https://hmdqtnywfebxjugxzlvc.supabase.co/rest/v1/lectures?select=%2A&id=in.%2834e6b338-a6cf-4720-af01-535cf6c32122%29&order=note_number "HTTP/2 200 OK"
2025-03-08 23:42:25,792 - httpx - INFO - HTTP Request: GET https://hmdqtnywfebxjugxzlvc.supabase.co/rest/v1/documents?select=%2A&lecture=in.%2834e6b338-a6cf-4720-af01-535cf6c32122%29&order=page "HTTP/2 200 OK"
2025-03-08 23:42:25,867 - httpx - INFO - HTTP Request: GET https://hmdqtnywfebxjugxzlvc.supabase.co/rest/v1/lectures?select=%2A&id=in.%2834e6b338-a6cf-4720-af01-535cf6c32122%29&order=note_number "HTTP/2 200 OK"
2025-03-08 23:42:25,946 - httpx - INFO - HTTP Request: GET https://hmdqtnywfebxjugxzlvc.supabase.co/rest/v1/documents?select=%2A&lecture=in.%2834e6b338-a6cf-4720-af01-535cf6c32122%29&order=page "HTTP/2 200 OK"
2025-03-08 23:42:26,765 - httpx - INFO - HTTP Request: PATCH https://hmdqtnywfebxjugxzlvc.supabase.co/rest/v1/messages?id=eq.fa74cbb0-ea9b-4dc3-b3c0-ed707fb3af61 "HTTP/2 200 OK"
2025-03-08 23:42:26,911 - httpx - INFO - HTTP Request: PATCH https://hmdqtnywfebxjugxzlvc.supabase.co/rest/v1/messages?id=eq.fa74cbb0-ea9b-4dc3-b3c0-ed707fb3af61 "HTTP/2 200 OK"
2025-03-08 23:42:27,069 - httpx - INFO - HTTP Request: PATCH https://hmdqtnywfebxjugxzlvc.supabase.co/rest/v1/messages?id=eq.fa74cbb0-ea9b-4dc3-b3c0-ed707fb3af61 "HTTP/2 200 OK"
2025-03-08 23:42:27,188 - httpx - INFO - HTTP Request: PATCH https://hmdqtnywfebxjugxzlvc.supabase.co/rest/v1/messages?id=eq.fa74cbb0-ea9b-4dc3-b3c0-ed707fb3af61 "HTTP/2 200 OK"
2025-03-08 23:42:27,260 - httpx - INFO - HTTP Request: PATCH https://hmdqtnywfebxjugxzlvc.supabase.co/rest/v1/messages?id=eq.fa74cbb0-ea9b-4dc3-b3c0-ed707fb3af61 "HTTP/2 200 OK"
2025-03-08 23:42:27,331 - httpx - INFO - HTTP Request: PATCH https://hmdqtnywfebxjugxzlvc.supabase.co/rest/v1/messages?id=eq.fa74cbb0-ea9b-4dc3-b3c0-ed707fb3af61 "HTTP/2 200 OK"
2025-03-08 23:42:28,645 - httpx - INFO - HTTP Request: GET https://hmdqtnywfebxjugxzlvc.supabase.co/rest/v1/messages?select=%2A&id=eq.fa74cbb0-ea9b-4dc3-b3c0-ed707fb3af61 "HTTP/2 200 OK"
2025-03-08 23:42:28,692 - httpx - INFO - HTTP Request: GET https://hmdqtnywfebxjugxzlvc.supabase.co/rest/v1/chats?select=%2A&id=eq.303535ab-9531-4492-bfec-2aab8a8e9268 "HTTP/2 200 OK"
2025-03-08 23:42:28,761 - httpx - INFO - HTTP Request: GET https://hmdqtnywfebxjugxzlvc.supabase.co/rest/v1/classes?select=%2A&id=eq.45d629b6-9138-45f9-ab79-2a089f665890 "HTTP/2 200 OK"
2025-03-08 23:42:28,832 - httpx - INFO - HTTP Request: GET https://hmdqtnywfebxjugxzlvc.supabase.co/rest/v1/documents?select=%2A&id=in.%28%29 "HTTP/2 200 OK"
2025-03-08 23:42:28,881 - httpx - INFO - HTTP Request: GET https://hmdqtnywfebxjugxzlvc.supabase.co/rest/v1/messages?select=%2A&order=created_at&chat=eq.303535ab-9531-4492-bfec-2aab8a8e9268 "HTTP/2 200 OK"
2025-03-08 23:42:28,973 - httpx - INFO - HTTP Request: GET https://hmdqtnywfebxjugxzlvc.supabase.co/rest/v1/faqs?select=%2A&class=eq.45d629b6-9138-45f9-ab79-2a089f665890 "HTTP/2 200 OK"
2025-03-08 23:42:30,538 - httpx - INFO - HTTP Request: POST https://hmdqtnywfebxjugxzlvc.supabase.co/rest/v1/faqs?columns=%22homeworks%22%2C%22class%22%2C%22lectures%22%2C%22chapters%22%2C%22id%22%2C%22count%22%2C%22messages%22 "HTTP/2 200 OK"
2025-03-08 23:42:30,622 - httpx - INFO - HTTP Request: POST https://hmdqtnywfebxjugxzlvc.supabase.co/rest/v1/evals_message "HTTP/2 201 Created"
2025-03-08 23:47:34,984 - httpx - INFO - HTTP Request: PATCH https://hmdqtnywfebxjugxzlvc.supabase.co/rest/v1/messages?id=eq.45c7c732-b75e-4108-8289-5e14082d1048 "HTTP/2 200 OK"
2025-03-08 23:47:35,081 - httpx - INFO - HTTP Request: GET https://hmdqtnywfebxjugxzlvc.supabase.co/rest/v1/chats?select=%2A&id=eq.ebf1a9ec-4d5d-46a6-99ca-1122c4e8f4cc "HTTP/2 200 OK"
2025-03-08 23:47:35,352 - httpx - INFO - HTTP Request: GET https://hmdqtnywfebxjugxzlvc.supabase.co/rest/v1/classes?select=title%2Ccourse_description&id=eq.45d629b6-9138-45f9-ab79-2a089f665890 "HTTP/2 200 OK"
2025-03-08 23:47:35,484 - httpx - INFO - HTTP Request: GET https://hmdqtnywfebxjugxzlvc.supabase.co/rest/v1/rules?select=%2A&class=eq.45d629b6-9138-45f9-ab79-2a089f665890&enabled=eq.True "HTTP/2 200 OK"
2025-03-08 23:47:35,562 - httpx - INFO - HTTP Request: GET https://hmdqtnywfebxjugxzlvc.supabase.co/rest/v1/messages?select=%2A&order=created_at&chat=eq.ebf1a9ec-4d5d-46a6-99ca-1122c4e8f4cc "HTTP/2 200 OK"
2025-03-08 23:47:35,615 - httpx - INFO - HTTP Request: GET https://hmdqtnywfebxjugxzlvc.supabase.co/rest/v1/lectures?select=%2A&id=in.%28dab3f727-d926-4c6f-9b45-ae845d4ba00f%29&order=note_number "HTTP/2 200 OK"
2025-03-08 23:47:35,707 - httpx - INFO - HTTP Request: GET https://hmdqtnywfebxjugxzlvc.supabase.co/rest/v1/documents?select=%2A&lecture=in.%28dab3f727-d926-4c6f-9b45-ae845d4ba00f%29&order=page "HTTP/2 200 OK"
2025-03-08 23:47:35,781 - httpx - INFO - HTTP Request: GET https://hmdqtnywfebxjugxzlvc.supabase.co/rest/v1/lectures?select=%2A&id=in.%28dab3f727-d926-4c6f-9b45-ae845d4ba00f%29&order=note_number "HTTP/2 200 OK"
2025-03-08 23:47:36,015 - httpx - INFO - HTTP Request: GET https://hmdqtnywfebxjugxzlvc.supabase.co/rest/v1/documents?select=%2A&lecture=in.%28dab3f727-d926-4c6f-9b45-ae845d4ba00f%29&order=page "HTTP/2 200 OK"
2025-03-08 23:47:37,036 - httpx - INFO - HTTP Request: PATCH https://hmdqtnywfebxjugxzlvc.supabase.co/rest/v1/messages?id=eq.45c7c732-b75e-4108-8289-5e14082d1048 "HTTP/2 200 OK"
2025-03-08 23:47:37,171 - httpx - INFO - HTTP Request: PATCH https://hmdqtnywfebxjugxzlvc.supabase.co/rest/v1/messages?id=eq.45c7c732-b75e-4108-8289-5e14082d1048 "HTTP/2 200 OK"
2025-03-08 23:47:37,303 - httpx - INFO - HTTP Request: PATCH https://hmdqtnywfebxjugxzlvc.supabase.co/rest/v1/messages?id=eq.45c7c732-b75e-4108-8289-5e14082d1048 "HTTP/2 200 OK"
2025-03-08 23:47:37,485 - httpx - INFO - HTTP Request: PATCH https://hmdqtnywfebxjugxzlvc.supabase.co/rest/v1/messages?id=eq.45c7c732-b75e-4108-8289-5e14082d1048 "HTTP/2 200 OK"
2025-03-08 23:47:37,710 - httpx - INFO - HTTP Request: PATCH https://hmdqtnywfebxjugxzlvc.supabase.co/rest/v1/messages?id=eq.45c7c732-b75e-4108-8289-5e14082d1048 "HTTP/2 200 OK"
2025-03-08 23:47:38,034 - httpx - INFO - HTTP Request: PATCH https://hmdqtnywfebxjugxzlvc.supabase.co/rest/v1/messages?id=eq.45c7c732-b75e-4108-8289-5e14082d1048 "HTTP/2 200 OK"
2025-03-08 23:47:38,312 - httpx - INFO - HTTP Request: PATCH https://hmdqtnywfebxjugxzlvc.supabase.co/rest/v1/messages?id=eq.45c7c732-b75e-4108-8289-5e14082d1048 "HTTP/2 200 OK"
2025-03-08 23:47:38,684 - httpx - INFO - HTTP Request: PATCH https://hmdqtnywfebxjugxzlvc.supabase.co/rest/v1/messages?id=eq.45c7c732-b75e-4108-8289-5e14082d1048 "HTTP/2 200 OK"
2025-03-08 23:47:38,735 - httpx - INFO - HTTP Request: PATCH https://hmdqtnywfebxjugxzlvc.supabase.co/rest/v1/messages?id=eq.45c7c732-b75e-4108-8289-5e14082d1048 "HTTP/2 200 OK"
2025-03-08 23:47:38,843 - httpx - INFO - HTTP Request: PATCH https://hmdqtnywfebxjugxzlvc.supabase.co/rest/v1/messages?id=eq.45c7c732-b75e-4108-8289-5e14082d1048 "HTTP/2 200 OK"
2025-03-08 23:47:40,286 - httpx - INFO - HTTP Request: GET https://hmdqtnywfebxjugxzlvc.supabase.co/rest/v1/messages?select=%2A&id=eq.45c7c732-b75e-4108-8289-5e14082d1048 "HTTP/2 200 OK"
2025-03-08 23:47:40,332 - httpx - INFO - HTTP Request: GET https://hmdqtnywfebxjugxzlvc.supabase.co/rest/v1/chats?select=%2A&id=eq.ebf1a9ec-4d5d-46a6-99ca-1122c4e8f4cc "HTTP/2 200 OK"
2025-03-08 23:47:40,401 - httpx - INFO - HTTP Request: GET https://hmdqtnywfebxjugxzlvc.supabase.co/rest/v1/classes?select=%2A&id=eq.45d629b6-9138-45f9-ab79-2a089f665890 "HTTP/2 200 OK"
2025-03-08 23:47:40,442 - httpx - INFO - HTTP Request: GET https://hmdqtnywfebxjugxzlvc.supabase.co/rest/v1/documents?select=%2A&id=in.%28%29 "HTTP/2 200 OK"
2025-03-08 23:47:40,515 - httpx - INFO - HTTP Request: GET https://hmdqtnywfebxjugxzlvc.supabase.co/rest/v1/messages?select=%2A&order=created_at&chat=eq.ebf1a9ec-4d5d-46a6-99ca-1122c4e8f4cc "HTTP/2 200 OK"
2025-03-08 23:47:40,597 - httpx - INFO - HTTP Request: GET https://hmdqtnywfebxjugxzlvc.supabase.co/rest/v1/faqs?select=%2A&class=eq.45d629b6-9138-45f9-ab79-2a089f665890 "HTTP/2 200 OK"
2025-03-08 23:47:41,189 - httpx - INFO - HTTP Request: POST https://hmdqtnywfebxjugxzlvc.supabase.co/rest/v1/faqs?columns=%22homeworks%22%2C%22class%22%2C%22lectures%22%2C%22chapters%22%2C%22id%22%2C%22count%22%2C%22messages%22 "HTTP/2 200 OK"
2025-03-08 23:47:41,239 - httpx - INFO - HTTP Request: POST https://hmdqtnywfebxjugxzlvc.supabase.co/rest/v1/evals_message "HTTP/2 201 Created"
2025-03-08 23:47:41,289 - httpx - INFO - HTTP Request: GET https://hmdqtnywfebxjugxzlvc.supabase.co/rest/v1/chats?select=%2A&id=eq.ebf1a9ec-4d5d-46a6-99ca-1122c4e8f4cc "HTTP/2 200 OK"
2025-03-08 23:47:41,374 - httpx - INFO - HTTP Request: GET https://hmdqtnywfebxjugxzlvc.supabase.co/rest/v1/messages?select=%2A&order=created_at&chat=eq.ebf1a9ec-4d5d-46a6-99ca-1122c4e8f4cc "HTTP/2 200 OK"
2025-03-08 23:47:45,271 - httpx - INFO - HTTP Request: PATCH https://hmdqtnywfebxjugxzlvc.supabase.co/rest/v1/chats?id=eq.ebf1a9ec-4d5d-46a6-99ca-1122c4e8f4cc "HTTP/2 200 OK"
2025-03-08 23:52:23,666 - httpx - INFO - HTTP Request: PATCH https://hmdqtnywfebxjugxzlvc.supabase.co/rest/v1/messages?id=eq.f2dc543d-c467-458c-afdb-0954acb94c4b "HTTP/2 200 OK"
2025-03-08 23:52:23,716 - httpx - INFO - HTTP Request: GET https://hmdqtnywfebxjugxzlvc.supabase.co/rest/v1/chats?select=%2A&id=eq.5dc6bd0f-a830-4d57-9ef0-81472586ff09 "HTTP/2 200 OK"
2025-03-08 23:52:23,785 - httpx - INFO - HTTP Request: GET https://hmdqtnywfebxjugxzlvc.supabase.co/rest/v1/classes?select=title%2Ccourse_description&id=eq.45d629b6-9138-45f9-ab79-2a089f665890 "HTTP/2 200 OK"
2025-03-08 23:52:23,865 - httpx - INFO - HTTP Request: GET https://hmdqtnywfebxjugxzlvc.supabase.co/rest/v1/rules?select=%2A&class=eq.45d629b6-9138-45f9-ab79-2a089f665890&enabled=eq.True "HTTP/2 200 OK"
2025-03-08 23:52:23,914 - httpx - INFO - HTTP Request: GET https://hmdqtnywfebxjugxzlvc.supabase.co/rest/v1/messages?select=%2A&order=created_at&chat=eq.5dc6bd0f-a830-4d57-9ef0-81472586ff09 "HTTP/2 200 OK"
2025-03-08 23:52:23,965 - httpx - INFO - HTTP Request: GET https://hmdqtnywfebxjugxzlvc.supabase.co/rest/v1/homeworks?select=%2A&id=in.%286095cc21-3580-41f2-aa03-bba156917fad%29&order=homework_number "HTTP/2 200 OK"
2025-03-08 23:52:24,018 - httpx - INFO - HTTP Request: GET https://hmdqtnywfebxjugxzlvc.supabase.co/rest/v1/exercises?select=%2A&homework=in.%286095cc21-3580-41f2-aa03-bba156917fad%29 "HTTP/2 200 OK"
2025-03-08 23:52:24,076 - httpx - INFO - HTTP Request: GET https://hmdqtnywfebxjugxzlvc.supabase.co/rest/v1/homeworks?select=%2A&id=in.%286095cc21-3580-41f2-aa03-bba156917fad%29&order=homework_number "HTTP/2 200 OK"
2025-03-08 23:52:24,127 - httpx - INFO - HTTP Request: GET https://hmdqtnywfebxjugxzlvc.supabase.co/rest/v1/exercises?select=%2A&homework=in.%286095cc21-3580-41f2-aa03-bba156917fad%29 "HTTP/2 200 OK"
2025-03-08 23:52:24,800 - httpx - INFO - HTTP Request: PATCH https://hmdqtnywfebxjugxzlvc.supabase.co/rest/v1/messages?id=eq.f2dc543d-c467-458c-afdb-0954acb94c4b "HTTP/2 200 OK"
2025-03-08 23:52:24,929 - httpx - INFO - HTTP Request: PATCH https://hmdqtnywfebxjugxzlvc.supabase.co/rest/v1/messages?id=eq.f2dc543d-c467-458c-afdb-0954acb94c4b "HTTP/2 200 OK"
2025-03-08 23:52:24,989 - httpx - INFO - HTTP Request: PATCH https://hmdqtnywfebxjugxzlvc.supabase.co/rest/v1/messages?id=eq.f2dc543d-c467-458c-afdb-0954acb94c4b "HTTP/2 200 OK"
2025-03-08 23:52:25,038 - httpx - INFO - HTTP Request: PATCH https://hmdqtnywfebxjugxzlvc.supabase.co/rest/v1/messages?id=eq.f2dc543d-c467-458c-afdb-0954acb94c4b "HTTP/2 200 OK"
2025-03-08 23:52:25,136 - httpx - INFO - HTTP Request: PATCH https://hmdqtnywfebxjugxzlvc.supabase.co/rest/v1/messages?id=eq.f2dc543d-c467-458c-afdb-0954acb94c4b "HTTP/2 200 OK"
2025-03-08 23:52:26,099 - httpx - INFO - HTTP Request: GET https://hmdqtnywfebxjugxzlvc.supabase.co/rest/v1/chats?select=%2A&id=eq.5dc6bd0f-a830-4d57-9ef0-81472586ff09 "HTTP/2 200 OK"
2025-03-08 23:52:26,157 - httpx - INFO - HTTP Request: GET https://hmdqtnywfebxjugxzlvc.supabase.co/rest/v1/messages?select=%2A&order=created_at&chat=eq.5dc6bd0f-a830-4d57-9ef0-81472586ff09 "HTTP/2 200 OK"
2025-03-08 23:52:26,220 - httpx - INFO - HTTP Request: GET https://hmdqtnywfebxjugxzlvc.supabase.co/rest/v1/messages?select=%2A&id=eq.f2dc543d-c467-458c-afdb-0954acb94c4b "HTTP/2 200 OK"
2025-03-08 23:52:26,294 - httpx - INFO - HTTP Request: GET https://hmdqtnywfebxjugxzlvc.supabase.co/rest/v1/chats?select=%2A&id=eq.5dc6bd0f-a830-4d57-9ef0-81472586ff09 "HTTP/2 200 OK"
2025-03-08 23:52:26,345 - httpx - INFO - HTTP Request: GET https://hmdqtnywfebxjugxzlvc.supabase.co/rest/v1/classes?select=%2A&id=eq.45d629b6-9138-45f9-ab79-2a089f665890 "HTTP/2 200 OK"
2025-03-08 23:52:26,397 - httpx - INFO - HTTP Request: GET https://hmdqtnywfebxjugxzlvc.supabase.co/rest/v1/documents?select=%2A&id=in.%28%29 "HTTP/2 200 OK"
2025-03-08 23:52:26,457 - httpx - INFO - HTTP Request: GET https://hmdqtnywfebxjugxzlvc.supabase.co/rest/v1/messages?select=%2A&order=created_at&chat=eq.5dc6bd0f-a830-4d57-9ef0-81472586ff09 "HTTP/2 200 OK"
2025-03-08 23:52:26,510 - httpx - INFO - HTTP Request: GET https://hmdqtnywfebxjugxzlvc.supabase.co/rest/v1/faqs?select=%2A&class=eq.45d629b6-9138-45f9-ab79-2a089f665890 "HTTP/2 200 OK"
2025-03-08 23:52:28,753 - httpx - INFO - HTTP Request: PATCH https://hmdqtnywfebxjugxzlvc.supabase.co/rest/v1/chats?id=eq.5dc6bd0f-a830-4d57-9ef0-81472586ff09 "HTTP/2 200 OK"
2025-03-08 23:52:32,618 - httpx - INFO - HTTP Request: POST https://hmdqtnywfebxjugxzlvc.supabase.co/rest/v1/faqs?columns=%22homeworks%22%2C%22class%22%2C%22lectures%22%2C%22chapters%22%2C%22id%22%2C%22count%22%2C%22messages%22 "HTTP/2 200 OK"
2025-03-08 23:52:32,667 - httpx - INFO - HTTP Request: POST https://hmdqtnywfebxjugxzlvc.supabase.co/rest/v1/evals_message "HTTP/2 201 Created"
2025-03-09 14:45:40,674 - httpx - INFO - HTTP Request: PATCH https://hmdqtnywfebxjugxzlvc.supabase.co/rest/v1/messages?id=eq.5acce211-5086-4930-af8a-da37d4b75a92 "HTTP/2 200 OK"
2025-03-09 14:45:40,782 - httpx - INFO - HTTP Request: GET https://hmdqtnywfebxjugxzlvc.supabase.co/rest/v1/chats?select=%2A&id=eq.4be2e077-24fc-48b7-8840-9721f9e8ecb6 "HTTP/2 200 OK"
2025-03-09 14:45:40,870 - httpx - INFO - HTTP Request: GET https://hmdqtnywfebxjugxzlvc.supabase.co/rest/v1/classes?select=title%2Ccourse_description&id=eq.45d629b6-9138-45f9-ab79-2a089f665890 "HTTP/2 200 OK"
2025-03-09 14:45:40,976 - httpx - INFO - HTTP Request: GET https://hmdqtnywfebxjugxzlvc.supabase.co/rest/v1/rules?select=%2A&class=eq.45d629b6-9138-45f9-ab79-2a089f665890&enabled=eq.True "HTTP/2 200 OK"
2025-03-09 14:45:41,083 - httpx - INFO - HTTP Request: GET https://hmdqtnywfebxjugxzlvc.supabase.co/rest/v1/messages?select=%2A&order=created_at&chat=eq.4be2e077-24fc-48b7-8840-9721f9e8ecb6 "HTTP/2 200 OK"
2025-03-09 14:45:41,850 - httpx - INFO - HTTP Request: PATCH https://hmdqtnywfebxjugxzlvc.supabase.co/rest/v1/messages?id=eq.5acce211-5086-4930-af8a-da37d4b75a92 "HTTP/2 200 OK"
2025-03-09 14:45:41,912 - httpx - INFO - HTTP Request: PATCH https://hmdqtnywfebxjugxzlvc.supabase.co/rest/v1/messages?id=eq.5acce211-5086-4930-af8a-da37d4b75a92 "HTTP/2 200 OK"
2025-03-09 14:45:42,018 - httpx - INFO - HTTP Request: PATCH https://hmdqtnywfebxjugxzlvc.supabase.co/rest/v1/messages?id=eq.5acce211-5086-4930-af8a-da37d4b75a92 "HTTP/2 200 OK"
2025-03-09 14:45:42,078 - httpx - INFO - HTTP Request: PATCH https://hmdqtnywfebxjugxzlvc.supabase.co/rest/v1/messages?id=eq.5acce211-5086-4930-af8a-da37d4b75a92 "HTTP/2 200 OK"
2025-03-09 14:45:42,231 - httpx - INFO - HTTP Request: PATCH https://hmdqtnywfebxjugxzlvc.supabase.co/rest/v1/messages?id=eq.5acce211-5086-4930-af8a-da37d4b75a92 "HTTP/2 200 OK"
2025-03-09 14:45:43,813 - httpx - INFO - HTTP Request: GET https://hmdqtnywfebxjugxzlvc.supabase.co/rest/v1/messages?select=%2A&id=eq.5acce211-5086-4930-af8a-da37d4b75a92 "HTTP/2 200 OK"
2025-03-09 14:45:43,900 - httpx - INFO - HTTP Request: GET https://hmdqtnywfebxjugxzlvc.supabase.co/rest/v1/chats?select=%2A&id=eq.4be2e077-24fc-48b7-8840-9721f9e8ecb6 "HTTP/2 200 OK"
2025-03-09 14:45:43,994 - httpx - INFO - HTTP Request: GET https://hmdqtnywfebxjugxzlvc.supabase.co/rest/v1/classes?select=%2A&id=eq.45d629b6-9138-45f9-ab79-2a089f665890 "HTTP/2 200 OK"
2025-03-09 14:45:44,051 - httpx - INFO - HTTP Request: GET https://hmdqtnywfebxjugxzlvc.supabase.co/rest/v1/documents?select=%2A&id=in.%28%29 "HTTP/2 200 OK"
2025-03-09 14:45:44,131 - httpx - INFO - HTTP Request: GET https://hmdqtnywfebxjugxzlvc.supabase.co/rest/v1/messages?select=%2A&order=created_at&chat=eq.4be2e077-24fc-48b7-8840-9721f9e8ecb6 "HTTP/2 200 OK"
2025-03-09 14:45:44,203 - httpx - INFO - HTTP Request: GET https://hmdqtnywfebxjugxzlvc.supabase.co/rest/v1/faqs?select=%2A&class=eq.45d629b6-9138-45f9-ab79-2a089f665890 "HTTP/2 200 OK"
2025-03-09 14:45:44,260 - httpx - INFO - HTTP Request: GET https://hmdqtnywfebxjugxzlvc.supabase.co/rest/v1/chats?select=%2A&id=eq.4be2e077-24fc-48b7-8840-9721f9e8ecb6 "HTTP/2 200 OK"
2025-03-09 14:45:44,320 - httpx - INFO - HTTP Request: GET https://hmdqtnywfebxjugxzlvc.supabase.co/rest/v1/messages?select=%2A&order=created_at&chat=eq.4be2e077-24fc-48b7-8840-9721f9e8ecb6 "HTTP/2 200 OK"
2025-03-09 14:45:45,764 - httpx - INFO - HTTP Request: POST https://hmdqtnywfebxjugxzlvc.supabase.co/rest/v1/faqs?columns=%22homeworks%22%2C%22lectures%22%2C%22class%22%2C%22count%22%2C%22chapters%22%2C%22id%22%2C%22messages%22 "HTTP/2 200 OK"
2025-03-09 14:45:45,869 - httpx - INFO - HTTP Request: POST https://hmdqtnywfebxjugxzlvc.supabase.co/rest/v1/evals_message "HTTP/2 201 Created"
2025-03-09 14:45:49,558 - httpx - INFO - HTTP Request: PATCH https://hmdqtnywfebxjugxzlvc.supabase.co/rest/v1/chats?id=eq.4be2e077-24fc-48b7-8840-9721f9e8ecb6 "HTTP/2 200 OK"
2025-03-09 14:46:09,599 - httpx - INFO - HTTP Request: PATCH https://hmdqtnywfebxjugxzlvc.supabase.co/rest/v1/messages?id=eq.3039bd1a-73e1-4a19-866d-6969be0d9f81 "HTTP/2 200 OK"
2025-03-09 14:46:09,675 - httpx - INFO - HTTP Request: GET https://hmdqtnywfebxjugxzlvc.supabase.co/rest/v1/chats?select=%2A&id=eq.4be2e077-24fc-48b7-8840-9721f9e8ecb6 "HTTP/2 200 OK"
2025-03-09 14:46:09,750 - httpx - INFO - HTTP Request: GET https://hmdqtnywfebxjugxzlvc.supabase.co/rest/v1/classes?select=title%2Ccourse_description&id=eq.45d629b6-9138-45f9-ab79-2a089f665890 "HTTP/2 200 OK"
2025-03-09 14:46:09,787 - httpx - INFO - HTTP Request: GET https://hmdqtnywfebxjugxzlvc.supabase.co/rest/v1/rules?select=%2A&class=eq.45d629b6-9138-45f9-ab79-2a089f665890&enabled=eq.True "HTTP/2 200 OK"
2025-03-09 14:46:09,858 - httpx - INFO - HTTP Request: GET https://hmdqtnywfebxjugxzlvc.supabase.co/rest/v1/messages?select=%2A&order=created_at&chat=eq.4be2e077-24fc-48b7-8840-9721f9e8ecb6 "HTTP/2 200 OK"
2025-03-09 14:46:10,506 - httpx - INFO - HTTP Request: PATCH https://hmdqtnywfebxjugxzlvc.supabase.co/rest/v1/messages?id=eq.3039bd1a-73e1-4a19-866d-6969be0d9f81 "HTTP/2 200 OK"
2025-03-09 14:46:10,619 - httpx - INFO - HTTP Request: PATCH https://hmdqtnywfebxjugxzlvc.supabase.co/rest/v1/messages?id=eq.3039bd1a-73e1-4a19-866d-6969be0d9f81 "HTTP/2 200 OK"
2025-03-09 14:46:10,794 - httpx - INFO - HTTP Request: PATCH https://hmdqtnywfebxjugxzlvc.supabase.co/rest/v1/messages?id=eq.3039bd1a-73e1-4a19-866d-6969be0d9f81 "HTTP/2 200 OK"
2025-03-09 14:46:10,964 - httpx - INFO - HTTP Request: PATCH https://hmdqtnywfebxjugxzlvc.supabase.co/rest/v1/messages?id=eq.3039bd1a-73e1-4a19-866d-6969be0d9f81 "HTTP/2 200 OK"
2025-03-09 14:46:11,209 - httpx - INFO - HTTP Request: PATCH https://hmdqtnywfebxjugxzlvc.supabase.co/rest/v1/messages?id=eq.3039bd1a-73e1-4a19-866d-6969be0d9f81 "HTTP/2 200 OK"
2025-03-09 14:46:11,281 - httpx - INFO - HTTP Request: PATCH https://hmdqtnywfebxjugxzlvc.supabase.co/rest/v1/messages?id=eq.3039bd1a-73e1-4a19-866d-6969be0d9f81 "HTTP/2 200 OK"
2025-03-09 14:46:11,352 - httpx - INFO - HTTP Request: PATCH https://hmdqtnywfebxjugxzlvc.supabase.co/rest/v1/messages?id=eq.3039bd1a-73e1-4a19-866d-6969be0d9f81 "HTTP/2 200 OK"
2025-03-09 14:46:11,408 - httpx - INFO - HTTP Request: PATCH https://hmdqtnywfebxjugxzlvc.supabase.co/rest/v1/messages?id=eq.3039bd1a-73e1-4a19-866d-6969be0d9f81 "HTTP/2 200 OK"
2025-03-09 14:46:12,548 - httpx - INFO - HTTP Request: GET https://hmdqtnywfebxjugxzlvc.supabase.co/rest/v1/messages?select=%2A&id=eq.3039bd1a-73e1-4a19-866d-6969be0d9f81 "HTTP/2 200 OK"
2025-03-09 14:46:12,624 - httpx - INFO - HTTP Request: GET https://hmdqtnywfebxjugxzlvc.supabase.co/rest/v1/chats?select=%2A&id=eq.4be2e077-24fc-48b7-8840-9721f9e8ecb6 "HTTP/2 200 OK"
2025-03-09 14:46:12,671 - httpx - INFO - HTTP Request: GET https://hmdqtnywfebxjugxzlvc.supabase.co/rest/v1/classes?select=%2A&id=eq.45d629b6-9138-45f9-ab79-2a089f665890 "HTTP/2 200 OK"
2025-03-09 14:46:12,739 - httpx - INFO - HTTP Request: GET https://hmdqtnywfebxjugxzlvc.supabase.co/rest/v1/documents?select=%2A&id=in.%28%29 "HTTP/2 200 OK"
2025-03-09 14:46:12,788 - httpx - INFO - HTTP Request: GET https://hmdqtnywfebxjugxzlvc.supabase.co/rest/v1/messages?select=%2A&order=created_at&chat=eq.4be2e077-24fc-48b7-8840-9721f9e8ecb6 "HTTP/2 200 OK"
2025-03-09 14:46:12,860 - httpx - INFO - HTTP Request: GET https://hmdqtnywfebxjugxzlvc.supabase.co/rest/v1/faqs?select=%2A&class=eq.45d629b6-9138-45f9-ab79-2a089f665890 "HTTP/2 200 OK"
2025-03-09 14:46:14,402 - httpx - INFO - HTTP Request: POST https://hmdqtnywfebxjugxzlvc.supabase.co/rest/v1/faqs?columns=%22homeworks%22%2C%22lectures%22%2C%22class%22%2C%22count%22%2C%22chapters%22%2C%22id%22%2C%22messages%22 "HTTP/2 200 OK"
2025-03-09 14:46:14,466 - httpx - INFO - HTTP Request: POST https://hmdqtnywfebxjugxzlvc.supabase.co/rest/v1/evals_message "HTTP/2 201 Created"
2025-03-09 15:01:06,928 - httpx - INFO - HTTP Request: PATCH https://hmdqtnywfebxjugxzlvc.supabase.co/rest/v1/messages?id=eq.5c5d4934-5979-4b61-b009-61fad45ef7d6 "HTTP/2 200 OK"
2025-03-09 15:01:06,999 - httpx - INFO - HTTP Request: GET https://hmdqtnywfebxjugxzlvc.supabase.co/rest/v1/chats?select=%2A&id=eq.4dacce94-b690-455a-8b95-526e42f05894 "HTTP/2 200 OK"
2025-03-09 15:01:07,079 - httpx - INFO - HTTP Request: GET https://hmdqtnywfebxjugxzlvc.supabase.co/rest/v1/classes?select=title%2Ccourse_description&id=eq.45d629b6-9138-45f9-ab79-2a089f665890 "HTTP/2 200 OK"
2025-03-09 15:01:07,158 - httpx - INFO - HTTP Request: GET https://hmdqtnywfebxjugxzlvc.supabase.co/rest/v1/rules?select=%2A&class=eq.45d629b6-9138-45f9-ab79-2a089f665890&enabled=eq.True "HTTP/2 200 OK"
2025-03-09 15:01:07,208 - httpx - INFO - HTTP Request: GET https://hmdqtnywfebxjugxzlvc.supabase.co/rest/v1/messages?select=%2A&order=created_at&chat=eq.4dacce94-b690-455a-8b95-526e42f05894 "HTTP/2 200 OK"
2025-03-09 15:01:07,866 - httpx - INFO - HTTP Request: PATCH https://hmdqtnywfebxjugxzlvc.supabase.co/rest/v1/messages?id=eq.5c5d4934-5979-4b61-b009-61fad45ef7d6 "HTTP/2 200 OK"
2025-03-09 15:01:07,945 - httpx - INFO - HTTP Request: PATCH https://hmdqtnywfebxjugxzlvc.supabase.co/rest/v1/messages?id=eq.5c5d4934-5979-4b61-b009-61fad45ef7d6 "HTTP/2 200 OK"
2025-03-09 15:01:08,024 - httpx - INFO - HTTP Request: PATCH https://hmdqtnywfebxjugxzlvc.supabase.co/rest/v1/messages?id=eq.5c5d4934-5979-4b61-b009-61fad45ef7d6 "HTTP/2 200 OK"
2025-03-09 15:01:08,076 - httpx - INFO - HTTP Request: PATCH https://hmdqtnywfebxjugxzlvc.supabase.co/rest/v1/messages?id=eq.5c5d4934-5979-4b61-b009-61fad45ef7d6 "HTTP/2 200 OK"
2025-03-09 15:01:08,180 - httpx - INFO - HTTP Request: PATCH https://hmdqtnywfebxjugxzlvc.supabase.co/rest/v1/messages?id=eq.5c5d4934-5979-4b61-b009-61fad45ef7d6 "HTTP/2 200 OK"
2025-03-09 15:01:09,428 - httpx - INFO - HTTP Request: GET https://hmdqtnywfebxjugxzlvc.supabase.co/rest/v1/messages?select=%2A&id=eq.5c5d4934-5979-4b61-b009-61fad45ef7d6 "HTTP/2 200 OK"
2025-03-09 15:01:09,480 - httpx - INFO - HTTP Request: GET https://hmdqtnywfebxjugxzlvc.supabase.co/rest/v1/chats?select=%2A&id=eq.4dacce94-b690-455a-8b95-526e42f05894 "HTTP/2 200 OK"
2025-03-09 15:01:09,524 - httpx - INFO - HTTP Request: GET https://hmdqtnywfebxjugxzlvc.supabase.co/rest/v1/classes?select=%2A&id=eq.45d629b6-9138-45f9-ab79-2a089f665890 "HTTP/2 200 OK"
2025-03-09 15:01:09,602 - httpx - INFO - HTTP Request: GET https://hmdqtnywfebxjugxzlvc.supabase.co/rest/v1/documents?select=%2A&id=in.%28%29 "HTTP/2 200 OK"
2025-03-09 15:01:09,644 - httpx - INFO - HTTP Request: GET https://hmdqtnywfebxjugxzlvc.supabase.co/rest/v1/messages?select=%2A&order=created_at&chat=eq.4dacce94-b690-455a-8b95-526e42f05894 "HTTP/2 200 OK"
2025-03-09 15:01:09,730 - httpx - INFO - HTTP Request: GET https://hmdqtnywfebxjugxzlvc.supabase.co/rest/v1/faqs?select=%2A&class=eq.45d629b6-9138-45f9-ab79-2a089f665890 "HTTP/2 200 OK"
2025-03-09 15:01:09,775 - httpx - INFO - HTTP Request: GET https://hmdqtnywfebxjugxzlvc.supabase.co/rest/v1/chats?select=%2A&id=eq.4dacce94-b690-455a-8b95-526e42f05894 "HTTP/2 200 OK"
2025-03-09 15:01:09,850 - httpx - INFO - HTTP Request: GET https://hmdqtnywfebxjugxzlvc.supabase.co/rest/v1/messages?select=%2A&order=created_at&chat=eq.4dacce94-b690-455a-8b95-526e42f05894 "HTTP/2 200 OK"
2025-03-09 15:01:11,882 - httpx - INFO - HTTP Request: POST https://hmdqtnywfebxjugxzlvc.supabase.co/rest/v1/faqs?columns=%22homeworks%22%2C%22lectures%22%2C%22class%22%2C%22count%22%2C%22chapters%22%2C%22id%22%2C%22messages%22 "HTTP/2 200 OK"
2025-03-09 15:01:11,955 - httpx - INFO - HTTP Request: POST https://hmdqtnywfebxjugxzlvc.supabase.co/rest/v1/evals_message "HTTP/2 201 Created"
2025-03-09 15:01:15,952 - httpx - INFO - HTTP Request: PATCH https://hmdqtnywfebxjugxzlvc.supabase.co/rest/v1/chats?id=eq.4dacce94-b690-455a-8b95-526e42f05894 "HTTP/2 200 OK"
2025-03-09 15:07:06,973 - httpx - INFO - HTTP Request: PATCH https://hmdqtnywfebxjugxzlvc.supabase.co/rest/v1/messages?id=eq.f8a5a100-0484-4c88-81fb-9029b5932701 "HTTP/2 200 OK"
2025-03-09 15:07:07,061 - httpx - INFO - HTTP Request: GET https://hmdqtnywfebxjugxzlvc.supabase.co/rest/v1/chats?select=%2A&id=eq.6860ba16-9e2b-44fd-8788-ff48c78c0d38 "HTTP/2 200 OK"
2025-03-09 15:07:07,162 - httpx - INFO - HTTP Request: GET https://hmdqtnywfebxjugxzlvc.supabase.co/rest/v1/classes?select=title%2Ccourse_description&id=eq.45d629b6-9138-45f9-ab79-2a089f665890 "HTTP/2 200 OK"
2025-03-09 15:07:07,226 - httpx - INFO - HTTP Request: GET https://hmdqtnywfebxjugxzlvc.supabase.co/rest/v1/rules?select=%2A&class=eq.45d629b6-9138-45f9-ab79-2a089f665890&enabled=eq.True "HTTP/2 200 OK"
2025-03-09 15:07:07,304 - httpx - INFO - HTTP Request: GET https://hmdqtnywfebxjugxzlvc.supabase.co/rest/v1/messages?select=%2A&order=created_at&chat=eq.6860ba16-9e2b-44fd-8788-ff48c78c0d38 "HTTP/2 200 OK"
2025-03-09 15:07:07,955 - httpx - INFO - HTTP Request: PATCH https://hmdqtnywfebxjugxzlvc.supabase.co/rest/v1/messages?id=eq.f8a5a100-0484-4c88-81fb-9029b5932701 "HTTP/2 200 OK"
2025-03-09 15:07:08,048 - httpx - INFO - HTTP Request: PATCH https://hmdqtnywfebxjugxzlvc.supabase.co/rest/v1/messages?id=eq.f8a5a100-0484-4c88-81fb-9029b5932701 "HTTP/2 200 OK"
2025-03-09 15:07:08,111 - httpx - INFO - HTTP Request: PATCH https://hmdqtnywfebxjugxzlvc.supabase.co/rest/v1/messages?id=eq.f8a5a100-0484-4c88-81fb-9029b5932701 "HTTP/2 200 OK"
2025-03-09 15:07:08,178 - httpx - INFO - HTTP Request: PATCH https://hmdqtnywfebxjugxzlvc.supabase.co/rest/v1/messages?id=eq.f8a5a100-0484-4c88-81fb-9029b5932701 "HTTP/2 200 OK"
2025-03-09 15:07:08,285 - httpx - INFO - HTTP Request: PATCH https://hmdqtnywfebxjugxzlvc.supabase.co/rest/v1/messages?id=eq.f8a5a100-0484-4c88-81fb-9029b5932701 "HTTP/2 200 OK"
2025-03-09 15:07:09,332 - httpx - INFO - HTTP Request: GET https://hmdqtnywfebxjugxzlvc.supabase.co/rest/v1/chats?select=%2A&id=eq.6860ba16-9e2b-44fd-8788-ff48c78c0d38 "HTTP/2 200 OK"
2025-03-09 15:07:09,410 - httpx - INFO - HTTP Request: GET https://hmdqtnywfebxjugxzlvc.supabase.co/rest/v1/messages?select=%2A&order=created_at&chat=eq.6860ba16-9e2b-44fd-8788-ff48c78c0d38 "HTTP/2 200 OK"
2025-03-09 15:07:09,482 - httpx - INFO - HTTP Request: GET https://hmdqtnywfebxjugxzlvc.supabase.co/rest/v1/messages?select=%2A&id=eq.f8a5a100-0484-4c88-81fb-9029b5932701 "HTTP/2 200 OK"
2025-03-09 15:07:09,572 - httpx - INFO - HTTP Request: GET https://hmdqtnywfebxjugxzlvc.supabase.co/rest/v1/chats?select=%2A&id=eq.6860ba16-9e2b-44fd-8788-ff48c78c0d38 "HTTP/2 200 OK"
2025-03-09 15:07:09,634 - httpx - INFO - HTTP Request: GET https://hmdqtnywfebxjugxzlvc.supabase.co/rest/v1/classes?select=%2A&id=eq.45d629b6-9138-45f9-ab79-2a089f665890 "HTTP/2 200 OK"
2025-03-09 15:07:09,720 - httpx - INFO - HTTP Request: GET https://hmdqtnywfebxjugxzlvc.supabase.co/rest/v1/documents?select=%2A&id=in.%28%29 "HTTP/2 200 OK"
2025-03-09 15:07:09,787 - httpx - INFO - HTTP Request: GET https://hmdqtnywfebxjugxzlvc.supabase.co/rest/v1/messages?select=%2A&order=created_at&chat=eq.6860ba16-9e2b-44fd-8788-ff48c78c0d38 "HTTP/2 200 OK"
2025-03-09 15:07:09,868 - httpx - INFO - HTTP Request: GET https://hmdqtnywfebxjugxzlvc.supabase.co/rest/v1/faqs?select=%2A&class=eq.45d629b6-9138-45f9-ab79-2a089f665890 "HTTP/2 200 OK"
2025-03-09 15:07:11,854 - httpx - INFO - HTTP Request: PATCH https://hmdqtnywfebxjugxzlvc.supabase.co/rest/v1/chats?id=eq.6860ba16-9e2b-44fd-8788-ff48c78c0d38 "HTTP/2 200 OK"
2025-03-09 15:07:15,763 - httpx - INFO - HTTP Request: POST https://hmdqtnywfebxjugxzlvc.supabase.co/rest/v1/faqs?columns=%22homeworks%22%2C%22lectures%22%2C%22class%22%2C%22count%22%2C%22chapters%22%2C%22id%22%2C%22messages%22 "HTTP/2 200 OK"
2025-03-09 15:07:15,837 - httpx - INFO - HTTP Request: POST https://hmdqtnywfebxjugxzlvc.supabase.co/rest/v1/evals_message "HTTP/2 201 Created"
2025-03-09 15:12:46,376 - httpx - INFO - HTTP Request: PATCH https://hmdqtnywfebxjugxzlvc.supabase.co/rest/v1/messages?id=eq.9f170771-2042-47d8-9850-a577d83f3645 "HTTP/2 200 OK"
2025-03-09 15:12:46,473 - httpx - INFO - HTTP Request: GET https://hmdqtnywfebxjugxzlvc.supabase.co/rest/v1/chats?select=%2A&id=eq.6860ba16-9e2b-44fd-8788-ff48c78c0d38 "HTTP/2 200 OK"
2025-03-09 15:12:46,558 - httpx - INFO - HTTP Request: GET https://hmdqtnywfebxjugxzlvc.supabase.co/rest/v1/classes?select=title%2Ccourse_description&id=eq.45d629b6-9138-45f9-ab79-2a089f665890 "HTTP/2 200 OK"
2025-03-09 15:12:46,640 - httpx - INFO - HTTP Request: GET https://hmdqtnywfebxjugxzlvc.supabase.co/rest/v1/rules?select=%2A&class=eq.45d629b6-9138-45f9-ab79-2a089f665890&enabled=eq.True "HTTP/2 200 OK"
2025-03-09 15:12:46,715 - httpx - INFO - HTTP Request: GET https://hmdqtnywfebxjugxzlvc.supabase.co/rest/v1/messages?select=%2A&order=created_at&chat=eq.6860ba16-9e2b-44fd-8788-ff48c78c0d38 "HTTP/2 200 OK"
2025-03-09 15:12:47,326 - httpx - INFO - HTTP Request: PATCH https://hmdqtnywfebxjugxzlvc.supabase.co/rest/v1/messages?id=eq.9f170771-2042-47d8-9850-a577d83f3645 "HTTP/2 200 OK"
2025-03-09 15:12:47,394 - httpx - INFO - HTTP Request: PATCH https://hmdqtnywfebxjugxzlvc.supabase.co/rest/v1/messages?id=eq.9f170771-2042-47d8-9850-a577d83f3645 "HTTP/2 200 OK"
2025-03-09 15:12:47,575 - httpx - INFO - HTTP Request: PATCH https://hmdqtnywfebxjugxzlvc.supabase.co/rest/v1/messages?id=eq.9f170771-2042-47d8-9850-a577d83f3645 "HTTP/2 200 OK"
2025-03-09 15:12:47,748 - httpx - INFO - HTTP Request: PATCH https://hmdqtnywfebxjugxzlvc.supabase.co/rest/v1/messages?id=eq.9f170771-2042-47d8-9850-a577d83f3645 "HTTP/2 200 OK"
2025-03-09 15:12:47,895 - httpx - INFO - HTTP Request: PATCH https://hmdqtnywfebxjugxzlvc.supabase.co/rest/v1/messages?id=eq.9f170771-2042-47d8-9850-a577d83f3645 "HTTP/2 200 OK"
2025-03-09 15:12:47,977 - httpx - INFO - HTTP Request: PATCH https://hmdqtnywfebxjugxzlvc.supabase.co/rest/v1/messages?id=eq.9f170771-2042-47d8-9850-a577d83f3645 "HTTP/2 200 OK"
2025-03-09 15:12:48,060 - httpx - INFO - HTTP Request: PATCH https://hmdqtnywfebxjugxzlvc.supabase.co/rest/v1/messages?id=eq.9f170771-2042-47d8-9850-a577d83f3645 "HTTP/2 200 OK"
2025-03-09 15:12:49,484 - httpx - INFO - HTTP Request: GET https://hmdqtnywfebxjugxzlvc.supabase.co/rest/v1/messages?select=%2A&id=eq.9f170771-2042-47d8-9850-a577d83f3645 "HTTP/2 200 OK"
2025-03-09 15:12:49,538 - httpx - INFO - HTTP Request: GET https://hmdqtnywfebxjugxzlvc.supabase.co/rest/v1/chats?select=%2A&id=eq.6860ba16-9e2b-44fd-8788-ff48c78c0d38 "HTTP/2 200 OK"
2025-03-09 15:12:49,590 - httpx - INFO - HTTP Request: GET https://hmdqtnywfebxjugxzlvc.supabase.co/rest/v1/classes?select=%2A&id=eq.45d629b6-9138-45f9-ab79-2a089f665890 "HTTP/2 200 OK"
2025-03-09 15:12:49,642 - httpx - INFO - HTTP Request: GET https://hmdqtnywfebxjugxzlvc.supabase.co/rest/v1/documents?select=%2A&id=in.%28%29 "HTTP/2 200 OK"
2025-03-09 15:12:49,715 - httpx - INFO - HTTP Request: GET https://hmdqtnywfebxjugxzlvc.supabase.co/rest/v1/messages?select=%2A&order=created_at&chat=eq.6860ba16-9e2b-44fd-8788-ff48c78c0d38 "HTTP/2 200 OK"
2025-03-09 15:12:49,779 - httpx - INFO - HTTP Request: GET https://hmdqtnywfebxjugxzlvc.supabase.co/rest/v1/faqs?select=%2A&class=eq.45d629b6-9138-45f9-ab79-2a089f665890 "HTTP/2 200 OK"
2025-03-09 15:12:51,311 - httpx - INFO - HTTP Request: POST https://hmdqtnywfebxjugxzlvc.supabase.co/rest/v1/faqs?columns=%22homeworks%22%2C%22lectures%22%2C%22class%22%2C%22count%22%2C%22chapters%22%2C%22id%22%2C%22messages%22 "HTTP/2 200 OK"
2025-03-09 15:12:51,372 - httpx - INFO - HTTP Request: POST https://hmdqtnywfebxjugxzlvc.supabase.co/rest/v1/evals_message "HTTP/2 201 Created"
2025-03-09 15:13:33,254 - httpx - INFO - HTTP Request: PATCH https://hmdqtnywfebxjugxzlvc.supabase.co/rest/v1/messages?id=eq.4d626368-7c5b-4c7f-886e-a1fb1ab00f35 "HTTP/2 200 OK"
2025-03-09 15:13:33,313 - httpx - INFO - HTTP Request: GET https://hmdqtnywfebxjugxzlvc.supabase.co/rest/v1/chats?select=%2A&id=eq.6860ba16-9e2b-44fd-8788-ff48c78c0d38 "HTTP/2 200 OK"
2025-03-09 15:13:33,369 - httpx - INFO - HTTP Request: GET https://hmdqtnywfebxjugxzlvc.supabase.co/rest/v1/classes?select=title%2Ccourse_description&id=eq.45d629b6-9138-45f9-ab79-2a089f665890 "HTTP/2 200 OK"
2025-03-09 15:13:33,416 - httpx - INFO - HTTP Request: GET https://hmdqtnywfebxjugxzlvc.supabase.co/rest/v1/rules?select=%2A&class=eq.45d629b6-9138-45f9-ab79-2a089f665890&enabled=eq.True "HTTP/2 200 OK"
2025-03-09 15:13:33,469 - httpx - INFO - HTTP Request: GET https://hmdqtnywfebxjugxzlvc.supabase.co/rest/v1/messages?select=%2A&order=created_at&chat=eq.6860ba16-9e2b-44fd-8788-ff48c78c0d38 "HTTP/2 200 OK"
2025-03-09 15:13:34,018 - httpx - INFO - HTTP Request: PATCH https://hmdqtnywfebxjugxzlvc.supabase.co/rest/v1/messages?id=eq.4d626368-7c5b-4c7f-886e-a1fb1ab00f35 "HTTP/2 200 OK"
2025-03-09 15:13:34,069 - httpx - INFO - HTTP Request: PATCH https://hmdqtnywfebxjugxzlvc.supabase.co/rest/v1/messages?id=eq.4d626368-7c5b-4c7f-886e-a1fb1ab00f35 "HTTP/2 200 OK"
2025-03-09 15:13:34,164 - httpx - INFO - HTTP Request: PATCH https://hmdqtnywfebxjugxzlvc.supabase.co/rest/v1/messages?id=eq.4d626368-7c5b-4c7f-886e-a1fb1ab00f35 "HTTP/2 200 OK"
2025-03-09 15:13:34,385 - httpx - INFO - HTTP Request: PATCH https://hmdqtnywfebxjugxzlvc.supabase.co/rest/v1/messages?id=eq.4d626368-7c5b-4c7f-886e-a1fb1ab00f35 "HTTP/2 200 OK"
2025-03-09 15:13:34,530 - httpx - INFO - HTTP Request: PATCH https://hmdqtnywfebxjugxzlvc.supabase.co/rest/v1/messages?id=eq.4d626368-7c5b-4c7f-886e-a1fb1ab00f35 "HTTP/2 200 OK"
2025-03-09 15:13:34,702 - httpx - INFO - HTTP Request: PATCH https://hmdqtnywfebxjugxzlvc.supabase.co/rest/v1/messages?id=eq.4d626368-7c5b-4c7f-886e-a1fb1ab00f35 "HTTP/2 200 OK"
2025-03-09 15:13:34,945 - httpx - INFO - HTTP Request: PATCH https://hmdqtnywfebxjugxzlvc.supabase.co/rest/v1/messages?id=eq.4d626368-7c5b-4c7f-886e-a1fb1ab00f35 "HTTP/2 200 OK"
2025-03-09 15:13:35,039 - httpx - INFO - HTTP Request: PATCH https://hmdqtnywfebxjugxzlvc.supabase.co/rest/v1/messages?id=eq.4d626368-7c5b-4c7f-886e-a1fb1ab00f35 "HTTP/2 200 OK"
2025-03-09 15:13:35,093 - httpx - INFO - HTTP Request: PATCH https://hmdqtnywfebxjugxzlvc.supabase.co/rest/v1/messages?id=eq.4d626368-7c5b-4c7f-886e-a1fb1ab00f35 "HTTP/2 200 OK"
2025-03-09 15:13:35,166 - httpx - INFO - HTTP Request: PATCH https://hmdqtnywfebxjugxzlvc.supabase.co/rest/v1/messages?id=eq.4d626368-7c5b-4c7f-886e-a1fb1ab00f35 "HTTP/2 200 OK"
2025-03-09 15:13:36,467 - httpx - INFO - HTTP Request: GET https://hmdqtnywfebxjugxzlvc.supabase.co/rest/v1/messages?select=%2A&id=eq.4d626368-7c5b-4c7f-886e-a1fb1ab00f35 "HTTP/2 200 OK"
2025-03-09 15:13:36,514 - httpx - INFO - HTTP Request: GET https://hmdqtnywfebxjugxzlvc.supabase.co/rest/v1/chats?select=%2A&id=eq.6860ba16-9e2b-44fd-8788-ff48c78c0d38 "HTTP/2 200 OK"
2025-03-09 15:13:36,566 - httpx - INFO - HTTP Request: GET https://hmdqtnywfebxjugxzlvc.supabase.co/rest/v1/classes?select=%2A&id=eq.45d629b6-9138-45f9-ab79-2a089f665890 "HTTP/2 200 OK"
2025-03-09 15:13:36,622 - httpx - INFO - HTTP Request: GET https://hmdqtnywfebxjugxzlvc.supabase.co/rest/v1/documents?select=%2A&id=in.%28%29 "HTTP/2 200 OK"
2025-03-09 15:13:36,675 - httpx - INFO - HTTP Request: GET https://hmdqtnywfebxjugxzlvc.supabase.co/rest/v1/messages?select=%2A&order=created_at&chat=eq.6860ba16-9e2b-44fd-8788-ff48c78c0d38 "HTTP/2 200 OK"
2025-03-09 15:13:36,726 - httpx - INFO - HTTP Request: GET https://hmdqtnywfebxjugxzlvc.supabase.co/rest/v1/faqs?select=%2A&class=eq.45d629b6-9138-45f9-ab79-2a089f665890 "HTTP/2 200 OK"
2025-03-09 15:13:38,143 - httpx - INFO - HTTP Request: POST https://hmdqtnywfebxjugxzlvc.supabase.co/rest/v1/faqs?columns=%22homeworks%22%2C%22lectures%22%2C%22class%22%2C%22count%22%2C%22chapters%22%2C%22id%22%2C%22messages%22 "HTTP/2 200 OK"
2025-03-09 15:13:38,203 - httpx - INFO - HTTP Request: POST https://hmdqtnywfebxjugxzlvc.supabase.co/rest/v1/evals_message "HTTP/2 201 Created"
2025-03-09 15:23:46,476 - httpx - INFO - HTTP Request: PATCH https://hmdqtnywfebxjugxzlvc.supabase.co/rest/v1/messages?id=eq.7caf7ca5-9c01-43b5-a72e-3e10e98b23da "HTTP/2 200 OK"
2025-03-09 15:23:46,558 - httpx - INFO - HTTP Request: GET https://hmdqtnywfebxjugxzlvc.supabase.co/rest/v1/chats?select=%2A&id=eq.6860ba16-9e2b-44fd-8788-ff48c78c0d38 "HTTP/2 200 OK"
2025-03-09 15:23:46,614 - httpx - INFO - HTTP Request: GET https://hmdqtnywfebxjugxzlvc.supabase.co/rest/v1/classes?select=title%2Ccourse_description&id=eq.45d629b6-9138-45f9-ab79-2a089f665890 "HTTP/2 200 OK"
2025-03-09 15:23:46,676 - httpx - INFO - HTTP Request: GET https://hmdqtnywfebxjugxzlvc.supabase.co/rest/v1/rules?select=%2A&class=eq.45d629b6-9138-45f9-ab79-2a089f665890&enabled=eq.True "HTTP/2 200 OK"
2025-03-09 15:23:46,762 - httpx - INFO - HTTP Request: GET https://hmdqtnywfebxjugxzlvc.supabase.co/rest/v1/messages?select=%2A&order=created_at&chat=eq.6860ba16-9e2b-44fd-8788-ff48c78c0d38 "HTTP/2 200 OK"
2025-03-09 15:23:47,469 - httpx - INFO - HTTP Request: PATCH https://hmdqtnywfebxjugxzlvc.supabase.co/rest/v1/messages?id=eq.7caf7ca5-9c01-43b5-a72e-3e10e98b23da "HTTP/2 200 OK"
2025-03-09 15:23:47,592 - httpx - INFO - HTTP Request: PATCH https://hmdqtnywfebxjugxzlvc.supabase.co/rest/v1/messages?id=eq.7caf7ca5-9c01-43b5-a72e-3e10e98b23da "HTTP/2 200 OK"
2025-03-09 15:23:47,713 - httpx - INFO - HTTP Request: PATCH https://hmdqtnywfebxjugxzlvc.supabase.co/rest/v1/messages?id=eq.7caf7ca5-9c01-43b5-a72e-3e10e98b23da "HTTP/2 200 OK"
2025-03-09 15:23:47,786 - httpx - INFO - HTTP Request: PATCH https://hmdqtnywfebxjugxzlvc.supabase.co/rest/v1/messages?id=eq.7caf7ca5-9c01-43b5-a72e-3e10e98b23da "HTTP/2 200 OK"
2025-03-09 15:23:47,864 - httpx - INFO - HTTP Request: PATCH https://hmdqtnywfebxjugxzlvc.supabase.co/rest/v1/messages?id=eq.7caf7ca5-9c01-43b5-a72e-3e10e98b23da "HTTP/2 200 OK"
2025-03-09 15:23:47,986 - httpx - INFO - HTTP Request: PATCH https://hmdqtnywfebxjugxzlvc.supabase.co/rest/v1/messages?id=eq.7caf7ca5-9c01-43b5-a72e-3e10e98b23da "HTTP/2 200 OK"
2025-03-09 15:23:49,906 - httpx - INFO - HTTP Request: GET https://hmdqtnywfebxjugxzlvc.supabase.co/rest/v1/messages?select=%2A&id=eq.7caf7ca5-9c01-43b5-a72e-3e10e98b23da "HTTP/2 200 OK"
2025-03-09 15:23:49,958 - httpx - INFO - HTTP Request: GET https://hmdqtnywfebxjugxzlvc.supabase.co/rest/v1/chats?select=%2A&id=eq.6860ba16-9e2b-44fd-8788-ff48c78c0d38 "HTTP/2 200 OK"
2025-03-09 15:23:50,037 - httpx - INFO - HTTP Request: GET https://hmdqtnywfebxjugxzlvc.supabase.co/rest/v1/classes?select=%2A&id=eq.45d629b6-9138-45f9-ab79-2a089f665890 "HTTP/2 200 OK"
2025-03-09 15:23:50,087 - httpx - INFO - HTTP Request: GET https://hmdqtnywfebxjugxzlvc.supabase.co/rest/v1/documents?select=%2A&id=in.%28%29 "HTTP/2 200 OK"
2025-03-09 15:23:50,140 - httpx - INFO - HTTP Request: GET https://hmdqtnywfebxjugxzlvc.supabase.co/rest/v1/messages?select=%2A&order=created_at&chat=eq.6860ba16-9e2b-44fd-8788-ff48c78c0d38 "HTTP/2 200 OK"
2025-03-09 15:23:50,219 - httpx - INFO - HTTP Request: GET https://hmdqtnywfebxjugxzlvc.supabase.co/rest/v1/faqs?select=%2A&class=eq.45d629b6-9138-45f9-ab79-2a089f665890 "HTTP/2 200 OK"
2025-03-09 15:23:51,392 - httpx - INFO - HTTP Request: POST https://hmdqtnywfebxjugxzlvc.supabase.co/rest/v1/faqs?columns=%22homeworks%22%2C%22lectures%22%2C%22class%22%2C%22count%22%2C%22chapters%22%2C%22id%22%2C%22messages%22 "HTTP/2 200 OK"
2025-03-09 15:23:51,458 - httpx - INFO - HTTP Request: POST https://hmdqtnywfebxjugxzlvc.supabase.co/rest/v1/evals_message "HTTP/2 201 Created"
2025-03-09 15:24:19,355 - httpx - INFO - HTTP Request: PATCH https://hmdqtnywfebxjugxzlvc.supabase.co/rest/v1/messages?id=eq.a9ee65c8-e7c1-472d-969f-3a4765fde025 "HTTP/2 200 OK"
2025-03-09 15:24:19,446 - httpx - INFO - HTTP Request: GET https://hmdqtnywfebxjugxzlvc.supabase.co/rest/v1/chats?select=%2A&id=eq.6860ba16-9e2b-44fd-8788-ff48c78c0d38 "HTTP/2 200 OK"
2025-03-09 15:24:19,496 - httpx - INFO - HTTP Request: GET https://hmdqtnywfebxjugxzlvc.supabase.co/rest/v1/classes?select=title%2Ccourse_description&id=eq.45d629b6-9138-45f9-ab79-2a089f665890 "HTTP/2 200 OK"
2025-03-09 15:24:19,548 - httpx - INFO - HTTP Request: GET https://hmdqtnywfebxjugxzlvc.supabase.co/rest/v1/rules?select=%2A&class=eq.45d629b6-9138-45f9-ab79-2a089f665890&enabled=eq.True "HTTP/2 200 OK"
2025-03-09 15:24:19,608 - httpx - INFO - HTTP Request: GET https://hmdqtnywfebxjugxzlvc.supabase.co/rest/v1/messages?select=%2A&order=created_at&chat=eq.6860ba16-9e2b-44fd-8788-ff48c78c0d38 "HTTP/2 200 OK"
2025-03-09 15:24:20,265 - httpx - INFO - HTTP Request: PATCH https://hmdqtnywfebxjugxzlvc.supabase.co/rest/v1/messages?id=eq.a9ee65c8-e7c1-472d-969f-3a4765fde025 "HTTP/2 200 OK"
2025-03-09 15:24:20,328 - httpx - INFO - HTTP Request: PATCH https://hmdqtnywfebxjugxzlvc.supabase.co/rest/v1/messages?id=eq.a9ee65c8-e7c1-472d-969f-3a4765fde025 "HTTP/2 200 OK"
2025-03-09 15:24:20,391 - httpx - INFO - HTTP Request: PATCH https://hmdqtnywfebxjugxzlvc.supabase.co/rest/v1/messages?id=eq.a9ee65c8-e7c1-472d-969f-3a4765fde025 "HTTP/2 200 OK"
2025-03-09 15:24:20,464 - httpx - INFO - HTTP Request: PATCH https://hmdqtnywfebxjugxzlvc.supabase.co/rest/v1/messages?id=eq.a9ee65c8-e7c1-472d-969f-3a4765fde025 "HTTP/2 200 OK"
2025-03-09 15:24:20,589 - httpx - INFO - HTTP Request: PATCH https://hmdqtnywfebxjugxzlvc.supabase.co/rest/v1/messages?id=eq.a9ee65c8-e7c1-472d-969f-3a4765fde025 "HTTP/2 200 OK"
2025-03-09 15:24:20,848 - httpx - INFO - HTTP Request: PATCH https://hmdqtnywfebxjugxzlvc.supabase.co/rest/v1/messages?id=eq.a9ee65c8-e7c1-472d-969f-3a4765fde025 "HTTP/2 200 OK"
2025-03-09 15:24:20,913 - httpx - INFO - HTTP Request: PATCH https://hmdqtnywfebxjugxzlvc.supabase.co/rest/v1/messages?id=eq.a9ee65c8-e7c1-472d-969f-3a4765fde025 "HTTP/2 200 OK"
2025-03-09 15:24:20,977 - httpx - INFO - HTTP Request: PATCH https://hmdqtnywfebxjugxzlvc.supabase.co/rest/v1/messages?id=eq.a9ee65c8-e7c1-472d-969f-3a4765fde025 "HTTP/2 200 OK"
2025-03-09 15:24:21,040 - httpx - INFO - HTTP Request: PATCH https://hmdqtnywfebxjugxzlvc.supabase.co/rest/v1/messages?id=eq.a9ee65c8-e7c1-472d-969f-3a4765fde025 "HTTP/2 200 OK"
2025-03-09 15:24:21,719 - httpx - INFO - HTTP Request: GET https://hmdqtnywfebxjugxzlvc.supabase.co/rest/v1/messages?select=%2A&id=eq.a9ee65c8-e7c1-472d-969f-3a4765fde025 "HTTP/2 200 OK"
2025-03-09 15:24:21,805 - httpx - INFO - HTTP Request: GET https://hmdqtnywfebxjugxzlvc.supabase.co/rest/v1/chats?select=%2A&id=eq.6860ba16-9e2b-44fd-8788-ff48c78c0d38 "HTTP/2 200 OK"
2025-03-09 15:24:21,865 - httpx - INFO - HTTP Request: GET https://hmdqtnywfebxjugxzlvc.supabase.co/rest/v1/classes?select=%2A&id=eq.45d629b6-9138-45f9-ab79-2a089f665890 "HTTP/2 200 OK"
2025-03-09 15:24:21,920 - httpx - INFO - HTTP Request: GET https://hmdqtnywfebxjugxzlvc.supabase.co/rest/v1/documents?select=%2A&id=in.%28%29 "HTTP/2 200 OK"
2025-03-09 15:24:21,979 - httpx - INFO - HTTP Request: GET https://hmdqtnywfebxjugxzlvc.supabase.co/rest/v1/messages?select=%2A&order=created_at&chat=eq.6860ba16-9e2b-44fd-8788-ff48c78c0d38 "HTTP/2 200 OK"
2025-03-09 15:24:22,040 - httpx - INFO - HTTP Request: GET https://hmdqtnywfebxjugxzlvc.supabase.co/rest/v1/faqs?select=%2A&class=eq.45d629b6-9138-45f9-ab79-2a089f665890 "HTTP/2 200 OK"
2025-03-09 15:24:24,216 - httpx - INFO - HTTP Request: POST https://hmdqtnywfebxjugxzlvc.supabase.co/rest/v1/faqs?columns=%22homeworks%22%2C%22lectures%22%2C%22class%22%2C%22count%22%2C%22chapters%22%2C%22id%22%2C%22messages%22 "HTTP/2 200 OK"
2025-03-09 15:24:24,276 - httpx - INFO - HTTP Request: POST https://hmdqtnywfebxjugxzlvc.supabase.co/rest/v1/evals_message "HTTP/2 201 Created"
2025-03-09 15:31:23,423 - httpx - INFO - HTTP Request: PATCH https://hmdqtnywfebxjugxzlvc.supabase.co/rest/v1/messages?id=eq.0bfe0999-f24c-47d1-a97d-4de31c9e37bf "HTTP/2 200 OK"
2025-03-09 15:31:23,508 - httpx - INFO - HTTP Request: GET https://hmdqtnywfebxjugxzlvc.supabase.co/rest/v1/chats?select=%2A&id=eq.6860ba16-9e2b-44fd-8788-ff48c78c0d38 "HTTP/2 200 OK"
2025-03-09 15:31:23,559 - httpx - INFO - HTTP Request: GET https://hmdqtnywfebxjugxzlvc.supabase.co/rest/v1/classes?select=title%2Ccourse_description&id=eq.45d629b6-9138-45f9-ab79-2a089f665890 "HTTP/2 200 OK"
2025-03-09 15:31:23,622 - httpx - INFO - HTTP Request: GET https://hmdqtnywfebxjugxzlvc.supabase.co/rest/v1/rules?select=%2A&class=eq.45d629b6-9138-45f9-ab79-2a089f665890&enabled=eq.True "HTTP/2 200 OK"
2025-03-09 15:31:23,684 - httpx - INFO - HTTP Request: GET https://hmdqtnywfebxjugxzlvc.supabase.co/rest/v1/messages?select=%2A&order=created_at&chat=eq.6860ba16-9e2b-44fd-8788-ff48c78c0d38 "HTTP/2 200 OK"
2025-03-09 15:31:24,349 - httpx - INFO - HTTP Request: PATCH https://hmdqtnywfebxjugxzlvc.supabase.co/rest/v1/messages?id=eq.0bfe0999-f24c-47d1-a97d-4de31c9e37bf "HTTP/2 200 OK"
2025-03-09 15:31:24,462 - httpx - INFO - HTTP Request: PATCH https://hmdqtnywfebxjugxzlvc.supabase.co/rest/v1/messages?id=eq.0bfe0999-f24c-47d1-a97d-4de31c9e37bf "HTTP/2 200 OK"
2025-03-09 15:31:24,527 - httpx - INFO - HTTP Request: PATCH https://hmdqtnywfebxjugxzlvc.supabase.co/rest/v1/messages?id=eq.0bfe0999-f24c-47d1-a97d-4de31c9e37bf "HTTP/2 200 OK"
2025-03-09 15:31:24,728 - httpx - INFO - HTTP Request: PATCH https://hmdqtnywfebxjugxzlvc.supabase.co/rest/v1/messages?id=eq.0bfe0999-f24c-47d1-a97d-4de31c9e37bf "HTTP/2 200 OK"
2025-03-09 15:31:24,889 - httpx - INFO - HTTP Request: PATCH https://hmdqtnywfebxjugxzlvc.supabase.co/rest/v1/messages?id=eq.0bfe0999-f24c-47d1-a97d-4de31c9e37bf "HTTP/2 200 OK"
2025-03-09 15:31:24,978 - httpx - INFO - HTTP Request: PATCH https://hmdqtnywfebxjugxzlvc.supabase.co/rest/v1/messages?id=eq.0bfe0999-f24c-47d1-a97d-4de31c9e37bf "HTTP/2 200 OK"
2025-03-09 15:31:25,075 - httpx - INFO - HTTP Request: PATCH https://hmdqtnywfebxjugxzlvc.supabase.co/rest/v1/messages?id=eq.0bfe0999-f24c-47d1-a97d-4de31c9e37bf "HTTP/2 200 OK"
2025-03-09 15:31:25,183 - httpx - INFO - HTTP Request: PATCH https://hmdqtnywfebxjugxzlvc.supabase.co/rest/v1/messages?id=eq.0bfe0999-f24c-47d1-a97d-4de31c9e37bf "HTTP/2 200 OK"
2025-03-09 15:31:26,683 - httpx - INFO - HTTP Request: GET https://hmdqtnywfebxjugxzlvc.supabase.co/rest/v1/messages?select=%2A&id=eq.0bfe0999-f24c-47d1-a97d-4de31c9e37bf "HTTP/2 200 OK"
2025-03-09 15:31:26,739 - httpx - INFO - HTTP Request: GET https://hmdqtnywfebxjugxzlvc.supabase.co/rest/v1/chats?select=%2A&id=eq.6860ba16-9e2b-44fd-8788-ff48c78c0d38 "HTTP/2 200 OK"
2025-03-09 15:31:26,801 - httpx - INFO - HTTP Request: GET https://hmdqtnywfebxjugxzlvc.supabase.co/rest/v1/classes?select=%2A&id=eq.45d629b6-9138-45f9-ab79-2a089f665890 "HTTP/2 200 OK"
2025-03-09 15:31:26,859 - httpx - INFO - HTTP Request: GET https://hmdqtnywfebxjugxzlvc.supabase.co/rest/v1/documents?select=%2A&id=in.%28%29 "HTTP/2 200 OK"
2025-03-09 15:31:26,913 - httpx - INFO - HTTP Request: GET https://hmdqtnywfebxjugxzlvc.supabase.co/rest/v1/messages?select=%2A&order=created_at&chat=eq.6860ba16-9e2b-44fd-8788-ff48c78c0d38 "HTTP/2 200 OK"
2025-03-09 15:31:26,970 - httpx - INFO - HTTP Request: GET https://hmdqtnywfebxjugxzlvc.supabase.co/rest/v1/faqs?select=%2A&class=eq.45d629b6-9138-45f9-ab79-2a089f665890 "HTTP/2 200 OK"
2025-03-09 15:31:28,264 - httpx - INFO - HTTP Request: POST https://hmdqtnywfebxjugxzlvc.supabase.co/rest/v1/faqs?columns=%22homeworks%22%2C%22lectures%22%2C%22class%22%2C%22count%22%2C%22chapters%22%2C%22id%22%2C%22messages%22 "HTTP/2 200 OK"
2025-03-09 15:31:28,382 - httpx - INFO - HTTP Request: POST https://hmdqtnywfebxjugxzlvc.supabase.co/rest/v1/evals_message "HTTP/2 201 Created"
2025-03-09 15:40:02,701 - httpx - INFO - HTTP Request: PATCH https://hmdqtnywfebxjugxzlvc.supabase.co/rest/v1/messages?id=eq.c6b81648-ca2b-45f0-b4c3-7e6fd61333d3 "HTTP/2 200 OK"
2025-03-09 15:40:02,754 - httpx - INFO - HTTP Request: GET https://hmdqtnywfebxjugxzlvc.supabase.co/rest/v1/chats?select=%2A&id=eq.6860ba16-9e2b-44fd-8788-ff48c78c0d38 "HTTP/2 200 OK"
2025-03-09 15:40:02,809 - httpx - INFO - HTTP Request: GET https://hmdqtnywfebxjugxzlvc.supabase.co/rest/v1/classes?select=title%2Ccourse_description&id=eq.45d629b6-9138-45f9-ab79-2a089f665890 "HTTP/2 200 OK"
2025-03-09 15:40:02,861 - httpx - INFO - HTTP Request: GET https://hmdqtnywfebxjugxzlvc.supabase.co/rest/v1/rules?select=%2A&class=eq.45d629b6-9138-45f9-ab79-2a089f665890&enabled=eq.True "HTTP/2 200 OK"
2025-03-09 15:40:02,912 - httpx - INFO - HTTP Request: GET https://hmdqtnywfebxjugxzlvc.supabase.co/rest/v1/messages?select=%2A&order=created_at&chat=eq.6860ba16-9e2b-44fd-8788-ff48c78c0d38 "HTTP/2 200 OK"
2025-03-09 15:40:03,592 - httpx - INFO - HTTP Request: PATCH https://hmdqtnywfebxjugxzlvc.supabase.co/rest/v1/messages?id=eq.c6b81648-ca2b-45f0-b4c3-7e6fd61333d3 "HTTP/2 200 OK"
2025-03-09 15:40:03,677 - httpx - INFO - HTTP Request: PATCH https://hmdqtnywfebxjugxzlvc.supabase.co/rest/v1/messages?id=eq.c6b81648-ca2b-45f0-b4c3-7e6fd61333d3 "HTTP/2 200 OK"
2025-03-09 15:40:03,746 - httpx - INFO - HTTP Request: PATCH https://hmdqtnywfebxjugxzlvc.supabase.co/rest/v1/messages?id=eq.c6b81648-ca2b-45f0-b4c3-7e6fd61333d3 "HTTP/2 200 OK"
2025-03-09 15:40:03,791 - httpx - INFO - HTTP Request: PATCH https://hmdqtnywfebxjugxzlvc.supabase.co/rest/v1/messages?id=eq.c6b81648-ca2b-45f0-b4c3-7e6fd61333d3 "HTTP/2 200 OK"
2025-03-09 15:40:03,879 - httpx - INFO - HTTP Request: PATCH https://hmdqtnywfebxjugxzlvc.supabase.co/rest/v1/messages?id=eq.c6b81648-ca2b-45f0-b4c3-7e6fd61333d3 "HTTP/2 200 OK"
2025-03-09 15:40:05,392 - httpx - INFO - HTTP Request: GET https://hmdqtnywfebxjugxzlvc.supabase.co/rest/v1/messages?select=%2A&id=eq.c6b81648-ca2b-45f0-b4c3-7e6fd61333d3 "HTTP/2 200 OK"
2025-03-09 15:40:05,724 - httpx - INFO - HTTP Request: GET https://hmdqtnywfebxjugxzlvc.supabase.co/rest/v1/chats?select=%2A&id=eq.6860ba16-9e2b-44fd-8788-ff48c78c0d38 "HTTP/2 200 OK"
2025-03-09 15:40:05,771 - httpx - INFO - HTTP Request: GET https://hmdqtnywfebxjugxzlvc.supabase.co/rest/v1/classes?select=%2A&id=eq.45d629b6-9138-45f9-ab79-2a089f665890 "HTTP/2 200 OK"
2025-03-09 15:40:05,828 - httpx - INFO - HTTP Request: GET https://hmdqtnywfebxjugxzlvc.supabase.co/rest/v1/documents?select=%2A&id=in.%28%29 "HTTP/2 200 OK"
2025-03-09 15:40:05,903 - httpx - INFO - HTTP Request: GET https://hmdqtnywfebxjugxzlvc.supabase.co/rest/v1/messages?select=%2A&order=created_at&chat=eq.6860ba16-9e2b-44fd-8788-ff48c78c0d38 "HTTP/2 200 OK"
2025-03-09 15:40:05,957 - httpx - INFO - HTTP Request: GET https://hmdqtnywfebxjugxzlvc.supabase.co/rest/v1/faqs?select=%2A&class=eq.45d629b6-9138-45f9-ab79-2a089f665890 "HTTP/2 200 OK"
2025-03-09 15:40:07,523 - httpx - INFO - HTTP Request: POST https://hmdqtnywfebxjugxzlvc.supabase.co/rest/v1/faqs?columns=%22homeworks%22%2C%22lectures%22%2C%22class%22%2C%22count%22%2C%22chapters%22%2C%22id%22%2C%22messages%22 "HTTP/2 200 OK"
2025-03-09 15:40:07,580 - httpx - INFO - HTTP Request: POST https://hmdqtnywfebxjugxzlvc.supabase.co/rest/v1/evals_message "HTTP/2 201 Created"
2025-03-09 17:10:26,052 - httpx - INFO - HTTP Request: PATCH https://hmdqtnywfebxjugxzlvc.supabase.co/rest/v1/messages?id=eq.6fef6134-d6cb-405a-94c5-f3b978798fbf "HTTP/2 200 OK"
2025-03-09 17:10:26,164 - httpx - INFO - HTTP Request: GET https://hmdqtnywfebxjugxzlvc.supabase.co/rest/v1/chats?select=%2A&id=eq.fe21de3c-c9ae-4566-8a9e-da469e399d98 "HTTP/2 200 OK"
2025-03-09 17:10:26,271 - httpx - INFO - HTTP Request: GET https://hmdqtnywfebxjugxzlvc.supabase.co/rest/v1/classes?select=title%2Ccourse_description&id=eq.45d629b6-9138-45f9-ab79-2a089f665890 "HTTP/2 200 OK"
2025-03-09 17:10:26,370 - httpx - INFO - HTTP Request: GET https://hmdqtnywfebxjugxzlvc.supabase.co/rest/v1/rules?select=%2A&class=eq.45d629b6-9138-45f9-ab79-2a089f665890&enabled=eq.True "HTTP/2 200 OK"
2025-03-09 17:10:26,456 - httpx - INFO - HTTP Request: GET https://hmdqtnywfebxjugxzlvc.supabase.co/rest/v1/messages?select=%2A&order=created_at&chat=eq.fe21de3c-c9ae-4566-8a9e-da469e399d98 "HTTP/2 200 OK"
2025-03-09 17:10:27,133 - httpx - INFO - HTTP Request: PATCH https://hmdqtnywfebxjugxzlvc.supabase.co/rest/v1/messages?id=eq.6fef6134-d6cb-405a-94c5-f3b978798fbf "HTTP/2 200 OK"
2025-03-09 17:10:27,213 - httpx - INFO - HTTP Request: PATCH https://hmdqtnywfebxjugxzlvc.supabase.co/rest/v1/messages?id=eq.6fef6134-d6cb-405a-94c5-f3b978798fbf "HTTP/2 200 OK"
2025-03-09 17:10:27,287 - httpx - INFO - HTTP Request: PATCH https://hmdqtnywfebxjugxzlvc.supabase.co/rest/v1/messages?id=eq.6fef6134-d6cb-405a-94c5-f3b978798fbf "HTTP/2 200 OK"
2025-03-09 17:10:27,370 - httpx - INFO - HTTP Request: PATCH https://hmdqtnywfebxjugxzlvc.supabase.co/rest/v1/messages?id=eq.6fef6134-d6cb-405a-94c5-f3b978798fbf "HTTP/2 200 OK"
2025-03-09 17:10:27,501 - httpx - INFO - HTTP Request: PATCH https://hmdqtnywfebxjugxzlvc.supabase.co/rest/v1/messages?id=eq.6fef6134-d6cb-405a-94c5-f3b978798fbf "HTTP/2 200 OK"
2025-03-09 17:10:29,214 - httpx - INFO - HTTP Request: GET https://hmdqtnywfebxjugxzlvc.supabase.co/rest/v1/messages?select=%2A&id=eq.6fef6134-d6cb-405a-94c5-f3b978798fbf "HTTP/2 200 OK"
2025-03-09 17:10:29,262 - httpx - INFO - HTTP Request: GET https://hmdqtnywfebxjugxzlvc.supabase.co/rest/v1/chats?select=%2A&id=eq.fe21de3c-c9ae-4566-8a9e-da469e399d98 "HTTP/2 200 OK"
2025-03-09 17:10:29,357 - httpx - INFO - HTTP Request: GET https://hmdqtnywfebxjugxzlvc.supabase.co/rest/v1/classes?select=%2A&id=eq.45d629b6-9138-45f9-ab79-2a089f665890 "HTTP/2 200 OK"
2025-03-09 17:10:29,425 - httpx - INFO - HTTP Request: GET https://hmdqtnywfebxjugxzlvc.supabase.co/rest/v1/documents?select=%2A&id=in.%28%29 "HTTP/2 200 OK"
2025-03-09 17:10:29,478 - httpx - INFO - HTTP Request: GET https://hmdqtnywfebxjugxzlvc.supabase.co/rest/v1/messages?select=%2A&order=created_at&chat=eq.fe21de3c-c9ae-4566-8a9e-da469e399d98 "HTTP/2 200 OK"
2025-03-09 17:10:29,562 - httpx - INFO - HTTP Request: GET https://hmdqtnywfebxjugxzlvc.supabase.co/rest/v1/faqs?select=%2A&class=eq.45d629b6-9138-45f9-ab79-2a089f665890 "HTTP/2 200 OK"
2025-03-09 17:10:29,663 - httpx - INFO - HTTP Request: GET https://hmdqtnywfebxjugxzlvc.supabase.co/rest/v1/chats?select=%2A&id=eq.fe21de3c-c9ae-4566-8a9e-da469e399d98 "HTTP/2 200 OK"
2025-03-09 17:10:29,735 - httpx - INFO - HTTP Request: GET https://hmdqtnywfebxjugxzlvc.supabase.co/rest/v1/messages?select=%2A&order=created_at&chat=eq.fe21de3c-c9ae-4566-8a9e-da469e399d98 "HTTP/2 200 OK"
2025-03-09 17:10:31,048 - httpx - INFO - HTTP Request: POST https://hmdqtnywfebxjugxzlvc.supabase.co/rest/v1/faqs?columns=%22homeworks%22%2C%22lectures%22%2C%22class%22%2C%22count%22%2C%22chapters%22%2C%22id%22%2C%22messages%22 "HTTP/2 200 OK"
2025-03-09 17:10:31,103 - httpx - INFO - HTTP Request: POST https://hmdqtnywfebxjugxzlvc.supabase.co/rest/v1/evals_message "HTTP/2 201 Created"
2025-03-09 17:10:34,963 - httpx - INFO - HTTP Request: PATCH https://hmdqtnywfebxjugxzlvc.supabase.co/rest/v1/chats?id=eq.fe21de3c-c9ae-4566-8a9e-da469e399d98 "HTTP/2 200 OK"
2025-03-09 17:11:01,133 - httpx - INFO - HTTP Request: PATCH https://hmdqtnywfebxjugxzlvc.supabase.co/rest/v1/messages?id=eq.d0b80bb8-fdf9-4b7e-bf1d-7fb34e5a629a "HTTP/2 200 OK"
2025-03-09 17:11:01,224 - httpx - INFO - HTTP Request: GET https://hmdqtnywfebxjugxzlvc.supabase.co/rest/v1/chats?select=%2A&id=eq.fe21de3c-c9ae-4566-8a9e-da469e399d98 "HTTP/2 200 OK"
2025-03-09 17:11:01,312 - httpx - INFO - HTTP Request: GET https://hmdqtnywfebxjugxzlvc.supabase.co/rest/v1/classes?select=title%2Ccourse_description&id=eq.45d629b6-9138-45f9-ab79-2a089f665890 "HTTP/2 200 OK"
2025-03-09 17:11:01,383 - httpx - INFO - HTTP Request: GET https://hmdqtnywfebxjugxzlvc.supabase.co/rest/v1/rules?select=%2A&class=eq.45d629b6-9138-45f9-ab79-2a089f665890&enabled=eq.True "HTTP/2 200 OK"
2025-03-09 17:11:01,490 - httpx - INFO - HTTP Request: GET https://hmdqtnywfebxjugxzlvc.supabase.co/rest/v1/messages?select=%2A&order=created_at&chat=eq.fe21de3c-c9ae-4566-8a9e-da469e399d98 "HTTP/2 200 OK"
2025-03-09 17:11:02,042 - httpx - INFO - HTTP Request: PATCH https://hmdqtnywfebxjugxzlvc.supabase.co/rest/v1/messages?id=eq.d0b80bb8-fdf9-4b7e-bf1d-7fb34e5a629a "HTTP/2 200 OK"
2025-03-09 17:11:02,101 - httpx - INFO - HTTP Request: PATCH https://hmdqtnywfebxjugxzlvc.supabase.co/rest/v1/messages?id=eq.d0b80bb8-fdf9-4b7e-bf1d-7fb34e5a629a "HTTP/2 200 OK"
2025-03-09 17:11:02,230 - httpx - INFO - HTTP Request: PATCH https://hmdqtnywfebxjugxzlvc.supabase.co/rest/v1/messages?id=eq.d0b80bb8-fdf9-4b7e-bf1d-7fb34e5a629a "HTTP/2 200 OK"
2025-03-09 17:11:02,476 - httpx - INFO - HTTP Request: PATCH https://hmdqtnywfebxjugxzlvc.supabase.co/rest/v1/messages?id=eq.d0b80bb8-fdf9-4b7e-bf1d-7fb34e5a629a "HTTP/2 200 OK"
2025-03-09 17:11:02,536 - httpx - INFO - HTTP Request: PATCH https://hmdqtnywfebxjugxzlvc.supabase.co/rest/v1/messages?id=eq.d0b80bb8-fdf9-4b7e-bf1d-7fb34e5a629a "HTTP/2 200 OK"
2025-03-09 17:11:02,603 - httpx - INFO - HTTP Request: PATCH https://hmdqtnywfebxjugxzlvc.supabase.co/rest/v1/messages?id=eq.d0b80bb8-fdf9-4b7e-bf1d-7fb34e5a629a "HTTP/2 200 OK"
2025-03-09 17:11:02,670 - httpx - INFO - HTTP Request: PATCH https://hmdqtnywfebxjugxzlvc.supabase.co/rest/v1/messages?id=eq.d0b80bb8-fdf9-4b7e-bf1d-7fb34e5a629a "HTTP/2 200 OK"
2025-03-09 17:11:04,030 - httpx - INFO - HTTP Request: GET https://hmdqtnywfebxjugxzlvc.supabase.co/rest/v1/messages?select=%2A&id=eq.d0b80bb8-fdf9-4b7e-bf1d-7fb34e5a629a "HTTP/2 200 OK"
2025-03-09 17:11:04,081 - httpx - INFO - HTTP Request: GET https://hmdqtnywfebxjugxzlvc.supabase.co/rest/v1/chats?select=%2A&id=eq.fe21de3c-c9ae-4566-8a9e-da469e399d98 "HTTP/2 200 OK"
2025-03-09 17:11:04,137 - httpx - INFO - HTTP Request: GET https://hmdqtnywfebxjugxzlvc.supabase.co/rest/v1/classes?select=%2A&id=eq.45d629b6-9138-45f9-ab79-2a089f665890 "HTTP/2 200 OK"
2025-03-09 17:11:04,194 - httpx - INFO - HTTP Request: GET https://hmdqtnywfebxjugxzlvc.supabase.co/rest/v1/documents?select=%2A&id=in.%28%29 "HTTP/2 200 OK"
2025-03-09 17:11:04,248 - httpx - INFO - HTTP Request: GET https://hmdqtnywfebxjugxzlvc.supabase.co/rest/v1/messages?select=%2A&order=created_at&chat=eq.fe21de3c-c9ae-4566-8a9e-da469e399d98 "HTTP/2 200 OK"
2025-03-09 17:11:04,323 - httpx - INFO - HTTP Request: GET https://hmdqtnywfebxjugxzlvc.supabase.co/rest/v1/faqs?select=%2A&class=eq.45d629b6-9138-45f9-ab79-2a089f665890 "HTTP/2 200 OK"
2025-03-09 17:11:06,134 - httpx - INFO - HTTP Request: POST https://hmdqtnywfebxjugxzlvc.supabase.co/rest/v1/faqs?columns=%22homeworks%22%2C%22lectures%22%2C%22class%22%2C%22count%22%2C%22chapters%22%2C%22id%22%2C%22messages%22 "HTTP/2 200 OK"
2025-03-09 17:11:06,186 - httpx - INFO - HTTP Request: POST https://hmdqtnywfebxjugxzlvc.supabase.co/rest/v1/evals_message "HTTP/2 201 Created"
2025-03-09 17:12:00,037 - httpx - INFO - HTTP Request: PATCH https://hmdqtnywfebxjugxzlvc.supabase.co/rest/v1/messages?id=eq.cb8eeb9f-6117-430a-a2c7-f28487bc86b2 "HTTP/2 200 OK"
2025-03-09 17:12:00,269 - httpx - INFO - HTTP Request: GET https://hmdqtnywfebxjugxzlvc.supabase.co/rest/v1/chats?select=%2A&id=eq.fe21de3c-c9ae-4566-8a9e-da469e399d98 "HTTP/2 200 OK"
2025-03-09 17:12:00,365 - httpx - INFO - HTTP Request: GET https://hmdqtnywfebxjugxzlvc.supabase.co/rest/v1/classes?select=title%2Ccourse_description&id=eq.45d629b6-9138-45f9-ab79-2a089f665890 "HTTP/2 200 OK"
2025-03-09 17:12:00,489 - httpx - INFO - HTTP Request: GET https://hmdqtnywfebxjugxzlvc.supabase.co/rest/v1/rules?select=%2A&class=eq.45d629b6-9138-45f9-ab79-2a089f665890&enabled=eq.True "HTTP/2 200 OK"
2025-03-09 17:12:00,565 - httpx - INFO - HTTP Request: GET https://hmdqtnywfebxjugxzlvc.supabase.co/rest/v1/messages?select=%2A&order=created_at&chat=eq.fe21de3c-c9ae-4566-8a9e-da469e399d98 "HTTP/2 200 OK"
2025-03-09 17:12:01,225 - httpx - INFO - HTTP Request: PATCH https://hmdqtnywfebxjugxzlvc.supabase.co/rest/v1/messages?id=eq.cb8eeb9f-6117-430a-a2c7-f28487bc86b2 "HTTP/2 200 OK"
2025-03-09 17:12:01,352 - httpx - INFO - HTTP Request: PATCH https://hmdqtnywfebxjugxzlvc.supabase.co/rest/v1/messages?id=eq.cb8eeb9f-6117-430a-a2c7-f28487bc86b2 "HTTP/2 200 OK"
2025-03-09 17:12:01,473 - httpx - INFO - HTTP Request: PATCH https://hmdqtnywfebxjugxzlvc.supabase.co/rest/v1/messages?id=eq.cb8eeb9f-6117-430a-a2c7-f28487bc86b2 "HTTP/2 200 OK"
2025-03-09 17:12:01,643 - httpx - INFO - HTTP Request: PATCH https://hmdqtnywfebxjugxzlvc.supabase.co/rest/v1/messages?id=eq.cb8eeb9f-6117-430a-a2c7-f28487bc86b2 "HTTP/2 200 OK"
2025-03-09 17:12:01,881 - httpx - INFO - HTTP Request: PATCH https://hmdqtnywfebxjugxzlvc.supabase.co/rest/v1/messages?id=eq.cb8eeb9f-6117-430a-a2c7-f28487bc86b2 "HTTP/2 200 OK"
2025-03-09 17:12:01,938 - httpx - INFO - HTTP Request: PATCH https://hmdqtnywfebxjugxzlvc.supabase.co/rest/v1/messages?id=eq.cb8eeb9f-6117-430a-a2c7-f28487bc86b2 "HTTP/2 200 OK"
2025-03-09 17:12:02,030 - httpx - INFO - HTTP Request: PATCH https://hmdqtnywfebxjugxzlvc.supabase.co/rest/v1/messages?id=eq.cb8eeb9f-6117-430a-a2c7-f28487bc86b2 "HTTP/2 200 OK"
2025-03-09 17:12:03,242 - httpx - INFO - HTTP Request: GET https://hmdqtnywfebxjugxzlvc.supabase.co/rest/v1/messages?select=%2A&id=eq.cb8eeb9f-6117-430a-a2c7-f28487bc86b2 "HTTP/2 200 OK"
2025-03-09 17:12:03,296 - httpx - INFO - HTTP Request: GET https://hmdqtnywfebxjugxzlvc.supabase.co/rest/v1/chats?select=%2A&id=eq.fe21de3c-c9ae-4566-8a9e-da469e399d98 "HTTP/2 200 OK"
2025-03-09 17:12:03,358 - httpx - INFO - HTTP Request: GET https://hmdqtnywfebxjugxzlvc.supabase.co/rest/v1/classes?select=%2A&id=eq.45d629b6-9138-45f9-ab79-2a089f665890 "HTTP/2 200 OK"
2025-03-09 17:12:03,432 - httpx - INFO - HTTP Request: GET https://hmdqtnywfebxjugxzlvc.supabase.co/rest/v1/documents?select=%2A&id=in.%28%29 "HTTP/2 200 OK"
2025-03-09 17:12:03,479 - httpx - INFO - HTTP Request: GET https://hmdqtnywfebxjugxzlvc.supabase.co/rest/v1/messages?select=%2A&order=created_at&chat=eq.fe21de3c-c9ae-4566-8a9e-da469e399d98 "HTTP/2 200 OK"
2025-03-09 17:12:03,541 - httpx - INFO - HTTP Request: GET https://hmdqtnywfebxjugxzlvc.supabase.co/rest/v1/faqs?select=%2A&class=eq.45d629b6-9138-45f9-ab79-2a089f665890 "HTTP/2 200 OK"
2025-03-09 17:12:05,179 - httpx - INFO - HTTP Request: POST https://hmdqtnywfebxjugxzlvc.supabase.co/rest/v1/faqs?columns=%22homeworks%22%2C%22lectures%22%2C%22class%22%2C%22count%22%2C%22chapters%22%2C%22id%22%2C%22messages%22 "HTTP/2 200 OK"
2025-03-09 17:12:05,232 - httpx - INFO - HTTP Request: POST https://hmdqtnywfebxjugxzlvc.supabase.co/rest/v1/evals_message "HTTP/2 201 Created"
2025-03-09 17:13:42,998 - httpx - INFO - HTTP Request: PATCH https://hmdqtnywfebxjugxzlvc.supabase.co/rest/v1/messages?id=eq.f19546bb-4c0b-4b7f-b0b1-d0a4116b32ef "HTTP/2 200 OK"
2025-03-09 17:13:43,072 - httpx - INFO - HTTP Request: GET https://hmdqtnywfebxjugxzlvc.supabase.co/rest/v1/chats?select=%2A&id=eq.9a9a9353-b1c5-4a84-a6ee-c64632a61b7d "HTTP/2 200 OK"
2025-03-09 17:13:43,213 - httpx - INFO - HTTP Request: GET https://hmdqtnywfebxjugxzlvc.supabase.co/rest/v1/classes?select=title%2Ccourse_description&id=eq.45d629b6-9138-45f9-ab79-2a089f665890 "HTTP/2 200 OK"
2025-03-09 17:13:43,300 - httpx - INFO - HTTP Request: GET https://hmdqtnywfebxjugxzlvc.supabase.co/rest/v1/rules?select=%2A&class=eq.45d629b6-9138-45f9-ab79-2a089f665890&enabled=eq.True "HTTP/2 200 OK"
2025-03-09 17:13:43,356 - httpx - INFO - HTTP Request: GET https://hmdqtnywfebxjugxzlvc.supabase.co/rest/v1/messages?select=%2A&order=created_at&chat=eq.9a9a9353-b1c5-4a84-a6ee-c64632a61b7d "HTTP/2 200 OK"
2025-03-09 17:13:43,406 - httpx - INFO - HTTP Request: GET https://hmdqtnywfebxjugxzlvc.supabase.co/rest/v1/lectures?select=%2A&id=in.%28dab3f727-d926-4c6f-9b45-ae845d4ba00f%29&order=note_number "HTTP/2 200 OK"
2025-03-09 17:13:43,513 - httpx - INFO - HTTP Request: GET https://hmdqtnywfebxjugxzlvc.supabase.co/rest/v1/documents?select=%2A&lecture=in.%28dab3f727-d926-4c6f-9b45-ae845d4ba00f%29&order=page "HTTP/2 200 OK"
2025-03-09 17:13:43,644 - httpx - INFO - HTTP Request: GET https://hmdqtnywfebxjugxzlvc.supabase.co/rest/v1/lectures?select=%2A&id=in.%28dab3f727-d926-4c6f-9b45-ae845d4ba00f%29&order=note_number "HTTP/2 200 OK"
2025-03-09 17:13:43,732 - httpx - INFO - HTTP Request: GET https://hmdqtnywfebxjugxzlvc.supabase.co/rest/v1/documents?select=%2A&lecture=in.%28dab3f727-d926-4c6f-9b45-ae845d4ba00f%29&order=page "HTTP/2 200 OK"
2025-03-09 17:13:44,817 - httpx - INFO - HTTP Request: PATCH https://hmdqtnywfebxjugxzlvc.supabase.co/rest/v1/messages?id=eq.f19546bb-4c0b-4b7f-b0b1-d0a4116b32ef "HTTP/2 200 OK"
2025-03-09 17:13:44,940 - httpx - INFO - HTTP Request: PATCH https://hmdqtnywfebxjugxzlvc.supabase.co/rest/v1/messages?id=eq.f19546bb-4c0b-4b7f-b0b1-d0a4116b32ef "HTTP/2 200 OK"
2025-03-09 17:13:45,068 - httpx - INFO - HTTP Request: PATCH https://hmdqtnywfebxjugxzlvc.supabase.co/rest/v1/messages?id=eq.f19546bb-4c0b-4b7f-b0b1-d0a4116b32ef "HTTP/2 200 OK"
2025-03-09 17:13:45,228 - httpx - INFO - HTTP Request: PATCH https://hmdqtnywfebxjugxzlvc.supabase.co/rest/v1/messages?id=eq.f19546bb-4c0b-4b7f-b0b1-d0a4116b32ef "HTTP/2 200 OK"
2025-03-09 17:13:45,295 - httpx - INFO - HTTP Request: PATCH https://hmdqtnywfebxjugxzlvc.supabase.co/rest/v1/messages?id=eq.f19546bb-4c0b-4b7f-b0b1-d0a4116b32ef "HTTP/2 200 OK"
2025-03-09 17:13:45,381 - httpx - INFO - HTTP Request: PATCH https://hmdqtnywfebxjugxzlvc.supabase.co/rest/v1/messages?id=eq.f19546bb-4c0b-4b7f-b0b1-d0a4116b32ef "HTTP/2 200 OK"
2025-03-09 17:13:46,464 - httpx - INFO - HTTP Request: GET https://hmdqtnywfebxjugxzlvc.supabase.co/rest/v1/chats?select=%2A&id=eq.9a9a9353-b1c5-4a84-a6ee-c64632a61b7d "HTTP/2 200 OK"
2025-03-09 17:13:46,515 - httpx - INFO - HTTP Request: GET https://hmdqtnywfebxjugxzlvc.supabase.co/rest/v1/messages?select=%2A&order=created_at&chat=eq.9a9a9353-b1c5-4a84-a6ee-c64632a61b7d "HTTP/2 200 OK"
2025-03-09 17:13:46,583 - httpx - INFO - HTTP Request: GET https://hmdqtnywfebxjugxzlvc.supabase.co/rest/v1/messages?select=%2A&id=eq.f19546bb-4c0b-4b7f-b0b1-d0a4116b32ef "HTTP/2 200 OK"
2025-03-09 17:13:46,640 - httpx - INFO - HTTP Request: GET https://hmdqtnywfebxjugxzlvc.supabase.co/rest/v1/chats?select=%2A&id=eq.9a9a9353-b1c5-4a84-a6ee-c64632a61b7d "HTTP/2 200 OK"
2025-03-09 17:13:46,696 - httpx - INFO - HTTP Request: GET https://hmdqtnywfebxjugxzlvc.supabase.co/rest/v1/classes?select=%2A&id=eq.45d629b6-9138-45f9-ab79-2a089f665890 "HTTP/2 200 OK"
2025-03-09 17:13:46,750 - httpx - INFO - HTTP Request: GET https://hmdqtnywfebxjugxzlvc.supabase.co/rest/v1/documents?select=%2A&id=in.%28%29 "HTTP/2 200 OK"
2025-03-09 17:13:46,819 - httpx - INFO - HTTP Request: GET https://hmdqtnywfebxjugxzlvc.supabase.co/rest/v1/messages?select=%2A&order=created_at&chat=eq.9a9a9353-b1c5-4a84-a6ee-c64632a61b7d "HTTP/2 200 OK"
2025-03-09 17:13:47,095 - httpx - INFO - HTTP Request: GET https://hmdqtnywfebxjugxzlvc.supabase.co/rest/v1/faqs?select=%2A&class=eq.45d629b6-9138-45f9-ab79-2a089f665890 "HTTP/2 200 OK"
2025-03-09 17:13:48,368 - httpx - INFO - HTTP Request: PATCH https://hmdqtnywfebxjugxzlvc.supabase.co/rest/v1/chats?id=eq.9a9a9353-b1c5-4a84-a6ee-c64632a61b7d "HTTP/2 200 OK"
2025-03-09 17:13:52,263 - httpx - INFO - HTTP Request: POST https://hmdqtnywfebxjugxzlvc.supabase.co/rest/v1/faqs?columns=%22homeworks%22%2C%22lectures%22%2C%22class%22%2C%22count%22%2C%22chapters%22%2C%22id%22%2C%22messages%22 "HTTP/2 200 OK"
2025-03-09 17:13:52,312 - httpx - INFO - HTTP Request: POST https://hmdqtnywfebxjugxzlvc.supabase.co/rest/v1/evals_message "HTTP/2 201 Created"
2025-03-09 17:44:29,770 - httpx - INFO - HTTP Request: PATCH https://hmdqtnywfebxjugxzlvc.supabase.co/rest/v1/messages?id=eq.cea3af97-7a6e-433a-a99e-0d8aae02cd38 "HTTP/2 200 OK"
2025-03-09 17:44:29,840 - httpx - INFO - HTTP Request: GET https://hmdqtnywfebxjugxzlvc.supabase.co/rest/v1/chats?select=%2A&id=eq.9a9a9353-b1c5-4a84-a6ee-c64632a61b7d "HTTP/2 200 OK"
2025-03-09 17:44:29,935 - httpx - INFO - HTTP Request: GET https://hmdqtnywfebxjugxzlvc.supabase.co/rest/v1/classes?select=title%2Ccourse_description&id=eq.45d629b6-9138-45f9-ab79-2a089f665890 "HTTP/2 200 OK"
2025-03-09 17:44:30,076 - httpx - INFO - HTTP Request: GET https://hmdqtnywfebxjugxzlvc.supabase.co/rest/v1/rules?select=%2A&class=eq.45d629b6-9138-45f9-ab79-2a089f665890&enabled=eq.True "HTTP/2 200 OK"
2025-03-09 17:44:30,184 - httpx - INFO - HTTP Request: GET https://hmdqtnywfebxjugxzlvc.supabase.co/rest/v1/messages?select=%2A&order=created_at&chat=eq.9a9a9353-b1c5-4a84-a6ee-c64632a61b7d "HTTP/2 200 OK"
2025-03-09 17:44:30,258 - httpx - INFO - HTTP Request: GET https://hmdqtnywfebxjugxzlvc.supabase.co/rest/v1/lectures?select=%2A&id=in.%28dab3f727-d926-4c6f-9b45-ae845d4ba00f%29&order=note_number "HTTP/2 200 OK"
2025-03-09 17:44:30,488 - httpx - INFO - HTTP Request: GET https://hmdqtnywfebxjugxzlvc.supabase.co/rest/v1/documents?select=%2A&lecture=in.%28dab3f727-d926-4c6f-9b45-ae845d4ba00f%29&order=page "HTTP/2 200 OK"
2025-03-09 17:44:30,579 - httpx - INFO - HTTP Request: GET https://hmdqtnywfebxjugxzlvc.supabase.co/rest/v1/lectures?select=%2A&id=in.%28dab3f727-d926-4c6f-9b45-ae845d4ba00f%29&order=note_number "HTTP/2 200 OK"
2025-03-09 17:44:30,681 - httpx - INFO - HTTP Request: GET https://hmdqtnywfebxjugxzlvc.supabase.co/rest/v1/documents?select=%2A&lecture=in.%28dab3f727-d926-4c6f-9b45-ae845d4ba00f%29&order=page "HTTP/2 200 OK"
2025-03-09 17:44:31,768 - httpx - INFO - HTTP Request: PATCH https://hmdqtnywfebxjugxzlvc.supabase.co/rest/v1/messages?id=eq.cea3af97-7a6e-433a-a99e-0d8aae02cd38 "HTTP/2 200 OK"
2025-03-09 17:44:31,882 - httpx - INFO - HTTP Request: PATCH https://hmdqtnywfebxjugxzlvc.supabase.co/rest/v1/messages?id=eq.cea3af97-7a6e-433a-a99e-0d8aae02cd38 "HTTP/2 200 OK"
2025-03-09 17:44:32,008 - httpx - INFO - HTTP Request: PATCH https://hmdqtnywfebxjugxzlvc.supabase.co/rest/v1/messages?id=eq.cea3af97-7a6e-433a-a99e-0d8aae02cd38 "HTTP/2 200 OK"
2025-03-09 17:44:32,127 - httpx - INFO - HTTP Request: PATCH https://hmdqtnywfebxjugxzlvc.supabase.co/rest/v1/messages?id=eq.cea3af97-7a6e-433a-a99e-0d8aae02cd38 "HTTP/2 200 OK"
2025-03-09 17:44:32,253 - httpx - INFO - HTTP Request: PATCH https://hmdqtnywfebxjugxzlvc.supabase.co/rest/v1/messages?id=eq.cea3af97-7a6e-433a-a99e-0d8aae02cd38 "HTTP/2 200 OK"
2025-03-09 17:44:32,488 - httpx - INFO - HTTP Request: PATCH https://hmdqtnywfebxjugxzlvc.supabase.co/rest/v1/messages?id=eq.cea3af97-7a6e-433a-a99e-0d8aae02cd38 "HTTP/2 200 OK"
2025-03-09 17:44:32,726 - httpx - INFO - HTTP Request: PATCH https://hmdqtnywfebxjugxzlvc.supabase.co/rest/v1/messages?id=eq.cea3af97-7a6e-433a-a99e-0d8aae02cd38 "HTTP/2 200 OK"
2025-03-09 17:44:33,069 - httpx - INFO - HTTP Request: PATCH https://hmdqtnywfebxjugxzlvc.supabase.co/rest/v1/messages?id=eq.cea3af97-7a6e-433a-a99e-0d8aae02cd38 "HTTP/2 200 OK"
2025-03-09 17:44:33,157 - httpx - INFO - HTTP Request: PATCH https://hmdqtnywfebxjugxzlvc.supabase.co/rest/v1/messages?id=eq.cea3af97-7a6e-433a-a99e-0d8aae02cd38 "HTTP/2 200 OK"
2025-03-09 17:44:33,278 - httpx - INFO - HTTP Request: PATCH https://hmdqtnywfebxjugxzlvc.supabase.co/rest/v1/messages?id=eq.cea3af97-7a6e-433a-a99e-0d8aae02cd38 "HTTP/2 200 OK"
2025-03-09 17:44:34,789 - httpx - INFO - HTTP Request: GET https://hmdqtnywfebxjugxzlvc.supabase.co/rest/v1/messages?select=%2A&id=eq.cea3af97-7a6e-433a-a99e-0d8aae02cd38 "HTTP/2 200 OK"
2025-03-09 17:44:34,874 - httpx - INFO - HTTP Request: GET https://hmdqtnywfebxjugxzlvc.supabase.co/rest/v1/chats?select=%2A&id=eq.9a9a9353-b1c5-4a84-a6ee-c64632a61b7d "HTTP/2 200 OK"
2025-03-09 17:44:34,932 - httpx - INFO - HTTP Request: GET https://hmdqtnywfebxjugxzlvc.supabase.co/rest/v1/classes?select=%2A&id=eq.45d629b6-9138-45f9-ab79-2a089f665890 "HTTP/2 200 OK"
2025-03-09 17:44:35,014 - httpx - INFO - HTTP Request: GET https://hmdqtnywfebxjugxzlvc.supabase.co/rest/v1/documents?select=%2A&id=in.%28%29 "HTTP/2 200 OK"
2025-03-09 17:44:35,071 - httpx - INFO - HTTP Request: GET https://hmdqtnywfebxjugxzlvc.supabase.co/rest/v1/messages?select=%2A&order=created_at&chat=eq.9a9a9353-b1c5-4a84-a6ee-c64632a61b7d "HTTP/2 200 OK"
2025-03-09 17:44:35,145 - httpx - INFO - HTTP Request: GET https://hmdqtnywfebxjugxzlvc.supabase.co/rest/v1/faqs?select=%2A&class=eq.45d629b6-9138-45f9-ab79-2a089f665890 "HTTP/2 200 OK"
2025-03-09 17:44:35,799 - httpx - INFO - HTTP Request: POST https://hmdqtnywfebxjugxzlvc.supabase.co/rest/v1/faqs?columns=%22homeworks%22%2C%22lectures%22%2C%22class%22%2C%22count%22%2C%22chapters%22%2C%22id%22%2C%22messages%22 "HTTP/2 200 OK"
2025-03-09 17:44:35,861 - httpx - INFO - HTTP Request: POST https://hmdqtnywfebxjugxzlvc.supabase.co/rest/v1/evals_message "HTTP/2 201 Created"
2025-03-09 21:42:26,949 - httpx - INFO - HTTP Request: PATCH https://hmdqtnywfebxjugxzlvc.supabase.co/rest/v1/messages?id=eq.fb51264d-0695-482d-b03c-c546204023df "HTTP/2 200 OK"
2025-03-09 21:42:27,086 - httpx - INFO - HTTP Request: GET https://hmdqtnywfebxjugxzlvc.supabase.co/rest/v1/chats?select=%2A&id=eq.9ad50b7f-f3a5-46a5-b032-c6d1b7a6d92c "HTTP/2 200 OK"
2025-03-09 21:42:27,171 - httpx - INFO - HTTP Request: GET https://hmdqtnywfebxjugxzlvc.supabase.co/rest/v1/classes?select=title%2Ccourse_description&id=eq.45d629b6-9138-45f9-ab79-2a089f665890 "HTTP/2 200 OK"
2025-03-09 21:42:27,244 - httpx - INFO - HTTP Request: GET https://hmdqtnywfebxjugxzlvc.supabase.co/rest/v1/rules?select=%2A&class=eq.45d629b6-9138-45f9-ab79-2a089f665890&enabled=eq.True "HTTP/2 200 OK"
2025-03-09 21:42:27,305 - httpx - INFO - HTTP Request: GET https://hmdqtnywfebxjugxzlvc.supabase.co/rest/v1/messages?select=%2A&order=created_at&chat=eq.9ad50b7f-f3a5-46a5-b032-c6d1b7a6d92c "HTTP/2 200 OK"
2025-03-09 21:42:27,368 - httpx - INFO - HTTP Request: GET https://hmdqtnywfebxjugxzlvc.supabase.co/rest/v1/lectures?select=%2A&id=in.%28dab3f727-d926-4c6f-9b45-ae845d4ba00f%29&order=note_number "HTTP/2 200 OK"
2025-03-09 21:42:27,438 - httpx - INFO - HTTP Request: GET https://hmdqtnywfebxjugxzlvc.supabase.co/rest/v1/documents?select=%2A&lecture=in.%28dab3f727-d926-4c6f-9b45-ae845d4ba00f%29&order=page "HTTP/2 200 OK"
2025-03-09 21:42:27,550 - httpx - INFO - HTTP Request: GET https://hmdqtnywfebxjugxzlvc.supabase.co/rest/v1/lectures?select=%2A&id=in.%28dab3f727-d926-4c6f-9b45-ae845d4ba00f%29&order=note_number "HTTP/2 200 OK"
2025-03-09 21:42:27,635 - httpx - INFO - HTTP Request: GET https://hmdqtnywfebxjugxzlvc.supabase.co/rest/v1/documents?select=%2A&lecture=in.%28dab3f727-d926-4c6f-9b45-ae845d4ba00f%29&order=page "HTTP/2 200 OK"
2025-03-09 21:42:28,795 - httpx - INFO - HTTP Request: PATCH https://hmdqtnywfebxjugxzlvc.supabase.co/rest/v1/messages?id=eq.fb51264d-0695-482d-b03c-c546204023df "HTTP/2 200 OK"
2025-03-09 21:42:28,913 - httpx - INFO - HTTP Request: PATCH https://hmdqtnywfebxjugxzlvc.supabase.co/rest/v1/messages?id=eq.fb51264d-0695-482d-b03c-c546204023df "HTTP/2 200 OK"
2025-03-09 21:42:29,047 - httpx - INFO - HTTP Request: PATCH https://hmdqtnywfebxjugxzlvc.supabase.co/rest/v1/messages?id=eq.fb51264d-0695-482d-b03c-c546204023df "HTTP/2 200 OK"
2025-03-09 21:42:29,121 - httpx - INFO - HTTP Request: PATCH https://hmdqtnywfebxjugxzlvc.supabase.co/rest/v1/messages?id=eq.fb51264d-0695-482d-b03c-c546204023df "HTTP/2 200 OK"
2025-03-09 21:42:29,240 - httpx - INFO - HTTP Request: PATCH https://hmdqtnywfebxjugxzlvc.supabase.co/rest/v1/messages?id=eq.fb51264d-0695-482d-b03c-c546204023df "HTTP/2 200 OK"
2025-03-09 21:42:30,621 - httpx - INFO - HTTP Request: GET https://hmdqtnywfebxjugxzlvc.supabase.co/rest/v1/messages?select=%2A&id=eq.fb51264d-0695-482d-b03c-c546204023df "HTTP/2 200 OK"
2025-03-09 21:42:30,685 - httpx - INFO - HTTP Request: GET https://hmdqtnywfebxjugxzlvc.supabase.co/rest/v1/chats?select=%2A&id=eq.9ad50b7f-f3a5-46a5-b032-c6d1b7a6d92c "HTTP/2 200 OK"
2025-03-09 21:42:30,778 - httpx - INFO - HTTP Request: GET https://hmdqtnywfebxjugxzlvc.supabase.co/rest/v1/classes?select=%2A&id=eq.45d629b6-9138-45f9-ab79-2a089f665890 "HTTP/2 200 OK"
2025-03-09 21:42:30,838 - httpx - INFO - HTTP Request: GET https://hmdqtnywfebxjugxzlvc.supabase.co/rest/v1/documents?select=%2A&id=in.%28%29 "HTTP/2 200 OK"
2025-03-09 21:42:30,893 - httpx - INFO - HTTP Request: GET https://hmdqtnywfebxjugxzlvc.supabase.co/rest/v1/messages?select=%2A&order=created_at&chat=eq.9ad50b7f-f3a5-46a5-b032-c6d1b7a6d92c "HTTP/2 200 OK"
2025-03-09 21:42:30,956 - httpx - INFO - HTTP Request: GET https://hmdqtnywfebxjugxzlvc.supabase.co/rest/v1/faqs?select=%2A&class=eq.45d629b6-9138-45f9-ab79-2a089f665890 "HTTP/2 200 OK"
2025-03-09 21:42:31,039 - httpx - INFO - HTTP Request: GET https://hmdqtnywfebxjugxzlvc.supabase.co/rest/v1/chats?select=%2A&id=eq.9ad50b7f-f3a5-46a5-b032-c6d1b7a6d92c "HTTP/2 200 OK"
2025-03-09 21:42:31,091 - httpx - INFO - HTTP Request: GET https://hmdqtnywfebxjugxzlvc.supabase.co/rest/v1/messages?select=%2A&order=created_at&chat=eq.9ad50b7f-f3a5-46a5-b032-c6d1b7a6d92c "HTTP/2 200 OK"
2025-03-09 21:42:32,297 - httpx - INFO - HTTP Request: POST https://hmdqtnywfebxjugxzlvc.supabase.co/rest/v1/faqs?columns=%22chapters%22%2C%22id%22%2C%22messages%22%2C%22homeworks%22%2C%22count%22%2C%22lectures%22%2C%22class%22 "HTTP/2 200 OK"
2025-03-09 21:42:32,358 - httpx - INFO - HTTP Request: POST https://hmdqtnywfebxjugxzlvc.supabase.co/rest/v1/evals_message "HTTP/2 201 Created"
2025-03-09 21:42:36,126 - httpx - INFO - HTTP Request: PATCH https://hmdqtnywfebxjugxzlvc.supabase.co/rest/v1/chats?id=eq.9ad50b7f-f3a5-46a5-b032-c6d1b7a6d92c "HTTP/2 200 OK"
2025-03-09 21:51:59,460 - httpx - INFO - HTTP Request: PATCH https://hmdqtnywfebxjugxzlvc.supabase.co/rest/v1/messages?id=eq.a5fc6a3e-434e-41f4-846f-894862e81b92 "HTTP/2 200 OK"
2025-03-09 21:51:59,556 - httpx - INFO - HTTP Request: GET https://hmdqtnywfebxjugxzlvc.supabase.co/rest/v1/chats?select=%2A&id=eq.1c3f977e-65db-4c75-9968-93ded9749b44 "HTTP/2 200 OK"
2025-03-09 21:51:59,644 - httpx - INFO - HTTP Request: GET https://hmdqtnywfebxjugxzlvc.supabase.co/rest/v1/classes?select=title%2Ccourse_description&id=eq.45d629b6-9138-45f9-ab79-2a089f665890 "HTTP/2 200 OK"
2025-03-09 21:51:59,774 - httpx - INFO - HTTP Request: GET https://hmdqtnywfebxjugxzlvc.supabase.co/rest/v1/rules?select=%2A&class=eq.45d629b6-9138-45f9-ab79-2a089f665890&enabled=eq.True "HTTP/2 200 OK"
2025-03-09 21:51:59,870 - httpx - INFO - HTTP Request: GET https://hmdqtnywfebxjugxzlvc.supabase.co/rest/v1/messages?select=%2A&order=created_at&chat=eq.1c3f977e-65db-4c75-9968-93ded9749b44 "HTTP/2 200 OK"
2025-03-09 21:51:59,950 - httpx - INFO - HTTP Request: GET https://hmdqtnywfebxjugxzlvc.supabase.co/rest/v1/lectures?select=%2A&id=in.%28dab3f727-d926-4c6f-9b45-ae845d4ba00f%29&order=note_number "HTTP/2 200 OK"
2025-03-09 21:52:00,192 - httpx - INFO - HTTP Request: GET https://hmdqtnywfebxjugxzlvc.supabase.co/rest/v1/documents?select=%2A&lecture=in.%28dab3f727-d926-4c6f-9b45-ae845d4ba00f%29&order=page "HTTP/2 200 OK"
2025-03-09 21:52:00,288 - httpx - INFO - HTTP Request: GET https://hmdqtnywfebxjugxzlvc.supabase.co/rest/v1/lectures?select=%2A&id=in.%28dab3f727-d926-4c6f-9b45-ae845d4ba00f%29&order=note_number "HTTP/2 200 OK"
2025-03-09 21:52:00,417 - httpx - INFO - HTTP Request: GET https://hmdqtnywfebxjugxzlvc.supabase.co/rest/v1/documents?select=%2A&lecture=in.%28dab3f727-d926-4c6f-9b45-ae845d4ba00f%29&order=page "HTTP/2 200 OK"
2025-03-09 21:52:01,548 - httpx - INFO - HTTP Request: PATCH https://hmdqtnywfebxjugxzlvc.supabase.co/rest/v1/messages?id=eq.a5fc6a3e-434e-41f4-846f-894862e81b92 "HTTP/2 200 OK"
2025-03-09 21:52:01,726 - httpx - INFO - HTTP Request: PATCH https://hmdqtnywfebxjugxzlvc.supabase.co/rest/v1/messages?id=eq.a5fc6a3e-434e-41f4-846f-894862e81b92 "HTTP/2 200 OK"
2025-03-09 21:52:01,809 - httpx - INFO - HTTP Request: PATCH https://hmdqtnywfebxjugxzlvc.supabase.co/rest/v1/messages?id=eq.a5fc6a3e-434e-41f4-846f-894862e81b92 "HTTP/2 200 OK"
2025-03-09 21:52:01,938 - httpx - INFO - HTTP Request: PATCH https://hmdqtnywfebxjugxzlvc.supabase.co/rest/v1/messages?id=eq.a5fc6a3e-434e-41f4-846f-894862e81b92 "HTTP/2 200 OK"
2025-03-09 21:52:02,186 - httpx - INFO - HTTP Request: PATCH https://hmdqtnywfebxjugxzlvc.supabase.co/rest/v1/messages?id=eq.a5fc6a3e-434e-41f4-846f-894862e81b92 "HTTP/2 200 OK"
2025-03-09 21:52:02,358 - httpx - INFO - HTTP Request: PATCH https://hmdqtnywfebxjugxzlvc.supabase.co/rest/v1/messages?id=eq.a5fc6a3e-434e-41f4-846f-894862e81b92 "HTTP/2 200 OK"
2025-03-09 21:52:02,639 - httpx - INFO - HTTP Request: PATCH https://hmdqtnywfebxjugxzlvc.supabase.co/rest/v1/messages?id=eq.a5fc6a3e-434e-41f4-846f-894862e81b92 "HTTP/2 200 OK"
2025-03-09 21:52:02,758 - httpx - INFO - HTTP Request: PATCH https://hmdqtnywfebxjugxzlvc.supabase.co/rest/v1/messages?id=eq.a5fc6a3e-434e-41f4-846f-894862e81b92 "HTTP/2 200 OK"
2025-03-09 21:52:02,837 - httpx - INFO - HTTP Request: PATCH https://hmdqtnywfebxjugxzlvc.supabase.co/rest/v1/messages?id=eq.a5fc6a3e-434e-41f4-846f-894862e81b92 "HTTP/2 200 OK"
2025-03-09 21:52:02,966 - httpx - INFO - HTTP Request: PATCH https://hmdqtnywfebxjugxzlvc.supabase.co/rest/v1/messages?id=eq.a5fc6a3e-434e-41f4-846f-894862e81b92 "HTTP/2 200 OK"
2025-03-09 21:52:04,740 - httpx - INFO - HTTP Request: GET https://hmdqtnywfebxjugxzlvc.supabase.co/rest/v1/messages?select=%2A&id=eq.a5fc6a3e-434e-41f4-846f-894862e81b92 "HTTP/2 200 OK"
2025-03-09 21:52:04,790 - httpx - INFO - HTTP Request: GET https://hmdqtnywfebxjugxzlvc.supabase.co/rest/v1/chats?select=%2A&id=eq.1c3f977e-65db-4c75-9968-93ded9749b44 "HTTP/2 200 OK"
2025-03-09 21:52:04,877 - httpx - INFO - HTTP Request: GET https://hmdqtnywfebxjugxzlvc.supabase.co/rest/v1/classes?select=%2A&id=eq.45d629b6-9138-45f9-ab79-2a089f665890 "HTTP/2 200 OK"
2025-03-09 21:52:04,955 - httpx - INFO - HTTP Request: GET https://hmdqtnywfebxjugxzlvc.supabase.co/rest/v1/documents?select=%2A&id=in.%28%29 "HTTP/2 200 OK"
2025-03-09 21:52:05,039 - httpx - INFO - HTTP Request: GET https://hmdqtnywfebxjugxzlvc.supabase.co/rest/v1/messages?select=%2A&order=created_at&chat=eq.1c3f977e-65db-4c75-9968-93ded9749b44 "HTTP/2 200 OK"
2025-03-09 21:52:05,099 - httpx - INFO - HTTP Request: GET https://hmdqtnywfebxjugxzlvc.supabase.co/rest/v1/faqs?select=%2A&class=eq.45d629b6-9138-45f9-ab79-2a089f665890 "HTTP/2 200 OK"
2025-03-09 21:52:05,760 - httpx - INFO - HTTP Request: POST https://hmdqtnywfebxjugxzlvc.supabase.co/rest/v1/faqs?columns=%22chapters%22%2C%22id%22%2C%22messages%22%2C%22homeworks%22%2C%22count%22%2C%22lectures%22%2C%22class%22 "HTTP/2 200 OK"
2025-03-09 21:52:05,818 - httpx - INFO - HTTP Request: POST https://hmdqtnywfebxjugxzlvc.supabase.co/rest/v1/evals_message "HTTP/2 201 Created"
2025-03-09 21:52:05,874 - httpx - INFO - HTTP Request: GET https://hmdqtnywfebxjugxzlvc.supabase.co/rest/v1/chats?select=%2A&id=eq.1c3f977e-65db-4c75-9968-93ded9749b44 "HTTP/2 200 OK"
2025-03-09 21:52:05,930 - httpx - INFO - HTTP Request: GET https://hmdqtnywfebxjugxzlvc.supabase.co/rest/v1/messages?select=%2A&order=created_at&chat=eq.1c3f977e-65db-4c75-9968-93ded9749b44 "HTTP/2 200 OK"
2025-03-09 21:52:09,659 - httpx - INFO - HTTP Request: PATCH https://hmdqtnywfebxjugxzlvc.supabase.co/rest/v1/chats?id=eq.1c3f977e-65db-4c75-9968-93ded9749b44 "HTTP/2 200 OK"
2025-03-09 21:52:41,035 - httpx - INFO - HTTP Request: PATCH https://hmdqtnywfebxjugxzlvc.supabase.co/rest/v1/messages?id=eq.db720490-b49e-47b2-90ff-b4b3b105f28d "HTTP/2 200 OK"
2025-03-09 21:52:41,129 - httpx - INFO - HTTP Request: GET https://hmdqtnywfebxjugxzlvc.supabase.co/rest/v1/chats?select=%2A&id=eq.1c3f977e-65db-4c75-9968-93ded9749b44 "HTTP/2 200 OK"
2025-03-09 21:52:41,218 - httpx - INFO - HTTP Request: GET https://hmdqtnywfebxjugxzlvc.supabase.co/rest/v1/classes?select=title%2Ccourse_description&id=eq.45d629b6-9138-45f9-ab79-2a089f665890 "HTTP/2 200 OK"
2025-03-09 21:52:41,315 - httpx - INFO - HTTP Request: GET https://hmdqtnywfebxjugxzlvc.supabase.co/rest/v1/rules?select=%2A&class=eq.45d629b6-9138-45f9-ab79-2a089f665890&enabled=eq.True "HTTP/2 200 OK"
2025-03-09 21:52:41,419 - httpx - INFO - HTTP Request: GET https://hmdqtnywfebxjugxzlvc.supabase.co/rest/v1/messages?select=%2A&order=created_at&chat=eq.1c3f977e-65db-4c75-9968-93ded9749b44 "HTTP/2 200 OK"
2025-03-09 21:52:41,518 - httpx - INFO - HTTP Request: GET https://hmdqtnywfebxjugxzlvc.supabase.co/rest/v1/lectures?select=%2A&id=in.%28dab3f727-d926-4c6f-9b45-ae845d4ba00f%29&order=note_number "HTTP/2 200 OK"
2025-03-09 21:52:41,618 - httpx - INFO - HTTP Request: GET https://hmdqtnywfebxjugxzlvc.supabase.co/rest/v1/documents?select=%2A&lecture=in.%28dab3f727-d926-4c6f-9b45-ae845d4ba00f%29&order=page "HTTP/2 200 OK"
2025-03-09 21:52:41,693 - httpx - INFO - HTTP Request: GET https://hmdqtnywfebxjugxzlvc.supabase.co/rest/v1/lectures?select=%2A&id=in.%28dab3f727-d926-4c6f-9b45-ae845d4ba00f%29&order=note_number "HTTP/2 200 OK"
2025-03-09 21:52:41,796 - httpx - INFO - HTTP Request: GET https://hmdqtnywfebxjugxzlvc.supabase.co/rest/v1/documents?select=%2A&lecture=in.%28dab3f727-d926-4c6f-9b45-ae845d4ba00f%29&order=page "HTTP/2 200 OK"
2025-03-09 21:52:42,778 - httpx - INFO - HTTP Request: PATCH https://hmdqtnywfebxjugxzlvc.supabase.co/rest/v1/messages?id=eq.db720490-b49e-47b2-90ff-b4b3b105f28d "HTTP/2 200 OK"
2025-03-09 21:52:42,900 - httpx - INFO - HTTP Request: PATCH https://hmdqtnywfebxjugxzlvc.supabase.co/rest/v1/messages?id=eq.db720490-b49e-47b2-90ff-b4b3b105f28d "HTTP/2 200 OK"
2025-03-09 21:52:43,062 - httpx - INFO - HTTP Request: PATCH https://hmdqtnywfebxjugxzlvc.supabase.co/rest/v1/messages?id=eq.db720490-b49e-47b2-90ff-b4b3b105f28d "HTTP/2 200 OK"
2025-03-09 21:52:43,206 - httpx - INFO - HTTP Request: PATCH https://hmdqtnywfebxjugxzlvc.supabase.co/rest/v1/messages?id=eq.db720490-b49e-47b2-90ff-b4b3b105f28d "HTTP/2 200 OK"
2025-03-09 21:52:43,414 - httpx - INFO - HTTP Request: PATCH https://hmdqtnywfebxjugxzlvc.supabase.co/rest/v1/messages?id=eq.db720490-b49e-47b2-90ff-b4b3b105f28d "HTTP/2 200 OK"
2025-03-09 21:52:43,664 - httpx - INFO - HTTP Request: PATCH https://hmdqtnywfebxjugxzlvc.supabase.co/rest/v1/messages?id=eq.db720490-b49e-47b2-90ff-b4b3b105f28d "HTTP/2 200 OK"
2025-03-09 21:52:43,730 - httpx - INFO - HTTP Request: PATCH https://hmdqtnywfebxjugxzlvc.supabase.co/rest/v1/messages?id=eq.db720490-b49e-47b2-90ff-b4b3b105f28d "HTTP/2 200 OK"
2025-03-09 21:52:43,797 - httpx - INFO - HTTP Request: PATCH https://hmdqtnywfebxjugxzlvc.supabase.co/rest/v1/messages?id=eq.db720490-b49e-47b2-90ff-b4b3b105f28d "HTTP/2 200 OK"
2025-03-09 21:52:44,566 - httpx - INFO - HTTP Request: GET https://hmdqtnywfebxjugxzlvc.supabase.co/rest/v1/messages?select=%2A&id=eq.db720490-b49e-47b2-90ff-b4b3b105f28d "HTTP/2 200 OK"
2025-03-09 21:52:44,645 - httpx - INFO - HTTP Request: GET https://hmdqtnywfebxjugxzlvc.supabase.co/rest/v1/chats?select=%2A&id=eq.1c3f977e-65db-4c75-9968-93ded9749b44 "HTTP/2 200 OK"
2025-03-09 21:52:44,700 - httpx - INFO - HTTP Request: GET https://hmdqtnywfebxjugxzlvc.supabase.co/rest/v1/classes?select=%2A&id=eq.45d629b6-9138-45f9-ab79-2a089f665890 "HTTP/2 200 OK"
2025-03-09 21:52:44,765 - httpx - INFO - HTTP Request: GET https://hmdqtnywfebxjugxzlvc.supabase.co/rest/v1/documents?select=%2A&id=in.%28%29 "HTTP/2 200 OK"
2025-03-09 21:52:44,816 - httpx - INFO - HTTP Request: GET https://hmdqtnywfebxjugxzlvc.supabase.co/rest/v1/messages?select=%2A&order=created_at&chat=eq.1c3f977e-65db-4c75-9968-93ded9749b44 "HTTP/2 200 OK"
2025-03-09 21:52:44,876 - httpx - INFO - HTTP Request: GET https://hmdqtnywfebxjugxzlvc.supabase.co/rest/v1/faqs?select=%2A&class=eq.45d629b6-9138-45f9-ab79-2a089f665890 "HTTP/2 200 OK"
2025-03-09 21:52:46,403 - httpx - INFO - HTTP Request: POST https://hmdqtnywfebxjugxzlvc.supabase.co/rest/v1/faqs?columns=%22chapters%22%2C%22id%22%2C%22messages%22%2C%22homeworks%22%2C%22count%22%2C%22lectures%22%2C%22class%22 "HTTP/2 200 OK"
2025-03-09 21:52:46,489 - httpx - INFO - HTTP Request: POST https://hmdqtnywfebxjugxzlvc.supabase.co/rest/v1/evals_message "HTTP/2 201 Created"
2025-03-11 12:20:14,720 - httpx - INFO - HTTP Request: PATCH https://hmdqtnywfebxjugxzlvc.supabase.co/rest/v1/messages?id=eq.3c28fe93-e63c-4da0-9205-8d168b62e40e "HTTP/2 200 OK"
2025-03-11 12:20:14,793 - httpx - INFO - HTTP Request: GET https://hmdqtnywfebxjugxzlvc.supabase.co/rest/v1/chats?select=%2A&id=eq.646732de-41af-43fe-be54-8c22b5e8e2f8 "HTTP/2 200 OK"
2025-03-11 12:20:14,896 - httpx - INFO - HTTP Request: GET https://hmdqtnywfebxjugxzlvc.supabase.co/rest/v1/classes?select=title%2Ccourse_description&id=eq.45d629b6-9138-45f9-ab79-2a089f665890 "HTTP/2 200 OK"
2025-03-11 12:20:14,997 - httpx - INFO - HTTP Request: GET https://hmdqtnywfebxjugxzlvc.supabase.co/rest/v1/rules?select=%2A&class=eq.45d629b6-9138-45f9-ab79-2a089f665890&enabled=eq.True "HTTP/2 200 OK"
2025-03-11 12:20:15,110 - httpx - INFO - HTTP Request: GET https://hmdqtnywfebxjugxzlvc.supabase.co/rest/v1/messages?select=%2A&order=created_at&chat=eq.646732de-41af-43fe-be54-8c22b5e8e2f8 "HTTP/2 200 OK"
2025-03-11 12:20:15,173 - httpx - INFO - HTTP Request: GET https://hmdqtnywfebxjugxzlvc.supabase.co/rest/v1/lectures?select=%2A&id=in.%285765222a-5ce0-4743-ab87-93ff1c286cfc%29&order=note_number "HTTP/2 200 OK"
2025-03-11 12:20:15,253 - httpx - INFO - HTTP Request: GET https://hmdqtnywfebxjugxzlvc.supabase.co/rest/v1/documents?select=%2A&lecture=in.%285765222a-5ce0-4743-ab87-93ff1c286cfc%29&order=page "HTTP/2 200 OK"
2025-03-11 12:20:15,344 - httpx - INFO - HTTP Request: GET https://hmdqtnywfebxjugxzlvc.supabase.co/rest/v1/lectures?select=%2A&id=in.%285765222a-5ce0-4743-ab87-93ff1c286cfc%29&order=note_number "HTTP/2 200 OK"
2025-03-11 12:20:15,439 - httpx - INFO - HTTP Request: GET https://hmdqtnywfebxjugxzlvc.supabase.co/rest/v1/documents?select=%2A&lecture=in.%285765222a-5ce0-4743-ab87-93ff1c286cfc%29&order=page "HTTP/2 200 OK"
2025-03-11 12:20:16,789 - httpx - INFO - HTTP Request: PATCH https://hmdqtnywfebxjugxzlvc.supabase.co/rest/v1/messages?id=eq.3c28fe93-e63c-4da0-9205-8d168b62e40e "HTTP/2 200 OK"
2025-03-11 12:20:16,915 - httpx - INFO - HTTP Request: PATCH https://hmdqtnywfebxjugxzlvc.supabase.co/rest/v1/messages?id=eq.3c28fe93-e63c-4da0-9205-8d168b62e40e "HTTP/2 200 OK"
2025-03-11 12:20:17,010 - httpx - INFO - HTTP Request: PATCH https://hmdqtnywfebxjugxzlvc.supabase.co/rest/v1/messages?id=eq.3c28fe93-e63c-4da0-9205-8d168b62e40e "HTTP/2 200 OK"
2025-03-11 12:20:17,206 - httpx - INFO - HTTP Request: PATCH https://hmdqtnywfebxjugxzlvc.supabase.co/rest/v1/messages?id=eq.3c28fe93-e63c-4da0-9205-8d168b62e40e "HTTP/2 200 OK"
2025-03-11 12:20:17,427 - httpx - INFO - HTTP Request: PATCH https://hmdqtnywfebxjugxzlvc.supabase.co/rest/v1/messages?id=eq.3c28fe93-e63c-4da0-9205-8d168b62e40e "HTTP/2 200 OK"
2025-03-11 12:20:17,601 - httpx - INFO - HTTP Request: PATCH https://hmdqtnywfebxjugxzlvc.supabase.co/rest/v1/messages?id=eq.3c28fe93-e63c-4da0-9205-8d168b62e40e "HTTP/2 200 OK"
2025-03-11 12:20:17,686 - httpx - INFO - HTTP Request: PATCH https://hmdqtnywfebxjugxzlvc.supabase.co/rest/v1/messages?id=eq.3c28fe93-e63c-4da0-9205-8d168b62e40e "HTTP/2 200 OK"
2025-03-11 12:20:17,823 - httpx - INFO - HTTP Request: PATCH https://hmdqtnywfebxjugxzlvc.supabase.co/rest/v1/messages?id=eq.3c28fe93-e63c-4da0-9205-8d168b62e40e "HTTP/2 200 OK"
2025-03-11 12:20:19,065 - httpx - INFO - HTTP Request: GET https://hmdqtnywfebxjugxzlvc.supabase.co/rest/v1/messages?select=%2A&id=eq.3c28fe93-e63c-4da0-9205-8d168b62e40e "HTTP/2 200 OK"
2025-03-11 12:20:19,218 - httpx - INFO - HTTP Request: GET https://hmdqtnywfebxjugxzlvc.supabase.co/rest/v1/chats?select=%2A&id=eq.646732de-41af-43fe-be54-8c22b5e8e2f8 "HTTP/2 200 OK"
2025-03-11 12:20:19,285 - httpx - INFO - HTTP Request: GET https://hmdqtnywfebxjugxzlvc.supabase.co/rest/v1/classes?select=%2A&id=eq.45d629b6-9138-45f9-ab79-2a089f665890 "HTTP/2 200 OK"
2025-03-11 12:20:19,379 - httpx - INFO - HTTP Request: GET https://hmdqtnywfebxjugxzlvc.supabase.co/rest/v1/documents?select=%2A&id=in.%28%29 "HTTP/2 200 OK"
2025-03-11 12:20:19,476 - httpx - INFO - HTTP Request: GET https://hmdqtnywfebxjugxzlvc.supabase.co/rest/v1/messages?select=%2A&order=created_at&chat=eq.646732de-41af-43fe-be54-8c22b5e8e2f8 "HTTP/2 200 OK"
2025-03-11 12:20:19,581 - httpx - INFO - HTTP Request: GET https://hmdqtnywfebxjugxzlvc.supabase.co/rest/v1/faqs?select=%2A&class=eq.45d629b6-9138-45f9-ab79-2a089f665890 "HTTP/2 200 OK"
2025-03-11 12:20:20,267 - httpx - INFO - HTTP Request: POST https://hmdqtnywfebxjugxzlvc.supabase.co/rest/v1/faqs?columns=%22homeworks%22%2C%22id%22%2C%22messages%22%2C%22count%22%2C%22class%22%2C%22lectures%22%2C%22chapters%22 "HTTP/2 200 OK"
2025-03-11 12:20:20,385 - httpx - INFO - HTTP Request: POST https://hmdqtnywfebxjugxzlvc.supabase.co/rest/v1/evals_message "HTTP/2 201 Created"
2025-03-11 12:20:20,440 - httpx - INFO - HTTP Request: GET https://hmdqtnywfebxjugxzlvc.supabase.co/rest/v1/chats?select=%2A&id=eq.646732de-41af-43fe-be54-8c22b5e8e2f8 "HTTP/2 200 OK"
2025-03-11 12:20:20,500 - httpx - INFO - HTTP Request: GET https://hmdqtnywfebxjugxzlvc.supabase.co/rest/v1/messages?select=%2A&order=created_at&chat=eq.646732de-41af-43fe-be54-8c22b5e8e2f8 "HTTP/2 200 OK"
2025-03-11 12:20:24,246 - httpx - INFO - HTTP Request: PATCH https://hmdqtnywfebxjugxzlvc.supabase.co/rest/v1/chats?id=eq.646732de-41af-43fe-be54-8c22b5e8e2f8 "HTTP/2 200 OK"
2025-03-11 12:20:53,404 - httpx - INFO - HTTP Request: PATCH https://hmdqtnywfebxjugxzlvc.supabase.co/rest/v1/messages?id=eq.48e65c30-c7ff-4a0c-8319-47f60716456c "HTTP/2 200 OK"
2025-03-11 12:20:53,607 - httpx - INFO - HTTP Request: GET https://hmdqtnywfebxjugxzlvc.supabase.co/rest/v1/chats?select=%2A&id=eq.f6d09d46-92a6-4bc8-9a25-348b54f5ffe2 "HTTP/2 200 OK"
2025-03-11 12:20:53,686 - httpx - INFO - HTTP Request: GET https://hmdqtnywfebxjugxzlvc.supabase.co/rest/v1/classes?select=title%2Ccourse_description&id=eq.45d629b6-9138-45f9-ab79-2a089f665890 "HTTP/2 200 OK"
2025-03-11 12:20:53,748 - httpx - INFO - HTTP Request: GET https://hmdqtnywfebxjugxzlvc.supabase.co/rest/v1/rules?select=%2A&class=eq.45d629b6-9138-45f9-ab79-2a089f665890&enabled=eq.True "HTTP/2 200 OK"
2025-03-11 12:20:53,807 - httpx - INFO - HTTP Request: GET https://hmdqtnywfebxjugxzlvc.supabase.co/rest/v1/messages?select=%2A&order=created_at&chat=eq.f6d09d46-92a6-4bc8-9a25-348b54f5ffe2 "HTTP/2 200 OK"
2025-03-11 12:20:54,646 - httpx - INFO - HTTP Request: PATCH https://hmdqtnywfebxjugxzlvc.supabase.co/rest/v1/messages?id=eq.48e65c30-c7ff-4a0c-8319-47f60716456c "HTTP/2 200 OK"
2025-03-11 12:20:54,780 - httpx - INFO - HTTP Request: PATCH https://hmdqtnywfebxjugxzlvc.supabase.co/rest/v1/messages?id=eq.48e65c30-c7ff-4a0c-8319-47f60716456c "HTTP/2 200 OK"
2025-03-11 12:20:54,847 - httpx - INFO - HTTP Request: PATCH https://hmdqtnywfebxjugxzlvc.supabase.co/rest/v1/messages?id=eq.48e65c30-c7ff-4a0c-8319-47f60716456c "HTTP/2 200 OK"
2025-03-11 12:20:55,047 - httpx - INFO - HTTP Request: PATCH https://hmdqtnywfebxjugxzlvc.supabase.co/rest/v1/messages?id=eq.48e65c30-c7ff-4a0c-8319-47f60716456c "HTTP/2 200 OK"
2025-03-11 12:20:55,167 - httpx - INFO - HTTP Request: PATCH https://hmdqtnywfebxjugxzlvc.supabase.co/rest/v1/messages?id=eq.48e65c30-c7ff-4a0c-8319-47f60716456c "HTTP/2 200 OK"
2025-03-11 12:20:55,238 - httpx - INFO - HTTP Request: PATCH https://hmdqtnywfebxjugxzlvc.supabase.co/rest/v1/messages?id=eq.48e65c30-c7ff-4a0c-8319-47f60716456c "HTTP/2 200 OK"
2025-03-11 12:20:55,339 - httpx - INFO - HTTP Request: PATCH https://hmdqtnywfebxjugxzlvc.supabase.co/rest/v1/messages?id=eq.48e65c30-c7ff-4a0c-8319-47f60716456c "HTTP/2 200 OK"
2025-03-11 12:20:55,837 - httpx - INFO - HTTP Request: GET https://hmdqtnywfebxjugxzlvc.supabase.co/rest/v1/chats?select=%2A&id=eq.f6d09d46-92a6-4bc8-9a25-348b54f5ffe2 "HTTP/2 200 OK"
2025-03-11 12:20:55,921 - httpx - INFO - HTTP Request: GET https://hmdqtnywfebxjugxzlvc.supabase.co/rest/v1/messages?select=%2A&order=created_at&chat=eq.f6d09d46-92a6-4bc8-9a25-348b54f5ffe2 "HTTP/2 200 OK"
2025-03-11 12:20:56,025 - httpx - INFO - HTTP Request: GET https://hmdqtnywfebxjugxzlvc.supabase.co/rest/v1/messages?select=%2A&id=eq.48e65c30-c7ff-4a0c-8319-47f60716456c "HTTP/2 200 OK"
2025-03-11 12:20:56,219 - httpx - INFO - HTTP Request: GET https://hmdqtnywfebxjugxzlvc.supabase.co/rest/v1/chats?select=%2A&id=eq.f6d09d46-92a6-4bc8-9a25-348b54f5ffe2 "HTTP/2 200 OK"
2025-03-11 12:20:56,299 - httpx - INFO - HTTP Request: GET https://hmdqtnywfebxjugxzlvc.supabase.co/rest/v1/classes?select=%2A&id=eq.45d629b6-9138-45f9-ab79-2a089f665890 "HTTP/2 200 OK"
2025-03-11 12:20:56,355 - httpx - INFO - HTTP Request: GET https://hmdqtnywfebxjugxzlvc.supabase.co/rest/v1/documents?select=%2A&id=in.%28%29 "HTTP/2 200 OK"
2025-03-11 12:20:56,406 - httpx - INFO - HTTP Request: GET https://hmdqtnywfebxjugxzlvc.supabase.co/rest/v1/messages?select=%2A&order=created_at&chat=eq.f6d09d46-92a6-4bc8-9a25-348b54f5ffe2 "HTTP/2 200 OK"
2025-03-11 12:20:56,550 - httpx - INFO - HTTP Request: GET https://hmdqtnywfebxjugxzlvc.supabase.co/rest/v1/faqs?select=%2A&class=eq.45d629b6-9138-45f9-ab79-2a089f665890 "HTTP/2 200 OK"
2025-03-11 12:20:58,370 - httpx - INFO - HTTP Request: PATCH https://hmdqtnywfebxjugxzlvc.supabase.co/rest/v1/chats?id=eq.f6d09d46-92a6-4bc8-9a25-348b54f5ffe2 "HTTP/2 200 OK"
2025-03-11 12:21:02,511 - httpx - INFO - HTTP Request: POST https://hmdqtnywfebxjugxzlvc.supabase.co/rest/v1/faqs?columns=%22homeworks%22%2C%22id%22%2C%22messages%22%2C%22count%22%2C%22class%22%2C%22lectures%22%2C%22chapters%22 "HTTP/2 200 OK"
2025-03-11 12:21:02,576 - httpx - INFO - HTTP Request: POST https://hmdqtnywfebxjugxzlvc.supabase.co/rest/v1/evals_message "HTTP/2 201 Created"
2025-03-11 12:22:10,074 - httpx - INFO - HTTP Request: PATCH https://hmdqtnywfebxjugxzlvc.supabase.co/rest/v1/messages?id=eq.042e082f-e249-4790-bfad-9a1297462b2e "HTTP/2 200 OK"
2025-03-11 12:22:10,161 - httpx - INFO - HTTP Request: GET https://hmdqtnywfebxjugxzlvc.supabase.co/rest/v1/chats?select=%2A&id=eq.f6d09d46-92a6-4bc8-9a25-348b54f5ffe2 "HTTP/2 200 OK"
2025-03-11 12:22:10,236 - httpx - INFO - HTTP Request: GET https://hmdqtnywfebxjugxzlvc.supabase.co/rest/v1/classes?select=title%2Ccourse_description&id=eq.45d629b6-9138-45f9-ab79-2a089f665890 "HTTP/2 200 OK"
2025-03-11 12:22:10,309 - httpx - INFO - HTTP Request: GET https://hmdqtnywfebxjugxzlvc.supabase.co/rest/v1/rules?select=%2A&class=eq.45d629b6-9138-45f9-ab79-2a089f665890&enabled=eq.True "HTTP/2 200 OK"
2025-03-11 12:22:10,419 - httpx - INFO - HTTP Request: GET https://hmdqtnywfebxjugxzlvc.supabase.co/rest/v1/messages?select=%2A&order=created_at&chat=eq.f6d09d46-92a6-4bc8-9a25-348b54f5ffe2 "HTTP/2 200 OK"
2025-03-11 12:22:10,518 - httpx - INFO - HTTP Request: GET https://hmdqtnywfebxjugxzlvc.supabase.co/rest/v1/lectures?select=%2A&id=in.%285765222a-5ce0-4743-ab87-93ff1c286cfc%29&order=note_number "HTTP/2 200 OK"
2025-03-11 12:22:11,448 - httpx - INFO - HTTP Request: GET https://hmdqtnywfebxjugxzlvc.supabase.co/rest/v1/documents?select=%2A&lecture=in.%285765222a-5ce0-4743-ab87-93ff1c286cfc%29&order=page "HTTP/2 200 OK"
2025-03-11 12:22:11,513 - httpx - INFO - HTTP Request: GET https://hmdqtnywfebxjugxzlvc.supabase.co/rest/v1/chapters?select=%2A&id=in.%284c68b838-32b5-480a-bfc9-1ff30f1140b7%29&order=chapter_number "HTTP/2 200 OK"
2025-03-11 12:22:11,716 - httpx - INFO - HTTP Request: GET https://hmdqtnywfebxjugxzlvc.supabase.co/rest/v1/documents?select=%2A&chapter=in.%284c68b838-32b5-480a-bfc9-1ff30f1140b7%29&order=page "HTTP/2 200 OK"
2025-03-11 12:22:12,203 - httpx - INFO - HTTP Request: GET https://hmdqtnywfebxjugxzlvc.supabase.co/rest/v1/exercises?select=%2A&chapter=in.%284c68b838-32b5-480a-bfc9-1ff30f1140b7%29 "HTTP/2 200 OK"
2025-03-11 12:22:12,305 - httpx - INFO - HTTP Request: GET https://hmdqtnywfebxjugxzlvc.supabase.co/rest/v1/lectures?select=%2A&id=in.%285765222a-5ce0-4743-ab87-93ff1c286cfc%29&order=note_number "HTTP/2 200 OK"
2025-03-11 12:22:12,407 - httpx - INFO - HTTP Request: GET https://hmdqtnywfebxjugxzlvc.supabase.co/rest/v1/documents?select=%2A&lecture=in.%285765222a-5ce0-4743-ab87-93ff1c286cfc%29&order=page "HTTP/2 200 OK"
2025-03-11 12:22:12,462 - httpx - INFO - HTTP Request: GET https://hmdqtnywfebxjugxzlvc.supabase.co/rest/v1/chapters?select=%2A&id=in.%284c68b838-32b5-480a-bfc9-1ff30f1140b7%29&order=chapter_number "HTTP/2 200 OK"
2025-03-11 12:22:12,816 - httpx - INFO - HTTP Request: GET https://hmdqtnywfebxjugxzlvc.supabase.co/rest/v1/documents?select=%2A&chapter=in.%284c68b838-32b5-480a-bfc9-1ff30f1140b7%29&order=page "HTTP/2 200 OK"
2025-03-11 12:22:13,123 - httpx - INFO - HTTP Request: GET https://hmdqtnywfebxjugxzlvc.supabase.co/rest/v1/exercises?select=%2A&chapter=in.%284c68b838-32b5-480a-bfc9-1ff30f1140b7%29 "HTTP/2 200 OK"
2025-03-11 12:22:18,469 - httpx - INFO - HTTP Request: PATCH https://hmdqtnywfebxjugxzlvc.supabase.co/rest/v1/messages?id=eq.042e082f-e249-4790-bfad-9a1297462b2e "HTTP/2 200 OK"
2025-03-11 12:22:18,587 - httpx - INFO - HTTP Request: PATCH https://hmdqtnywfebxjugxzlvc.supabase.co/rest/v1/messages?id=eq.042e082f-e249-4790-bfad-9a1297462b2e "HTTP/2 200 OK"
2025-03-11 12:22:18,691 - httpx - INFO - HTTP Request: PATCH https://hmdqtnywfebxjugxzlvc.supabase.co/rest/v1/messages?id=eq.042e082f-e249-4790-bfad-9a1297462b2e "HTTP/2 200 OK"
2025-03-11 12:22:18,816 - httpx - INFO - HTTP Request: PATCH https://hmdqtnywfebxjugxzlvc.supabase.co/rest/v1/messages?id=eq.042e082f-e249-4790-bfad-9a1297462b2e "HTTP/2 200 OK"
2025-03-11 12:22:19,020 - httpx - INFO - HTTP Request: PATCH https://hmdqtnywfebxjugxzlvc.supabase.co/rest/v1/messages?id=eq.042e082f-e249-4790-bfad-9a1297462b2e "HTTP/2 200 OK"
2025-03-11 12:22:19,108 - httpx - INFO - HTTP Request: PATCH https://hmdqtnywfebxjugxzlvc.supabase.co/rest/v1/messages?id=eq.042e082f-e249-4790-bfad-9a1297462b2e "HTTP/2 200 OK"
2025-03-11 12:22:19,180 - httpx - INFO - HTTP Request: PATCH https://hmdqtnywfebxjugxzlvc.supabase.co/rest/v1/messages?id=eq.042e082f-e249-4790-bfad-9a1297462b2e "HTTP/2 200 OK"
2025-03-11 12:22:20,180 - httpx - INFO - HTTP Request: GET https://hmdqtnywfebxjugxzlvc.supabase.co/rest/v1/messages?select=%2A&id=eq.042e082f-e249-4790-bfad-9a1297462b2e "HTTP/2 200 OK"
2025-03-11 12:22:20,259 - httpx - INFO - HTTP Request: GET https://hmdqtnywfebxjugxzlvc.supabase.co/rest/v1/chats?select=%2A&id=eq.f6d09d46-92a6-4bc8-9a25-348b54f5ffe2 "HTTP/2 200 OK"
2025-03-11 12:22:20,338 - httpx - INFO - HTTP Request: GET https://hmdqtnywfebxjugxzlvc.supabase.co/rest/v1/classes?select=%2A&id=eq.45d629b6-9138-45f9-ab79-2a089f665890 "HTTP/2 200 OK"
2025-03-11 12:22:20,419 - httpx - INFO - HTTP Request: GET https://hmdqtnywfebxjugxzlvc.supabase.co/rest/v1/documents?select=%2A&id=in.%28%29 "HTTP/2 200 OK"
2025-03-11 12:22:20,518 - httpx - INFO - HTTP Request: GET https://hmdqtnywfebxjugxzlvc.supabase.co/rest/v1/messages?select=%2A&order=created_at&chat=eq.f6d09d46-92a6-4bc8-9a25-348b54f5ffe2 "HTTP/2 200 OK"
2025-03-11 12:22:20,571 - httpx - INFO - HTTP Request: GET https://hmdqtnywfebxjugxzlvc.supabase.co/rest/v1/faqs?select=%2A&class=eq.45d629b6-9138-45f9-ab79-2a089f665890 "HTTP/2 200 OK"
2025-03-11 12:22:21,296 - httpx - INFO - HTTP Request: POST https://hmdqtnywfebxjugxzlvc.supabase.co/rest/v1/faqs?columns=%22homeworks%22%2C%22id%22%2C%22messages%22%2C%22count%22%2C%22class%22%2C%22lectures%22%2C%22chapters%22 "HTTP/2 200 OK"
2025-03-11 12:22:21,371 - httpx - INFO - HTTP Request: POST https://hmdqtnywfebxjugxzlvc.supabase.co/rest/v1/evals_message "HTTP/2 201 Created"
