This is pdfTeX, Version 3.141592653-2.6-1.40.26 (TeX Live 2024) (preloaded format=pdflatex 2024.12.3)  31 DEC 2024 14:45
entering extended mode
 \write18 enabled.
 file:line:error style messages enabled.
 %&-line parsing enabled.
**"/Users/ashoksaravanan/Coding/ScribeLec/server/output/MA 421/lectures/2024-08
-27-ExSimplex/notes.tex"

(/Users/ashoksaravanan/Coding/ScribeLec/server/output/MA 421/lectures/2024-08-2
7-ExSimplex/notes.tex
LaTeX2e <2023-11-01> patch level 1
L3 programming layer <2024-02-20>
(/usr/local/texlive/2024/texmf-dist/tex/latex/base/article.cls
Document Class: article 2023/05/17 v1.4n Standard LaTeX document class
(/usr/local/texlive/2024/texmf-dist/tex/latex/base/size10.clo
File: size10.clo 2023/05/17 v1.4n Standard LaTeX file (size option)
)
\c@part=\count188
\c@section=\count189
\c@subsection=\count190
\c@subsubsection=\count191
\c@paragraph=\count192
\c@subparagraph=\count193
\c@figure=\count194
\c@table=\count195
\abovecaptionskip=\skip48
\belowcaptionskip=\skip49
\bibindent=\dimen140
)
(/usr/local/texlive/2024/texmf-dist/tex/latex/base/fontenc.sty
Package: fontenc 2021/04/29 v2.0v Standard LaTeX package
)
(/usr/local/texlive/2024/texmf-dist/tex/latex/base/inputenc.sty
Package: inputenc 2021/02/14 v1.3d Input encoding file
\inpenc@prehook=\toks17
\inpenc@posthook=\toks18
)
(/usr/local/texlive/2024/texmf-dist/tex/latex/lm/lmodern.sty
Package: lmodern 2015/05/01 v1.6.1 Latin Modern Fonts
LaTeX Font Info:    Overwriting symbol font `operators' in version `normal'
(Font)                  OT1/cmr/m/n --> OT1/lmr/m/n on input line 22.
LaTeX Font Info:    Overwriting symbol font `letters' in version `normal'
(Font)                  OML/cmm/m/it --> OML/lmm/m/it on input line 23.
LaTeX Font Info:    Overwriting symbol font `symbols' in version `normal'
(Font)                  OMS/cmsy/m/n --> OMS/lmsy/m/n on input line 24.
LaTeX Font Info:    Overwriting symbol font `largesymbols' in version `normal'
(Font)                  OMX/cmex/m/n --> OMX/lmex/m/n on input line 25.
LaTeX Font Info:    Overwriting symbol font `operators' in version `bold'
(Font)                  OT1/cmr/bx/n --> OT1/lmr/bx/n on input line 26.
LaTeX Font Info:    Overwriting symbol font `letters' in version `bold'
(Font)                  OML/cmm/b/it --> OML/lmm/b/it on input line 27.
LaTeX Font Info:    Overwriting symbol font `symbols' in version `bold'
(Font)                  OMS/cmsy/b/n --> OMS/lmsy/b/n on input line 28.
LaTeX Font Info:    Overwriting symbol font `largesymbols' in version `bold'
(Font)                  OMX/cmex/m/n --> OMX/lmex/m/n on input line 29.
LaTeX Font Info:    Overwriting math alphabet `\mathbf' in version `normal'
(Font)                  OT1/cmr/bx/n --> OT1/lmr/bx/n on input line 31.
LaTeX Font Info:    Overwriting math alphabet `\mathsf' in version `normal'
(Font)                  OT1/cmss/m/n --> OT1/lmss/m/n on input line 32.
LaTeX Font Info:    Overwriting math alphabet `\mathit' in version `normal'
(Font)                  OT1/cmr/m/it --> OT1/lmr/m/it on input line 33.
LaTeX Font Info:    Overwriting math alphabet `\mathtt' in version `normal'
(Font)                  OT1/cmtt/m/n --> OT1/lmtt/m/n on input line 34.
LaTeX Font Info:    Overwriting math alphabet `\mathbf' in version `bold'
(Font)                  OT1/cmr/bx/n --> OT1/lmr/bx/n on input line 35.
LaTeX Font Info:    Overwriting math alphabet `\mathsf' in version `bold'
(Font)                  OT1/cmss/bx/n --> OT1/lmss/bx/n on input line 36.
LaTeX Font Info:    Overwriting math alphabet `\mathit' in version `bold'
(Font)                  OT1/cmr/bx/it --> OT1/lmr/bx/it on input line 37.
LaTeX Font Info:    Overwriting math alphabet `\mathtt' in version `bold'
(Font)                  OT1/cmtt/m/n --> OT1/lmtt/m/n on input line 38.
)
(/usr/local/texlive/2024/texmf-dist/tex/latex/base/textcomp.sty
Package: textcomp 2020/02/02 v2.0n Standard LaTeX package
)
(/usr/local/texlive/2024/texmf-dist/tex/latex/lastpage/lastpage.sty
Package: lastpage 2023/10/14 v2.0e lastpage: 2.09 or 2e? (HMM)

(/usr/local/texlive/2024/texmf-dist/tex/latex/lastpage/lastpage2e.sty
Package: lastpage2e 2023/10/14 v2.0e Decide which 2e lastpage version to use (H
MM)

(/usr/local/texlive/2024/texmf-dist/tex/latex/lastpage/lastpagemodern.sty
Package: lastpagemodern 2023-10-14 v2.0e Refers to last page's name (HMM; JPG)
\c@lastpagecount=\count196
) 
)) (/usr/local/texlive/2024/texmf-dist/tex/latex/geometry/geometry.sty
Package: geometry 2020/01/02 v5.9 Page Geometry

(/usr/local/texlive/2024/texmf-dist/tex/latex/graphics/keyval.sty
Package: keyval 2022/05/29 v1.15 key=value parser (DPC)
\KV@toks@=\toks19
)
(/usr/local/texlive/2024/texmf-dist/tex/generic/iftex/ifvtex.sty
Package: ifvtex 2019/10/25 v1.7 ifvtex legacy package. Use iftex instead.

(/usr/local/texlive/2024/texmf-dist/tex/generic/iftex/iftex.sty
Package: iftex 2022/02/03 v1.0f TeX engine tests
))
\Gm@cnth=\count197
\Gm@cntv=\count198
\c@Gm@tempcnt=\count199
\Gm@bindingoffset=\dimen141
\Gm@wd@mp=\dimen142
\Gm@odd@mp=\dimen143
\Gm@even@mp=\dimen144
\Gm@layoutwidth=\dimen145
\Gm@layoutheight=\dimen146
\Gm@layouthoffset=\dimen147
\Gm@layoutvoffset=\dimen148
\Gm@dimlist=\toks20
)
(/usr/local/texlive/2024/texmf-dist/tex/latex/hyperref/hyperref.sty
Package: hyperref 2024-01-20 v7.01h Hypertext links for LaTeX

(/usr/local/texlive/2024/texmf-dist/tex/latex/kvsetkeys/kvsetkeys.sty
Package: kvsetkeys 2022-10-05 v1.19 Key value parser (HO)
)
(/usr/local/texlive/2024/texmf-dist/tex/generic/kvdefinekeys/kvdefinekeys.sty
Package: kvdefinekeys 2019-12-19 v1.6 Define keys (HO)
)
(/usr/local/texlive/2024/texmf-dist/tex/generic/pdfescape/pdfescape.sty
Package: pdfescape 2019/12/09 v1.15 Implements pdfTeX's escape features (HO)

(/usr/local/texlive/2024/texmf-dist/tex/generic/ltxcmds/ltxcmds.sty
Package: ltxcmds 2023-12-04 v1.26 LaTeX kernel commands for general use (HO)
)
(/usr/local/texlive/2024/texmf-dist/tex/generic/pdftexcmds/pdftexcmds.sty
Package: pdftexcmds 2020-06-27 v0.33 Utility functions of pdfTeX for LuaTeX (HO
)

(/usr/local/texlive/2024/texmf-dist/tex/generic/infwarerr/infwarerr.sty
Package: infwarerr 2019/12/03 v1.5 Providing info/warning/error messages (HO)
)
Package pdftexcmds Info: \pdf@primitive is available.
Package pdftexcmds Info: \pdf@ifprimitive is available.
Package pdftexcmds Info: \pdfdraftmode found.
))
(/usr/local/texlive/2024/texmf-dist/tex/latex/hycolor/hycolor.sty
Package: hycolor 2020-01-27 v1.10 Color options for hyperref/bookmark (HO)
)
(/usr/local/texlive/2024/texmf-dist/tex/latex/auxhook/auxhook.sty
Package: auxhook 2019-12-17 v1.6 Hooks for auxiliary files (HO)
)
(/usr/local/texlive/2024/texmf-dist/tex/latex/hyperref/nameref.sty
Package: nameref 2023-11-26 v2.56 Cross-referencing by name of section

(/usr/local/texlive/2024/texmf-dist/tex/latex/refcount/refcount.sty
Package: refcount 2019/12/15 v3.6 Data extraction from label references (HO)
)
(/usr/local/texlive/2024/texmf-dist/tex/generic/gettitlestring/gettitlestring.s
ty
Package: gettitlestring 2019/12/15 v1.6 Cleanup title references (HO)
 (/usr/local/texlive/2024/texmf-dist/tex/latex/kvoptions/kvoptions.sty
Package: kvoptions 2022-06-15 v3.15 Key value format for package options (HO)
))
\c@section@level=\count266
)
(/usr/local/texlive/2024/texmf-dist/tex/latex/etoolbox/etoolbox.sty
Package: etoolbox 2020/10/05 v2.5k e-TeX tools for LaTeX (JAW)
\etb@tempcnta=\count267
)
\@linkdim=\dimen149
\Hy@linkcounter=\count268
\Hy@pagecounter=\count269

(/usr/local/texlive/2024/texmf-dist/tex/latex/hyperref/pd1enc.def
File: pd1enc.def 2024-01-20 v7.01h Hyperref: PDFDocEncoding definition (HO)
Now handling font encoding PD1 ...
... no UTF-8 mapping file for font encoding PD1
)
(/usr/local/texlive/2024/texmf-dist/tex/generic/intcalc/intcalc.sty
Package: intcalc 2019/12/15 v1.3 Expandable calculations with integers (HO)
)
\Hy@SavedSpaceFactor=\count270

(/usr/local/texlive/2024/texmf-dist/tex/latex/hyperref/puenc.def
File: puenc.def 2024-01-20 v7.01h Hyperref: PDF Unicode definition (HO)
Now handling font encoding PU ...
... no UTF-8 mapping file for font encoding PU
)
Package hyperref Info: Hyper figures OFF on input line 4179.
Package hyperref Info: Link nesting OFF on input line 4184.
Package hyperref Info: Hyper index ON on input line 4187.
Package hyperref Info: Plain pages OFF on input line 4194.
Package hyperref Info: Backreferencing OFF on input line 4199.
Package hyperref Info: Implicit mode ON; LaTeX internals redefined.
Package hyperref Info: Bookmarks ON on input line 4446.
\c@Hy@tempcnt=\count271

(/usr/local/texlive/2024/texmf-dist/tex/latex/url/url.sty
\Urlmuskip=\muskip16
Package: url 2013/09/16  ver 3.4  Verb mode for urls, etc.
)
LaTeX Info: Redefining \url on input line 4784.
\XeTeXLinkMargin=\dimen150

(/usr/local/texlive/2024/texmf-dist/tex/generic/bitset/bitset.sty
Package: bitset 2019/12/09 v1.3 Handle bit-vector datatype (HO)

(/usr/local/texlive/2024/texmf-dist/tex/generic/bigintcalc/bigintcalc.sty
Package: bigintcalc 2019/12/15 v1.5 Expandable calculations on big integers (HO
)
))
\Fld@menulength=\count272
\Field@Width=\dimen151
\Fld@charsize=\dimen152
Package hyperref Info: Hyper figures OFF on input line 6063.
Package hyperref Info: Link nesting OFF on input line 6068.
Package hyperref Info: Hyper index ON on input line 6071.
Package hyperref Info: backreferencing OFF on input line 6078.
Package hyperref Info: Link coloring OFF on input line 6083.
Package hyperref Info: Link coloring with OCG OFF on input line 6088.
Package hyperref Info: PDF/A mode OFF on input line 6093.

(/usr/local/texlive/2024/texmf-dist/tex/latex/base/atbegshi-ltx.sty
Package: atbegshi-ltx 2021/01/10 v1.0c Emulation of the original atbegshi
package with kernel methods
)
\Hy@abspage=\count273
\c@Item=\count274
\c@Hfootnote=\count275
)
Package hyperref Info: Driver (autodetected): hpdftex.

(/usr/local/texlive/2024/texmf-dist/tex/latex/hyperref/hpdftex.def
File: hpdftex.def 2024-01-20 v7.01h Hyperref driver for pdfTeX

(/usr/local/texlive/2024/texmf-dist/tex/latex/base/atveryend-ltx.sty
Package: atveryend-ltx 2020/08/19 v1.0a Emulation of the original atveryend pac
kage
with kernel methods
)
\Fld@listcount=\count276
\c@bookmark@seq@number=\count277

(/usr/local/texlive/2024/texmf-dist/tex/latex/rerunfilecheck/rerunfilecheck.sty
Package: rerunfilecheck 2022-07-10 v1.10 Rerun checks for auxiliary files (HO)

(/usr/local/texlive/2024/texmf-dist/tex/generic/uniquecounter/uniquecounter.sty
Package: uniquecounter 2019/12/15 v1.4 Provide unlimited unique counter (HO)
)
Package uniquecounter Info: New unique counter `rerunfilecheck' on input line 2
85.
)
\Hy@SectionHShift=\skip50
) (/usr/local/texlive/2024/texmf-dist/tex/latex/enumitem/enumitem.sty
Package: enumitem 2019/06/20 v3.9 Customized lists
\labelindent=\skip51
\enit@outerparindent=\dimen153
\enit@toks=\toks21
\enit@inbox=\box51
\enit@count@id=\count278
\enitdp@description=\count279
)
(/usr/local/texlive/2024/texmf-dist/tex/latex/fancyhdr/fancyhdr.sty
Package: fancyhdr 2022/11/09 v4.1 Extensive control of page headers and footers

\f@nch@headwidth=\skip52
\f@nch@O@elh=\skip53
\f@nch@O@erh=\skip54
\f@nch@O@olh=\skip55
\f@nch@O@orh=\skip56
\f@nch@O@elf=\skip57
\f@nch@O@erf=\skip58
\f@nch@O@olf=\skip59
\f@nch@O@orf=\skip60
)
(/usr/local/texlive/2024/texmf-dist/tex/latex/xcolor/xcolor.sty
Package: xcolor 2023/11/15 v3.01 LaTeX color extensions (UK)

(/usr/local/texlive/2024/texmf-dist/tex/latex/graphics-cfg/color.cfg
File: color.cfg 2016/01/02 v1.6 sample color configuration
)
Package xcolor Info: Driver file: pdftex.def on input line 274.

(/usr/local/texlive/2024/texmf-dist/tex/latex/graphics-def/pdftex.def
File: pdftex.def 2022/09/22 v1.2b Graphics/color driver for pdftex
)
(/usr/local/texlive/2024/texmf-dist/tex/latex/graphics/mathcolor.ltx)
Package xcolor Info: Model `cmy' substituted by `cmy0' on input line 1350.
Package xcolor Info: Model `hsb' substituted by `rgb' on input line 1354.
Package xcolor Info: Model `RGB' extended on input line 1366.
Package xcolor Info: Model `HTML' substituted by `rgb' on input line 1368.
Package xcolor Info: Model `Hsb' substituted by `hsb' on input line 1369.
Package xcolor Info: Model `tHsb' substituted by `hsb' on input line 1370.
Package xcolor Info: Model `HSB' substituted by `hsb' on input line 1371.
Package xcolor Info: Model `Gray' substituted by `gray' on input line 1372.
Package xcolor Info: Model `wave' substituted by `hsb' on input line 1373.
)
(/usr/local/texlive/2024/texmf-dist/tex/latex/breakurl/breakurl.sty
Package: breakurl 2013/04/10 v1.40 Breakable hyperref URLs

(/usr/local/texlive/2024/texmf-dist/tex/latex/xkeyval/xkeyval.sty
Package: xkeyval 2022/06/16 v2.9 package option processing (HA)

(/usr/local/texlive/2024/texmf-dist/tex/generic/xkeyval/xkeyval.tex
(/usr/local/texlive/2024/texmf-dist/tex/generic/xkeyval/xkvutils.tex
\XKV@toks=\toks22
\XKV@tempa@toks=\toks23
)
\XKV@depth=\count280
File: xkeyval.tex 2014/12/03 v2.7a key=value parser (HA)
))
(/usr/local/texlive/2024/texmf-dist/tex/generic/iftex/ifpdf.sty
Package: ifpdf 2019/10/25 v3.4 ifpdf legacy package. Use iftex instead.
)

Package breakurl Warning: You are using breakurl while processing via pdflatex.

(breakurl)                \burl will be just a synonym of \url.
(breakurl)                 on input line 48.

) (/usr/local/texlive/2024/texmf-dist/tex/latex/amsmath/amsmath.sty
Package: amsmath 2023/05/13 v2.17o AMS math features
\@mathmargin=\skip61

For additional information on amsmath, use the `?' option.
(/usr/local/texlive/2024/texmf-dist/tex/latex/amsmath/amstext.sty
Package: amstext 2021/08/26 v2.01 AMS text

(/usr/local/texlive/2024/texmf-dist/tex/latex/amsmath/amsgen.sty
File: amsgen.sty 1999/11/30 v2.0 generic functions
\@emptytoks=\toks24
\ex@=\dimen154
))
(/usr/local/texlive/2024/texmf-dist/tex/latex/amsmath/amsbsy.sty
Package: amsbsy 1999/11/29 v1.2d Bold Symbols
\pmbraise@=\dimen155
)
(/usr/local/texlive/2024/texmf-dist/tex/latex/amsmath/amsopn.sty
Package: amsopn 2022/04/08 v2.04 operator names
)
\inf@bad=\count281
LaTeX Info: Redefining \frac on input line 234.
\uproot@=\count282
\leftroot@=\count283
LaTeX Info: Redefining \overline on input line 399.
LaTeX Info: Redefining \colon on input line 410.
\classnum@=\count284
\DOTSCASE@=\count285
LaTeX Info: Redefining \ldots on input line 496.
LaTeX Info: Redefining \dots on input line 499.
LaTeX Info: Redefining \cdots on input line 620.
\Mathstrutbox@=\box52
\strutbox@=\box53
LaTeX Info: Redefining \big on input line 722.
LaTeX Info: Redefining \Big on input line 723.
LaTeX Info: Redefining \bigg on input line 724.
LaTeX Info: Redefining \Bigg on input line 725.
\big@size=\dimen156
LaTeX Font Info:    Redeclaring font encoding OML on input line 743.
LaTeX Font Info:    Redeclaring font encoding OMS on input line 744.
\macc@depth=\count286
LaTeX Info: Redefining \bmod on input line 905.
LaTeX Info: Redefining \pmod on input line 910.
LaTeX Info: Redefining \smash on input line 940.
LaTeX Info: Redefining \relbar on input line 970.
LaTeX Info: Redefining \Relbar on input line 971.
\c@MaxMatrixCols=\count287
\dotsspace@=\muskip17
\c@parentequation=\count288
\dspbrk@lvl=\count289
\tag@help=\toks25
\row@=\count290
\column@=\count291
\maxfields@=\count292
\andhelp@=\toks26
\eqnshift@=\dimen157
\alignsep@=\dimen158
\tagshift@=\dimen159
\tagwidth@=\dimen160
\totwidth@=\dimen161
\lineht@=\dimen162
\@envbody=\toks27
\multlinegap=\skip62
\multlinetaggap=\skip63
\mathdisplay@stack=\toks28
LaTeX Info: Redefining \[ on input line 2953.
LaTeX Info: Redefining \] on input line 2954.
)
(/usr/local/texlive/2024/texmf-dist/tex/latex/amsfonts/amssymb.sty
Package: amssymb 2013/01/14 v3.01 AMS font symbols

(/usr/local/texlive/2024/texmf-dist/tex/latex/amsfonts/amsfonts.sty
Package: amsfonts 2013/01/14 v3.01 Basic AMSFonts support
\symAMSa=\mathgroup4
\symAMSb=\mathgroup5
LaTeX Font Info:    Redeclaring math symbol \hbar on input line 98.
LaTeX Font Info:    Overwriting math alphabet `\mathfrak' in version `bold'
(Font)                  U/euf/m/n --> U/euf/b/n on input line 106.
))
(/usr/local/texlive/2024/texmf-dist/tex/latex/mathtools/mathtools.sty
Package: mathtools 2024/03/11 v1.30 mathematical typesetting tools

(/usr/local/texlive/2024/texmf-dist/tex/latex/tools/calc.sty
Package: calc 2023/07/08 v4.3 Infix arithmetic (KKT,FJ)
\calc@Acount=\count293
\calc@Bcount=\count294
\calc@Adimen=\dimen163
\calc@Bdimen=\dimen164
\calc@Askip=\skip64
\calc@Bskip=\skip65
LaTeX Info: Redefining \setlength on input line 80.
LaTeX Info: Redefining \addtolength on input line 81.
\calc@Ccount=\count295
\calc@Cskip=\skip66
)
(/usr/local/texlive/2024/texmf-dist/tex/latex/mathtools/mhsetup.sty
Package: mhsetup 2021/03/18 v1.4 programming setup (MH)
)
\g_MT_multlinerow_int=\count296
\l_MT_multwidth_dim=\dimen165
\origjot=\skip67
\l_MT_shortvdotswithinadjustabove_dim=\dimen166
\l_MT_shortvdotswithinadjustbelow_dim=\dimen167
\l_MT_above_intertext_sep=\dimen168
\l_MT_below_intertext_sep=\dimen169
\l_MT_above_shortintertext_sep=\dimen170
\l_MT_below_shortintertext_sep=\dimen171
\xmathstrut@box=\box54
\xmathstrut@dim=\dimen172
)
(/usr/local/texlive/2024/texmf-dist/tex/latex/amscls/amsthm.sty
Package: amsthm 2020/05/29 v2.20.6
\thm@style=\toks29
\thm@bodyfont=\toks30
\thm@headfont=\toks31
\thm@notefont=\toks32
\thm@headpunct=\toks33
\thm@preskip=\skip68
\thm@postskip=\skip69
\thm@headsep=\skip70
\dth@everypar=\toks34
)
(/usr/local/texlive/2024/texmf-dist/tex/latex/thmtools/thmtools.sty
Package: thmtools 2023/05/04 v0.76
\thmt@toks=\toks35
\c@thmt@dummyctr=\count297

(/usr/local/texlive/2024/texmf-dist/tex/latex/thmtools/thm-patch.sty
Package: thm-patch 2023/05/04 v0.76

(/usr/local/texlive/2024/texmf-dist/tex/latex/thmtools/parseargs.sty
Package: parseargs 2023/05/04 v0.76
\@parsespec=\toks36
))
(/usr/local/texlive/2024/texmf-dist/tex/latex/thmtools/thm-kv.sty
Package: thm-kv 2023/05/04 v0.76
Package thm-kv Info: Theorem names will be uppercased on input line 42.
Package thm-kv Info: kvsetkeys patch (v1.16 or later) on input line 158.
)
(/usr/local/texlive/2024/texmf-dist/tex/latex/thmtools/thm-autoref.sty
Package: thm-autoref 2023/05/04 v0.76

(/usr/local/texlive/2024/texmf-dist/tex/latex/thmtools/aliasctr.sty
Package: aliasctr 2023/05/04 v0.76
))
(/usr/local/texlive/2024/texmf-dist/tex/latex/thmtools/thm-listof.sty
Package: thm-listof 2023/05/04 v0.76
)
(/usr/local/texlive/2024/texmf-dist/tex/latex/thmtools/thm-restate.sty
Package: thm-restate 2023/05/04 v0.76
)
(/usr/local/texlive/2024/texmf-dist/tex/latex/thmtools/thm-amsthm.sty
Package: thm-amsthm 2023/05/04 v0.76
\thmt@style@headstyle=\toks37
))
(/usr/local/texlive/2024/texmf-dist/tex/latex/float/float.sty
Package: float 2001/11/08 v1.3d Float enhancements (AL)
\c@float@type=\count298
\float@exts=\toks38
\float@box=\box55
\@float@everytoks=\toks39
\@floatcapt=\box56
)
(/usr/local/texlive/2024/texmf-dist/tex/latex/caption/subcaption.sty
Package: subcaption 2023/07/28 v1.6b Sub-captions (AR)

(/usr/local/texlive/2024/texmf-dist/tex/latex/caption/caption.sty
Package: caption 2023/08/05 v3.6o Customizing captions (AR)

(/usr/local/texlive/2024/texmf-dist/tex/latex/caption/caption3.sty
Package: caption3 2023/07/31 v2.4d caption3 kernel (AR)
\caption@tempdima=\dimen173
\captionmargin=\dimen174
\caption@leftmargin=\dimen175
\caption@rightmargin=\dimen176
\caption@width=\dimen177
\caption@indent=\dimen178
\caption@parindent=\dimen179
\caption@hangindent=\dimen180
Package caption Info: Standard document class detected.
)
\c@caption@flags=\count299
\c@continuedfloat=\count300
Package caption Info: float package is loaded.
Package caption Info: hyperref package is loaded.
)
Package caption Info: New subtype `subfigure' on input line 238.
\c@subfigure=\count301
Package caption Info: New subtype `subtable' on input line 238.
\c@subtable=\count302
)
Package hyperref Info: Option `colorlinks' set `true' on input line 33.
Package hyperref Info: Option `breaklinks' set `true' on input line 33.


Package hyperref Warning: Option `bookmarks' has already been used,
(hyperref)                setting the option has no effect on input line 33.


(/usr/local/texlive/2024/texmf-dist/tex/latex/newunicodechar/newunicodechar.sty
Package: newunicodechar 2018/04/08 v1.2 Defining Unicode characters
)
LaTeX Font Info:    Trying to load font information for T1+lmr on input line 68
.
 (/usr/local/texlive/2024/texmf-dist/tex/latex/lm/t1lmr.fd
File: t1lmr.fd 2015/05/01 v1.6.1 Font defs for Latin Modern
)
(/usr/local/texlive/2024/texmf-dist/tex/latex/l3backend/l3backend-pdftex.def
File: l3backend-pdftex.def 2024-02-20 L3 backend support: PDF output (pdfTeX)
\l__color_backend_stack_int=\count303
\l__pdf_internal_box=\box57
)
(_logs/notes.aux)
\openout1 = `notes.aux'.

LaTeX Font Info:    Checking defaults for OML/cmm/m/it on input line 68.
LaTeX Font Info:    ... okay on input line 68.
LaTeX Font Info:    Checking defaults for OMS/cmsy/m/n on input line 68.
LaTeX Font Info:    ... okay on input line 68.
LaTeX Font Info:    Checking defaults for OT1/cmr/m/n on input line 68.
LaTeX Font Info:    ... okay on input line 68.
LaTeX Font Info:    Checking defaults for T1/cmr/m/n on input line 68.
LaTeX Font Info:    ... okay on input line 68.
LaTeX Font Info:    Checking defaults for TS1/cmr/m/n on input line 68.
LaTeX Font Info:    ... okay on input line 68.
LaTeX Font Info:    Checking defaults for OMX/cmex/m/n on input line 68.
LaTeX Font Info:    ... okay on input line 68.
LaTeX Font Info:    Checking defaults for U/cmr/m/n on input line 68.
LaTeX Font Info:    ... okay on input line 68.
LaTeX Font Info:    Checking defaults for PD1/pdf/m/n on input line 68.
LaTeX Font Info:    ... okay on input line 68.
LaTeX Font Info:    Checking defaults for PU/pdf/m/n on input line 68.
LaTeX Font Info:    ... okay on input line 68.

*geometry* driver: auto-detecting
*geometry* detected driver: pdftex
*geometry* verbose mode - [ preamble ] result:
* driver: pdftex
* paper: <default>
* layout: <same size as paper>
* layoutoffset:(h,v)=(0.0pt,0.0pt)
* modes: 
* h-part:(L,W,R)=(72.26999pt, 469.75502pt, 72.26999pt)
* v-part:(T,H,B)=(72.26999pt, 650.43001pt, 72.26999pt)
* \paperwidth=614.295pt
* \paperheight=794.96999pt
* \textwidth=469.75502pt
* \textheight=650.43001pt
* \oddsidemargin=0.0pt
* \evensidemargin=0.0pt
* \topmargin=-39.0pt
* \headheight=14.0pt
* \headsep=25.0pt
* \topskip=10.0pt
* \footskip=30.0pt
* \marginparwidth=65.0pt
* \marginparsep=11.0pt
* \columnsep=10.0pt
* \skip\footins=9.0pt plus 4.0pt minus 2.0pt
* \hoffset=0.0pt
* \voffset=0.0pt
* \mag=1000
* \@twocolumnfalse
* \@twosidefalse
* \@mparswitchfalse
* \@reversemarginfalse
* (1in=72.27pt=25.4mm, 1cm=28.453pt)

Package hyperref Info: Link coloring ON on input line 68.
(_logs/notes.out) (_logs/notes.out)
\@outlinefile=\write3
\openout3 = `notes.out'.


(/usr/local/texlive/2024/texmf-dist/tex/context/base/mkii/supp-pdf.mkii
[Loading MPS to PDF converter (version 2006.09.02).]
\scratchcounter=\count304
\scratchdimen=\dimen181
\scratchbox=\box58
\nofMPsegments=\count305
\nofMParguments=\count306
\everyMPshowfont=\toks40
\MPscratchCnt=\count307
\MPscratchDim=\dimen182
\MPnumerator=\count308
\makeMPintoPDFobject=\count309
\everyMPtoPDFconversion=\toks41
) (/usr/local/texlive/2024/texmf-dist/tex/latex/graphics/graphicx.sty
Package: graphicx 2021/09/16 v1.2d Enhanced LaTeX Graphics (DPC,SPQR)

(/usr/local/texlive/2024/texmf-dist/tex/latex/graphics/graphics.sty
Package: graphics 2022/03/10 v1.4e Standard LaTeX Graphics (DPC,SPQR)

(/usr/local/texlive/2024/texmf-dist/tex/latex/graphics/trig.sty
Package: trig 2021/08/11 v1.11 sin cos tan (DPC)
)
(/usr/local/texlive/2024/texmf-dist/tex/latex/graphics-cfg/graphics.cfg
File: graphics.cfg 2016/06/04 v1.11 sample graphics configuration
)
Package graphics Info: Driver file: pdftex.def on input line 107.
)
\Gin@req@height=\dimen183
\Gin@req@width=\dimen184
)
Package caption Info: Begin \AtBeginDocument code.
Package caption Info: End \AtBeginDocument code.
LaTeX Font Info:    Trying to load font information for OT1+lmr on input line 7
1.

(/usr/local/texlive/2024/texmf-dist/tex/latex/lm/ot1lmr.fd
File: ot1lmr.fd 2015/05/01 v1.6.1 Font defs for Latin Modern
)
LaTeX Font Info:    Trying to load font information for OML+lmm on input line 7
1.

(/usr/local/texlive/2024/texmf-dist/tex/latex/lm/omllmm.fd
File: omllmm.fd 2015/05/01 v1.6.1 Font defs for Latin Modern
)
LaTeX Font Info:    Trying to load font information for OMS+lmsy on input line 
71.

(/usr/local/texlive/2024/texmf-dist/tex/latex/lm/omslmsy.fd
File: omslmsy.fd 2015/05/01 v1.6.1 Font defs for Latin Modern
)
LaTeX Font Info:    Trying to load font information for OMX+lmex on input line 
71.

(/usr/local/texlive/2024/texmf-dist/tex/latex/lm/omxlmex.fd
File: omxlmex.fd 2015/05/01 v1.6.1 Font defs for Latin Modern
)
LaTeX Font Info:    External font `lmex10' loaded for size
(Font)              <12> on input line 71.
LaTeX Font Info:    External font `lmex10' loaded for size
(Font)              <8> on input line 71.
LaTeX Font Info:    External font `lmex10' loaded for size
(Font)              <6> on input line 71.
LaTeX Font Info:    Trying to load font information for U+msa on input line 71.


(/usr/local/texlive/2024/texmf-dist/tex/latex/amsfonts/umsa.fd
File: umsa.fd 2013/01/14 v3.01 AMS symbols A
)
LaTeX Font Info:    Trying to load font information for U+msb on input line 71.


(/usr/local/texlive/2024/texmf-dist/tex/latex/amsfonts/umsb.fd
File: umsb.fd 2013/01/14 v3.01 AMS symbols B
)
LaTeX Font Info:    External font `lmex10' loaded for size
(Font)              <10> on input line 76.
LaTeX Font Info:    External font `lmex10' loaded for size
(Font)              <7> on input line 76.
LaTeX Font Info:    External font `lmex10' loaded for size
(Font)              <5> on input line 76.

/Users/ashoksaravanan/Coding/ScribeLec/server/output/MA 421/lectures/2024-08-27
-ExSimplex/notes.tex:76: Missing $ inserted.
<inserted text> 
                $
l.76 \underline{\text{max }} \quad \zeta
                                         = 3x_1 + 2x_2 \\
I've inserted a begin-math/end-math symbol since I think
you left one out. Proceed, with fingers crossed.

/Users/ashoksaravanan/Coding/ScribeLec/server/output/MA 421/lectures/2024-08-27
-ExSimplex/notes.tex:87: Missing $ inserted.
<inserted text> 
                $
l.87 \subsection
                {Description}%
I've inserted a begin-math/end-math symbol since I think
you left one out. Proceed, with fingers crossed.

</Users/ashoksaravanan/Coding/ScribeLec/server/output/MA 421/lectures/2024-08-2
7-ExSimplex/figures/1.1.png, id=695, 572.1375pt x 772.8875pt>
File: /Users/ashoksaravanan/Coding/ScribeLec/server/output/MA 421/lectures/2024
-08-27-ExSimplex/figures/1.1.png Graphic file (type png)
<use /Users/ashoksaravanan/Coding/ScribeLec/server/output/MA 421/lectures/2024-
08-27-ExSimplex/figures/1.1.png>
Package pdftex.def Info: /Users/ashoksaravanan/Coding/ScribeLec/server/output/M
A 421/lectures/2024-08-27-ExSimplex/figures/1.1.png  used on input line 94.
(pdftex.def)             Requested size: 70.46037pt x 95.1837pt.

Underfull \hbox (badness 10000) in paragraph at lines 95--95
[]\T1/lmr/bx/n/8 (a) |\T1/lmr/m/n/8 Hand-writ-ten
 []


Underfull \hbox (badness 6808) in paragraph at lines 95--95
\T1/lmr/m/n/8 notes show-ing a
 []


Underfull \hbox (badness 10000) in paragraph at lines 95--95
\T1/lmr/m/n/8 lin-ear pro-gram-
 []


Underfull \hbox (badness 3271) in paragraph at lines 95--95
\T1/lmr/m/n/8 ming prob-lem in
 []


Underfull \hbox (badness 2435) in paragraph at lines 95--95
\T1/lmr/m/n/8 ob-jec-tive func-tion
 []


Underfull \hbox (badness 10000) in paragraph at lines 95--95
\T1/lmr/m/n/8 is to max-i-mize
 []


Underfull \hbox (badness 1331) in paragraph at lines 95--95
\OML/lmm/m/it/8  \OT1/lmr/m/n/8 = 3\OML/lmm/m/it/8 x[] \OT1/lmr/m/n/8 + 2\OML/
lmm/m/it/8 x[]$\T1/lmr/m/n/8 ,
 []


Underfull \hbox (badness 7308) in paragraph at lines 95--95
\T1/lmr/m/n/8 sub-ject to three
 []


Underfull \hbox (badness 10000) in paragraph at lines 95--95
\T1/lmr/m/n/8 in-equal-ity con-
 []


Underfull \hbox (badness 10000) in paragraph at lines 95--95
\T1/lmr/m/n/8 straints and
 []


Underfull \hbox (badness 10000) in paragraph at lines 95--95
\T1/lmr/m/n/8 non-negativity
 []


Underfull \hbox (badness 4060) in paragraph at lines 95--95
\T1/lmr/m/n/8 vari-ables $\OML/lmm/m/it/8 x[]$ \T1/lmr/m/n/8 and
 []


Underfull \hbox (badness 1694) in paragraph at lines 95--95
\OML/lmm/m/it/8 w[]$\T1/lmr/m/n/8 , $\OML/lmm/m/it/8 w[]$\T1/lmr/m/n/8 , and $\
OML/lmm/m/it/8 w[]$
 []


Underfull \hbox (badness 10000) in paragraph at lines 95--95
\T1/lmr/m/n/8 are in-tro-duced
 []


Underfull \hbox (badness 10000) in paragraph at lines 95--95
\T1/lmr/m/n/8 to con-vert the
 []


Underfull \hbox (badness 10000) in paragraph at lines 95--95
\T1/lmr/m/n/8 in-equal-i-ties into
 []


Underfull \hbox (badness 4328) in paragraph at lines 95--95
\T1/lmr/m/n/8 equal-i-ties. The
 []


Underfull \hbox (badness 10000) in paragraph at lines 95--95
\T1/lmr/m/n/8 re-sult-ing sys-tem
 []


Underfull \hbox (badness 10000) in paragraph at lines 95--95
\T1/lmr/m/n/8 of equa-tions is
 []

[1

{/usr/local/texlive/2024/texmf-var/fonts/map/pdftex/updmap/pdftex.map}{/usr/loc
al/texlive/2024/texmf-dist/fonts/enc/dvips/lm/lm-ec.enc}{/usr/local/texlive/202
4/texmf-dist/fonts/enc/dvips/lm/lm-mathit.enc}{/usr/local/texlive/2024/texmf-di
st/fonts/enc/dvips/lm/lm-rm.enc}{/usr/local/texlive/2024/texmf-dist/fonts/enc/d
vips/lm/lm-mathsy.enc}] [2 </Users/ashoksaravanan/Coding/ScribeLec/server/outpu
t/MA 421/lectures/2024-08-27-ExSimplex/figures/1.1.png (PNG copy)>]
</Users/ashoksaravanan/Coding/ScribeLec/server/output/MA 421/lectures/2024-08-2
7-ExSimplex/figures/2.1.png, id=719, 371.3875pt x 371.3875pt>
File: /Users/ashoksaravanan/Coding/ScribeLec/server/output/MA 421/lectures/2024
-08-27-ExSimplex/figures/2.1.png Graphic file (type png)
<use /Users/ashoksaravanan/Coding/ScribeLec/server/output/MA 421/lectures/2024-
08-27-ExSimplex/figures/2.1.png>
Package pdftex.def Info: /Users/ashoksaravanan/Coding/ScribeLec/server/output/M
A 421/lectures/2024-08-27-ExSimplex/figures/2.1.png  used on input line 114.
(pdftex.def)             Requested size: 70.46037pt x 70.45668pt.

Underfull \hbox (badness 2573) in paragraph at lines 115--115
\T1/lmr/m/n/8 ing a line $\OML/lmm/m/it/8 ax \OT1/lmr/m/n/8 +
 []

[3 </Users/ashoksaravanan/Coding/ScribeLec/server/output/MA 421/lectures/2024-0
8-27-ExSimplex/figures/2.1.png (PNG copy)>]
</Users/ashoksaravanan/Coding/ScribeLec/server/output/MA 421/lectures/2024-08-2
7-ExSimplex/figures/3.1.png, id=725, 371.3875pt x 371.3875pt>
File: /Users/ashoksaravanan/Coding/ScribeLec/server/output/MA 421/lectures/2024
-08-27-ExSimplex/figures/3.1.png Graphic file (type png)
<use /Users/ashoksaravanan/Coding/ScribeLec/server/output/MA 421/lectures/2024-
08-27-ExSimplex/figures/3.1.png>
Package pdftex.def Info: /Users/ashoksaravanan/Coding/ScribeLec/server/output/M
A 421/lectures/2024-08-27-ExSimplex/figures/3.1.png  used on input line 136.
(pdftex.def)             Requested size: 70.46037pt x 70.45668pt.

Underfull \hbox (badness 2573) in paragraph at lines 137--137
\T1/lmr/m/n/8 ing a line $\OML/lmm/m/it/8 ax \OT1/lmr/m/n/8 +
 []

[4 </Users/ashoksaravanan/Coding/ScribeLec/server/output/MA 421/lectures/2024-0
8-27-ExSimplex/figures/3.1.png (PNG copy)>]
</Users/ashoksaravanan/Coding/ScribeLec/server/output/MA 421/lectures/2024-08-2
7-ExSimplex/figures/4.1.png, id=731, 572.1375pt x 772.8875pt>
File: /Users/ashoksaravanan/Coding/ScribeLec/server/output/MA 421/lectures/2024
-08-27-ExSimplex/figures/4.1.png Graphic file (type png)
<use /Users/ashoksaravanan/Coding/ScribeLec/server/output/MA 421/lectures/2024-
08-27-ExSimplex/figures/4.1.png>
Package pdftex.def Info: /Users/ashoksaravanan/Coding/ScribeLec/server/output/M
A 421/lectures/2024-08-27-ExSimplex/figures/4.1.png  used on input line 155.
(pdftex.def)             Requested size: 70.46037pt x 95.1837pt.

Underfull \hbox (badness 10000) in paragraph at lines 156--156
\T1/lmr/m/n/8 ing the fea-si-ble
 []


Underfull \hbox (badness 10000) in paragraph at lines 156--156
\T1/lmr/m/n/8 pro-gram-ming
 []


Underfull \hbox (badness 10000) in paragraph at lines 156--156
\T1/lmr/m/n/8 prob-lem. The
 []


Underfull \hbox (badness 10000) in paragraph at lines 156--156
\T1/lmr/m/n/8 by the lines
 []


Underfull \hbox (badness 3417) in paragraph at lines 156--156
\T1/lmr/m/n/8 fea-si-ble re-gion is
 []


Underfull \hbox (badness 10000) in paragraph at lines 156--156
\T1/lmr/m/n/8 Ar-rows in-di-cate
 []

[5 </Users/ashoksaravanan/Coding/ScribeLec/server/output/MA 421/lectures/2024-0
8-27-ExSimplex/figures/4.1.png (PNG copy)>]
</Users/ashoksaravanan/Coding/ScribeLec/server/output/MA 421/lectures/2024-08-2
7-ExSimplex/figures/5.1.png, id=739, 572.1375pt x 772.8875pt>
File: /Users/ashoksaravanan/Coding/ScribeLec/server/output/MA 421/lectures/2024
-08-27-ExSimplex/figures/5.1.png Graphic file (type png)
<use /Users/ashoksaravanan/Coding/ScribeLec/server/output/MA 421/lectures/2024-
08-27-ExSimplex/figures/5.1.png>
Package pdftex.def Info: /Users/ashoksaravanan/Coding/ScribeLec/server/output/M
A 421/lectures/2024-08-27-ExSimplex/figures/5.1.png  used on input line 174.
(pdftex.def)             Requested size: 70.46037pt x 95.1837pt.

Underfull \hbox (badness 10000) in paragraph at lines 175--175
\T1/lmr/m/n/8 ing the fea-si-ble
 []


Underfull \hbox (badness 10000) in paragraph at lines 175--175
\T1/lmr/m/n/8 pro-gram-ming
 []


Underfull \hbox (badness 10000) in paragraph at lines 175--175
\T1/lmr/m/n/8 prob-lem. The
 []


Underfull \hbox (badness 10000) in paragraph at lines 175--175
\T1/lmr/m/n/8 by the lines
 []


Underfull \hbox (badness 3417) in paragraph at lines 175--175
\T1/lmr/m/n/8 fea-si-ble re-gion is
 []


Underfull \hbox (badness 10000) in paragraph at lines 175--175
\T1/lmr/m/n/8 The ver-tices of
 []


Underfull \hbox (badness 10000) in paragraph at lines 175--175
\T1/lmr/m/n/8 are la-beled A,
 []


Underfull \hbox (badness 10000) in paragraph at lines 175--175
\T1/lmr/m/n/8 The co-or-di-nates
 []


Underfull \hbox (badness 4927) in paragraph at lines 175--175
\T1/lmr/m/n/8 given as fol-lows:
 []


Underfull \hbox (badness 10000) in paragraph at lines 175--175
\T1/lmr/m/n/8 O($\OML/lmm/m/it/8 x[]$\T1/lmr/m/n/8 =0, $\OML/lmm/m/it/8 x[]$\T1
/lmr/m/n/8 =0),
 []


Underfull \hbox (badness 10000) in paragraph at lines 175--175
\T1/lmr/m/n/8 A($\OML/lmm/m/it/8 x[]$\T1/lmr/m/n/8 =0, $\OML/lmm/m/it/8 w[]$\T1
/lmr/m/n/8 =0),
 []


Underfull \hbox (badness 10000) in paragraph at lines 175--175
\T1/lmr/m/n/8 B($\OML/lmm/m/it/8 w[]$\T1/lmr/m/n/8 =0, $\OML/lmm/m/it/8 w[]$\T1
/lmr/m/n/8 =0),
 []


Underfull \hbox (badness 10000) in paragraph at lines 175--175
\T1/lmr/m/n/8 C($\OML/lmm/m/it/8 w[]$\T1/lmr/m/n/8 =0, $\OML/lmm/m/it/8 w[]$\T1
/lmr/m/n/8 =0),
 []


Underfull \hbox (badness 10000) in paragraph at lines 175--175
\T1/lmr/m/n/8 D($\OML/lmm/m/it/8 x[]$\T1/lmr/m/n/8 =0, $\OML/lmm/m/it/8 w[]$\T1
/lmr/m/n/8 =0).
 []


Underfull \hbox (badness 3088) in paragraph at lines 175--175
\T1/lmr/m/n/8 as "not fea-si-ble".
 []


Underfull \hbox (badness 10000) in paragraph at lines 175--175
\T1/lmr/m/n/8 Ar-rows in-di-cate
 []


Underfull \hbox (badness 6461) in paragraph at lines 175--175
\T1/lmr/m/n/8 axes are la-beled
 []


Underfull \hbox (badness 5696) in paragraph at lines 175--175
\T1/lmr/m/n/8 equa-tions of the
 []


Underfull \hbox (badness 4328) in paragraph at lines 175--175
\T1/lmr/m/n/8 lines are writ-ten
 []


Underfull \hbox (badness 1199) in paragraph at lines 175--175
\T1/lmr/m/n/8 next to the lines
 []


Underfull \hbox (badness 10000) in paragraph at lines 175--175
\T1/lmr/m/n/8 them-selves, and
 []


Underfull \hbox (badness 2334) in paragraph at lines 175--175
\T1/lmr/m/n/8 the cor-re-spond-ing
 []


Underfull \hbox (badness 10000) in paragraph at lines 175--175
\T1/lmr/m/n/8 slack vari-able
 []


Underfull \hbox (badness 1281) in paragraph at lines 175--175
\T1/lmr/m/n/8 ($\OML/lmm/m/it/8 w[] \OT1/lmr/m/n/8 = 0$\T1/lmr/m/n/8 ) is in-
 []


Underfull \hbox (badness 6542) in paragraph at lines 175--175
\T1/lmr/m/n/8 di-cated for each
 []

[6] [7 </Users/ashoksaravanan/Coding/ScribeLec/server/output/MA 421/lectures/20
24-08-27-ExSimplex/figures/5.1.png (PNG copy)>]
/Users/ashoksaravanan/Coding/ScribeLec/server/output/MA 421/lectures/2024-08-27
-ExSimplex/notes.tex:185: Missing $ inserted.
<inserted text> 
                $
l.185 (0) \quad \text{max } \zeta
                                  = 3x_1 + 2x_2 \\
I've inserted a begin-math/end-math symbol since I think
you left one out. Proceed, with fingers crossed.

/Users/ashoksaravanan/Coding/ScribeLec/server/output/MA 421/lectures/2024-08-27
-ExSimplex/notes.tex:199: Missing $ inserted.
<inserted text> 
                $
l.199 \subsection
                 {Description}%
I've inserted a begin-math/end-math symbol since I think
you left one out. Proceed, with fingers crossed.

</Users/ashoksaravanan/Coding/ScribeLec/server/output/MA 421/lectures/2024-08-2
7-ExSimplex/figures/6.1.png, id=751, 572.1375pt x 772.8875pt>
File: /Users/ashoksaravanan/Coding/ScribeLec/server/output/MA 421/lectures/2024
-08-27-ExSimplex/figures/6.1.png Graphic file (type png)
<use /Users/ashoksaravanan/Coding/ScribeLec/server/output/MA 421/lectures/2024-
08-27-ExSimplex/figures/6.1.png>
Package pdftex.def Info: /Users/ashoksaravanan/Coding/ScribeLec/server/output/M
A 421/lectures/2024-08-27-ExSimplex/figures/6.1.png  used on input line 206.
(pdftex.def)             Requested size: 70.46037pt x 95.1837pt.

Underfull \hbox (badness 10000) in paragraph at lines 207--207
[]\T1/lmr/bx/n/8 (a) |\T1/lmr/m/n/8 Hand-writ-ten
 []


Underfull \hbox (badness 10000) in paragraph at lines 207--207
\T1/lmr/m/n/8 notes de-scrib-ing
 []


Underfull \hbox (badness 10000) in paragraph at lines 207--207
\T1/lmr/m/n/8 sim-plex method.
 []


Underfull \hbox (badness 10000) in paragraph at lines 207--207
\T1/lmr/m/n/8 The prob-lem
 []


Underfull \hbox (badness 10000) in paragraph at lines 207--207
\T1/lmr/m/n/8 is to max-i-mize
 []


Underfull \hbox (badness 2027) in paragraph at lines 207--207
\OML/lmm/m/it/8  \OT1/lmr/m/n/8 = 3\OML/lmm/m/it/8 x[] \OT1/lmr/m/n/8 + 2\OML/
lmm/m/it/8 x[]$
 []


Underfull \hbox (badness 7308) in paragraph at lines 207--207
\T1/lmr/m/n/8 sub-ject to three
 []


Underfull \hbox (badness 1014) in paragraph at lines 207--207
\T1/lmr/m/n/8 con-straints. The
 []


Underfull \hbox (badness 10000) in paragraph at lines 207--207
\T1/lmr/m/n/8 con-straints are
 []


Underfull \hbox (badness 2512) in paragraph at lines 207--207
\T1/lmr/m/n/8 where slack vari-
 []


Underfull \hbox (badness 10000) in paragraph at lines 207--207
\T1/lmr/m/n/8 ables $\OML/lmm/m/it/8 w[]; w[]; w[]$
 []


Underfull \hbox (badness 10000) in paragraph at lines 207--207
\T1/lmr/m/n/8 are ex-plic-itly
 []


Underfull \hbox (badness 2229) in paragraph at lines 207--207
\T1/lmr/m/n/8 clas-si-fied as non-
 []


Underfull \hbox (badness 10000) in paragraph at lines 207--207
\T1/lmr/m/n/8 basic vari-ables,
 []


Underfull \hbox (badness 10000) in paragraph at lines 207--207
\T1/lmr/m/n/8 while $\OML/lmm/m/it/8 w[]; w[]; w[]$
 []


Underfull \hbox (badness 3240) in paragraph at lines 207--207
\T1/lmr/m/n/8 The idea of the
 []


Underfull \hbox (badness 3536) in paragraph at lines 207--207
\T1/lmr/m/n/8 ex-plained in two
 []


Underfull \hbox (badness 7047) in paragraph at lines 207--207
\T1/lmr/m/n/8 to zero to find
 []


Underfull \hbox (badness 5475) in paragraph at lines 207--207
\T1/lmr/m/n/8 a ver-tex of the
 []


Underfull \hbox (badness 2547) in paragraph at lines 207--207
\T1/lmr/m/n/8 set of ba-sic and
 []


Underfull \hbox (badness 10000) in paragraph at lines 207--207
\T1/lmr/m/n/8 to im-prove the
 []


Underfull \hbox (badness 10000) in paragraph at lines 207--207
\T1/lmr/m/n/8 The equiv-a-lence
 []


Underfull \hbox (badness 10000) in paragraph at lines 207--207
\T1/lmr/m/n/8 be-tween these
 []


Underfull \hbox (badness 10000) in paragraph at lines 207--207
\T1/lmr/m/n/8 from ver-tex to
 []


Underfull \hbox (badness 10000) in paragraph at lines 207--207
\T1/lmr/m/n/8 ver-tex in the
 []


Underfull \hbox (badness 3417) in paragraph at lines 207--207
\T1/lmr/m/n/8 fea-si-ble re-gion is
 []

[8{/usr/local/texlive/2024/texmf-dist/fonts/enc/dvips/lm/lm-mathex.enc}]
[9 </Users/ashoksaravanan/Coding/ScribeLec/server/output/MA 421/lectures/2024-0
8-27-ExSimplex/figures/6.1.png (PNG copy)>]
/Users/ashoksaravanan/Coding/ScribeLec/server/output/MA 421/lectures/2024-08-27
-ExSimplex/notes.tex:217: Undefined control sequence.
l.217 \circled
              {1} \quad \underline{\text{Initial Step/Guess}} \\
The control sequence at the end of the top line
of your error message was never \def'ed. If you have
misspelled it (e.g., `\hobx'), type `I' and the correct
spelling (e.g., `I\hbox'). Otherwise just continue,
and I'll forget about whatever was undefined.

/Users/ashoksaravanan/Coding/ScribeLec/server/output/MA 421/lectures/2024-08-27
-ExSimplex/notes.tex:218: Missing $ inserted.
<inserted text> 
                $
l.218 \text{max } \zeta
                        = 3x_1 + 2x_2 \\
I've inserted a begin-math/end-math symbol since I think
you left one out. Proceed, with fingers crossed.

/Users/ashoksaravanan/Coding/ScribeLec/server/output/MA 421/lectures/2024-08-27
-ExSimplex/notes.tex:227: Missing $ inserted.
<inserted text> 
                $
l.227 \subsection
                 {Description}%
I've inserted a begin-math/end-math symbol since I think
you left one out. Proceed, with fingers crossed.

</Users/ashoksaravanan/Coding/ScribeLec/server/output/MA 421/lectures/2024-08-2
7-ExSimplex/figures/7.1.png, id=763, 572.1375pt x 772.8875pt>
File: /Users/ashoksaravanan/Coding/ScribeLec/server/output/MA 421/lectures/2024
-08-27-ExSimplex/figures/7.1.png Graphic file (type png)
<use /Users/ashoksaravanan/Coding/ScribeLec/server/output/MA 421/lectures/2024-
08-27-ExSimplex/figures/7.1.png>
Package pdftex.def Info: /Users/ashoksaravanan/Coding/ScribeLec/server/output/M
A 421/lectures/2024-08-27-ExSimplex/figures/7.1.png  used on input line 234.
(pdftex.def)             Requested size: 70.46037pt x 95.1837pt.

Underfull \hbox (badness 10000) in paragraph at lines 235--235
[]\T1/lmr/bx/n/8 (a) |\T1/lmr/m/n/8 Hand-writ-ten
 []


Underfull \hbox (badness 10000) in paragraph at lines 235--235
\T1/lmr/m/n/8 notes de-scrib-ing
 []


Underfull \hbox (badness 10000) in paragraph at lines 235--235
\T1/lmr/m/n/8 the ini-tial step
 []


Underfull \hbox (badness 10000) in paragraph at lines 235--235
\T1/lmr/m/n/8 of the sim-plex
 []


Underfull \hbox (badness 10000) in paragraph at lines 235--235
\T1/lmr/m/n/8 method. The
 []


Underfull \hbox (badness 7308) in paragraph at lines 235--235
\T1/lmr/m/n/8 sub-ject to three
 []


Underfull \hbox (badness 1014) in paragraph at lines 235--235
\T1/lmr/m/n/8 con-straints. The
 []


Underfull \hbox (badness 10000) in paragraph at lines 235--235
\T1/lmr/m/n/8 con-straints are
 []


Underfull \hbox (badness 2512) in paragraph at lines 235--235
\T1/lmr/m/n/8 where slack vari-
 []


Underfull \hbox (badness 10000) in paragraph at lines 235--235
\T1/lmr/m/n/8 ables $\OML/lmm/m/it/8 w[]; w[]; w[]$
 []


Underfull \hbox (badness 10000) in paragraph at lines 235--235
\T1/lmr/m/n/8 are ex-plic-itly
 []


Underfull \hbox (badness 10000) in paragraph at lines 235--235
\T1/lmr/m/n/8 de-fined. The
 []


Underfull \hbox (badness 10000) in paragraph at lines 235--235
\T1/lmr/m/n/8 are non-negative,
 []


Underfull \hbox (badness 3000) in paragraph at lines 235--235
\T1/lmr/m/n/8 as are the slack
 []


Underfull \hbox (badness 6708) in paragraph at lines 235--235
\T1/lmr/m/n/8 vari-ables. The
 []


Underfull \hbox (badness 10000) in paragraph at lines 235--235
\T1/lmr/m/n/8 ini-tial step in-
 []


Underfull \hbox (badness 2717) in paragraph at lines 235--235
\T1/lmr/m/n/8 volves set-ting $\OML/lmm/m/it/8 x[]$
 []


Underfull \hbox (badness 3780) in paragraph at lines 235--235
\T1/lmr/m/n/8 and $\OML/lmm/m/it/8 x[]$ \T1/lmr/m/n/8 to zero,
 []


Underfull \hbox (badness 10000) in paragraph at lines 235--235
\T1/lmr/m/n/8 The un-der-lined
 []


Underfull \hbox (badness 10000) in paragraph at lines 235--235
\T1/lmr/m/n/8 text high-lights
 []


Underfull \hbox (badness 7221) in paragraph at lines 235--235
\T1/lmr/m/n/8 the ini-tial guess
 []


Underfull \hbox (badness 1590) in paragraph at lines 235--235
\T1/lmr/m/n/8 and the re-sult-ing
 []


Underfull \hbox (badness 2435) in paragraph at lines 235--235
\T1/lmr/m/n/8 ob-jec-tive func-tion
 []

[10] [11 </Users/ashoksaravanan/Coding/ScribeLec/server/output/MA 421/lectures/
2024-08-27-ExSimplex/figures/7.1.png (PNG copy)>]
/Users/ashoksaravanan/Coding/ScribeLec/server/output/MA 421/lectures/2024-08-27
-ExSimplex/notes.tex:245: Undefined control sequence.
l.245 \circled
              {1} \quad \text{Improve } (O) \ (x_1 = 0, x_2 = 0) \\
The control sequence at the end of the top line
of your error message was never \def'ed. If you have
misspelled it (e.g., `\hobx'), type `I' and the correct
spelling (e.g., `I\hbox'). Otherwise just continue,
and I'll forget about whatever was undefined.

/Users/ashoksaravanan/Coding/ScribeLec/server/output/MA 421/lectures/2024-08-27
-ExSimplex/notes.tex:245: Missing $ inserted.
<inserted text> 
                $
l.245 \circled{1} \quad \text{Improve } (O) \ (x_
                                                 1 = 0, x_2 = 0) \\
I've inserted a begin-math/end-math symbol since I think
you left one out. Proceed, with fingers crossed.

/Users/ashoksaravanan/Coding/ScribeLec/server/output/MA 421/lectures/2024-08-27
-ExSimplex/notes.tex:260: Missing $ inserted.
<inserted text> 
                $
l.260 \subsection
                 {Description}%
I've inserted a begin-math/end-math symbol since I think
you left one out. Proceed, with fingers crossed.

</Users/ashoksaravanan/Coding/ScribeLec/server/output/MA 421/lectures/2024-08-2
7-ExSimplex/figures/8.1.png, id=773, 572.1375pt x 772.8875pt>
File: /Users/ashoksaravanan/Coding/ScribeLec/server/output/MA 421/lectures/2024
-08-27-ExSimplex/figures/8.1.png Graphic file (type png)
<use /Users/ashoksaravanan/Coding/ScribeLec/server/output/MA 421/lectures/2024-
08-27-ExSimplex/figures/8.1.png>
Package pdftex.def Info: /Users/ashoksaravanan/Coding/ScribeLec/server/output/M
A 421/lectures/2024-08-27-ExSimplex/figures/8.1.png  used on input line 267.
(pdftex.def)             Requested size: 70.46037pt x 95.1837pt.

Underfull \hbox (badness 10000) in paragraph at lines 268--268
[]\T1/lmr/bx/n/8 (a) |\T1/lmr/m/n/8 Hand-writ-ten
 []


Underfull \hbox (badness 10000) in paragraph at lines 268--268
\T1/lmr/m/n/8 notes de-scrib-ing
 []


Underfull \hbox (badness 1286) in paragraph at lines 268--268
\T1/lmr/m/n/8 the first it-er-a-tion
 []


Underfull \hbox (badness 10000) in paragraph at lines 268--268
\T1/lmr/m/n/8 of the sim-plex
 []


Underfull \hbox (badness 10000) in paragraph at lines 268--268
\T1/lmr/m/n/8 method. The
 []


Underfull \hbox (badness 7308) in paragraph at lines 268--268
\T1/lmr/m/n/8 sub-ject to three
 []


Underfull \hbox (badness 1014) in paragraph at lines 268--268
\T1/lmr/m/n/8 con-straints. The
 []


Underfull \hbox (badness 10000) in paragraph at lines 268--268
\T1/lmr/m/n/8 con-straints are
 []


Underfull \hbox (badness 2512) in paragraph at lines 268--268
\T1/lmr/m/n/8 where slack vari-
 []


Underfull \hbox (badness 10000) in paragraph at lines 268--268
\T1/lmr/m/n/8 ables $\OML/lmm/m/it/8 w[]; w[]; w[]$
 []


Underfull \hbox (badness 10000) in paragraph at lines 268--268
\T1/lmr/m/n/8 are ex-plic-itly
 []


Underfull \hbox (badness 10000) in paragraph at lines 268--268
\T1/lmr/m/n/8 de-fined. The
 []


Underfull \hbox (badness 10000) in paragraph at lines 268--268
\T1/lmr/m/n/8 are non-negative,
 []


Underfull \hbox (badness 3000) in paragraph at lines 268--268
\T1/lmr/m/n/8 as are the slack
 []


Underfull \hbox (badness 2478) in paragraph at lines 268--268
\T1/lmr/m/n/8 tial step in-volves
 []


Underfull \hbox (badness 1348) in paragraph at lines 268--268
\T1/lmr/m/n/8 to zero, re-sult-ing
 []


Underfull \hbox (badness 10000) in paragraph at lines 268--268
\T1/lmr/m/n/8 un-der-lined text
 []


Underfull \hbox (badness 10000) in paragraph at lines 268--268
\T1/lmr/m/n/8 func-tion value.
 []


Underfull \hbox (badness 10000) in paragraph at lines 268--268
\T1/lmr/m/n/8 The notes then
 []


Underfull \hbox (badness 10000) in paragraph at lines 268--268
\T1/lmr/m/n/8 de-scribe how to
 []


Underfull \hbox (badness 2809) in paragraph at lines 268--268
\OML/lmm/m/it/8 x[]$ \T1/lmr/m/n/8 while keep-ing
 []


Underfull \hbox (badness 2875) in paragraph at lines 268--268
\OML/lmm/m/it/8 x[] \OT1/lmr/m/n/8 = 0$\T1/lmr/m/n/8 , based
 []


Underfull \hbox (badness 1622) in paragraph at lines 268--268
\T1/lmr/m/n/8 on the max-i-mum
 []


Underfull \hbox (badness 10000) in paragraph at lines 268--268
\T1/lmr/m/n/8 co-ef-fi-cient rule.
 []


Underfull \hbox (badness 10000) in paragraph at lines 268--268
\T1/lmr/m/n/8 The con-straints
 []


Underfull \hbox (badness 10000) in paragraph at lines 268--268
\T1/lmr/m/n/8 are an-a-lyzed to
 []


Underfull \hbox (badness 10000) in paragraph at lines 268--268
\T1/lmr/m/n/8 de-ter-mine the
 []


Underfull \hbox (badness 10000) in paragraph at lines 268--268
\T1/lmr/m/n/8 with co-or-di-nates
 []

[12] [13 </Users/ashoksaravanan/Coding/ScribeLec/server/output/MA 421/lectures/
2024-08-27-ExSimplex/figures/8.1.png (PNG copy)>]
/Users/ashoksaravanan/Coding/ScribeLec/server/output/MA 421/lectures/2024-08-27
-ExSimplex/notes.tex:278: Undefined control sequence.
l.278 \circled
              {Ⅱ} \quad A \left( x_2 = 0, w_3 = 0 \right) \\
The control sequence at the end of the top line
of your error message was never \def'ed. If you have
misspelled it (e.g., `\hobx'), type `I' and the correct
spelling (e.g., `I\hbox'). Otherwise just continue,
and I'll forget about whatever was undefined.


/Users/ashoksaravanan/Coding/ScribeLec/server/output/MA 421/lectures/2024-08-27
-ExSimplex/notes.tex:278: LaTeX Error: Unicode character Ⅱ (U+2161)
               not set up for use with LaTeX.

See the LaTeX manual or LaTeX Companion for explanation.
Type  H <return>  for immediate help.
 ...                                              
                                                  
l.278 \circled{Ⅱ
                  } \quad A \left( x_2 = 0, w_3 = 0 \right) \\
You may provide a definition with
\DeclareUnicodeCharacter 

/Users/ashoksaravanan/Coding/ScribeLec/server/output/MA 421/lectures/2024-08-27
-ExSimplex/notes.tex:278: Missing $ inserted.
<inserted text> 
                $
l.278 \circled{Ⅱ} \quad A \left
                                 ( x_2 = 0, w_3 = 0 \right) \\
I've inserted a begin-math/end-math symbol since I think
you left one out. Proceed, with fingers crossed.

/Users/ashoksaravanan/Coding/ScribeLec/server/output/MA 421/lectures/2024-08-27
-ExSimplex/notes.tex:291: Missing $ inserted.
<inserted text> 
                $
l.291 \subsection
                 {Description}%
I've inserted a begin-math/end-math symbol since I think
you left one out. Proceed, with fingers crossed.

</Users/ashoksaravanan/Coding/ScribeLec/server/output/MA 421/lectures/2024-08-2
7-ExSimplex/figures/9.1.png, id=784, 572.1375pt x 772.8875pt>
File: /Users/ashoksaravanan/Coding/ScribeLec/server/output/MA 421/lectures/2024
-08-27-ExSimplex/figures/9.1.png Graphic file (type png)
<use /Users/ashoksaravanan/Coding/ScribeLec/server/output/MA 421/lectures/2024-
08-27-ExSimplex/figures/9.1.png>
Package pdftex.def Info: /Users/ashoksaravanan/Coding/ScribeLec/server/output/M
A 421/lectures/2024-08-27-ExSimplex/figures/9.1.png  used on input line 298.
(pdftex.def)             Requested size: 70.46037pt x 95.1837pt.

Underfull \hbox (badness 10000) in paragraph at lines 299--299
[]\T1/lmr/bx/n/8 (a) |\T1/lmr/m/n/8 Hand-writ-ten
 []


Underfull \hbox (badness 10000) in paragraph at lines 299--299
\T1/lmr/m/n/8 notes de-scrib-
 []


Underfull \hbox (badness 10000) in paragraph at lines 299--299
\T1/lmr/m/n/8 ing the sec-ond
 []


Underfull \hbox (badness 10000) in paragraph at lines 299--299
\T1/lmr/m/n/8 it-er-a-tion of the
 []


Underfull \hbox (badness 10000) in paragraph at lines 299--299
\T1/lmr/m/n/8 sim-plex method.
 []


Underfull \hbox (badness 10000) in paragraph at lines 299--299
\T1/lmr/m/n/8 The prob-lem
 []


Underfull \hbox (badness 10000) in paragraph at lines 299--299
\T1/lmr/m/n/8 is to max-i-mize
 []


Underfull \hbox (badness 2027) in paragraph at lines 299--299
\OML/lmm/m/it/8  \OT1/lmr/m/n/8 = 3\OML/lmm/m/it/8 x[] \OT1/lmr/m/n/8 + 2\OML/
lmm/m/it/8 x[]$
 []


Underfull \hbox (badness 7308) in paragraph at lines 299--299
\T1/lmr/m/n/8 sub-ject to three
 []


Underfull \hbox (badness 1014) in paragraph at lines 299--299
\T1/lmr/m/n/8 con-straints. The
 []


Underfull \hbox (badness 10000) in paragraph at lines 299--299
\T1/lmr/m/n/8 con-straints are
 []


Underfull \hbox (badness 2512) in paragraph at lines 299--299
\T1/lmr/m/n/8 where slack vari-
 []


Underfull \hbox (badness 10000) in paragraph at lines 299--299
\T1/lmr/m/n/8 ables $\OML/lmm/m/it/8 w[]; w[]; w[]$
 []


Underfull \hbox (badness 10000) in paragraph at lines 299--299
\T1/lmr/m/n/8 are ex-plic-itly
 []


Underfull \hbox (badness 10000) in paragraph at lines 299--299
\T1/lmr/m/n/8 de-fined. The
 []


Underfull \hbox (badness 10000) in paragraph at lines 299--299
\T1/lmr/m/n/8 are non-negative,
 []


Underfull \hbox (badness 3000) in paragraph at lines 299--299
\T1/lmr/m/n/8 as are the slack
 []


Underfull \hbox (badness 6708) in paragraph at lines 299--299
\T1/lmr/m/n/8 vari-ables. The
 []


Underfull \hbox (badness 10000) in paragraph at lines 299--299
\T1/lmr/m/n/8 ini-tial step in-
 []


Underfull \hbox (badness 2717) in paragraph at lines 299--299
\T1/lmr/m/n/8 volves set-ting $\OML/lmm/m/it/8 x[]$
 []


Underfull \hbox (badness 3780) in paragraph at lines 299--299
\T1/lmr/m/n/8 and $\OML/lmm/m/it/8 x[]$ \T1/lmr/m/n/8 to zero,
 []


Underfull \hbox (badness 10000) in paragraph at lines 299--299
\T1/lmr/m/n/8 The notes then
 []


Underfull \hbox (badness 10000) in paragraph at lines 299--299
\T1/lmr/m/n/8 de-scribe how to
 []


Underfull \hbox (badness 2809) in paragraph at lines 299--299
\OML/lmm/m/it/8 x[]$ \T1/lmr/m/n/8 while keep-ing
 []


Underfull \hbox (badness 2875) in paragraph at lines 299--299
\OML/lmm/m/it/8 x[] \OT1/lmr/m/n/8 = 0$\T1/lmr/m/n/8 , based
 []


Underfull \hbox (badness 1622) in paragraph at lines 299--299
\T1/lmr/m/n/8 on the max-i-mum
 []


Underfull \hbox (badness 10000) in paragraph at lines 299--299
\T1/lmr/m/n/8 co-ef-fi-cient rule.
 []


Underfull \hbox (badness 10000) in paragraph at lines 299--299
\T1/lmr/m/n/8 The con-straints
 []


Underfull \hbox (badness 10000) in paragraph at lines 299--299
\T1/lmr/m/n/8 are an-a-lyzed to
 []


Underfull \hbox (badness 10000) in paragraph at lines 299--299
\T1/lmr/m/n/8 de-ter-mine the
 []


Underfull \hbox (badness 10000) in paragraph at lines 299--299
\T1/lmr/m/n/8 with co-or-di-nates
 []


Underfull \hbox (badness 10000) in paragraph at lines 299--299
\T1/lmr/m/n/8 The notes then
 []


Underfull \hbox (badness 10000) in paragraph at lines 299--299
\T1/lmr/m/n/8 de-scribe how to
 []


Underfull \hbox (badness 10000) in paragraph at lines 299--299
\T1/lmr/m/n/8 con-straints are
 []


Underfull \hbox (badness 10000) in paragraph at lines 299--299
\T1/lmr/m/n/8 tion is up-dated
 []

[14] [15]
Overfull \vbox (27.04523pt too high) has occurred while \output is active []


[16 </Users/ashoksaravanan/Coding/ScribeLec/server/output/MA 421/lectures/2024-
08-27-ExSimplex/figures/9.1.png (PNG copy)>]
/Users/ashoksaravanan/Coding/ScribeLec/server/output/MA 421/lectures/2024-08-27
-ExSimplex/notes.tex:309: Undefined control sequence.
l.309 \circled
              {Ⅱ} \quad A \left( x_2 = 0, w_3 = 0 \right) \\
The control sequence at the end of the top line
of your error message was never \def'ed. If you have
misspelled it (e.g., `\hobx'), type `I' and the correct
spelling (e.g., `I\hbox'). Otherwise just continue,
and I'll forget about whatever was undefined.


/Users/ashoksaravanan/Coding/ScribeLec/server/output/MA 421/lectures/2024-08-27
-ExSimplex/notes.tex:309: LaTeX Error: Unicode character Ⅱ (U+2161)
               not set up for use with LaTeX.

See the LaTeX manual or LaTeX Companion for explanation.
Type  H <return>  for immediate help.
 ...                                              
                                                  
l.309 \circled{Ⅱ
                  } \quad A \left( x_2 = 0, w_3 = 0 \right) \\
You may provide a definition with
\DeclareUnicodeCharacter 

/Users/ashoksaravanan/Coding/ScribeLec/server/output/MA 421/lectures/2024-08-27
-ExSimplex/notes.tex:309: Missing $ inserted.
<inserted text> 
                $
l.309 \circled{Ⅱ} \quad A \left
                                 ( x_2 = 0, w_3 = 0 \right) \\
I've inserted a begin-math/end-math symbol since I think
you left one out. Proceed, with fingers crossed.

/Users/ashoksaravanan/Coding/ScribeLec/server/output/MA 421/lectures/2024-08-27
-ExSimplex/notes.tex:320: Missing $ inserted.
<inserted text> 
                $
l.320 \subsection
                 {Description}%
I've inserted a begin-math/end-math symbol since I think
you left one out. Proceed, with fingers crossed.

</Users/ashoksaravanan/Coding/ScribeLec/server/output/MA 421/lectures/2024-08-2
7-ExSimplex/figures/10.1.png, id=798, 572.1375pt x 772.8875pt>
File: /Users/ashoksaravanan/Coding/ScribeLec/server/output/MA 421/lectures/2024
-08-27-ExSimplex/figures/10.1.png Graphic file (type png)
<use /Users/ashoksaravanan/Coding/ScribeLec/server/output/MA 421/lectures/2024-
08-27-ExSimplex/figures/10.1.png>
Package pdftex.def Info: /Users/ashoksaravanan/Coding/ScribeLec/server/output/M
A 421/lectures/2024-08-27-ExSimplex/figures/10.1.png  used on input line 327.
(pdftex.def)             Requested size: 70.46037pt x 95.1837pt.

Underfull \hbox (badness 10000) in paragraph at lines 328--328
[]\T1/lmr/bx/n/8 (a) |\T1/lmr/m/n/8 Hand-writ-ten
 []


Underfull \hbox (badness 10000) in paragraph at lines 328--328
\T1/lmr/m/n/8 notes de-scrib-
 []


Underfull \hbox (badness 10000) in paragraph at lines 328--328
\T1/lmr/m/n/8 ing the sec-ond
 []


Underfull \hbox (badness 10000) in paragraph at lines 328--328
\T1/lmr/m/n/8 it-er-a-tion of the
 []


Underfull \hbox (badness 10000) in paragraph at lines 328--328
\T1/lmr/m/n/8 sim-plex method.
 []


Underfull \hbox (badness 10000) in paragraph at lines 328--328
\T1/lmr/m/n/8 The prob-lem
 []


Underfull \hbox (badness 10000) in paragraph at lines 328--328
\T1/lmr/m/n/8 is to max-i-mize
 []


Underfull \hbox (badness 2027) in paragraph at lines 328--328
\OML/lmm/m/it/8  \OT1/lmr/m/n/8 = 3\OML/lmm/m/it/8 x[] \OT1/lmr/m/n/8 + 2\OML/
lmm/m/it/8 x[]$
 []


Underfull \hbox (badness 7308) in paragraph at lines 328--328
\T1/lmr/m/n/8 sub-ject to three
 []


Underfull \hbox (badness 1014) in paragraph at lines 328--328
\T1/lmr/m/n/8 con-straints. The
 []


Underfull \hbox (badness 10000) in paragraph at lines 328--328
\T1/lmr/m/n/8 con-straints are
 []


Underfull \hbox (badness 2512) in paragraph at lines 328--328
\T1/lmr/m/n/8 where slack vari-
 []


Underfull \hbox (badness 10000) in paragraph at lines 328--328
\T1/lmr/m/n/8 ables $\OML/lmm/m/it/8 w[]; w[]; w[]$
 []


Underfull \hbox (badness 10000) in paragraph at lines 328--328
\T1/lmr/m/n/8 are ex-plic-itly
 []


Underfull \hbox (badness 10000) in paragraph at lines 328--328
\T1/lmr/m/n/8 de-fined. The
 []


Underfull \hbox (badness 10000) in paragraph at lines 328--328
\T1/lmr/m/n/8 are non-negative,
 []


Underfull \hbox (badness 3000) in paragraph at lines 328--328
\T1/lmr/m/n/8 as are the slack
 []


Underfull \hbox (badness 6708) in paragraph at lines 328--328
\T1/lmr/m/n/8 vari-ables. The
 []


Underfull \hbox (badness 10000) in paragraph at lines 328--328
\T1/lmr/m/n/8 ini-tial step in-
 []


Underfull \hbox (badness 2717) in paragraph at lines 328--328
\T1/lmr/m/n/8 volves set-ting $\OML/lmm/m/it/8 x[]$
 []


Underfull \hbox (badness 3780) in paragraph at lines 328--328
\T1/lmr/m/n/8 and $\OML/lmm/m/it/8 x[]$ \T1/lmr/m/n/8 to zero,
 []


Underfull \hbox (badness 10000) in paragraph at lines 328--328
\T1/lmr/m/n/8 The notes then
 []


Underfull \hbox (badness 10000) in paragraph at lines 328--328
\T1/lmr/m/n/8 de-scribe how to
 []


Underfull \hbox (badness 2809) in paragraph at lines 328--328
\OML/lmm/m/it/8 x[]$ \T1/lmr/m/n/8 while keep-ing
 []


Underfull \hbox (badness 2875) in paragraph at lines 328--328
\OML/lmm/m/it/8 x[] \OT1/lmr/m/n/8 = 0$\T1/lmr/m/n/8 , based
 []


Underfull \hbox (badness 1622) in paragraph at lines 328--328
\T1/lmr/m/n/8 on the max-i-mum
 []


Underfull \hbox (badness 10000) in paragraph at lines 328--328
\T1/lmr/m/n/8 co-ef-fi-cient rule.
 []


Underfull \hbox (badness 10000) in paragraph at lines 328--328
\T1/lmr/m/n/8 The con-straints
 []


Underfull \hbox (badness 10000) in paragraph at lines 328--328
\T1/lmr/m/n/8 are an-a-lyzed to
 []


Underfull \hbox (badness 10000) in paragraph at lines 328--328
\T1/lmr/m/n/8 de-ter-mine the
 []


Underfull \hbox (badness 10000) in paragraph at lines 328--328
\T1/lmr/m/n/8 with co-or-di-nates
 []


Underfull \hbox (badness 10000) in paragraph at lines 328--328
\T1/lmr/m/n/8 The notes then
 []


Underfull \hbox (badness 10000) in paragraph at lines 328--328
\T1/lmr/m/n/8 de-scribe how to
 []


Underfull \hbox (badness 10000) in paragraph at lines 328--328
\T1/lmr/m/n/8 con-straints are
 []


Underfull \hbox (badness 10000) in paragraph at lines 328--328
\T1/lmr/m/n/8 of $\OML/lmm/m/it/8 w[]$ \T1/lmr/m/n/8 and $\OML/lmm/m/it/8 x[]$\
T1/lmr/m/n/8 ,
 []


Underfull \hbox (badness 1062) in paragraph at lines 328--328
\T1/lmr/m/n/8 and the ob-jec-tive
 []


Underfull \hbox (badness 10000) in paragraph at lines 328--328
\T1/lmr/m/n/8 func-tion is up-
 []


Underfull \hbox (badness 10000) in paragraph at lines 328--328
\T1/lmr/m/n/8 The ba-sic and
 []


Underfull \hbox (badness 1466) in paragraph at lines 328--328
\T1/lmr/m/n/8 are iden-ti-fied un-
 []


Underfull \hbox (badness 1609) in paragraph at lines 328--328
\T1/lmr/m/n/8 der the rewrit-ten
 []

[17] [18]
Overfull \vbox (74.54523pt too high) has occurred while \output is active []


[19 </Users/ashoksaravanan/Coding/ScribeLec/server/output/MA 421/lectures/2024-
08-27-ExSimplex/figures/10.1.png (PNG copy)>]
/Users/ashoksaravanan/Coding/ScribeLec/server/output/MA 421/lectures/2024-08-27
-ExSimplex/notes.tex:338: Undefined control sequence.
l.338 \circled
              {Ⅲ} \quad \text{Improve: } A \left( x_2 = 0, w_3 = 0 \right) \\
The control sequence at the end of the top line
of your error message was never \def'ed. If you have
misspelled it (e.g., `\hobx'), type `I' and the correct
spelling (e.g., `I\hbox'). Otherwise just continue,
and I'll forget about whatever was undefined.


/Users/ashoksaravanan/Coding/ScribeLec/server/output/MA 421/lectures/2024-08-27
-ExSimplex/notes.tex:338: LaTeX Error: Unicode character Ⅲ (U+2162)
               not set up for use with LaTeX.

See the LaTeX manual or LaTeX Companion for explanation.
Type  H <return>  for immediate help.
 ...                                              
                                                  
l.338 \circled{Ⅲ
                  } \quad \text{Improve: } A \left( x_2 = 0, w_3 = 0 \right) \\

You may provide a definition with
\DeclareUnicodeCharacter 

/Users/ashoksaravanan/Coding/ScribeLec/server/output/MA 421/lectures/2024-08-27
-ExSimplex/notes.tex:338: Missing $ inserted.
<inserted text> 
                $
l.338 \circled{Ⅲ} \quad \text{Improve: } A \left
                                                  ( x_2 = 0, w_3 = 0 \right) \\
I've inserted a begin-math/end-math symbol since I think
you left one out. Proceed, with fingers crossed.

/Users/ashoksaravanan/Coding/ScribeLec/server/output/MA 421/lectures/2024-08-27
-ExSimplex/notes.tex:352: Missing $ inserted.
<inserted text> 
                $
l.352 \subsection
                 {Description}%
I've inserted a begin-math/end-math symbol since I think
you left one out. Proceed, with fingers crossed.

</Users/ashoksaravanan/Coding/ScribeLec/server/output/MA 421/lectures/2024-08-2
7-ExSimplex/figures/11.1.png, id=814, 572.1375pt x 772.8875pt>
File: /Users/ashoksaravanan/Coding/ScribeLec/server/output/MA 421/lectures/2024
-08-27-ExSimplex/figures/11.1.png Graphic file (type png)
<use /Users/ashoksaravanan/Coding/ScribeLec/server/output/MA 421/lectures/2024-
08-27-ExSimplex/figures/11.1.png>
Package pdftex.def Info: /Users/ashoksaravanan/Coding/ScribeLec/server/output/M
A 421/lectures/2024-08-27-ExSimplex/figures/11.1.png  used on input line 359.
(pdftex.def)             Requested size: 70.46037pt x 95.1837pt.

Underfull \hbox (badness 10000) in paragraph at lines 360--360
[]\T1/lmr/bx/n/8 (a) |\T1/lmr/m/n/8 Hand-writ-ten
 []


Underfull \hbox (badness 10000) in paragraph at lines 360--360
\T1/lmr/m/n/8 notes de-scrib-
 []


Underfull \hbox (badness 10000) in paragraph at lines 360--360
\T1/lmr/m/n/8 ing the third
 []


Underfull \hbox (badness 10000) in paragraph at lines 360--360
\T1/lmr/m/n/8 it-er-a-tion of the
 []


Underfull \hbox (badness 10000) in paragraph at lines 360--360
\T1/lmr/m/n/8 sim-plex method.
 []


Underfull \hbox (badness 10000) in paragraph at lines 360--360
\T1/lmr/m/n/8 The prob-lem
 []


Underfull \hbox (badness 10000) in paragraph at lines 360--360
\T1/lmr/m/n/8 is to max-i-mize
 []


Underfull \hbox (badness 2027) in paragraph at lines 360--360
\OML/lmm/m/it/8  \OT1/lmr/m/n/8 = 3\OML/lmm/m/it/8 x[] \OT1/lmr/m/n/8 + 2\OML/
lmm/m/it/8 x[]$
 []


Underfull \hbox (badness 7308) in paragraph at lines 360--360
\T1/lmr/m/n/8 sub-ject to three
 []


Underfull \hbox (badness 1014) in paragraph at lines 360--360
\T1/lmr/m/n/8 con-straints. The
 []


Underfull \hbox (badness 10000) in paragraph at lines 360--360
\T1/lmr/m/n/8 con-straints are
 []


Underfull \hbox (badness 2512) in paragraph at lines 360--360
\T1/lmr/m/n/8 where slack vari-
 []


Underfull \hbox (badness 10000) in paragraph at lines 360--360
\T1/lmr/m/n/8 ables $\OML/lmm/m/it/8 w[]; w[]; w[]$
 []


Underfull \hbox (badness 10000) in paragraph at lines 360--360
\T1/lmr/m/n/8 are ex-plic-itly
 []


Underfull \hbox (badness 10000) in paragraph at lines 360--360
\T1/lmr/m/n/8 de-fined. The
 []


Underfull \hbox (badness 10000) in paragraph at lines 360--360
\T1/lmr/m/n/8 are non-negative,
 []


Underfull \hbox (badness 3000) in paragraph at lines 360--360
\T1/lmr/m/n/8 as are the slack
 []


Underfull \hbox (badness 6708) in paragraph at lines 360--360
\T1/lmr/m/n/8 vari-ables. The
 []


Underfull \hbox (badness 10000) in paragraph at lines 360--360
\T1/lmr/m/n/8 ini-tial step in-
 []


Underfull \hbox (badness 2717) in paragraph at lines 360--360
\T1/lmr/m/n/8 volves set-ting $\OML/lmm/m/it/8 x[]$
 []


Underfull \hbox (badness 3780) in paragraph at lines 360--360
\T1/lmr/m/n/8 and $\OML/lmm/m/it/8 x[]$ \T1/lmr/m/n/8 to zero,
 []


Underfull \hbox (badness 10000) in paragraph at lines 360--360
\T1/lmr/m/n/8 The notes then
 []


Underfull \hbox (badness 10000) in paragraph at lines 360--360
\T1/lmr/m/n/8 de-scribe how to
 []


Underfull \hbox (badness 2809) in paragraph at lines 360--360
\OML/lmm/m/it/8 x[]$ \T1/lmr/m/n/8 while keep-ing
 []


Underfull \hbox (badness 2875) in paragraph at lines 360--360
\OML/lmm/m/it/8 x[] \OT1/lmr/m/n/8 = 0$\T1/lmr/m/n/8 , based
 []


Underfull \hbox (badness 1622) in paragraph at lines 360--360
\T1/lmr/m/n/8 on the max-i-mum
 []


Underfull \hbox (badness 10000) in paragraph at lines 360--360
\T1/lmr/m/n/8 co-ef-fi-cient rule.
 []


Underfull \hbox (badness 10000) in paragraph at lines 360--360
\T1/lmr/m/n/8 The con-straints
 []


Underfull \hbox (badness 10000) in paragraph at lines 360--360
\T1/lmr/m/n/8 are an-a-lyzed to
 []


Underfull \hbox (badness 10000) in paragraph at lines 360--360
\T1/lmr/m/n/8 de-ter-mine the
 []


Underfull \hbox (badness 10000) in paragraph at lines 360--360
\T1/lmr/m/n/8 with co-or-di-nates
 []


Underfull \hbox (badness 10000) in paragraph at lines 360--360
\T1/lmr/m/n/8 The notes then
 []


Underfull \hbox (badness 10000) in paragraph at lines 360--360
\T1/lmr/m/n/8 de-scribe how to
 []


Underfull \hbox (badness 10000) in paragraph at lines 360--360
\T1/lmr/m/n/8 con-straints are
 []


Underfull \hbox (badness 10000) in paragraph at lines 360--360
\T1/lmr/m/n/8 of $\OML/lmm/m/it/8 w[]$ \T1/lmr/m/n/8 and $\OML/lmm/m/it/8 x[]$\
T1/lmr/m/n/8 ,
 []


Underfull \hbox (badness 1062) in paragraph at lines 360--360
\T1/lmr/m/n/8 and the ob-jec-tive
 []


Underfull \hbox (badness 10000) in paragraph at lines 360--360
\T1/lmr/m/n/8 func-tion is up-
 []


Underfull \hbox (badness 10000) in paragraph at lines 360--360
\T1/lmr/m/n/8 The ba-sic and
 []


Underfull \hbox (badness 1466) in paragraph at lines 360--360
\T1/lmr/m/n/8 are iden-ti-fied un-
 []


Underfull \hbox (badness 1609) in paragraph at lines 360--360
\T1/lmr/m/n/8 der the rewrit-ten
 []


Underfull \hbox (badness 1014) in paragraph at lines 360--360
\T1/lmr/m/n/8 con-straints. The
 []


Underfull \hbox (badness 10000) in paragraph at lines 360--360
\T1/lmr/m/n/8 how to im-prove
 []


Underfull \hbox (badness 10000) in paragraph at lines 360--360
\T1/lmr/m/n/8 the so-lu-tion by
 []


Underfull \hbox (badness 10000) in paragraph at lines 360--360
\T1/lmr/m/n/8 The con-straints
 []


Underfull \hbox (badness 10000) in paragraph at lines 360--360
\T1/lmr/m/n/8 are an-a-lyzed to
 []


Underfull \hbox (badness 10000) in paragraph at lines 360--360
\T1/lmr/m/n/8 de-ter-mine the
 []


Underfull \hbox (badness 10000) in paragraph at lines 360--360
\T1/lmr/m/n/8 fea-si-bil-ity, which
 []


Underfull \hbox (badness 1990) in paragraph at lines 360--360
\T1/lmr/m/n/8 Set-ting $\OML/lmm/m/it/8 x[] \OT1/lmr/m/n/8 = 2$
 []

[20] [21]
Overfull \vbox (226.54523pt too high) has occurred while \output is active []


[22 </Users/ashoksaravanan/Coding/ScribeLec/server/output/MA 421/lectures/2024-
08-27-ExSimplex/figures/11.1.png (PNG copy)>]
/Users/ashoksaravanan/Coding/ScribeLec/server/output/MA 421/lectures/2024-08-27
-ExSimplex/notes.tex:370: Undefined control sequence.
l.370 \circled
              {Ⅲ} \quad B \left( w_2 = 0, w_3 = 0 \right) \\
The control sequence at the end of the top line
of your error message was never \def'ed. If you have
misspelled it (e.g., `\hobx'), type `I' and the correct
spelling (e.g., `I\hbox'). Otherwise just continue,
and I'll forget about whatever was undefined.


/Users/ashoksaravanan/Coding/ScribeLec/server/output/MA 421/lectures/2024-08-27
-ExSimplex/notes.tex:370: LaTeX Error: Unicode character Ⅲ (U+2162)
               not set up for use with LaTeX.

See the LaTeX manual or LaTeX Companion for explanation.
Type  H <return>  for immediate help.
 ...                                              
                                                  
l.370 \circled{Ⅲ
                  } \quad B \left( w_2 = 0, w_3 = 0 \right) \\
You may provide a definition with
\DeclareUnicodeCharacter 

/Users/ashoksaravanan/Coding/ScribeLec/server/output/MA 421/lectures/2024-08-27
-ExSimplex/notes.tex:370: Missing $ inserted.
<inserted text> 
                $
l.370 \circled{Ⅲ} \quad B \left
                                 ( w_2 = 0, w_3 = 0 \right) \\
I've inserted a begin-math/end-math symbol since I think
you left one out. Proceed, with fingers crossed.

/Users/ashoksaravanan/Coding/ScribeLec/server/output/MA 421/lectures/2024-08-27
-ExSimplex/notes.tex:383: Missing $ inserted.
<inserted text> 
                $
l.383 \subsection
                 {Description}%
I've inserted a begin-math/end-math symbol since I think
you left one out. Proceed, with fingers crossed.

</Users/ashoksaravanan/Coding/ScribeLec/server/output/MA 421/lectures/2024-08-2
7-ExSimplex/figures/12.1.png, id=829, 572.1375pt x 772.8875pt>
File: /Users/ashoksaravanan/Coding/ScribeLec/server/output/MA 421/lectures/2024
-08-27-ExSimplex/figures/12.1.png Graphic file (type png)
<use /Users/ashoksaravanan/Coding/ScribeLec/server/output/MA 421/lectures/2024-
08-27-ExSimplex/figures/12.1.png>
Package pdftex.def Info: /Users/ashoksaravanan/Coding/ScribeLec/server/output/M
A 421/lectures/2024-08-27-ExSimplex/figures/12.1.png  used on input line 390.
(pdftex.def)             Requested size: 70.46037pt x 95.1837pt.

Underfull \hbox (badness 10000) in paragraph at lines 391--391
[]\T1/lmr/bx/n/8 (a) |\T1/lmr/m/n/8 Hand-writ-ten
 []


Underfull \hbox (badness 10000) in paragraph at lines 391--391
\T1/lmr/m/n/8 notes de-scrib-
 []


Underfull \hbox (badness 10000) in paragraph at lines 391--391
\T1/lmr/m/n/8 ing the third
 []


Underfull \hbox (badness 10000) in paragraph at lines 391--391
\T1/lmr/m/n/8 it-er-a-tion of the
 []


Underfull \hbox (badness 10000) in paragraph at lines 391--391
\T1/lmr/m/n/8 sim-plex method.
 []


Underfull \hbox (badness 10000) in paragraph at lines 391--391
\T1/lmr/m/n/8 The prob-lem
 []


Underfull \hbox (badness 10000) in paragraph at lines 391--391
\T1/lmr/m/n/8 is to max-i-mize
 []


Underfull \hbox (badness 2027) in paragraph at lines 391--391
\OML/lmm/m/it/8  \OT1/lmr/m/n/8 = 3\OML/lmm/m/it/8 x[] \OT1/lmr/m/n/8 + 2\OML/
lmm/m/it/8 x[]$
 []


Underfull \hbox (badness 7308) in paragraph at lines 391--391
\T1/lmr/m/n/8 sub-ject to three
 []


Underfull \hbox (badness 1014) in paragraph at lines 391--391
\T1/lmr/m/n/8 con-straints. The
 []


Underfull \hbox (badness 10000) in paragraph at lines 391--391
\T1/lmr/m/n/8 con-straints are
 []


Underfull \hbox (badness 2512) in paragraph at lines 391--391
\T1/lmr/m/n/8 where slack vari-
 []


Underfull \hbox (badness 10000) in paragraph at lines 391--391
\T1/lmr/m/n/8 ables $\OML/lmm/m/it/8 w[]; w[]; w[]$
 []


Underfull \hbox (badness 10000) in paragraph at lines 391--391
\T1/lmr/m/n/8 are ex-plic-itly
 []


Underfull \hbox (badness 10000) in paragraph at lines 391--391
\T1/lmr/m/n/8 de-fined. The
 []


Underfull \hbox (badness 10000) in paragraph at lines 391--391
\T1/lmr/m/n/8 are non-negative,
 []


Underfull \hbox (badness 3000) in paragraph at lines 391--391
\T1/lmr/m/n/8 as are the slack
 []


Underfull \hbox (badness 6708) in paragraph at lines 391--391
\T1/lmr/m/n/8 vari-ables. The
 []


Underfull \hbox (badness 10000) in paragraph at lines 391--391
\T1/lmr/m/n/8 ini-tial step in-
 []


Underfull \hbox (badness 2717) in paragraph at lines 391--391
\T1/lmr/m/n/8 volves set-ting $\OML/lmm/m/it/8 x[]$
 []


Underfull \hbox (badness 3780) in paragraph at lines 391--391
\T1/lmr/m/n/8 and $\OML/lmm/m/it/8 x[]$ \T1/lmr/m/n/8 to zero,
 []


Underfull \hbox (badness 10000) in paragraph at lines 391--391
\T1/lmr/m/n/8 The notes then
 []


Underfull \hbox (badness 10000) in paragraph at lines 391--391
\T1/lmr/m/n/8 de-scribe how to
 []


Underfull \hbox (badness 2809) in paragraph at lines 391--391
\OML/lmm/m/it/8 x[]$ \T1/lmr/m/n/8 while keep-ing
 []


Underfull \hbox (badness 2875) in paragraph at lines 391--391
\OML/lmm/m/it/8 x[] \OT1/lmr/m/n/8 = 0$\T1/lmr/m/n/8 , based
 []


Underfull \hbox (badness 1622) in paragraph at lines 391--391
\T1/lmr/m/n/8 on the max-i-mum
 []


Underfull \hbox (badness 10000) in paragraph at lines 391--391
\T1/lmr/m/n/8 co-ef-fi-cient rule.
 []


Underfull \hbox (badness 10000) in paragraph at lines 391--391
\T1/lmr/m/n/8 The con-straints
 []


Underfull \hbox (badness 10000) in paragraph at lines 391--391
\T1/lmr/m/n/8 are an-a-lyzed to
 []


Underfull \hbox (badness 10000) in paragraph at lines 391--391
\T1/lmr/m/n/8 de-ter-mine the
 []


Underfull \hbox (badness 10000) in paragraph at lines 391--391
\T1/lmr/m/n/8 with co-or-di-nates
 []


Underfull \hbox (badness 10000) in paragraph at lines 391--391
\T1/lmr/m/n/8 The notes then
 []


Underfull \hbox (badness 10000) in paragraph at lines 391--391
\T1/lmr/m/n/8 de-scribe how to
 []


Underfull \hbox (badness 10000) in paragraph at lines 391--391
\T1/lmr/m/n/8 con-straints are
 []


Underfull \hbox (badness 10000) in paragraph at lines 391--391
\T1/lmr/m/n/8 of $\OML/lmm/m/it/8 w[]$ \T1/lmr/m/n/8 and $\OML/lmm/m/it/8 x[]$\
T1/lmr/m/n/8 ,
 []


Underfull \hbox (badness 1062) in paragraph at lines 391--391
\T1/lmr/m/n/8 and the ob-jec-tive
 []


Underfull \hbox (badness 10000) in paragraph at lines 391--391
\T1/lmr/m/n/8 func-tion is up-
 []


Underfull \hbox (badness 10000) in paragraph at lines 391--391
\T1/lmr/m/n/8 The ba-sic and
 []


Underfull \hbox (badness 1466) in paragraph at lines 391--391
\T1/lmr/m/n/8 are iden-ti-fied un-
 []


Underfull \hbox (badness 1609) in paragraph at lines 391--391
\T1/lmr/m/n/8 der the rewrit-ten
 []


Underfull \hbox (badness 1014) in paragraph at lines 391--391
\T1/lmr/m/n/8 con-straints. The
 []


Underfull \hbox (badness 10000) in paragraph at lines 391--391
\T1/lmr/m/n/8 how to im-prove
 []


Underfull \hbox (badness 10000) in paragraph at lines 391--391
\T1/lmr/m/n/8 the so-lu-tion by
 []


Underfull \hbox (badness 10000) in paragraph at lines 391--391
\T1/lmr/m/n/8 The con-straints
 []


Underfull \hbox (badness 10000) in paragraph at lines 391--391
\T1/lmr/m/n/8 are an-a-lyzed to
 []


Underfull \hbox (badness 10000) in paragraph at lines 391--391
\T1/lmr/m/n/8 de-ter-mine the
 []


Underfull \hbox (badness 2600) in paragraph at lines 391--391
\T1/lmr/m/n/8 to a new ver-tex
 []


Underfull \hbox (badness 10000) in paragraph at lines 391--391
\T1/lmr/m/n/8 de-scribe how to
 []


Underfull \hbox (badness 10000) in paragraph at lines 391--391
\T1/lmr/m/n/8 con-straints are
 []

[23] [24]
Overfull \vbox (340.54523pt too high) has occurred while \output is active []


[25 </Users/ashoksaravanan/Coding/ScribeLec/server/output/MA 421/lectures/2024-
08-27-ExSimplex/figures/12.1.png (PNG copy)>]
/Users/ashoksaravanan/Coding/ScribeLec/server/output/MA 421/lectures/2024-08-27
-ExSimplex/notes.tex:401: Undefined control sequence.
l.401 \circled
              {Ⅲ} \quad B \left( w_2 = 0, w_3 = 0 \right) \\
The control sequence at the end of the top line
of your error message was never \def'ed. If you have
misspelled it (e.g., `\hobx'), type `I' and the correct
spelling (e.g., `I\hbox'). Otherwise just continue,
and I'll forget about whatever was undefined.


/Users/ashoksaravanan/Coding/ScribeLec/server/output/MA 421/lectures/2024-08-27
-ExSimplex/notes.tex:401: LaTeX Error: Unicode character Ⅲ (U+2162)
               not set up for use with LaTeX.

See the LaTeX manual or LaTeX Companion for explanation.
Type  H <return>  for immediate help.
 ...                                              
                                                  
l.401 \circled{Ⅲ
                  } \quad B \left( w_2 = 0, w_3 = 0 \right) \\
You may provide a definition with
\DeclareUnicodeCharacter 

/Users/ashoksaravanan/Coding/ScribeLec/server/output/MA 421/lectures/2024-08-27
-ExSimplex/notes.tex:401: Missing $ inserted.
<inserted text> 
                $
l.401 \circled{Ⅲ} \quad B \left
                                 ( w_2 = 0, w_3 = 0 \right) \\
I've inserted a begin-math/end-math symbol since I think
you left one out. Proceed, with fingers crossed.

/Users/ashoksaravanan/Coding/ScribeLec/server/output/MA 421/lectures/2024-08-27
-ExSimplex/notes.tex:415: Missing $ inserted.
<inserted text> 
                $
l.415 \subsection
                 {Description}%
I've inserted a begin-math/end-math symbol since I think
you left one out. Proceed, with fingers crossed.

</Users/ashoksaravanan/Coding/ScribeLec/server/output/MA 421/lectures/2024-08-2
7-ExSimplex/figures/13.1.png, id=844, 572.1375pt x 772.8875pt>
File: /Users/ashoksaravanan/Coding/ScribeLec/server/output/MA 421/lectures/2024
-08-27-ExSimplex/figures/13.1.png Graphic file (type png)
<use /Users/ashoksaravanan/Coding/ScribeLec/server/output/MA 421/lectures/2024-
08-27-ExSimplex/figures/13.1.png>
Package pdftex.def Info: /Users/ashoksaravanan/Coding/ScribeLec/server/output/M
A 421/lectures/2024-08-27-ExSimplex/figures/13.1.png  used on input line 422.
(pdftex.def)             Requested size: 70.46037pt x 95.1837pt.

Underfull \hbox (badness 10000) in paragraph at lines 423--423
[]\T1/lmr/bx/n/8 (a) |\T1/lmr/m/n/8 Hand-writ-ten
 []


Underfull \hbox (badness 10000) in paragraph at lines 423--423
\T1/lmr/m/n/8 notes de-scrib-
 []


Underfull \hbox (badness 10000) in paragraph at lines 423--423
\T1/lmr/m/n/8 ing the third
 []


Underfull \hbox (badness 10000) in paragraph at lines 423--423
\T1/lmr/m/n/8 it-er-a-tion of the
 []


Underfull \hbox (badness 10000) in paragraph at lines 423--423
\T1/lmr/m/n/8 sim-plex method.
 []


Underfull \hbox (badness 10000) in paragraph at lines 423--423
\T1/lmr/m/n/8 The prob-lem
 []


Underfull \hbox (badness 10000) in paragraph at lines 423--423
\T1/lmr/m/n/8 is to max-i-mize
 []


Underfull \hbox (badness 2027) in paragraph at lines 423--423
\OML/lmm/m/it/8  \OT1/lmr/m/n/8 = 3\OML/lmm/m/it/8 x[] \OT1/lmr/m/n/8 + 2\OML/
lmm/m/it/8 x[]$
 []


Underfull \hbox (badness 7308) in paragraph at lines 423--423
\T1/lmr/m/n/8 sub-ject to three
 []


Underfull \hbox (badness 1014) in paragraph at lines 423--423
\T1/lmr/m/n/8 con-straints. The
 []


Underfull \hbox (badness 10000) in paragraph at lines 423--423
\T1/lmr/m/n/8 con-straints are
 []


Underfull \hbox (badness 2512) in paragraph at lines 423--423
\T1/lmr/m/n/8 where slack vari-
 []


Underfull \hbox (badness 10000) in paragraph at lines 423--423
\T1/lmr/m/n/8 ables $\OML/lmm/m/it/8 w[]; w[]; w[]$
 []


Underfull \hbox (badness 10000) in paragraph at lines 423--423
\T1/lmr/m/n/8 are ex-plic-itly
 []


Underfull \hbox (badness 10000) in paragraph at lines 423--423
\T1/lmr/m/n/8 de-fined. The
 []


Underfull \hbox (badness 10000) in paragraph at lines 423--423
\T1/lmr/m/n/8 are non-negative,
 []


Underfull \hbox (badness 3000) in paragraph at lines 423--423
\T1/lmr/m/n/8 as are the slack
 []


Underfull \hbox (badness 6708) in paragraph at lines 423--423
\T1/lmr/m/n/8 vari-ables. The
 []


Underfull \hbox (badness 10000) in paragraph at lines 423--423
\T1/lmr/m/n/8 ini-tial step in-
 []


Underfull \hbox (badness 2717) in paragraph at lines 423--423
\T1/lmr/m/n/8 volves set-ting $\OML/lmm/m/it/8 x[]$
 []


Underfull \hbox (badness 3780) in paragraph at lines 423--423
\T1/lmr/m/n/8 and $\OML/lmm/m/it/8 x[]$ \T1/lmr/m/n/8 to zero,
 []


Underfull \hbox (badness 10000) in paragraph at lines 423--423
\T1/lmr/m/n/8 The notes then
 []


Underfull \hbox (badness 10000) in paragraph at lines 423--423
\T1/lmr/m/n/8 de-scribe how to
 []


Underfull \hbox (badness 2809) in paragraph at lines 423--423
\OML/lmm/m/it/8 x[]$ \T1/lmr/m/n/8 while keep-ing
 []


Underfull \hbox (badness 2875) in paragraph at lines 423--423
\OML/lmm/m/it/8 x[] \OT1/lmr/m/n/8 = 0$\T1/lmr/m/n/8 , based
 []


Underfull \hbox (badness 1622) in paragraph at lines 423--423
\T1/lmr/m/n/8 on the max-i-mum
 []


Underfull \hbox (badness 10000) in paragraph at lines 423--423
\T1/lmr/m/n/8 co-ef-fi-cient rule.
 []


Underfull \hbox (badness 10000) in paragraph at lines 423--423
\T1/lmr/m/n/8 The con-straints
 []


Underfull \hbox (badness 10000) in paragraph at lines 423--423
\T1/lmr/m/n/8 are an-a-lyzed to
 []


Underfull \hbox (badness 10000) in paragraph at lines 423--423
\T1/lmr/m/n/8 de-ter-mine the
 []


Underfull \hbox (badness 10000) in paragraph at lines 423--423
\T1/lmr/m/n/8 with co-or-di-nates
 []


Underfull \hbox (badness 10000) in paragraph at lines 423--423
\T1/lmr/m/n/8 The notes then
 []


Underfull \hbox (badness 10000) in paragraph at lines 423--423
\T1/lmr/m/n/8 de-scribe how to
 []


Underfull \hbox (badness 10000) in paragraph at lines 423--423
\T1/lmr/m/n/8 con-straints are
 []


Underfull \hbox (badness 10000) in paragraph at lines 423--423
\T1/lmr/m/n/8 of $\OML/lmm/m/it/8 w[]$ \T1/lmr/m/n/8 and $\OML/lmm/m/it/8 x[]$\
T1/lmr/m/n/8 ,
 []


Underfull \hbox (badness 1062) in paragraph at lines 423--423
\T1/lmr/m/n/8 and the ob-jec-tive
 []


Underfull \hbox (badness 10000) in paragraph at lines 423--423
\T1/lmr/m/n/8 func-tion is up-
 []


Underfull \hbox (badness 10000) in paragraph at lines 423--423
\T1/lmr/m/n/8 The ba-sic and
 []


Underfull \hbox (badness 1466) in paragraph at lines 423--423
\T1/lmr/m/n/8 are iden-ti-fied un-
 []


Underfull \hbox (badness 1609) in paragraph at lines 423--423
\T1/lmr/m/n/8 der the rewrit-ten
 []


Underfull \hbox (badness 1014) in paragraph at lines 423--423
\T1/lmr/m/n/8 con-straints. The
 []


Underfull \hbox (badness 10000) in paragraph at lines 423--423
\T1/lmr/m/n/8 how to im-prove
 []


Underfull \hbox (badness 10000) in paragraph at lines 423--423
\T1/lmr/m/n/8 the so-lu-tion by
 []


Underfull \hbox (badness 10000) in paragraph at lines 423--423
\T1/lmr/m/n/8 The con-straints
 []


Underfull \hbox (badness 10000) in paragraph at lines 423--423
\T1/lmr/m/n/8 are an-a-lyzed to
 []


Underfull \hbox (badness 10000) in paragraph at lines 423--423
\T1/lmr/m/n/8 de-ter-mine the
 []


Underfull \hbox (badness 2600) in paragraph at lines 423--423
\T1/lmr/m/n/8 to a new ver-tex
 []


Underfull \hbox (badness 10000) in paragraph at lines 423--423
\T1/lmr/m/n/8 de-scribe how to
 []


Underfull \hbox (badness 10000) in paragraph at lines 423--423
\T1/lmr/m/n/8 con-straints are
 []


Underfull \hbox (badness 10000) in paragraph at lines 423--423
\T1/lmr/m/n/8 of $\OML/lmm/m/it/8 w[]$ \T1/lmr/m/n/8 and $\OML/lmm/m/it/8 w[]$\
T1/lmr/m/n/8 ,
 []


Underfull \hbox (badness 10000) in paragraph at lines 423--423
\T1/lmr/m/n/8 and the ex-pres-
 []


Underfull \hbox (badness 1783) in paragraph at lines 423--423
\T1/lmr/m/n/8 sions for $\OML/lmm/m/it/8 x[]$ \T1/lmr/m/n/8 and
 []


Underfull \hbox (badness 10000) in paragraph at lines 423--423
\OML/lmm/m/it/8 w[]$ \T1/lmr/m/n/8 are up-dated
 []


Underfull \hbox (badness 2435) in paragraph at lines 423--423
\T1/lmr/m/n/8 ob-jec-tive func-tion
 []


Underfull \hbox (badness 10000) in paragraph at lines 423--423
\T1/lmr/m/n/8 is up-dated by
 []


Underfull \hbox (badness 10000) in paragraph at lines 423--423
\T1/lmr/m/n/8 sub-sti-tut-ing the
 []


Underfull \hbox (badness 1902) in paragraph at lines 423--423
\T1/lmr/m/n/8 ex-pres-sion for $\OML/lmm/m/it/8 x[]$
 []


Underfull \hbox (badness 1924) in paragraph at lines 423--423
\T1/lmr/m/n/8 into the pre-vi-ous
 []

[26] [27]
Overfull \vbox (407.04523pt too high) has occurred while \output is active []


[28 </Users/ashoksaravanan/Coding/ScribeLec/server/output/MA 421/lectures/2024-
08-27-ExSimplex/figures/13.1.png (PNG copy)>]
/Users/ashoksaravanan/Coding/ScribeLec/server/output/MA 421/lectures/2024-08-27
-ExSimplex/notes.tex:433: Undefined control sequence.
l.433 \circled
              {Ⅲ} \quad B \left( w_2 = 0, w_3 = 0 \right) \\
The control sequence at the end of the top line
of your error message was never \def'ed. If you have
misspelled it (e.g., `\hobx'), type `I' and the correct
spelling (e.g., `I\hbox'). Otherwise just continue,
and I'll forget about whatever was undefined.


/Users/ashoksaravanan/Coding/ScribeLec/server/output/MA 421/lectures/2024-08-27
-ExSimplex/notes.tex:433: LaTeX Error: Unicode character Ⅲ (U+2162)
               not set up for use with LaTeX.

See the LaTeX manual or LaTeX Companion for explanation.
Type  H <return>  for immediate help.
 ...                                              
                                                  
l.433 \circled{Ⅲ
                  } \quad B \left( w_2 = 0, w_3 = 0 \right) \\
You may provide a definition with
\DeclareUnicodeCharacter 

/Users/ashoksaravanan/Coding/ScribeLec/server/output/MA 421/lectures/2024-08-27
-ExSimplex/notes.tex:433: Missing $ inserted.
<inserted text> 
                $
l.433 \circled{Ⅲ} \quad B \left
                                 ( w_2 = 0, w_3 = 0 \right) \\
I've inserted a begin-math/end-math symbol since I think
you left one out. Proceed, with fingers crossed.

/Users/ashoksaravanan/Coding/ScribeLec/server/output/MA 421/lectures/2024-08-27
-ExSimplex/notes.tex:445: Missing $ inserted.
<inserted text> 
                $
l.445 \subsection
                 {Description}%
I've inserted a begin-math/end-math symbol since I think
you left one out. Proceed, with fingers crossed.

</Users/ashoksaravanan/Coding/ScribeLec/server/output/MA 421/lectures/2024-08-2
7-ExSimplex/figures/14.1.png, id=858, 572.1375pt x 772.8875pt>
File: /Users/ashoksaravanan/Coding/ScribeLec/server/output/MA 421/lectures/2024
-08-27-ExSimplex/figures/14.1.png Graphic file (type png)
<use /Users/ashoksaravanan/Coding/ScribeLec/server/output/MA 421/lectures/2024-
08-27-ExSimplex/figures/14.1.png>
Package pdftex.def Info: /Users/ashoksaravanan/Coding/ScribeLec/server/output/M
A 421/lectures/2024-08-27-ExSimplex/figures/14.1.png  used on input line 452.
(pdftex.def)             Requested size: 70.46037pt x 95.1837pt.

Underfull \hbox (badness 10000) in paragraph at lines 453--453
[]\T1/lmr/bx/n/8 (a) |\T1/lmr/m/n/8 Hand-writ-ten
 []


Underfull \hbox (badness 10000) in paragraph at lines 453--453
\T1/lmr/m/n/8 notes de-scrib-
 []


Underfull \hbox (badness 10000) in paragraph at lines 453--453
\T1/lmr/m/n/8 ing the third
 []


Underfull \hbox (badness 10000) in paragraph at lines 453--453
\T1/lmr/m/n/8 it-er-a-tion of the
 []


Underfull \hbox (badness 10000) in paragraph at lines 453--453
\T1/lmr/m/n/8 sim-plex method.
 []


Underfull \hbox (badness 10000) in paragraph at lines 453--453
\T1/lmr/m/n/8 The prob-lem
 []


Underfull \hbox (badness 10000) in paragraph at lines 453--453
\T1/lmr/m/n/8 is to max-i-mize
 []


Underfull \hbox (badness 2027) in paragraph at lines 453--453
\OML/lmm/m/it/8  \OT1/lmr/m/n/8 = 3\OML/lmm/m/it/8 x[] \OT1/lmr/m/n/8 + 2\OML/
lmm/m/it/8 x[]$
 []


Underfull \hbox (badness 7308) in paragraph at lines 453--453
\T1/lmr/m/n/8 sub-ject to three
 []


Underfull \hbox (badness 1014) in paragraph at lines 453--453
\T1/lmr/m/n/8 con-straints. The
 []


Underfull \hbox (badness 10000) in paragraph at lines 453--453
\T1/lmr/m/n/8 con-straints are
 []


Underfull \hbox (badness 2512) in paragraph at lines 453--453
\T1/lmr/m/n/8 where slack vari-
 []


Underfull \hbox (badness 10000) in paragraph at lines 453--453
\T1/lmr/m/n/8 ables $\OML/lmm/m/it/8 w[]; w[]; w[]$
 []


Underfull \hbox (badness 10000) in paragraph at lines 453--453
\T1/lmr/m/n/8 are ex-plic-itly
 []


Underfull \hbox (badness 10000) in paragraph at lines 453--453
\T1/lmr/m/n/8 de-fined. The
 []


Underfull \hbox (badness 10000) in paragraph at lines 453--453
\T1/lmr/m/n/8 are non-negative,
 []


Underfull \hbox (badness 3000) in paragraph at lines 453--453
\T1/lmr/m/n/8 as are the slack
 []


Underfull \hbox (badness 6708) in paragraph at lines 453--453
\T1/lmr/m/n/8 vari-ables. The
 []


Underfull \hbox (badness 10000) in paragraph at lines 453--453
\T1/lmr/m/n/8 ini-tial step in-
 []


Underfull \hbox (badness 2717) in paragraph at lines 453--453
\T1/lmr/m/n/8 volves set-ting $\OML/lmm/m/it/8 x[]$
 []


Underfull \hbox (badness 3780) in paragraph at lines 453--453
\T1/lmr/m/n/8 and $\OML/lmm/m/it/8 x[]$ \T1/lmr/m/n/8 to zero,
 []


Underfull \hbox (badness 10000) in paragraph at lines 453--453
\T1/lmr/m/n/8 The notes then
 []


Underfull \hbox (badness 10000) in paragraph at lines 453--453
\T1/lmr/m/n/8 de-scribe how to
 []


Underfull \hbox (badness 2809) in paragraph at lines 453--453
\OML/lmm/m/it/8 x[]$ \T1/lmr/m/n/8 while keep-ing
 []


Underfull \hbox (badness 2875) in paragraph at lines 453--453
\OML/lmm/m/it/8 x[] \OT1/lmr/m/n/8 = 0$\T1/lmr/m/n/8 , based
 []


Underfull \hbox (badness 1622) in paragraph at lines 453--453
\T1/lmr/m/n/8 on the max-i-mum
 []


Underfull \hbox (badness 10000) in paragraph at lines 453--453
\T1/lmr/m/n/8 co-ef-fi-cient rule.
 []


Underfull \hbox (badness 10000) in paragraph at lines 453--453
\T1/lmr/m/n/8 The con-straints
 []


Underfull \hbox (badness 10000) in paragraph at lines 453--453
\T1/lmr/m/n/8 are an-a-lyzed to
 []


Underfull \hbox (badness 10000) in paragraph at lines 453--453
\T1/lmr/m/n/8 de-ter-mine the
 []


Underfull \hbox (badness 10000) in paragraph at lines 453--453
\T1/lmr/m/n/8 with co-or-di-nates
 []


Underfull \hbox (badness 10000) in paragraph at lines 453--453
\T1/lmr/m/n/8 The notes then
 []


Underfull \hbox (badness 10000) in paragraph at lines 453--453
\T1/lmr/m/n/8 de-scribe how to
 []


Underfull \hbox (badness 10000) in paragraph at lines 453--453
\T1/lmr/m/n/8 con-straints are
 []


Underfull \hbox (badness 10000) in paragraph at lines 453--453
\T1/lmr/m/n/8 of $\OML/lmm/m/it/8 w[]$ \T1/lmr/m/n/8 and $\OML/lmm/m/it/8 x[]$\
T1/lmr/m/n/8 ,
 []


Underfull \hbox (badness 1062) in paragraph at lines 453--453
\T1/lmr/m/n/8 and the ob-jec-tive
 []


Underfull \hbox (badness 10000) in paragraph at lines 453--453
\T1/lmr/m/n/8 func-tion is up-
 []


Underfull \hbox (badness 10000) in paragraph at lines 453--453
\T1/lmr/m/n/8 The ba-sic and
 []


Underfull \hbox (badness 1466) in paragraph at lines 453--453
\T1/lmr/m/n/8 are iden-ti-fied un-
 []


Underfull \hbox (badness 1609) in paragraph at lines 453--453
\T1/lmr/m/n/8 der the rewrit-ten
 []


Underfull \hbox (badness 1014) in paragraph at lines 453--453
\T1/lmr/m/n/8 con-straints. The
 []


Underfull \hbox (badness 10000) in paragraph at lines 453--453
\T1/lmr/m/n/8 how to im-prove
 []


Underfull \hbox (badness 10000) in paragraph at lines 453--453
\T1/lmr/m/n/8 the so-lu-tion by
 []


Underfull \hbox (badness 10000) in paragraph at lines 453--453
\T1/lmr/m/n/8 The con-straints
 []


Underfull \hbox (badness 10000) in paragraph at lines 453--453
\T1/lmr/m/n/8 are an-a-lyzed to
 []


Underfull \hbox (badness 10000) in paragraph at lines 453--453
\T1/lmr/m/n/8 de-ter-mine the
 []


Underfull \hbox (badness 2600) in paragraph at lines 453--453
\T1/lmr/m/n/8 to a new ver-tex
 []


Underfull \hbox (badness 10000) in paragraph at lines 453--453
\T1/lmr/m/n/8 de-scribe how to
 []


Underfull \hbox (badness 10000) in paragraph at lines 453--453
\T1/lmr/m/n/8 con-straints are
 []


Underfull \hbox (badness 10000) in paragraph at lines 453--453
\T1/lmr/m/n/8 of $\OML/lmm/m/it/8 w[]$ \T1/lmr/m/n/8 and $\OML/lmm/m/it/8 w[]$\
T1/lmr/m/n/8 ,
 []


Underfull \hbox (badness 10000) in paragraph at lines 453--453
\T1/lmr/m/n/8 and the ex-pres-
 []


Underfull \hbox (badness 1783) in paragraph at lines 453--453
\T1/lmr/m/n/8 sions for $\OML/lmm/m/it/8 x[]$ \T1/lmr/m/n/8 and
 []


Underfull \hbox (badness 10000) in paragraph at lines 453--453
\OML/lmm/m/it/8 w[]$ \T1/lmr/m/n/8 are up-dated
 []


Underfull \hbox (badness 2435) in paragraph at lines 453--453
\T1/lmr/m/n/8 ob-jec-tive func-tion
 []


Underfull \hbox (badness 10000) in paragraph at lines 453--453
\T1/lmr/m/n/8 is up-dated by
 []


Underfull \hbox (badness 10000) in paragraph at lines 453--453
\T1/lmr/m/n/8 sub-sti-tut-ing the
 []


Underfull \hbox (badness 1902) in paragraph at lines 453--453
\T1/lmr/m/n/8 ex-pres-sion for $\OML/lmm/m/it/8 x[]$
 []


Underfull \hbox (badness 1924) in paragraph at lines 453--453
\T1/lmr/m/n/8 into the pre-vi-ous
 []


Underfull \hbox (badness 2582) in paragraph at lines 453--453
\T1/lmr/m/n/8 func-tion is $\OML/lmm/m/it/8  \OT1/lmr/m/n/8 =
 []


Underfull \hbox (badness 6961) in paragraph at lines 453--453
\T1/lmr/m/n/8 Since the co-ef-fi-
 []


Underfull \hbox (badness 1337) in paragraph at lines 453--453
\T1/lmr/m/n/8 cients of $\OML/lmm/m/it/8 w[]$ \T1/lmr/m/n/8 and
 []


Underfull \hbox (badness 4556) in paragraph at lines 453--453
\OML/lmm/m/it/8 w[]$ \T1/lmr/m/n/8 are neg-a-tive,
 []


Underfull \hbox (badness 2961) in paragraph at lines 453--453
\T1/lmr/m/n/8 the cur-rent so-lu-
 []


Underfull \hbox (badness 10000) in paragraph at lines 453--453
\T1/lmr/m/n/8 tion is op-ti-mal,
 []

[29] [30]
Overfull \vbox (499.33081pt too high) has occurred while \output is active []


[31 </Users/ashoksaravanan/Coding/ScribeLec/server/output/MA 421/lectures/2024-
08-27-ExSimplex/figures/14.1.png (PNG copy)>]
/Users/ashoksaravanan/Coding/ScribeLec/server/output/MA 421/lectures/2024-08-27
-ExSimplex/notes.tex:463: Undefined control sequence.
l.463 \circled
              {Ⅲ} \quad B \left( w_2 = 0, w_3 = 0 \right) \\
The control sequence at the end of the top line
of your error message was never \def'ed. If you have
misspelled it (e.g., `\hobx'), type `I' and the correct
spelling (e.g., `I\hbox'). Otherwise just continue,
and I'll forget about whatever was undefined.


/Users/ashoksaravanan/Coding/ScribeLec/server/output/MA 421/lectures/2024-08-27
-ExSimplex/notes.tex:463: LaTeX Error: Unicode character Ⅲ (U+2162)
               not set up for use with LaTeX.

See the LaTeX manual or LaTeX Companion for explanation.
Type  H <return>  for immediate help.
 ...                                              
                                                  
l.463 \circled{Ⅲ
                  } \quad B \left( w_2 = 0, w_3 = 0 \right) \\
You may provide a definition with
\DeclareUnicodeCharacter 

/Users/ashoksaravanan/Coding/ScribeLec/server/output/MA 421/lectures/2024-08-27
-ExSimplex/notes.tex:463: Missing $ inserted.
<inserted text> 
                $
l.463 \circled{Ⅲ} \quad B \left
                                 ( w_2 = 0, w_3 = 0 \right) \\
I've inserted a begin-math/end-math symbol since I think
you left one out. Proceed, with fingers crossed.

/Users/ashoksaravanan/Coding/ScribeLec/server/output/MA 421/lectures/2024-08-27
-ExSimplex/notes.tex:475: Missing $ inserted.
<inserted text> 
                $
l.475 \subsection
                 {Description}%
I've inserted a begin-math/end-math symbol since I think
you left one out. Proceed, with fingers crossed.

</Users/ashoksaravanan/Coding/ScribeLec/server/output/MA 421/lectures/2024-08-2
7-ExSimplex/figures/15.1.png, id=874, 572.1375pt x 772.8875pt>
File: /Users/ashoksaravanan/Coding/ScribeLec/server/output/MA 421/lectures/2024
-08-27-ExSimplex/figures/15.1.png Graphic file (type png)
<use /Users/ashoksaravanan/Coding/ScribeLec/server/output/MA 421/lectures/2024-
08-27-ExSimplex/figures/15.1.png>
Package pdftex.def Info: /Users/ashoksaravanan/Coding/ScribeLec/server/output/M
A 421/lectures/2024-08-27-ExSimplex/figures/15.1.png  used on input line 482.
(pdftex.def)             Requested size: 70.46037pt x 95.1837pt.

Underfull \hbox (badness 10000) in paragraph at lines 483--483
[]\T1/lmr/bx/n/8 (a) |\T1/lmr/m/n/8 Hand-writ-ten
 []


Underfull \hbox (badness 10000) in paragraph at lines 483--483
\T1/lmr/m/n/8 notes de-scrib-
 []


Underfull \hbox (badness 10000) in paragraph at lines 483--483
\T1/lmr/m/n/8 ing the fi-nal
 []


Underfull \hbox (badness 10000) in paragraph at lines 483--483
\T1/lmr/m/n/8 it-er-a-tion of the
 []


Underfull \hbox (badness 10000) in paragraph at lines 483--483
\T1/lmr/m/n/8 sim-plex method.
 []


Underfull \hbox (badness 10000) in paragraph at lines 483--483
\T1/lmr/m/n/8 The prob-lem
 []


Underfull \hbox (badness 10000) in paragraph at lines 483--483
\T1/lmr/m/n/8 is to max-i-mize
 []


Underfull \hbox (badness 2027) in paragraph at lines 483--483
\OML/lmm/m/it/8  \OT1/lmr/m/n/8 = 3\OML/lmm/m/it/8 x[] \OT1/lmr/m/n/8 + 2\OML/
lmm/m/it/8 x[]$
 []


Underfull \hbox (badness 7308) in paragraph at lines 483--483
\T1/lmr/m/n/8 sub-ject to three
 []


Underfull \hbox (badness 1014) in paragraph at lines 483--483
\T1/lmr/m/n/8 con-straints. The
 []


Underfull \hbox (badness 10000) in paragraph at lines 483--483
\T1/lmr/m/n/8 con-straints are
 []


Underfull \hbox (badness 2512) in paragraph at lines 483--483
\T1/lmr/m/n/8 where slack vari-
 []


Underfull \hbox (badness 10000) in paragraph at lines 483--483
\T1/lmr/m/n/8 ables $\OML/lmm/m/it/8 w[]; w[]; w[]$
 []


Underfull \hbox (badness 10000) in paragraph at lines 483--483
\T1/lmr/m/n/8 are ex-plic-itly
 []


Underfull \hbox (badness 10000) in paragraph at lines 483--483
\T1/lmr/m/n/8 de-fined. The
 []


Underfull \hbox (badness 10000) in paragraph at lines 483--483
\T1/lmr/m/n/8 are non-negative,
 []


Underfull \hbox (badness 3000) in paragraph at lines 483--483
\T1/lmr/m/n/8 as are the slack
 []


Underfull \hbox (badness 6708) in paragraph at lines 483--483
\T1/lmr/m/n/8 vari-ables. The
 []


Underfull \hbox (badness 10000) in paragraph at lines 483--483
\T1/lmr/m/n/8 notes show the
 []


Underfull \hbox (badness 10000) in paragraph at lines 483--483
\T1/lmr/m/n/8 fi-nal ob-jec-tive
 []


Underfull \hbox (badness 10000) in paragraph at lines 483--483
\T1/lmr/m/n/8 func-tion $\OML/lmm/m/it/8  \OT1/lmr/m/n/8 =
 []


Underfull \hbox (badness 10000) in paragraph at lines 483--483
\T1/lmr/m/n/8 the fi-nal con-
 []


Underfull \hbox (badness 2401) in paragraph at lines 483--483
\T1/lmr/m/n/8 straints, and the
 []


Underfull \hbox (badness 10000) in paragraph at lines 483--483
\T1/lmr/m/n/8 op-ti-mal so-lu-tion
 []


Underfull \hbox (badness 6859) in paragraph at lines 483--483
\T1/lmr/m/n/8 is at ver-tex B,
 []


Underfull \hbox (badness 10000) in paragraph at lines 483--483
\T1/lmr/m/n/8 max-i-mum value
 []

[32] [33 </Users/ashoksaravanan/Coding/ScribeLec/server/output/MA 421/lectures/
2024-08-27-ExSimplex/figures/15.1.png (PNG copy)>]
/Users/ashoksaravanan/Coding/ScribeLec/server/output/MA 421/lectures/2024-08-27
-ExSimplex/notes.tex:493: Missing $ inserted.
<inserted text> 
                $
l.493 3x_
         1 + 2x_2 = 22 \\
I've inserted a begin-math/end-math symbol since I think
you left one out. Proceed, with fingers crossed.

/Users/ashoksaravanan/Coding/ScribeLec/server/output/MA 421/lectures/2024-08-27
-ExSimplex/notes.tex:505: Missing $ inserted.
<inserted text> 
                $
l.505 \subsection
                 {Description}%
I've inserted a begin-math/end-math symbol since I think
you left one out. Proceed, with fingers crossed.

</Users/ashoksaravanan/Coding/ScribeLec/server/output/MA 421/lectures/2024-08-2
7-ExSimplex/figures/16.1.png, id=884, 1003.75pt x 1003.75pt>
File: /Users/ashoksaravanan/Coding/ScribeLec/server/output/MA 421/lectures/2024
-08-27-ExSimplex/figures/16.1.png Graphic file (type png)
<use /Users/ashoksaravanan/Coding/ScribeLec/server/output/MA 421/lectures/2024-
08-27-ExSimplex/figures/16.1.png>
Package pdftex.def Info: /Users/ashoksaravanan/Coding/ScribeLec/server/output/M
A 421/lectures/2024-08-27-ExSimplex/figures/16.1.png  used on input line 512.
(pdftex.def)             Requested size: 70.46037pt x 70.45346pt.

Underfull \hbox (badness 10000) in paragraph at lines 513--513
\T1/lmr/m/n/8 ing the fea-si-ble
 []


Underfull \hbox (badness 10000) in paragraph at lines 513--513
\T1/lmr/m/n/8 pro-gram-ming
 []


Underfull \hbox (badness 10000) in paragraph at lines 513--513
\T1/lmr/m/n/8 prob-lem. The
 []


Underfull \hbox (badness 2922) in paragraph at lines 513--513
\T1/lmr/m/n/8 graph shows two
 []


Underfull \hbox (badness 1242) in paragraph at lines 513--513
\T1/lmr/m/n/8 vari-ables, $\OML/lmm/m/it/8 x[]$ \T1/lmr/m/n/8 and
 []


Underfull \hbox (badness 10000) in paragraph at lines 513--513
\OML/lmm/m/it/8 x[]$\T1/lmr/m/n/8 , and three
 []


Underfull \hbox (badness 1014) in paragraph at lines 513--513
\T1/lmr/m/n/8 con-straints. The
 []


Underfull \hbox (badness 10000) in paragraph at lines 513--513
\T1/lmr/m/n/8 con-straints are
 []


Underfull \hbox (badness 10000) in paragraph at lines 513--513
\T1/lmr/m/n/8 rep-re-sented by
 []


Underfull \hbox (badness 10000) in paragraph at lines 513--513
\T1/lmr/m/n/8 lines, and the
 []


Underfull \hbox (badness 3417) in paragraph at lines 513--513
\T1/lmr/m/n/8 fea-si-ble re-gion is
 []


Underfull \hbox (badness 10000) in paragraph at lines 513--513
\T1/lmr/m/n/8 the area where
 []


Underfull \hbox (badness 10000) in paragraph at lines 513--513
\T1/lmr/m/n/8 all con-straints
 []


Underfull \hbox (badness 10000) in paragraph at lines 513--513
\T1/lmr/m/n/8 ver-tices of the
 []


Underfull \hbox (badness 2435) in paragraph at lines 513--513
\T1/lmr/m/n/8 ob-jec-tive func-tion
 []


Underfull \hbox (badness 10000) in paragraph at lines 513--513
\T1/lmr/m/n/8 which is rep-re-
 []


Underfull \hbox (badness 1199) in paragraph at lines 513--513
\T1/lmr/m/n/8 sented by a line.
 []

[34] [35 </Users/ashoksaravanan/Coding/ScribeLec/server/output/MA 421/lectures/
2024-08-27-ExSimplex/figures/16.1.png (PNG copy)>]
/Users/ashoksaravanan/Coding/ScribeLec/server/output/MA 421/lectures/2024-08-27
-ExSimplex/notes.tex:524: Missing $ inserted.
<inserted text> 
                $
l.524 \text{max } \zeta
                        = 5x_1 + 4x_2 + 3x_3 \\
I've inserted a begin-math/end-math symbol since I think
you left one out. Proceed, with fingers crossed.

/Users/ashoksaravanan/Coding/ScribeLec/server/output/MA 421/lectures/2024-08-27
-ExSimplex/notes.tex:539: Missing $ inserted.
<inserted text> 
                $
l.539 \subsection
                 {Description}%
I've inserted a begin-math/end-math symbol since I think
you left one out. Proceed, with fingers crossed.

</Users/ashoksaravanan/Coding/ScribeLec/server/output/MA 421/lectures/2024-08-2
7-ExSimplex/figures/17.1.png, id=894, 572.1375pt x 772.8875pt>
File: /Users/ashoksaravanan/Coding/ScribeLec/server/output/MA 421/lectures/2024
-08-27-ExSimplex/figures/17.1.png Graphic file (type png)
<use /Users/ashoksaravanan/Coding/ScribeLec/server/output/MA 421/lectures/2024-
08-27-ExSimplex/figures/17.1.png>
Package pdftex.def Info: /Users/ashoksaravanan/Coding/ScribeLec/server/output/M
A 421/lectures/2024-08-27-ExSimplex/figures/17.1.png  used on input line 546.
(pdftex.def)             Requested size: 70.46037pt x 95.1837pt.

Underfull \hbox (badness 10000) in paragraph at lines 547--547
[]\T1/lmr/bx/n/8 (a) |\T1/lmr/m/n/8 Hand-writ-ten
 []


Underfull \hbox (badness 10000) in paragraph at lines 547--547
\T1/lmr/m/n/8 notes de-scrib-ing
 []


Underfull \hbox (badness 10000) in paragraph at lines 547--547
\T1/lmr/m/n/8 ming prob-lem.
 []


Underfull \hbox (badness 10000) in paragraph at lines 547--547
\T1/lmr/m/n/8 The prob-lem
 []


Underfull \hbox (badness 10000) in paragraph at lines 547--547
\T1/lmr/m/n/8 is to max-i-mize
 []


Underfull \hbox (badness 7308) in paragraph at lines 547--547
\T1/lmr/m/n/8 sub-ject to three
 []


Underfull \hbox (badness 1014) in paragraph at lines 547--547
\T1/lmr/m/n/8 con-straints. The
 []


Underfull \hbox (badness 10000) in paragraph at lines 547--547
\T1/lmr/m/n/8 con-straints are
 []


Underfull \hbox (badness 2512) in paragraph at lines 547--547
\T1/lmr/m/n/8 where slack vari-
 []


Underfull \hbox (badness 10000) in paragraph at lines 547--547
\T1/lmr/m/n/8 ables $\OML/lmm/m/it/8 w[]; w[]; w[]$
 []


Underfull \hbox (badness 10000) in paragraph at lines 547--547
\T1/lmr/m/n/8 are ex-plic-itly
 []


Underfull \hbox (badness 10000) in paragraph at lines 547--547
\T1/lmr/m/n/8 de-fined. The
 []


Underfull \hbox (badness 10000) in paragraph at lines 547--547
\T1/lmr/m/n/8 are non-negative,
 []


Underfull \hbox (badness 3000) in paragraph at lines 547--547
\T1/lmr/m/n/8 as are the slack
 []


Underfull \hbox (badness 10000) in paragraph at lines 547--547
\T1/lmr/m/n/8 vari-ables. A
 []


Underfull \hbox (badness 3460) in paragraph at lines 547--547
\T1/lmr/m/n/8 red ar-row points
 []


Underfull \hbox (badness 2142) in paragraph at lines 547--547
\T1/lmr/m/n/8 from the orig-i-nal
 []


Underfull \hbox (badness 10000) in paragraph at lines 547--547
\T1/lmr/m/n/8 con-straints to
 []


Underfull \hbox (badness 10000) in paragraph at lines 547--547
\T1/lmr/m/n/8 the rewrit-ten
 []


Underfull \hbox (badness 10000) in paragraph at lines 547--547
\T1/lmr/m/n/8 con-straints with
 []

[36] [37 </Users/ashoksaravanan/Coding/ScribeLec/server/output/MA 421/lectures/
2024-08-27-ExSimplex/figures/17.1.png (PNG copy)>]
/Users/ashoksaravanan/Coding/ScribeLec/server/output/MA 421/lectures/2024-08-27
-ExSimplex/notes.tex:557: Missing $ inserted.
<inserted text> 
                $
l.557 \text{[V] p. 11} \quad \text{Set } x_
                                           1 = x_2 = x_3 = 0 \\
I've inserted a begin-math/end-math symbol since I think
you left one out. Proceed, with fingers crossed.

/Users/ashoksaravanan/Coding/ScribeLec/server/output/MA 421/lectures/2024-08-27
-ExSimplex/notes.tex:558: Undefined control sequence.
<recently read> \circled 
                         
l.558 \circled
              {Ⅰ} \quad \text{max } \zeta = 5x_1 + 4x_2 + 3x_3 \\
The control sequence at the end of the top line
of your error message was never \def'ed. If you have
misspelled it (e.g., `\hobx'), type `I' and the correct
spelling (e.g., `I\hbox'). Otherwise just continue,
and I'll forget about whatever was undefined.


/Users/ashoksaravanan/Coding/ScribeLec/server/output/MA 421/lectures/2024-08-27
-ExSimplex/notes.tex:558: LaTeX Error: Unicode character Ⅰ (U+2160)
               not set up for use with LaTeX.

See the LaTeX manual or LaTeX Companion for explanation.
Type  H <return>  for immediate help.
 ...                                              
                                                  
l.558 \circled{Ⅰ
                  } \quad \text{max } \zeta = 5x_1 + 4x_2 + 3x_3 \\
You may provide a definition with
\DeclareUnicodeCharacter 

/Users/ashoksaravanan/Coding/ScribeLec/server/output/MA 421/lectures/2024-08-27
-ExSimplex/notes.tex:573: Missing $ inserted.
<inserted text> 
                $
l.573 \subsection
                 {Description}%
I've inserted a begin-math/end-math symbol since I think
you left one out. Proceed, with fingers crossed.

</Users/ashoksaravanan/Coding/ScribeLec/server/output/MA 421/lectures/2024-08-2
7-ExSimplex/figures/18.1.png, id=905, 572.1375pt x 772.8875pt>
File: /Users/ashoksaravanan/Coding/ScribeLec/server/output/MA 421/lectures/2024
-08-27-ExSimplex/figures/18.1.png Graphic file (type png)
<use /Users/ashoksaravanan/Coding/ScribeLec/server/output/MA 421/lectures/2024-
08-27-ExSimplex/figures/18.1.png>
Package pdftex.def Info: /Users/ashoksaravanan/Coding/ScribeLec/server/output/M
A 421/lectures/2024-08-27-ExSimplex/figures/18.1.png  used on input line 580.
(pdftex.def)             Requested size: 70.46037pt x 95.1837pt.

Underfull \hbox (badness 10000) in paragraph at lines 581--581
[]\T1/lmr/bx/n/8 (a) |\T1/lmr/m/n/8 Hand-writ-ten
 []


Underfull \hbox (badness 10000) in paragraph at lines 581--581
\T1/lmr/m/n/8 notes de-scrib-ing
 []


Underfull \hbox (badness 10000) in paragraph at lines 581--581
\T1/lmr/m/n/8 ming prob-lem.
 []


Underfull \hbox (badness 10000) in paragraph at lines 581--581
\T1/lmr/m/n/8 The prob-lem
 []


Underfull \hbox (badness 10000) in paragraph at lines 581--581
\T1/lmr/m/n/8 is to max-i-mize
 []


Underfull \hbox (badness 7308) in paragraph at lines 581--581
\T1/lmr/m/n/8 sub-ject to three
 []


Underfull \hbox (badness 1014) in paragraph at lines 581--581
\T1/lmr/m/n/8 con-straints. The
 []


Underfull \hbox (badness 10000) in paragraph at lines 581--581
\T1/lmr/m/n/8 con-straints are
 []


Underfull \hbox (badness 2512) in paragraph at lines 581--581
\T1/lmr/m/n/8 where slack vari-
 []


Underfull \hbox (badness 10000) in paragraph at lines 581--581
\T1/lmr/m/n/8 ables $\OML/lmm/m/it/8 w[]; w[]; w[]$
 []


Underfull \hbox (badness 10000) in paragraph at lines 581--581
\T1/lmr/m/n/8 are ex-plic-itly
 []


Underfull \hbox (badness 10000) in paragraph at lines 581--581
\T1/lmr/m/n/8 de-fined. The
 []


Underfull \hbox (badness 10000) in paragraph at lines 581--581
\T1/lmr/m/n/8 are non-negative,
 []


Underfull \hbox (badness 3000) in paragraph at lines 581--581
\T1/lmr/m/n/8 as are the slack
 []


Underfull \hbox (badness 10000) in paragraph at lines 581--581
\T1/lmr/m/n/8 vari-ables. A
 []


Underfull \hbox (badness 3460) in paragraph at lines 581--581
\T1/lmr/m/n/8 red ar-row points
 []


Underfull \hbox (badness 2142) in paragraph at lines 581--581
\T1/lmr/m/n/8 from the orig-i-nal
 []


Underfull \hbox (badness 10000) in paragraph at lines 581--581
\T1/lmr/m/n/8 rewrit-ten con-
 []


Underfull \hbox (badness 6708) in paragraph at lines 581--581
\T1/lmr/m/n/8 vari-ables. The
 []


Underfull \hbox (badness 6078) in paragraph at lines 581--581
\T1/lmr/m/n/8 ini-tial set-ting of
 []

[38] [39 </Users/ashoksaravanan/Coding/ScribeLec/server/output/MA 421/lectures/
2024-08-27-ExSimplex/figures/18.1.png (PNG copy)>]
/Users/ashoksaravanan/Coding/ScribeLec/server/output/MA 421/lectures/2024-08-27
-ExSimplex/notes.tex:591: Missing $ inserted.
<inserted text> 
                $
l.591 [V] p. 11 \quad \text{Set } x_
                                    1 = x_2 = x_3 = 0 \\
I've inserted a begin-math/end-math symbol since I think
you left one out. Proceed, with fingers crossed.

/Users/ashoksaravanan/Coding/ScribeLec/server/output/MA 421/lectures/2024-08-27
-ExSimplex/notes.tex:607: Missing $ inserted.
<inserted text> 
                $
l.607 \subsection
                 {Description}%
I've inserted a begin-math/end-math symbol since I think
you left one out. Proceed, with fingers crossed.

</Users/ashoksaravanan/Coding/ScribeLec/server/output/MA 421/lectures/2024-08-2
7-ExSimplex/figures/19.1.png, id=915, 572.1375pt x 772.8875pt>
File: /Users/ashoksaravanan/Coding/ScribeLec/server/output/MA 421/lectures/2024
-08-27-ExSimplex/figures/19.1.png Graphic file (type png)
<use /Users/ashoksaravanan/Coding/ScribeLec/server/output/MA 421/lectures/2024-
08-27-ExSimplex/figures/19.1.png>
Package pdftex.def Info: /Users/ashoksaravanan/Coding/ScribeLec/server/output/M
A 421/lectures/2024-08-27-ExSimplex/figures/19.1.png  used on input line 614.
(pdftex.def)             Requested size: 70.46037pt x 95.1837pt.

Underfull \hbox (badness 10000) in paragraph at lines 615--615
[]\T1/lmr/bx/n/8 (a) |\T1/lmr/m/n/8 Hand-writ-ten
 []


Underfull \hbox (badness 10000) in paragraph at lines 615--615
\T1/lmr/m/n/8 notes de-scrib-ing
 []


Underfull \hbox (badness 10000) in paragraph at lines 615--615
\T1/lmr/m/n/8 ming prob-lem.
 []


Underfull \hbox (badness 10000) in paragraph at lines 615--615
\T1/lmr/m/n/8 The prob-lem
 []


Underfull \hbox (badness 10000) in paragraph at lines 615--615
\T1/lmr/m/n/8 is to max-i-mize
 []


Underfull \hbox (badness 7308) in paragraph at lines 615--615
\T1/lmr/m/n/8 sub-ject to three
 []


Underfull \hbox (badness 1014) in paragraph at lines 615--615
\T1/lmr/m/n/8 con-straints. The
 []


Underfull \hbox (badness 10000) in paragraph at lines 615--615
\T1/lmr/m/n/8 con-straints are
 []


Underfull \hbox (badness 2512) in paragraph at lines 615--615
\T1/lmr/m/n/8 where slack vari-
 []


Underfull \hbox (badness 10000) in paragraph at lines 615--615
\T1/lmr/m/n/8 ables $\OML/lmm/m/it/8 w[]; w[]; w[]$
 []


Underfull \hbox (badness 10000) in paragraph at lines 615--615
\T1/lmr/m/n/8 are ex-plic-itly
 []


Underfull \hbox (badness 10000) in paragraph at lines 615--615
\T1/lmr/m/n/8 de-fined. The
 []


Underfull \hbox (badness 10000) in paragraph at lines 615--615
\T1/lmr/m/n/8 are non-negative,
 []


Underfull \hbox (badness 3000) in paragraph at lines 615--615
\T1/lmr/m/n/8 as are the slack
 []


Underfull \hbox (badness 10000) in paragraph at lines 615--615
\T1/lmr/m/n/8 vari-ables. A
 []


Underfull \hbox (badness 3460) in paragraph at lines 615--615
\T1/lmr/m/n/8 red ar-row points
 []


Underfull \hbox (badness 2142) in paragraph at lines 615--615
\T1/lmr/m/n/8 from the orig-i-nal
 []


Underfull \hbox (badness 10000) in paragraph at lines 615--615
\T1/lmr/m/n/8 rewrit-ten con-
 []


Underfull \hbox (badness 6708) in paragraph at lines 615--615
\T1/lmr/m/n/8 vari-ables. The
 []


Underfull \hbox (badness 6078) in paragraph at lines 615--615
\T1/lmr/m/n/8 ini-tial set-ting of
 []


Underfull \hbox (badness 5924) in paragraph at lines 615--615
\T1/lmr/m/n/8 is also spec-i-fied.
 []


Underfull \hbox (badness 10000) in paragraph at lines 615--615
\T1/lmr/m/n/8 The con-straints
 []


Underfull \hbox (badness 2781) in paragraph at lines 615--615
\T1/lmr/m/n/8 to de-ter-mine the
 []


Underfull \hbox (badness 2809) in paragraph at lines 615--615
\OML/lmm/m/it/8 x[]$ \T1/lmr/m/n/8 while keep-ing
 []


Underfull \hbox (badness 10000) in paragraph at lines 615--615
\T1/lmr/m/n/8 main-tain-ing non-
 []


Underfull \hbox (badness 3271) in paragraph at lines 615--615
\T1/lmr/m/n/8 negativity of the
 []

[40] [41 </Users/ashoksaravanan/Coding/ScribeLec/server/output/MA 421/lectures/
2024-08-27-ExSimplex/figures/19.1.png (PNG copy)>]
/Users/ashoksaravanan/Coding/ScribeLec/server/output/MA 421/lectures/2024-08-27
-ExSimplex/notes.tex:625: Missing $ inserted.
<inserted text> 
                $
l.625 [V] p. 11 \quad \text{Set } x_
                                    1 = x_2 = x_3 = 0 \\
I've inserted a begin-math/end-math symbol since I think
you left one out. Proceed, with fingers crossed.

/Users/ashoksaravanan/Coding/ScribeLec/server/output/MA 421/lectures/2024-08-27
-ExSimplex/notes.tex:642: Missing $ inserted.
<inserted text> 
                $
l.642 \subsection
                 {Description}%
I've inserted a begin-math/end-math symbol since I think
you left one out. Proceed, with fingers crossed.

</Users/ashoksaravanan/Coding/ScribeLec/server/output/MA 421/lectures/2024-08-2
7-ExSimplex/figures/20.1.png, id=925, 572.1375pt x 772.8875pt>
File: /Users/ashoksaravanan/Coding/ScribeLec/server/output/MA 421/lectures/2024
-08-27-ExSimplex/figures/20.1.png Graphic file (type png)
<use /Users/ashoksaravanan/Coding/ScribeLec/server/output/MA 421/lectures/2024-
08-27-ExSimplex/figures/20.1.png>
Package pdftex.def Info: /Users/ashoksaravanan/Coding/ScribeLec/server/output/M
A 421/lectures/2024-08-27-ExSimplex/figures/20.1.png  used on input line 649.
(pdftex.def)             Requested size: 70.46037pt x 95.1837pt.

Underfull \hbox (badness 10000) in paragraph at lines 650--650
[]\T1/lmr/bx/n/8 (a) |\T1/lmr/m/n/8 Hand-writ-ten
 []


Underfull \hbox (badness 10000) in paragraph at lines 650--650
\T1/lmr/m/n/8 notes de-scrib-ing
 []


Underfull \hbox (badness 10000) in paragraph at lines 650--650
\T1/lmr/m/n/8 ming prob-lem.
 []


Underfull \hbox (badness 10000) in paragraph at lines 650--650
\T1/lmr/m/n/8 The prob-lem
 []


Underfull \hbox (badness 10000) in paragraph at lines 650--650
\T1/lmr/m/n/8 is to max-i-mize
 []


Underfull \hbox (badness 7308) in paragraph at lines 650--650
\T1/lmr/m/n/8 sub-ject to three
 []


Underfull \hbox (badness 1014) in paragraph at lines 650--650
\T1/lmr/m/n/8 con-straints. The
 []


Underfull \hbox (badness 10000) in paragraph at lines 650--650
\T1/lmr/m/n/8 con-straints are
 []


Underfull \hbox (badness 2512) in paragraph at lines 650--650
\T1/lmr/m/n/8 where slack vari-
 []


Underfull \hbox (badness 10000) in paragraph at lines 650--650
\T1/lmr/m/n/8 ables $\OML/lmm/m/it/8 w[]; w[]; w[]$
 []


Underfull \hbox (badness 10000) in paragraph at lines 650--650
\T1/lmr/m/n/8 are ex-plic-itly
 []


Underfull \hbox (badness 10000) in paragraph at lines 650--650
\T1/lmr/m/n/8 de-fined. The
 []


Underfull \hbox (badness 10000) in paragraph at lines 650--650
\T1/lmr/m/n/8 are non-negative,
 []


Underfull \hbox (badness 3000) in paragraph at lines 650--650
\T1/lmr/m/n/8 as are the slack
 []


Underfull \hbox (badness 10000) in paragraph at lines 650--650
\T1/lmr/m/n/8 vari-ables. A
 []


Underfull \hbox (badness 3460) in paragraph at lines 650--650
\T1/lmr/m/n/8 red ar-row points
 []


Underfull \hbox (badness 2142) in paragraph at lines 650--650
\T1/lmr/m/n/8 from the orig-i-nal
 []


Underfull \hbox (badness 10000) in paragraph at lines 650--650
\T1/lmr/m/n/8 rewrit-ten con-
 []


Underfull \hbox (badness 6708) in paragraph at lines 650--650
\T1/lmr/m/n/8 vari-ables. The
 []


Underfull \hbox (badness 6078) in paragraph at lines 650--650
\T1/lmr/m/n/8 ini-tial set-ting of
 []


Underfull \hbox (badness 5924) in paragraph at lines 650--650
\T1/lmr/m/n/8 is also spec-i-fied.
 []


Underfull \hbox (badness 10000) in paragraph at lines 650--650
\T1/lmr/m/n/8 The con-straints
 []


Underfull \hbox (badness 2781) in paragraph at lines 650--650
\T1/lmr/m/n/8 to de-ter-mine the
 []


Underfull \hbox (badness 2809) in paragraph at lines 650--650
\OML/lmm/m/it/8 x[]$ \T1/lmr/m/n/8 while keep-ing
 []


Underfull \hbox (badness 1997) in paragraph at lines 650--650
\OML/lmm/m/it/8 x[] \OT1/lmr/m/n/8 = \OML/lmm/m/it/8 x[] \OT1/lmr/m/n/8 = 0$
 []


Underfull \hbox (badness 10000) in paragraph at lines 650--650
\T1/lmr/m/n/8 and main-tain-ing
 []


Underfull \hbox (badness 10000) in paragraph at lines 650--650
\T1/lmr/m/n/8 non-negativity of
 []


Underfull \hbox (badness 10000) in paragraph at lines 650--650
\T1/lmr/m/n/8 The most strict
 []


Underfull \hbox (badness 10000) in paragraph at lines 650--650
\T1/lmr/m/n/8 then rewrit-ten
 []


Underfull \hbox (badness 2020) in paragraph at lines 650--650
\T1/lmr/m/n/8 to ex-press $\OML/lmm/m/it/8 x[]$ \T1/lmr/m/n/8 in
 []


Underfull \hbox (badness 1082) in paragraph at lines 650--650
\T1/lmr/m/n/8 of $\OML/lmm/m/it/8 w[]; x[]; x[]$\T1/lmr/m/n/8 . A
 []


Underfull \hbox (badness 10000) in paragraph at lines 650--650
\T1/lmr/m/n/8 strict con-straint
 []


Underfull \hbox (badness 10000) in paragraph at lines 650--650
\T1/lmr/m/n/8 is high-lighted.
 []


Underfull \hbox (badness 10000) in paragraph at lines 650--650
\T1/lmr/m/n/8 The pro-cess of
 []


Underfull \hbox (badness 10000) in paragraph at lines 650--650
\T1/lmr/m/n/8 in-ter-chang-ing $\OML/lmm/m/it/8 x[]$
 []

[42] [43]
Overfull \vbox (27.04523pt too high) has occurred while \output is active []


[44 </Users/ashoksaravanan/Coding/ScribeLec/server/output/MA 421/lectures/2024-
08-27-ExSimplex/figures/20.1.png (PNG copy)>]
/Users/ashoksaravanan/Coding/ScribeLec/server/output/MA 421/lectures/2024-08-27
-ExSimplex/notes.tex:660: Missing $ inserted.
<inserted text> 
                $
l.660 [V] p. 11 \quad \text{Set } x_
                                    1 = x_2 = x_3 = 0 \\
I've inserted a begin-math/end-math symbol since I think
you left one out. Proceed, with fingers crossed.

/Users/ashoksaravanan/Coding/ScribeLec/server/output/MA 421/lectures/2024-08-27
-ExSimplex/notes.tex:671: Missing $ inserted.
<inserted text> 
                $
l.671 \subsection
                 {Description}%
I've inserted a begin-math/end-math symbol since I think
you left one out. Proceed, with fingers crossed.

</Users/ashoksaravanan/Coding/ScribeLec/server/output/MA 421/lectures/2024-08-2
7-ExSimplex/figures/21.1.png, id=940, 572.1375pt x 772.8875pt>
File: /Users/ashoksaravanan/Coding/ScribeLec/server/output/MA 421/lectures/2024
-08-27-ExSimplex/figures/21.1.png Graphic file (type png)
<use /Users/ashoksaravanan/Coding/ScribeLec/server/output/MA 421/lectures/2024-
08-27-ExSimplex/figures/21.1.png>
Package pdftex.def Info: /Users/ashoksaravanan/Coding/ScribeLec/server/output/M
A 421/lectures/2024-08-27-ExSimplex/figures/21.1.png  used on input line 678.
(pdftex.def)             Requested size: 70.46037pt x 95.1837pt.

Underfull \hbox (badness 10000) in paragraph at lines 679--679
[]\T1/lmr/bx/n/8 (a) |\T1/lmr/m/n/8 Hand-writ-ten
 []


Underfull \hbox (badness 10000) in paragraph at lines 679--679
\T1/lmr/m/n/8 notes de-scrib-ing
 []


Underfull \hbox (badness 10000) in paragraph at lines 679--679
\T1/lmr/m/n/8 ming prob-lem.
 []


Underfull \hbox (badness 10000) in paragraph at lines 679--679
\T1/lmr/m/n/8 The prob-lem
 []


Underfull \hbox (badness 10000) in paragraph at lines 679--679
\T1/lmr/m/n/8 is to max-i-mize
 []


Underfull \hbox (badness 7308) in paragraph at lines 679--679
\T1/lmr/m/n/8 sub-ject to three
 []


Underfull \hbox (badness 1014) in paragraph at lines 679--679
\T1/lmr/m/n/8 con-straints. The
 []


Underfull \hbox (badness 10000) in paragraph at lines 679--679
\T1/lmr/m/n/8 con-straints are
 []


Underfull \hbox (badness 2512) in paragraph at lines 679--679
\T1/lmr/m/n/8 where slack vari-
 []


Underfull \hbox (badness 10000) in paragraph at lines 679--679
\T1/lmr/m/n/8 ables $\OML/lmm/m/it/8 w[]; w[]; w[]$
 []


Underfull \hbox (badness 10000) in paragraph at lines 679--679
\T1/lmr/m/n/8 are ex-plic-itly
 []


Underfull \hbox (badness 10000) in paragraph at lines 679--679
\T1/lmr/m/n/8 de-fined. The
 []


Underfull \hbox (badness 10000) in paragraph at lines 679--679
\T1/lmr/m/n/8 are non-negative,
 []


Underfull \hbox (badness 3000) in paragraph at lines 679--679
\T1/lmr/m/n/8 as are the slack
 []


Underfull \hbox (badness 10000) in paragraph at lines 679--679
\T1/lmr/m/n/8 func-tion where
 []


Underfull \hbox (badness 10000) in paragraph at lines 679--679
\OML/lmm/m/it/8 x[]$ \T1/lmr/m/n/8 is re-placed
 []


Underfull \hbox (badness 10000) in paragraph at lines 679--679
\T1/lmr/m/n/8 for $\OML/lmm/m/it/8 w[]$\T1/lmr/m/n/8 . The
 []


Underfull \hbox (badness 6078) in paragraph at lines 679--679
\T1/lmr/m/n/8 ini-tial set-ting of
 []


Underfull \hbox (badness 5924) in paragraph at lines 679--679
\T1/lmr/m/n/8 is also spec-i-fied.
 []


Underfull \hbox (badness 10000) in paragraph at lines 679--679
\T1/lmr/m/n/8 The con-straints
 []


Underfull \hbox (badness 2781) in paragraph at lines 679--679
\T1/lmr/m/n/8 to de-ter-mine the
 []


Underfull \hbox (badness 2809) in paragraph at lines 679--679
\OML/lmm/m/it/8 x[]$ \T1/lmr/m/n/8 while keep-ing
 []


Underfull \hbox (badness 1997) in paragraph at lines 679--679
\OML/lmm/m/it/8 x[] \OT1/lmr/m/n/8 = \OML/lmm/m/it/8 x[] \OT1/lmr/m/n/8 = 0$
 []


Underfull \hbox (badness 10000) in paragraph at lines 679--679
\T1/lmr/m/n/8 and main-tain-ing
 []


Underfull \hbox (badness 10000) in paragraph at lines 679--679
\T1/lmr/m/n/8 non-negativity of
 []


Underfull \hbox (badness 10000) in paragraph at lines 679--679
\T1/lmr/m/n/8 The most strict
 []


Underfull \hbox (badness 10000) in paragraph at lines 679--679
\T1/lmr/m/n/8 then rewrit-ten
 []


Underfull \hbox (badness 2020) in paragraph at lines 679--679
\T1/lmr/m/n/8 to ex-press $\OML/lmm/m/it/8 x[]$ \T1/lmr/m/n/8 in
 []


Underfull \hbox (badness 1082) in paragraph at lines 679--679
\T1/lmr/m/n/8 of $\OML/lmm/m/it/8 w[]; x[]; x[]$\T1/lmr/m/n/8 . A
 []


Underfull \hbox (badness 10000) in paragraph at lines 679--679
\T1/lmr/m/n/8 strict con-straint
 []


Underfull \hbox (badness 10000) in paragraph at lines 679--679
\T1/lmr/m/n/8 is high-lighted.
 []


Underfull \hbox (badness 10000) in paragraph at lines 679--679
\T1/lmr/m/n/8 The pro-cess of
 []


Underfull \hbox (badness 10000) in paragraph at lines 679--679
\T1/lmr/m/n/8 in-ter-chang-ing $\OML/lmm/m/it/8 x[]$
 []


Underfull \hbox (badness 1365) in paragraph at lines 679--679
\T1/lmr/m/n/8 itly noted. The
 []


Underfull \hbox (badness 2435) in paragraph at lines 679--679
\T1/lmr/m/n/8 ob-jec-tive func-tion
 []


Underfull \hbox (badness 10000) in paragraph at lines 679--679
\T1/lmr/m/n/8 is rewrit-ten to
 []

[45] [46]
Overfull \vbox (84.04523pt too high) has occurred while \output is active []


[47 </Users/ashoksaravanan/Coding/ScribeLec/server/output/MA 421/lectures/2024-
08-27-ExSimplex/figures/21.1.png (PNG copy)>]
/Users/ashoksaravanan/Coding/ScribeLec/server/output/MA 421/lectures/2024-08-27
-ExSimplex/notes.tex:689: Missing $ inserted.
<inserted text> 
                $
l.689 [V] p. 11 \quad \text{Set } w_
                                    1 = 0, x_2 = 0, x_3 = 0 \\
I've inserted a begin-math/end-math symbol since I think
you left one out. Proceed, with fingers crossed.

/Users/ashoksaravanan/Coding/ScribeLec/server/output/MA 421/lectures/2024-08-27
-ExSimplex/notes.tex:699: Missing $ inserted.
<inserted text> 
                $
l.699 \subsection
                 {Description}%
I've inserted a begin-math/end-math symbol since I think
you left one out. Proceed, with fingers crossed.

</Users/ashoksaravanan/Coding/ScribeLec/server/output/MA 421/lectures/2024-08-2
7-ExSimplex/figures/22.1.png, id=954, 572.1375pt x 772.8875pt>
File: /Users/ashoksaravanan/Coding/ScribeLec/server/output/MA 421/lectures/2024
-08-27-ExSimplex/figures/22.1.png Graphic file (type png)
<use /Users/ashoksaravanan/Coding/ScribeLec/server/output/MA 421/lectures/2024-
08-27-ExSimplex/figures/22.1.png>
Package pdftex.def Info: /Users/ashoksaravanan/Coding/ScribeLec/server/output/M
A 421/lectures/2024-08-27-ExSimplex/figures/22.1.png  used on input line 706.
(pdftex.def)             Requested size: 70.46037pt x 95.1837pt.

Underfull \hbox (badness 10000) in paragraph at lines 707--707
[]\T1/lmr/bx/n/8 (a) |\T1/lmr/m/n/8 Hand-writ-ten
 []


Underfull \hbox (badness 10000) in paragraph at lines 707--707
\T1/lmr/m/n/8 which in-cludes
 []


Underfull \hbox (badness 10000) in paragraph at lines 707--707
\T1/lmr/m/n/8 The con-straints
 []


Underfull \hbox (badness 10000) in paragraph at lines 707--707
\T1/lmr/m/n/8 to ex-press the
 []


Underfull \hbox (badness 10000) in paragraph at lines 707--707
\T1/lmr/m/n/8 ba-sic vari-ables
 []


Underfull \hbox (badness 10000) in paragraph at lines 707--707
\T1/lmr/m/n/8 ($\OML/lmm/m/it/8 x[]; w[]; w[]$\T1/lmr/m/n/8 ) in
 []


Underfull \hbox (badness 10000) in paragraph at lines 707--707
\T1/lmr/m/n/8 terms of the
 []


Underfull \hbox (badness 10000) in paragraph at lines 707--707
\T1/lmr/m/n/8 non-negativity
 []


Underfull \hbox (badness 10000) in paragraph at lines 707--707
\T1/lmr/m/n/8 con-straints are
 []


Underfull \hbox (badness 10000) in paragraph at lines 707--707
\T1/lmr/m/n/8 ex-plic-itly stated.
 []


Underfull \hbox (badness 10000) in paragraph at lines 707--707
\T1/lmr/m/n/8 and "non-basic"
 []


Underfull \hbox (badness 10000) in paragraph at lines 707--707
\T1/lmr/m/n/8 which vari-ables
 []


Underfull \hbox (badness 10000) in paragraph at lines 707--707
\T1/lmr/m/n/8 be-long to each
 []


Underfull \hbox (badness 10000) in paragraph at lines 707--707
\T1/lmr/m/n/8 cat-e-gory. The
 []


Underfull \hbox (badness 10000) in paragraph at lines 707--707
\T1/lmr/m/n/8 ini-tial val-ues of
 []


Underfull \hbox (badness 1701) in paragraph at lines 707--707
\OML/lmm/m/it/8 w[]; x[]; x[]$ \T1/lmr/m/n/8 are set
 []

[48] [49 </Users/ashoksaravanan/Coding/ScribeLec/server/output/MA 421/lectures/
2024-08-27-ExSimplex/figures/22.1.png (PNG copy)>]
/Users/ashoksaravanan/Coding/ScribeLec/server/output/MA 421/lectures/2024-08-27
-ExSimplex/notes.tex:717: Missing $ inserted.
<inserted text> 
                $
l.717 [V] p. 11 \quad \text{Set } w_
                                    1 = 0, x_2 = 0, x_3 = 0 \\
I've inserted a begin-math/end-math symbol since I think
you left one out. Proceed, with fingers crossed.

/Users/ashoksaravanan/Coding/ScribeLec/server/output/MA 421/lectures/2024-08-27
-ExSimplex/notes.tex:731: Missing $ inserted.
<inserted text> 
                $
l.731 \subsection
                 {Description}%
I've inserted a begin-math/end-math symbol since I think
you left one out. Proceed, with fingers crossed.

</Users/ashoksaravanan/Coding/ScribeLec/server/output/MA 421/lectures/2024-08-2
7-ExSimplex/figures/23.1.png, id=966, 572.1375pt x 772.8875pt>
File: /Users/ashoksaravanan/Coding/ScribeLec/server/output/MA 421/lectures/2024
-08-27-ExSimplex/figures/23.1.png Graphic file (type png)
<use /Users/ashoksaravanan/Coding/ScribeLec/server/output/MA 421/lectures/2024-
08-27-ExSimplex/figures/23.1.png>
Package pdftex.def Info: /Users/ashoksaravanan/Coding/ScribeLec/server/output/M
A 421/lectures/2024-08-27-ExSimplex/figures/23.1.png  used on input line 738.
(pdftex.def)             Requested size: 70.46037pt x 95.1837pt.

Underfull \hbox (badness 10000) in paragraph at lines 739--739
[]\T1/lmr/bx/n/8 (a) |\T1/lmr/m/n/8 Hand-writ-ten
 []


Underfull \hbox (badness 10000) in paragraph at lines 739--739
\T1/lmr/m/n/8 which in-cludes
 []


Underfull \hbox (badness 10000) in paragraph at lines 739--739
\T1/lmr/m/n/8 The con-straints
 []


Underfull \hbox (badness 10000) in paragraph at lines 739--739
\T1/lmr/m/n/8 to ex-press the
 []


Underfull \hbox (badness 10000) in paragraph at lines 739--739
\T1/lmr/m/n/8 ba-sic vari-ables
 []


Underfull \hbox (badness 10000) in paragraph at lines 739--739
\T1/lmr/m/n/8 ($\OML/lmm/m/it/8 x[]; w[]; w[]$\T1/lmr/m/n/8 ) in
 []


Underfull \hbox (badness 10000) in paragraph at lines 739--739
\T1/lmr/m/n/8 terms of the
 []


Underfull \hbox (badness 10000) in paragraph at lines 739--739
\T1/lmr/m/n/8 non-negativity
 []


Underfull \hbox (badness 10000) in paragraph at lines 739--739
\T1/lmr/m/n/8 con-straints are
 []


Underfull \hbox (badness 10000) in paragraph at lines 739--739
\T1/lmr/m/n/8 ex-plic-itly stated.
 []


Underfull \hbox (badness 10000) in paragraph at lines 739--739
\T1/lmr/m/n/8 and "non-basic"
 []


Underfull \hbox (badness 10000) in paragraph at lines 739--739
\T1/lmr/m/n/8 which vari-ables
 []


Underfull \hbox (badness 10000) in paragraph at lines 739--739
\T1/lmr/m/n/8 be-long to each
 []


Underfull \hbox (badness 10000) in paragraph at lines 739--739
\T1/lmr/m/n/8 cat-e-gory. The
 []


Underfull \hbox (badness 10000) in paragraph at lines 739--739
\T1/lmr/m/n/8 ini-tial val-ues of
 []


Underfull \hbox (badness 1701) in paragraph at lines 739--739
\OML/lmm/m/it/8 w[]; x[]; x[]$ \T1/lmr/m/n/8 are set
 []


Underfull \hbox (badness 1132) in paragraph at lines 739--739
\T1/lmr/m/n/8 to 0. The next
 []


Underfull \hbox (badness 2809) in paragraph at lines 739--739
\OML/lmm/m/it/8 x[]$ \T1/lmr/m/n/8 while keep-ing
 []


Underfull \hbox (badness 10000) in paragraph at lines 739--739
\T1/lmr/m/n/8 The con-straints
 []


Underfull \hbox (badness 10000) in paragraph at lines 739--739
\T1/lmr/m/n/8 are an-a-lyzed to
 []


Underfull \hbox (badness 10000) in paragraph at lines 739--739
\T1/lmr/m/n/8 de-ter-mine the
 []


Underfull \hbox (badness 10000) in paragraph at lines 739--739
\T1/lmr/m/n/8 non-negativity of
 []


Underfull \hbox (badness 1009) in paragraph at lines 739--739
\T1/lmr/m/n/8 The most re-stric-
 []


Underfull \hbox (badness 2469) in paragraph at lines 739--739
\T1/lmr/m/n/8 tive con-straint is
 []

[50] [51 </Users/ashoksaravanan/Coding/ScribeLec/server/output/MA 421/lectures/
2024-08-27-ExSimplex/figures/23.1.png (PNG copy)>]
/Users/ashoksaravanan/Coding/ScribeLec/server/output/MA 421/lectures/2024-08-27
-ExSimplex/notes.tex:749: Missing $ inserted.
<inserted text> 
                $
l.749 [V] p. 11 \quad \text{Set } w_
                                    1 = 0, x_2 = 0, w_3 = 0 \\
I've inserted a begin-math/end-math symbol since I think
you left one out. Proceed, with fingers crossed.

/Users/ashoksaravanan/Coding/ScribeLec/server/output/MA 421/lectures/2024-08-27
-ExSimplex/notes.tex:762: Missing $ inserted.
<inserted text> 
                $
l.762 \subsection
                 {Description}%
I've inserted a begin-math/end-math symbol since I think
you left one out. Proceed, with fingers crossed.

</Users/ashoksaravanan/Coding/ScribeLec/server/output/MA 421/lectures/2024-08-2
7-ExSimplex/figures/24.1.png, id=976, 572.1375pt x 772.8875pt>
File: /Users/ashoksaravanan/Coding/ScribeLec/server/output/MA 421/lectures/2024
-08-27-ExSimplex/figures/24.1.png Graphic file (type png)
<use /Users/ashoksaravanan/Coding/ScribeLec/server/output/MA 421/lectures/2024-
08-27-ExSimplex/figures/24.1.png>
Package pdftex.def Info: /Users/ashoksaravanan/Coding/ScribeLec/server/output/M
A 421/lectures/2024-08-27-ExSimplex/figures/24.1.png  used on input line 769.
(pdftex.def)             Requested size: 70.46037pt x 95.1837pt.

Underfull \hbox (badness 10000) in paragraph at lines 770--770
[]\T1/lmr/bx/n/8 (a) |\T1/lmr/m/n/8 Hand-writ-ten
 []


Underfull \hbox (badness 10000) in paragraph at lines 770--770
\T1/lmr/m/n/8 sim-plex method.
 []


Underfull \hbox (badness 10000) in paragraph at lines 770--770
\T1/lmr/m/n/8 The ob-jec-tive
 []


Underfull \hbox (badness 2261) in paragraph at lines 770--770
\T1/lmr/m/n/8 straints from the
 []


Underfull \hbox (badness 2809) in paragraph at lines 770--770
\OML/lmm/m/it/8 x[]$ \T1/lmr/m/n/8 while keep-ing
 []


Underfull \hbox (badness 1253) in paragraph at lines 770--770
\OML/lmm/m/it/8 w[] \OT1/lmr/m/n/8 = \OML/lmm/m/it/8 x[] \OT1/lmr/m/n/8 = 0$\T1
/lmr/m/n/8 .
 []


Underfull \hbox (badness 10000) in paragraph at lines 770--770
\T1/lmr/m/n/8 The con-straints
 []


Underfull \hbox (badness 10000) in paragraph at lines 770--770
\T1/lmr/m/n/8 are an-a-lyzed to
 []


Underfull \hbox (badness 10000) in paragraph at lines 770--770
\T1/lmr/m/n/8 de-ter-mine the
 []


Underfull \hbox (badness 10000) in paragraph at lines 770--770
\T1/lmr/m/n/8 max-i-mum al-low-
 []


Underfull \hbox (badness 2443) in paragraph at lines 770--770
\T1/lmr/m/n/8 while main-tain-ing
 []


Underfull \hbox (badness 10000) in paragraph at lines 770--770
\T1/lmr/m/n/8 non-negativity of
 []


Underfull \hbox (badness 1009) in paragraph at lines 770--770
\T1/lmr/m/n/8 The most re-stric-
 []


Underfull \hbox (badness 10000) in paragraph at lines 770--770
\T1/lmr/m/n/8 tive con-straint
 []


Underfull \hbox (badness 10000) in paragraph at lines 770--770
\T1/lmr/m/n/8 is used to set
 []


Underfull \hbox (badness 10000) in paragraph at lines 770--770
\T1/lmr/m/n/8 equa-tions are
 []


Underfull \hbox (badness 10000) in paragraph at lines 770--770
\T1/lmr/m/n/8 then rewrit-ten
 []


Underfull \hbox (badness 2020) in paragraph at lines 770--770
\T1/lmr/m/n/8 to ex-press $\OML/lmm/m/it/8 x[]$ \T1/lmr/m/n/8 in
 []


Underfull \hbox (badness 10000) in paragraph at lines 770--770
\T1/lmr/m/n/8 of $\OML/lmm/m/it/8 w[]; x[]; w[]$\T1/lmr/m/n/8 .
 []


Underfull \hbox (badness 10000) in paragraph at lines 770--770
\T1/lmr/m/n/8 The pro-cess of
 []


Underfull \hbox (badness 10000) in paragraph at lines 770--770
\T1/lmr/m/n/8 in-ter-chang-ing $\OML/lmm/m/it/8 x[]$
 []


Underfull \hbox (badness 1365) in paragraph at lines 770--770
\T1/lmr/m/n/8 itly noted. The
 []


Underfull \hbox (badness 10000) in paragraph at lines 770--770
\T1/lmr/m/n/8 "non-basic" are
 []


Underfull \hbox (badness 10000) in paragraph at lines 770--770
\T1/lmr/m/n/8 un-der-lined and
 []


Underfull \hbox (badness 10000) in paragraph at lines 770--770
\T1/lmr/m/n/8 which vari-ables
 []


Underfull \hbox (badness 10000) in paragraph at lines 770--770
\T1/lmr/m/n/8 be-long to each
 []


Underfull \hbox (badness 1097) in paragraph at lines 770--770
\T1/lmr/m/n/8 cat-e-gory. A red
 []


Underfull \hbox (badness 10000) in paragraph at lines 770--770
\T1/lmr/m/n/8 di-rec-tion of the
 []


Underfull \hbox (badness 10000) in paragraph at lines 770--770
\T1/lmr/m/n/8 strict con-straint
 []


Underfull \hbox (badness 10000) in paragraph at lines 770--770
\T1/lmr/m/n/8 is high-lighted.
 []


Underfull \hbox (badness 10000) in paragraph at lines 770--770
\T1/lmr/m/n/8 The pro-cess of
 []


Underfull \hbox (badness 10000) in paragraph at lines 770--770
\T1/lmr/m/n/8 in-ter-chang-ing $\OML/lmm/m/it/8 x[]$
 []

[52] [53 </Users/ashoksaravanan/Coding/ScribeLec/server/output/MA 421/lectures/
2024-08-27-ExSimplex/figures/24.1.png (PNG copy)>]
/Users/ashoksaravanan/Coding/ScribeLec/server/output/MA 421/lectures/2024-08-27
-ExSimplex/notes.tex:780: Missing $ inserted.
<inserted text> 
                $
l.780 [V] p. 11 \quad \text{Set } w_
                                    1 = 0, x_2 = 0, w_3 = 0 \\
I've inserted a begin-math/end-math symbol since I think
you left one out. Proceed, with fingers crossed.

/Users/ashoksaravanan/Coding/ScribeLec/server/output/MA 421/lectures/2024-08-27
-ExSimplex/notes.tex:792: Missing $ inserted.
<inserted text> 
                $
l.792 \subsection
                 {Description}%
I've inserted a begin-math/end-math symbol since I think
you left one out. Proceed, with fingers crossed.

</Users/ashoksaravanan/Coding/ScribeLec/server/output/MA 421/lectures/2024-08-2
7-ExSimplex/figures/25.1.png, id=986, 572.1375pt x 772.8875pt>
File: /Users/ashoksaravanan/Coding/ScribeLec/server/output/MA 421/lectures/2024
-08-27-ExSimplex/figures/25.1.png Graphic file (type png)
<use /Users/ashoksaravanan/Coding/ScribeLec/server/output/MA 421/lectures/2024-
08-27-ExSimplex/figures/25.1.png>
Package pdftex.def Info: /Users/ashoksaravanan/Coding/ScribeLec/server/output/M
A 421/lectures/2024-08-27-ExSimplex/figures/25.1.png  used on input line 799.
(pdftex.def)             Requested size: 70.46037pt x 95.1837pt.

Underfull \hbox (badness 10000) in paragraph at lines 800--800
[]\T1/lmr/bx/n/8 (a) |\T1/lmr/m/n/8 Hand-writ-ten
 []


Underfull \hbox (badness 10000) in paragraph at lines 800--800
\T1/lmr/m/n/8 sim-plex method.
 []


Underfull \hbox (badness 10000) in paragraph at lines 800--800
\T1/lmr/m/n/8 The ob-jec-tive
 []


Underfull \hbox (badness 2261) in paragraph at lines 800--800
\T1/lmr/m/n/8 straints from the
 []


Underfull \hbox (badness 2809) in paragraph at lines 800--800
\OML/lmm/m/it/8 x[]$ \T1/lmr/m/n/8 while keep-ing
 []


Underfull \hbox (badness 1253) in paragraph at lines 800--800
\OML/lmm/m/it/8 w[] \OT1/lmr/m/n/8 = \OML/lmm/m/it/8 x[] \OT1/lmr/m/n/8 = 0$\T1
/lmr/m/n/8 .
 []


Underfull \hbox (badness 10000) in paragraph at lines 800--800
\T1/lmr/m/n/8 The con-straints
 []


Underfull \hbox (badness 10000) in paragraph at lines 800--800
\T1/lmr/m/n/8 are an-a-lyzed to
 []


Underfull \hbox (badness 10000) in paragraph at lines 800--800
\T1/lmr/m/n/8 de-ter-mine the
 []


Underfull \hbox (badness 10000) in paragraph at lines 800--800
\T1/lmr/m/n/8 max-i-mum al-low-
 []


Underfull \hbox (badness 2443) in paragraph at lines 800--800
\T1/lmr/m/n/8 while main-tain-ing
 []


Underfull \hbox (badness 10000) in paragraph at lines 800--800
\T1/lmr/m/n/8 non-negativity of
 []


Underfull \hbox (badness 1009) in paragraph at lines 800--800
\T1/lmr/m/n/8 The most re-stric-
 []


Underfull \hbox (badness 10000) in paragraph at lines 800--800
\T1/lmr/m/n/8 tive con-straint
 []


Underfull \hbox (badness 10000) in paragraph at lines 800--800
\T1/lmr/m/n/8 is used to set
 []


Underfull \hbox (badness 10000) in paragraph at lines 800--800
\T1/lmr/m/n/8 equa-tions are
 []


Underfull \hbox (badness 10000) in paragraph at lines 800--800
\T1/lmr/m/n/8 then rewrit-ten
 []


Underfull \hbox (badness 2020) in paragraph at lines 800--800
\T1/lmr/m/n/8 to ex-press $\OML/lmm/m/it/8 x[]$ \T1/lmr/m/n/8 in
 []


Underfull \hbox (badness 10000) in paragraph at lines 800--800
\T1/lmr/m/n/8 of $\OML/lmm/m/it/8 w[]; x[]; w[]$\T1/lmr/m/n/8 .
 []


Underfull \hbox (badness 10000) in paragraph at lines 800--800
\T1/lmr/m/n/8 The pro-cess of
 []


Underfull \hbox (badness 10000) in paragraph at lines 800--800
\T1/lmr/m/n/8 in-ter-chang-ing $\OML/lmm/m/it/8 x[]$
 []


Underfull \hbox (badness 1365) in paragraph at lines 800--800
\T1/lmr/m/n/8 itly noted. The
 []


Underfull \hbox (badness 10000) in paragraph at lines 800--800
\T1/lmr/m/n/8 "non-basic" are
 []


Underfull \hbox (badness 10000) in paragraph at lines 800--800
\T1/lmr/m/n/8 un-der-lined and
 []


Underfull \hbox (badness 10000) in paragraph at lines 800--800
\T1/lmr/m/n/8 which vari-ables
 []


Underfull \hbox (badness 10000) in paragraph at lines 800--800
\T1/lmr/m/n/8 be-long to each
 []


Underfull \hbox (badness 1097) in paragraph at lines 800--800
\T1/lmr/m/n/8 cat-e-gory. A red
 []


Underfull \hbox (badness 10000) in paragraph at lines 800--800
\T1/lmr/m/n/8 di-rec-tion of the
 []


Underfull \hbox (badness 10000) in paragraph at lines 800--800
\T1/lmr/m/n/8 strict con-straint
 []


Underfull \hbox (badness 10000) in paragraph at lines 800--800
\T1/lmr/m/n/8 is high-lighted.
 []


Underfull \hbox (badness 10000) in paragraph at lines 800--800
\T1/lmr/m/n/8 The pro-cess of
 []


Underfull \hbox (badness 10000) in paragraph at lines 800--800
\T1/lmr/m/n/8 in-ter-chang-ing $\OML/lmm/m/it/8 x[]$
 []


Underfull \hbox (badness 1590) in paragraph at lines 800--800
\T1/lmr/m/n/8 noted. The ob-
 []

[54] [55]
Overfull \vbox (8.04523pt too high) has occurred while \output is active []


[56 </Users/ashoksaravanan/Coding/ScribeLec/server/output/MA 421/lectures/2024-
08-27-ExSimplex/figures/25.1.png (PNG copy)>]
/Users/ashoksaravanan/Coding/ScribeLec/server/output/MA 421/lectures/2024-08-27
-ExSimplex/notes.tex:810: Missing $ inserted.
<inserted text> 
                $
l.810 [V] p. 11 \quad \text{Set } w_
                                    1 = 0, x_2 = 0, w_3 = 0 \\
I've inserted a begin-math/end-math symbol since I think
you left one out. Proceed, with fingers crossed.

/Users/ashoksaravanan/Coding/ScribeLec/server/output/MA 421/lectures/2024-08-27
-ExSimplex/notes.tex:822: Missing $ inserted.
<inserted text> 
                $
l.822 \subsection
                 {Description}%
I've inserted a begin-math/end-math symbol since I think
you left one out. Proceed, with fingers crossed.

</Users/ashoksaravanan/Coding/ScribeLec/server/output/MA 421/lectures/2024-08-2
7-ExSimplex/figures/26.1.png, id=1001, 572.1375pt x 772.8875pt>
File: /Users/ashoksaravanan/Coding/ScribeLec/server/output/MA 421/lectures/2024
-08-27-ExSimplex/figures/26.1.png Graphic file (type png)
<use /Users/ashoksaravanan/Coding/ScribeLec/server/output/MA 421/lectures/2024-
08-27-ExSimplex/figures/26.1.png>
Package pdftex.def Info: /Users/ashoksaravanan/Coding/ScribeLec/server/output/M
A 421/lectures/2024-08-27-ExSimplex/figures/26.1.png  used on input line 829.
(pdftex.def)             Requested size: 70.46037pt x 95.1837pt.

Underfull \hbox (badness 10000) in paragraph at lines 830--830
[]\T1/lmr/bx/n/8 (a) |\T1/lmr/m/n/8 Hand-writ-ten
 []


Underfull \hbox (badness 10000) in paragraph at lines 830--830
\T1/lmr/m/n/8 sim-plex method.
 []


Underfull \hbox (badness 10000) in paragraph at lines 830--830
\T1/lmr/m/n/8 The ob-jec-tive
 []


Underfull \hbox (badness 2261) in paragraph at lines 830--830
\T1/lmr/m/n/8 straints from the
 []


Underfull \hbox (badness 2809) in paragraph at lines 830--830
\OML/lmm/m/it/8 x[]$ \T1/lmr/m/n/8 while keep-ing
 []


Underfull \hbox (badness 1253) in paragraph at lines 830--830
\OML/lmm/m/it/8 w[] \OT1/lmr/m/n/8 = \OML/lmm/m/it/8 x[] \OT1/lmr/m/n/8 = 0$\T1
/lmr/m/n/8 .
 []


Underfull \hbox (badness 10000) in paragraph at lines 830--830
\T1/lmr/m/n/8 The con-straints
 []


Underfull \hbox (badness 10000) in paragraph at lines 830--830
\T1/lmr/m/n/8 are an-a-lyzed to
 []


Underfull \hbox (badness 10000) in paragraph at lines 830--830
\T1/lmr/m/n/8 de-ter-mine the
 []


Underfull \hbox (badness 10000) in paragraph at lines 830--830
\T1/lmr/m/n/8 max-i-mum al-low-
 []


Underfull \hbox (badness 2443) in paragraph at lines 830--830
\T1/lmr/m/n/8 while main-tain-ing
 []


Underfull \hbox (badness 10000) in paragraph at lines 830--830
\T1/lmr/m/n/8 non-negativity of
 []


Underfull \hbox (badness 1009) in paragraph at lines 830--830
\T1/lmr/m/n/8 The most re-stric-
 []


Underfull \hbox (badness 10000) in paragraph at lines 830--830
\T1/lmr/m/n/8 tive con-straint
 []


Underfull \hbox (badness 10000) in paragraph at lines 830--830
\T1/lmr/m/n/8 is used to set
 []


Underfull \hbox (badness 10000) in paragraph at lines 830--830
\T1/lmr/m/n/8 equa-tions are
 []


Underfull \hbox (badness 10000) in paragraph at lines 830--830
\T1/lmr/m/n/8 then rewrit-ten
 []


Underfull \hbox (badness 2020) in paragraph at lines 830--830
\T1/lmr/m/n/8 to ex-press $\OML/lmm/m/it/8 x[]$ \T1/lmr/m/n/8 in
 []


Underfull \hbox (badness 10000) in paragraph at lines 830--830
\T1/lmr/m/n/8 of $\OML/lmm/m/it/8 w[]; x[]; w[]$\T1/lmr/m/n/8 .
 []


Underfull \hbox (badness 10000) in paragraph at lines 830--830
\T1/lmr/m/n/8 The pro-cess of
 []


Underfull \hbox (badness 10000) in paragraph at lines 830--830
\T1/lmr/m/n/8 in-ter-chang-ing $\OML/lmm/m/it/8 x[]$
 []


Underfull \hbox (badness 1365) in paragraph at lines 830--830
\T1/lmr/m/n/8 itly noted. The
 []


Underfull \hbox (badness 10000) in paragraph at lines 830--830
\T1/lmr/m/n/8 "non-basic" are
 []


Underfull \hbox (badness 10000) in paragraph at lines 830--830
\T1/lmr/m/n/8 un-der-lined and
 []


Underfull \hbox (badness 10000) in paragraph at lines 830--830
\T1/lmr/m/n/8 which vari-ables
 []


Underfull \hbox (badness 10000) in paragraph at lines 830--830
\T1/lmr/m/n/8 be-long to each
 []


Underfull \hbox (badness 1097) in paragraph at lines 830--830
\T1/lmr/m/n/8 cat-e-gory. A red
 []


Underfull \hbox (badness 10000) in paragraph at lines 830--830
\T1/lmr/m/n/8 di-rec-tion of the
 []


Underfull \hbox (badness 10000) in paragraph at lines 830--830
\T1/lmr/m/n/8 strict con-straint
 []


Underfull \hbox (badness 10000) in paragraph at lines 830--830
\T1/lmr/m/n/8 is high-lighted.
 []


Underfull \hbox (badness 10000) in paragraph at lines 830--830
\T1/lmr/m/n/8 The pro-cess of
 []


Underfull \hbox (badness 10000) in paragraph at lines 830--830
\T1/lmr/m/n/8 in-ter-chang-ing $\OML/lmm/m/it/8 x[]$
 []


Underfull \hbox (badness 1590) in paragraph at lines 830--830
\T1/lmr/m/n/8 noted. The ob-
 []


Underfull \hbox (badness 10000) in paragraph at lines 830--830
\T1/lmr/m/n/8 pivot op-er-a-tion.
 []


Underfull \hbox (badness 5696) in paragraph at lines 830--830
\T1/lmr/m/n/8 The fi-nal re-sult,
 []


Underfull \hbox (badness 2435) in paragraph at lines 830--830
\T1/lmr/m/n/8 ob-jec-tive func-tion
 []


Underfull \hbox (badness 10000) in paragraph at lines 830--830
\T1/lmr/m/n/8 the vari-ables at
 []


Underfull \hbox (badness 4832) in paragraph at lines 830--830
\T1/lmr/m/n/8 the op-ti-mum, is
 []

[57] [58]
Overfull \vbox (84.04523pt too high) has occurred while \output is active []


[59 </Users/ashoksaravanan/Coding/ScribeLec/server/output/MA 421/lectures/2024-
08-27-ExSimplex/figures/26.1.png (PNG copy)>]
/Users/ashoksaravanan/Coding/ScribeLec/server/output/MA 421/lectures/2024-08-27
-ExSimplex/notes.tex:841: Missing $ inserted.
<inserted text> 
                $
l.841 \text{Initially } (x_
                           1, x_2, \dots, x_n, w_1, w_2, \dots, w_m) \\
I've inserted a begin-math/end-math symbol since I think
you left one out. Proceed, with fingers crossed.

/Users/ashoksaravanan/Coding/ScribeLec/server/output/MA 421/lectures/2024-08-27
-ExSimplex/notes.tex:867: Missing $ inserted.
<inserted text> 
                $
l.867 \subsection
                 {Description}%
I've inserted a begin-math/end-math symbol since I think
you left one out. Proceed, with fingers crossed.

</Users/ashoksaravanan/Coding/ScribeLec/server/output/MA 421/lectures/2024-08-2
7-ExSimplex/figures/27.1.png, id=1015, 772.8875pt x 622.325pt>
File: /Users/ashoksaravanan/Coding/ScribeLec/server/output/MA 421/lectures/2024
-08-27-ExSimplex/figures/27.1.png Graphic file (type png)
<use /Users/ashoksaravanan/Coding/ScribeLec/server/output/MA 421/lectures/2024-
08-27-ExSimplex/figures/27.1.png>
Package pdftex.def Info: /Users/ashoksaravanan/Coding/ScribeLec/server/output/M
A 421/lectures/2024-08-27-ExSimplex/figures/27.1.png  used on input line 874.
(pdftex.def)             Requested size: 70.46037pt x 56.72852pt.

Underfull \hbox (badness 10000) in paragraph at lines 875--875
[]\T1/lmr/bx/n/8 (a) |\T1/lmr/m/n/8 Hand-writ-ten
 []


Underfull \hbox (badness 10000) in paragraph at lines 875--875
\T1/lmr/m/n/8 notes de-scrib-ing
 []


Underfull \hbox (badness 10000) in paragraph at lines 875--875
\T1/lmr/m/n/8 the con-cept of
 []


Underfull \hbox (badness 10000) in paragraph at lines 875--875
\T1/lmr/m/n/8 a dic-tio-nary of
 []


Underfull \hbox (badness 10000) in paragraph at lines 875--875
\T1/lmr/m/n/8 notes in-tro-duce
 []


Underfull \hbox (badness 1803) in paragraph at lines 875--875
\T1/lmr/m/n/8 the ini-tial set of
 []


Underfull \hbox (badness 10000) in paragraph at lines 875--875
\T1/lmr/m/n/8 ma-trix equa-tion
 []


Underfull \hbox (badness 10000) in paragraph at lines 875--875
\T1/lmr/m/n/8 is pre-sented,
 []


Underfull \hbox (badness 2744) in paragraph at lines 875--875
\T1/lmr/m/n/8 show-ing how the
 []


Underfull \hbox (badness 6078) in paragraph at lines 875--875
\T1/lmr/m/n/8 of the non-basic
 []


Underfull \hbox (badness 10000) in paragraph at lines 875--875
\T1/lmr/m/n/8 vari-ables and a
 []


Underfull \hbox (badness 10000) in paragraph at lines 875--875
\T1/lmr/m/n/8 con-stant vec-tor.
 []


Underfull \hbox (badness 10000) in paragraph at lines 875--875
\T1/lmr/m/n/8 The ob-jec-tive
 []


Underfull \hbox (badness 2635) in paragraph at lines 875--875
\T1/lmr/m/n/8 de-fined. A red
 []


Underfull \hbox (badness 10000) in paragraph at lines 875--875
\T1/lmr/m/n/8 ar-row in-di-cates
 []


Underfull \hbox (badness 10000) in paragraph at lines 875--875
\T1/lmr/m/n/8 the re-la-tion-ship
 []


Underfull \hbox (badness 3019) in paragraph at lines 875--875
\T1/lmr/m/n/8 be-tween the ma-
 []


Underfull \hbox (badness 1803) in paragraph at lines 875--875
\T1/lmr/m/n/8 the ini-tial set of
 []


Underfull \hbox (badness 6708) in paragraph at lines 875--875
\T1/lmr/m/n/8 vari-ables. The
 []


Underfull \hbox (badness 10000) in paragraph at lines 875--875
\T1/lmr/m/n/8 vari-ables" are
 []

[60] [61 </Users/ashoksaravanan/Coding/ScribeLec/server/output/MA 421/lectures/
2024-08-27-ExSimplex/figures/27.1.png (PNG copy)>]
/Users/ashoksaravanan/Coding/ScribeLec/server/output/MA 421/lectures/2024-08-27
-ExSimplex/notes.tex:886: Missing $ inserted.
<inserted text> 
                $
l.886 \text{Initially } (x_
                           1, x_2, \dots, x_n, w_1, w_2, \dots, w_m) \\
I've inserted a begin-math/end-math symbol since I think
you left one out. Proceed, with fingers crossed.

/Users/ashoksaravanan/Coding/ScribeLec/server/output/MA 421/lectures/2024-08-27
-ExSimplex/notes.tex:891: Missing $ inserted.
<inserted text> 
                $
l.891 \subsection
                 {Description}%
I've inserted a begin-math/end-math symbol since I think
you left one out. Proceed, with fingers crossed.

</Users/ashoksaravanan/Coding/ScribeLec/server/output/MA 421/lectures/2024-08-2
7-ExSimplex/figures/28.1.png, id=1026, 521.95pt x 873.2625pt>
File: /Users/ashoksaravanan/Coding/ScribeLec/server/output/MA 421/lectures/2024
-08-27-ExSimplex/figures/28.1.png Graphic file (type png)
<use /Users/ashoksaravanan/Coding/ScribeLec/server/output/MA 421/lectures/2024-
08-27-ExSimplex/figures/28.1.png>
Package pdftex.def Info: /Users/ashoksaravanan/Coding/ScribeLec/server/output/M
A 421/lectures/2024-08-27-ExSimplex/figures/28.1.png  used on input line 898.
(pdftex.def)             Requested size: 70.46037pt x 117.88535pt.

Underfull \hbox (badness 10000) in paragraph at lines 899--899
[]\T1/lmr/bx/n/8 (a) |\T1/lmr/m/n/8 Hand-writ-ten
 []


Underfull \hbox (badness 10000) in paragraph at lines 899--899
\T1/lmr/m/n/8 notes de-scrib-ing
 []


Underfull \hbox (badness 10000) in paragraph at lines 899--899
\T1/lmr/m/n/8 the con-cept of
 []


Underfull \hbox (badness 10000) in paragraph at lines 899--899
\T1/lmr/m/n/8 a dic-tio-nary of
 []


Underfull \hbox (badness 10000) in paragraph at lines 899--899
\T1/lmr/m/n/8 notes in-tro-duce
 []


Underfull \hbox (badness 1803) in paragraph at lines 899--899
\T1/lmr/m/n/8 the ini-tial set of
 []


Underfull \hbox (badness 10000) in paragraph at lines 899--899
\T1/lmr/m/n/8 and non-basic.
 []


Underfull \hbox (badness 10000) in paragraph at lines 899--899
\T1/lmr/m/n/8 A red curved
 []


Underfull \hbox (badness 10000) in paragraph at lines 899--899
\T1/lmr/m/n/8 ar-row in-di-cates
 []


Underfull \hbox (badness 10000) in paragraph at lines 899--899
\T1/lmr/m/n/8 the pro-cess of
 []


Underfull \hbox (badness 3919) in paragraph at lines 899--899
\T1/lmr/m/n/8 in-ter-chang-ing one
 []


Underfull \hbox (badness 10000) in paragraph at lines 899--899
\T1/lmr/m/n/8 ba-sic and one
 []

[62 </Users/ashoksaravanan/Coding/ScribeLec/server/output/MA 421/lectures/2024-
08-27-ExSimplex/figures/28.1.png (PNG copy)>]
/Users/ashoksaravanan/Coding/ScribeLec/server/output/MA 421/lectures/2024-08-27
-ExSimplex/notes.tex:910: Missing $ inserted.
<inserted text> 
                $
l.910 (\overline{x}
                   _1, \overline{x}_2, \dots, \overline{x}_n, \overline{x}_{...
I've inserted a begin-math/end-math symbol since I think
you left one out. Proceed, with fingers crossed.

/Users/ashoksaravanan/Coding/ScribeLec/server/output/MA 421/lectures/2024-08-27
-ExSimplex/notes.tex:935: Missing $ inserted.
<inserted text> 
                $
l.935 \subsection
                 {Description}%
I've inserted a begin-math/end-math symbol since I think
you left one out. Proceed, with fingers crossed.

</Users/ashoksaravanan/Coding/ScribeLec/server/output/MA 421/lectures/2024-08-2
7-ExSimplex/figures/29.1.png, id=1033, 672.5125pt x 702.625pt>
File: /Users/ashoksaravanan/Coding/ScribeLec/server/output/MA 421/lectures/2024
-08-27-ExSimplex/figures/29.1.png Graphic file (type png)
<use /Users/ashoksaravanan/Coding/ScribeLec/server/output/MA 421/lectures/2024-
08-27-ExSimplex/figures/29.1.png>
Package pdftex.def Info: /Users/ashoksaravanan/Coding/ScribeLec/server/output/M
A 421/lectures/2024-08-27-ExSimplex/figures/29.1.png  used on input line 942.
(pdftex.def)             Requested size: 70.46037pt x 73.61162pt.

Underfull \hbox (badness 10000) in paragraph at lines 943--943
[]\T1/lmr/bx/n/8 (a) |\T1/lmr/m/n/8 Hand-writ-ten
 []


Underfull \hbox (badness 10000) in paragraph at lines 943--943
\T1/lmr/m/n/8 notes de-scrib-ing
 []


Underfull \hbox (badness 10000) in paragraph at lines 943--943
\T1/lmr/m/n/8 the con-cept of
 []


Underfull \hbox (badness 10000) in paragraph at lines 943--943
\T1/lmr/m/n/8 a dic-tio-nary of
 []


Underfull \hbox (badness 10000) in paragraph at lines 943--943
\T1/lmr/m/n/8 notes in-tro-duce
 []


Underfull \hbox (badness 1803) in paragraph at lines 943--943
\T1/lmr/m/n/8 the ini-tial set of
 []


Underfull \hbox (badness 4739) in paragraph at lines 943--943
\T1/lmr/m/n/8 in terms of the
 []


Underfull \hbox (badness 10000) in paragraph at lines 943--943
\T1/lmr/m/n/8 and a con-stant
 []


Underfull \hbox (badness 1038) in paragraph at lines 943--943
\T1/lmr/m/n/8 vec-tor. The ob-
 []


Underfull \hbox (badness 10000) in paragraph at lines 943--943
\T1/lmr/m/n/8 jec-tive func-tion
 []


Underfull \hbox (badness 10000) in paragraph at lines 943--943
\T1/lmr/m/n/8 A red dashed
 []


Underfull \hbox (badness 10000) in paragraph at lines 943--943
\T1/lmr/m/n/8 re-la-tion-ship be-
 []


Underfull \hbox (badness 1466) in paragraph at lines 943--943
\T1/lmr/m/n/8 tween the ma-trix
 []


Underfull \hbox (badness 1789) in paragraph at lines 943--943
\T1/lmr/m/n/8 equa-tion and the
 []


Underfull \hbox (badness 10000) in paragraph at lines 943--943
\T1/lmr/m/n/8 "m ba-sic" are
 []

[63] [64 </Users/ashoksaravanan/Coding/ScribeLec/server/output/MA 421/lectures/
2024-08-27-ExSimplex/figures/29.1.png (PNG copy)>]
/Users/ashoksaravanan/Coding/ScribeLec/server/output/MA 421/lectures/2024-08-27
-ExSimplex/notes.tex:958: Missing $ inserted.
<inserted text> 
                $
l.958 = \binom{n+m}{n}
                       = \frac{(n+m)!}{n! m!} \\
I've inserted a begin-math/end-math symbol since I think
you left one out. Proceed, with fingers crossed.

/Users/ashoksaravanan/Coding/ScribeLec/server/output/MA 421/lectures/2024-08-27
-ExSimplex/notes.tex:958: Extra }, or forgotten $.
\@genfrac ...begingroup #4\endgroup #2#3\relax #5}
                                                  }
l.958 = \binom{n+m}{n}
                       = \frac{(n+m)!}{n! m!} \\
I've deleted a group-closing symbol because it seems to be
spurious, as in `$x}$'. But perhaps the } is legitimate and
you forgot something else, as in `\hbox{$x}'. In such cases
the way to recover is to insert both the forgotten and the
deleted material, e.g., by typing `I$}'.

/Users/ashoksaravanan/Coding/ScribeLec/server/output/MA 421/lectures/2024-08-27
-ExSimplex/notes.tex:958: Extra }, or forgotten $.
\@genfrac ...egingroup #4\endgroup #2#3\relax #5}}
                                                  
l.958 = \binom{n+m}{n}
                       = \frac{(n+m)!}{n! m!} \\
I've deleted a group-closing symbol because it seems to be
spurious, as in `$x}$'. But perhaps the } is legitimate and
you forgot something else, as in `\hbox{$x}'. In such cases
the way to recover is to insert both the forgotten and the
deleted material, e.g., by typing `I$}'.

/Users/ashoksaravanan/Coding/ScribeLec/server/output/MA 421/lectures/2024-08-27
-ExSimplex/notes.tex:962: Missing $ inserted.
<inserted text> 
                $
l.962 \subsection
                 {Description}%
I've inserted a begin-math/end-math symbol since I think
you left one out. Proceed, with fingers crossed.

</Users/ashoksaravanan/Coding/ScribeLec/server/output/MA 421/lectures/2024-08-2
7-ExSimplex/figures/30.1.png, id=1043, 923.45pt x 973.6375pt>
File: /Users/ashoksaravanan/Coding/ScribeLec/server/output/MA 421/lectures/2024
-08-27-ExSimplex/figures/30.1.png Graphic file (type png)
<use /Users/ashoksaravanan/Coding/ScribeLec/server/output/MA 421/lectures/2024-
08-27-ExSimplex/figures/30.1.png>
Package pdftex.def Info: /Users/ashoksaravanan/Coding/ScribeLec/server/output/M
A 421/lectures/2024-08-27-ExSimplex/figures/30.1.png  used on input line 969.
(pdftex.def)             Requested size: 70.46037pt x 74.28246pt.

Underfull \hbox (badness 10000) in paragraph at lines 970--970
[]\T1/lmr/bx/n/8 (a) |\T1/lmr/m/n/8 Hand-writ-ten
 []


Underfull \hbox (badness 10000) in paragraph at lines 970--970
\T1/lmr/m/n/8 notes de-scrib-ing
 []


Underfull \hbox (badness 10000) in paragraph at lines 970--970
\T1/lmr/m/n/8 the con-cept of
 []


Underfull \hbox (badness 10000) in paragraph at lines 970--970
\T1/lmr/m/n/8 a dic-tio-nary of
 []


Underfull \hbox (badness 7221) in paragraph at lines 970--970
\T1/lmr/m/n/8 notes state that
 []


Underfull \hbox (badness 1132) in paragraph at lines 970--970
\T1/lmr/m/n/8 basic vari-ables to
 []


Underfull \hbox (badness 10000) in paragraph at lines 970--970
\T1/lmr/m/n/8 zero cor-re-sponds
 []


Underfull \hbox (badness 1226) in paragraph at lines 970--970
\T1/lmr/m/n/8 to a ver-tex in a
 []


Underfull \hbox (badness 10000) in paragraph at lines 970--970
\T1/lmr/m/n/8 to-tal num-ber of
 []


Underfull \hbox (badness 10000) in paragraph at lines 970--970
\T1/lmr/m/n/8 dic-tio-nar-ies is
 []


Underfull \hbox (badness 2189) in paragraph at lines 970--970
\T1/lmr/m/n/8 given by the bi-
 []


Underfull \hbox (badness 6725) in paragraph at lines 970--970
\T1/lmr/m/n/8 no-mial co-ef-fi-cient
 []


Underfull \hbox (badness 10000) in paragraph at lines 970--970
[]$\T1/lmr/m/n/8 , which
 []


Underfull \hbox (badness 10000) in paragraph at lines 970--970
\T1/lmr/m/n/8 is equiv-a-lent to
 []


Underfull \hbox (badness 3068) in paragraph at lines 970--970
[]$\T1/lmr/m/n/8 . This
 []


Underfull \hbox (badness 5245) in paragraph at lines 970--970
\T1/lmr/m/n/8 is in-ter-preted as
 []


Underfull \hbox (badness 10000) in paragraph at lines 970--970
\T1/lmr/m/n/8 the num-ber of
 []


Underfull \hbox (badness 10000) in paragraph at lines 970--970
\T1/lmr/m/n/8 all ver-tices are
 []

[65] [66 </Users/ashoksaravanan/Coding/ScribeLec/server/output/MA 421/lectures/
2024-08-27-ExSimplex/figures/30.1.png (PNG copy)>]
/Users/ashoksaravanan/Coding/ScribeLec/server/output/MA 421/lectures/2024-08-27
-ExSimplex/notes.tex:982: Missing $ inserted.
<inserted text> 
                $
l.982 \text{max } \zeta
                        = -2x_1 - x_2 \\
I've inserted a begin-math/end-math symbol since I think
you left one out. Proceed, with fingers crossed.

/Users/ashoksaravanan/Coding/ScribeLec/server/output/MA 421/lectures/2024-08-27
-ExSimplex/notes.tex:988: Missing $ inserted.
<inserted text> 
                $
l.988 \subsection
                 {Description}%
I've inserted a begin-math/end-math symbol since I think
you left one out. Proceed, with fingers crossed.

</Users/ashoksaravanan/Coding/ScribeLec/server/output/MA 421/lectures/2024-08-2
7-ExSimplex/figures/31.1.png, id=1055, 772.8875pt x 692.5875pt>
File: /Users/ashoksaravanan/Coding/ScribeLec/server/output/MA 421/lectures/2024
-08-27-ExSimplex/figures/31.1.png Graphic file (type png)
<use /Users/ashoksaravanan/Coding/ScribeLec/server/output/MA 421/lectures/2024-
08-27-ExSimplex/figures/31.1.png>
Package pdftex.def Info: /Users/ashoksaravanan/Coding/ScribeLec/server/output/M
A 421/lectures/2024-08-27-ExSimplex/figures/31.1.png  used on input line 995.
(pdftex.def)             Requested size: 70.46037pt x 63.13335pt.

Underfull \hbox (badness 10000) in paragraph at lines 996--996
\T1/lmr/m/n/8 ing the fea-si-ble
 []


Underfull \hbox (badness 10000) in paragraph at lines 996--996
\T1/lmr/m/n/8 pro-gram-ming
 []


Underfull \hbox (badness 10000) in paragraph at lines 996--996
\T1/lmr/m/n/8 prob-lem. The
 []


Underfull \hbox (badness 10000) in paragraph at lines 996--996
\T1/lmr/m/n/8 poly-gon bounded
 []


Underfull \hbox (badness 10000) in paragraph at lines 996--996
\T1/lmr/m/n/8 by the lines
 []


Underfull \hbox (badness 10000) in paragraph at lines 996--996
\T1/lmr/m/n/8 ori-gin $\OT1/lmr/m/n/8 (0\OML/lmm/m/it/8 ; \OT1/lmr/m/n/8 0)$ \T
1/lmr/m/n/8 is
 []


Underfull \hbox (badness 1721) in paragraph at lines 996--996
\T1/lmr/m/n/8 out-side the fea-si-
 []


Underfull \hbox (badness 1292) in paragraph at lines 996--996
\T1/lmr/m/n/8 ble re-gion. The
 []


Underfull \hbox (badness 3417) in paragraph at lines 996--996
\T1/lmr/m/n/8 fea-si-ble re-gion is
 []


Underfull \hbox (badness 10000) in paragraph at lines 996--996
\T1/lmr/m/n/8 The axes are
 []

[67 </Users/ashoksaravanan/Coding/ScribeLec/server/output/MA 421/lectures/2024-
08-27-ExSimplex/figures/31.1.png (PNG copy)>]
/Users/ashoksaravanan/Coding/ScribeLec/server/output/MA 421/lectures/2024-08-27
-ExSimplex/notes.tex:1007: Missing $ inserted.
<inserted text> 
                $
l.1007 \text{max } \xi
                       = -x_0 \\
I've inserted a begin-math/end-math symbol since I think
you left one out. Proceed, with fingers crossed.

/Users/ashoksaravanan/Coding/ScribeLec/server/output/MA 421/lectures/2024-08-27
-ExSimplex/notes.tex:1016: Missing $ inserted.
<inserted text> 
                $
l.1016 \subsection
                  {Description}%
I've inserted a begin-math/end-math symbol since I think
you left one out. Proceed, with fingers crossed.

</Users/ashoksaravanan/Coding/ScribeLec/server/output/MA 421/lectures/2024-08-2
7-ExSimplex/figures/32.1.png, id=1063, 923.45pt x 772.8875pt>
File: /Users/ashoksaravanan/Coding/ScribeLec/server/output/MA 421/lectures/2024
-08-27-ExSimplex/figures/32.1.png Graphic file (type png)
<use /Users/ashoksaravanan/Coding/ScribeLec/server/output/MA 421/lectures/2024-
08-27-ExSimplex/figures/32.1.png>
Package pdftex.def Info: /Users/ashoksaravanan/Coding/ScribeLec/server/output/M
A 421/lectures/2024-08-27-ExSimplex/figures/32.1.png  used on input line 1023.
(pdftex.def)             Requested size: 70.46037pt x 58.96649pt.

Underfull \hbox (badness 10000) in paragraph at lines 1024--1024
[]\T1/lmr/bx/n/8 (a) |\T1/lmr/m/n/8 Hand-writ-ten
 []


Underfull \hbox (badness 10000) in paragraph at lines 1024--1024
\T1/lmr/m/n/8 notes de-scrib-ing
 []


Underfull \hbox (badness 10000) in paragraph at lines 1024--1024
\T1/lmr/m/n/8 the aux-il-iary
 []


Underfull \hbox (badness 1314) in paragraph at lines 1024--1024
\T1/lmr/m/n/8 prob-lem in lin-ear
 []


Underfull \hbox (badness 3895) in paragraph at lines 1024--1024
\T1/lmr/m/n/8 aux-il-iary prob-lem
 []


Underfull \hbox (badness 1924) in paragraph at lines 1024--1024
\T1/lmr/m/n/8 in-tro-duces a new
 []


Underfull \hbox (badness 10000) in paragraph at lines 1024--1024
\T1/lmr/m/n/8 vari-able $\OML/lmm/m/it/8 x[]$ \T1/lmr/m/n/8 to
 []


Underfull \hbox (badness 10000) in paragraph at lines 1024--1024
\T1/lmr/m/n/8 en-sure fea-si-bil-ity.
 []


Underfull \hbox (badness 10000) in paragraph at lines 1024--1024
\T1/lmr/m/n/8 The con-straints
 []


Underfull \hbox (badness 10000) in paragraph at lines 1024--1024
\T1/lmr/m/n/8 are mod-i-fied to
 []


Underfull \hbox (badness 2435) in paragraph at lines 1024--1024
\T1/lmr/m/n/8 ob-jec-tive func-tion
 []


Underfull \hbox (badness 10000) in paragraph at lines 1024--1024
\T1/lmr/m/n/8 is to max-i-mize
 []


Underfull \hbox (badness 10000) in paragraph at lines 1024--1024
\T1/lmr/m/n/8 notes ex-plain
 []


Underfull \hbox (badness 10000) in paragraph at lines 1024--1024
\T1/lmr/m/n/8 that choos-ing a
 []


Underfull \hbox (badness 10000) in paragraph at lines 1024--1024
\T1/lmr/m/n/8 suf-fi-ciently large
 []


Underfull \hbox (badness 10000) in paragraph at lines 1024--1024
\OML/lmm/m/it/8 x[]$ \T1/lmr/m/n/8 en-sures the
 []


Underfull \hbox (badness 4995) in paragraph at lines 1024--1024
\T1/lmr/m/n/8 fea-si-bil-ity of the
 []


Underfull \hbox (badness 10000) in paragraph at lines 1024--1024
\T1/lmr/m/n/8 The equiv-a-lence
 []


Underfull \hbox (badness 3815) in paragraph at lines 1024--1024
\T1/lmr/m/n/8 be-tween the fea-
 []


Underfull \hbox (badness 10000) in paragraph at lines 1024--1024
\T1/lmr/m/n/8 si-bil-ity of the
 []


Underfull \hbox (badness 10000) in paragraph at lines 1024--1024
\T1/lmr/m/n/8 orig-i-nal prob-lem
 []


Underfull \hbox (badness 3049) in paragraph at lines 1024--1024
\T1/lmr/m/n/8 max $\OML/lmm/m/it/8  \OT1/lmr/m/n/8 = 0$ \T1/lmr/m/n/8 is
 []


Underfull \hbox (badness 5985) in paragraph at lines 1024--1024
\T1/lmr/m/n/8 high-lighted. A
 []


Underfull \hbox (badness 10000) in paragraph at lines 1024--1024
\T1/lmr/m/n/8 note in-di-cates
 []

[68] [69 </Users/ashoksaravanan/Coding/ScribeLec/server/output/MA 421/lectures/
2024-08-27-ExSimplex/figures/32.1.png (PNG copy)>]
/Users/ashoksaravanan/Coding/ScribeLec/server/output/MA 421/lectures/2024-08-27
-ExSimplex/notes.tex:1035: Missing $ inserted.
<inserted text> 
                $
l.1035 \text{max } \xi
                       = -x_0 \\
I've inserted a begin-math/end-math symbol since I think
you left one out. Proceed, with fingers crossed.

/Users/ashoksaravanan/Coding/ScribeLec/server/output/MA 421/lectures/2024-08-27
-ExSimplex/notes.tex:1044: Missing $ inserted.
<inserted text> 
                $
l.1044 \subsection
                  {Description}%
I've inserted a begin-math/end-math symbol since I think
you left one out. Proceed, with fingers crossed.

</Users/ashoksaravanan/Coding/ScribeLec/server/output/MA 421/lectures/2024-08-2
7-ExSimplex/figures/33.1.png, id=1073, 471.7625pt x 873.2625pt>
File: /Users/ashoksaravanan/Coding/ScribeLec/server/output/MA 421/lectures/2024
-08-27-ExSimplex/figures/33.1.png Graphic file (type png)
<use /Users/ashoksaravanan/Coding/ScribeLec/server/output/MA 421/lectures/2024-
08-27-ExSimplex/figures/33.1.png>
Package pdftex.def Info: /Users/ashoksaravanan/Coding/ScribeLec/server/output/M
A 421/lectures/2024-08-27-ExSimplex/figures/33.1.png  used on input line 1051.
(pdftex.def)             Requested size: 70.46037pt x 130.42407pt.

Underfull \hbox (badness 10000) in paragraph at lines 1052--1052
[]\T1/lmr/bx/n/8 (a) |\T1/lmr/m/n/8 Hand-writ-ten
 []


Underfull \hbox (badness 10000) in paragraph at lines 1052--1052
\T1/lmr/m/n/8 notes de-scrib-ing
 []


Underfull \hbox (badness 10000) in paragraph at lines 1052--1052
\T1/lmr/m/n/8 the aux-il-iary
 []


Underfull \hbox (badness 1314) in paragraph at lines 1052--1052
\T1/lmr/m/n/8 prob-lem in lin-ear
 []


Underfull \hbox (badness 3895) in paragraph at lines 1052--1052
\T1/lmr/m/n/8 aux-il-iary prob-lem
 []


Underfull \hbox (badness 1924) in paragraph at lines 1052--1052
\T1/lmr/m/n/8 in-tro-duces a new
 []


Underfull \hbox (badness 10000) in paragraph at lines 1052--1052
\T1/lmr/m/n/8 vari-able $\OML/lmm/m/it/8 x[]$ \T1/lmr/m/n/8 to
 []


Underfull \hbox (badness 10000) in paragraph at lines 1052--1052
\T1/lmr/m/n/8 en-sure fea-si-bil-ity.
 []


Underfull \hbox (badness 10000) in paragraph at lines 1052--1052
\T1/lmr/m/n/8 The con-straints
 []


Underfull \hbox (badness 10000) in paragraph at lines 1052--1052
\T1/lmr/m/n/8 are mod-i-fied to
 []


Underfull \hbox (badness 2435) in paragraph at lines 1052--1052
\T1/lmr/m/n/8 ob-jec-tive func-tion
 []


Underfull \hbox (badness 10000) in paragraph at lines 1052--1052
\T1/lmr/m/n/8 is to max-i-mize
 []


Underfull \hbox (badness 10000) in paragraph at lines 1052--1052
\T1/lmr/m/n/8 notes show the
 []


Underfull \hbox (badness 10000) in paragraph at lines 1052--1052
\OT1/lmr/m/n/8 2\OML/lmm/m/it/8 x[] \OT1/lmr/m/n/8 + \OML/lmm/m/it/8 x[]$\T1/lm
r/m/n/8 , and
 []


Underfull \hbox (badness 10000) in paragraph at lines 1052--1052
\T1/lmr/m/n/8 Set-ting
 []


Underfull \hbox (badness 2547) in paragraph at lines 1052--1052
\OML/lmm/m/it/8 w[] \OT1/lmr/m/n/8 = \OMS/lmsy/m/n/8  \OT1/lmr/m/n/8 2$\T1/lmr/
m/n/8 , and
 []


Underfull \hbox (badness 1867) in paragraph at lines 1052--1052
\OML/lmm/m/it/8 w[] \OT1/lmr/m/n/8 = 1$\T1/lmr/m/n/8 . The
 []


Underfull \hbox (badness 10000) in paragraph at lines 1052--1052
\T1/lmr/m/n/8 most in-fea-si-ble
 []


Underfull \hbox (badness 1946) in paragraph at lines 1052--1052
\T1/lmr/m/n/8 in-di-cates that $\OML/lmm/m/it/8 x[]$
 []

[70] [71 </Users/ashoksaravanan/Coding/ScribeLec/server/output/MA 421/lectures/
2024-08-27-ExSimplex/figures/33.1.png (PNG copy)>]
/Users/ashoksaravanan/Coding/ScribeLec/server/output/MA 421/lectures/2024-08-27
-ExSimplex/notes.tex:1063: Missing $ inserted.
<inserted text> 
                $
l.1063 \text{max } \xi
                       = -x_0 \\
I've inserted a begin-math/end-math symbol since I think
you left one out. Proceed, with fingers crossed.

/Users/ashoksaravanan/Coding/ScribeLec/server/output/MA 421/lectures/2024-08-27
-ExSimplex/notes.tex:1073: Missing $ inserted.
<inserted text> 
                $
l.1073 \subsection
                  {Description}%
I've inserted a begin-math/end-math symbol since I think
you left one out. Proceed, with fingers crossed.

</Users/ashoksaravanan/Coding/ScribeLec/server/output/MA 421/lectures/2024-08-2
7-ExSimplex/figures/34.1.png, id=1083, 471.7625pt x 873.2625pt>
File: /Users/ashoksaravanan/Coding/ScribeLec/server/output/MA 421/lectures/2024
-08-27-ExSimplex/figures/34.1.png Graphic file (type png)
<use /Users/ashoksaravanan/Coding/ScribeLec/server/output/MA 421/lectures/2024-
08-27-ExSimplex/figures/34.1.png>
Package pdftex.def Info: /Users/ashoksaravanan/Coding/ScribeLec/server/output/M
A 421/lectures/2024-08-27-ExSimplex/figures/34.1.png  used on input line 1080.
(pdftex.def)             Requested size: 70.46037pt x 130.42407pt.

Underfull \hbox (badness 10000) in paragraph at lines 1081--1081
[]\T1/lmr/bx/n/8 (a) |\T1/lmr/m/n/8 Hand-writ-ten
 []


Underfull \hbox (badness 10000) in paragraph at lines 1081--1081
\T1/lmr/m/n/8 The aux-il-iary
 []


Underfull \hbox (badness 2165) in paragraph at lines 1081--1081
\T1/lmr/m/n/8 and then a sub-
 []


Underfull \hbox (badness 1895) in paragraph at lines 1081--1081
\T1/lmr/m/n/8 sti-tu-tion is made
 []


Underfull \hbox (badness 2050) in paragraph at lines 1081--1081
\T1/lmr/m/n/8 for $\OML/lmm/m/it/8 x[]$ \T1/lmr/m/n/8 us-ing the
 []


Underfull \hbox (badness 1552) in paragraph at lines 1081--1081
\T1/lmr/m/n/8 sec-ond con-straint.
 []


Underfull \hbox (badness 10000) in paragraph at lines 1081--1081
\T1/lmr/m/n/8 This sub-sti-tu-tion
 []


Underfull \hbox (badness 4927) in paragraph at lines 1081--1081
\T1/lmr/m/n/8 is then used to
 []


Underfull \hbox (badness 3168) in paragraph at lines 1081--1081
\T1/lmr/m/n/8 sim-plify the first
 []


Underfull \hbox (badness 10000) in paragraph at lines 1081--1081
\T1/lmr/m/n/8 and third con-
 []

[72 </Users/ashoksaravanan/Coding/ScribeLec/server/output/MA 421/lectures/2024-
08-27-ExSimplex/figures/34.1.png (PNG copy)>]
/Users/ashoksaravanan/Coding/ScribeLec/server/output/MA 421/lectures/2024-08-27
-ExSimplex/notes.tex:1092: Missing $ inserted.
<inserted text> 
                $
l.1092 \text{max } \xi
                       = -2 + x_1 + 2x_2 - w_2 \\
I've inserted a begin-math/end-math symbol since I think
you left one out. Proceed, with fingers crossed.

/Users/ashoksaravanan/Coding/ScribeLec/server/output/MA 421/lectures/2024-08-27
-ExSimplex/notes.tex:1099: Missing $ inserted.
<inserted text> 
                $
l.1099 \subsection
                  {Description}%
I've inserted a begin-math/end-math symbol since I think
you left one out. Proceed, with fingers crossed.

</Users/ashoksaravanan/Coding/ScribeLec/server/output/MA 421/lectures/2024-08-2
7-ExSimplex/figures/35.1.png, id=1089, 471.7625pt x 873.2625pt>
File: /Users/ashoksaravanan/Coding/ScribeLec/server/output/MA 421/lectures/2024
-08-27-ExSimplex/figures/35.1.png Graphic file (type png)
<use /Users/ashoksaravanan/Coding/ScribeLec/server/output/MA 421/lectures/2024-
08-27-ExSimplex/figures/35.1.png>
Package pdftex.def Info: /Users/ashoksaravanan/Coding/ScribeLec/server/output/M
A 421/lectures/2024-08-27-ExSimplex/figures/35.1.png  used on input line 1106.
(pdftex.def)             Requested size: 70.46037pt x 130.42407pt.

Underfull \hbox (badness 10000) in paragraph at lines 1107--1107
[]\T1/lmr/bx/n/8 (a) |\T1/lmr/m/n/8 Hand-writ-ten
 []


Underfull \hbox (badness 10000) in paragraph at lines 1107--1107
\T1/lmr/m/n/8 so-lu-tion to the
 []


Underfull \hbox (badness 3895) in paragraph at lines 1107--1107
\T1/lmr/m/n/8 aux-il-iary prob-lem
 []


Underfull \hbox (badness 10000) in paragraph at lines 1107--1107
\T1/lmr/m/n/8 of the sim-plex
 []


Underfull \hbox (badness 10000) in paragraph at lines 1107--1107
\T1/lmr/m/n/8 method. The
 []


Underfull \hbox (badness 3895) in paragraph at lines 1107--1107
\T1/lmr/m/n/8 aux-il-iary prob-lem
 []


Underfull \hbox (badness 10000) in paragraph at lines 1107--1107
\T1/lmr/m/n/8 is de-fined, and
 []


Underfull \hbox (badness 10000) in paragraph at lines 1107--1107
\T1/lmr/m/n/8 the con-straints
 []


Underfull \hbox (badness 10000) in paragraph at lines 1107--1107
\T1/lmr/m/n/8 sub-sti-tut-ing for
 []


Underfull \hbox (badness 10000) in paragraph at lines 1107--1107
\T1/lmr/m/n/8 high-lighted when
 []


Underfull \hbox (badness 2970) in paragraph at lines 1107--1107
\OML/lmm/m/it/8 x[]$\T1/lmr/m/n/8 , $\OML/lmm/m/it/8 x[]$\T1/lmr/m/n/8 , and $\
OML/lmm/m/it/8 w[]$
 []


Underfull \hbox (badness 10000) in paragraph at lines 1107--1107
\T1/lmr/m/n/8 note "fea-si-ble!!"
 []


Underfull \hbox (badness 10000) in paragraph at lines 1107--1107
\T1/lmr/m/n/8 so-lu-tion is now
 []

[73] [74 </Users/ashoksaravanan/Coding/ScribeLec/server/output/MA 421/lectures/
2024-08-27-ExSimplex/figures/35.1.png (PNG copy)>]
/Users/ashoksaravanan/Coding/ScribeLec/server/output/MA 421/lectures/2024-08-27
-ExSimplex/notes.tex:1118: Missing $ inserted.
<inserted text> 
                $
l.1118 \text{max } \xi
                       = -2 + x_1 + 2x_2 - w_2 \\
I've inserted a begin-math/end-math symbol since I think
you left one out. Proceed, with fingers crossed.

/Users/ashoksaravanan/Coding/ScribeLec/server/output/MA 421/lectures/2024-08-27
-ExSimplex/notes.tex:1129: Missing $ inserted.
<inserted text> 
                $
l.1129 \subsection
                  {Description}%
I've inserted a begin-math/end-math symbol since I think
you left one out. Proceed, with fingers crossed.

</Users/ashoksaravanan/Coding/ScribeLec/server/output/MA 421/lectures/2024-08-2
7-ExSimplex/figures/36.1.png, id=1100, 471.7625pt x 873.2625pt>
File: /Users/ashoksaravanan/Coding/ScribeLec/server/output/MA 421/lectures/2024
-08-27-ExSimplex/figures/36.1.png Graphic file (type png)
<use /Users/ashoksaravanan/Coding/ScribeLec/server/output/MA 421/lectures/2024-
08-27-ExSimplex/figures/36.1.png>
Package pdftex.def Info: /Users/ashoksaravanan/Coding/ScribeLec/server/output/M
A 421/lectures/2024-08-27-ExSimplex/figures/36.1.png  used on input line 1136.
(pdftex.def)             Requested size: 70.46037pt x 130.42407pt.

Underfull \hbox (badness 10000) in paragraph at lines 1137--1137
[]\T1/lmr/bx/n/8 (a) |\T1/lmr/m/n/8 Hand-writ-ten
 []


Underfull \hbox (badness 10000) in paragraph at lines 1137--1137
\T1/lmr/m/n/8 so-lu-tion to the
 []


Underfull \hbox (badness 3895) in paragraph at lines 1137--1137
\T1/lmr/m/n/8 aux-il-iary prob-lem
 []


Underfull \hbox (badness 10000) in paragraph at lines 1137--1137
\T1/lmr/m/n/8 of the sim-plex
 []


Underfull \hbox (badness 10000) in paragraph at lines 1137--1137
\T1/lmr/m/n/8 method. The
 []


Underfull \hbox (badness 3895) in paragraph at lines 1137--1137
\T1/lmr/m/n/8 aux-il-iary prob-lem
 []


Underfull \hbox (badness 10000) in paragraph at lines 1137--1137
\T1/lmr/m/n/8 is de-fined, and
 []


Underfull \hbox (badness 10000) in paragraph at lines 1137--1137
\T1/lmr/m/n/8 the con-straints
 []


Underfull \hbox (badness 10000) in paragraph at lines 1137--1137
\T1/lmr/m/n/8 sub-sti-tut-ing for
 []


Underfull \hbox (badness 10000) in paragraph at lines 1137--1137
\T1/lmr/m/n/8 high-lighted when
 []


Underfull \hbox (badness 2970) in paragraph at lines 1137--1137
\OML/lmm/m/it/8 x[]$\T1/lmr/m/n/8 , $\OML/lmm/m/it/8 x[]$\T1/lmr/m/n/8 , and $\
OML/lmm/m/it/8 w[]$
 []


Underfull \hbox (badness 10000) in paragraph at lines 1137--1137
\T1/lmr/m/n/8 note "fea-si-ble!!"
 []


Underfull \hbox (badness 10000) in paragraph at lines 1137--1137
\T1/lmr/m/n/8 in-di-cates that
 []


Underfull \hbox (badness 10000) in paragraph at lines 1137--1137
\T1/lmr/m/n/8 the so-lu-tion is
 []


Underfull \hbox (badness 1215) in paragraph at lines 1137--1137
\T1/lmr/m/n/8 now fea-si-ble. A
 []


Underfull \hbox (badness 3460) in paragraph at lines 1137--1137
\T1/lmr/m/n/8 red ar-row points
 []


Underfull \hbox (badness 4582) in paragraph at lines 1137--1137
\T1/lmr/m/n/8 to "in-crease $\OML/lmm/m/it/8 x[]$\T1/lmr/m/n/8 ".
 []


Underfull \hbox (badness 10000) in paragraph at lines 1137--1137
\T1/lmr/m/n/8 are cal-cu-la-tions
 []


Underfull \hbox (badness 10000) in paragraph at lines 1137--1137
\T1/lmr/m/n/8 bounds on $\OML/lmm/m/it/8 x[]$
 []


Underfull \hbox (badness 10000) in paragraph at lines 1137--1137
\T1/lmr/m/n/8 based on the
 []


Underfull \hbox (badness 10000) in paragraph at lines 1137--1137
\T1/lmr/m/n/8 con-straints, and
 []


Underfull \hbox (badness 1968) in paragraph at lines 1137--1137
\T1/lmr/m/n/8 a note in-di-cat-ing
 []


Underfull \hbox (badness 3168) in paragraph at lines 1137--1137
\T1/lmr/m/n/8 that $\OML/lmm/m/it/8 x[]$ \T1/lmr/m/n/8 and $\OML/lmm/m/it/8 w[]
$
 []


Underfull \hbox (badness 7308) in paragraph at lines 1137--1137
\T1/lmr/m/n/8 should be in-ter-
 []

[75] [76 </Users/ashoksaravanan/Coding/ScribeLec/server/output/MA 421/lectures/
2024-08-27-ExSimplex/figures/36.1.png (PNG copy)>]
/Users/ashoksaravanan/Coding/ScribeLec/server/output/MA 421/lectures/2024-08-27
-ExSimplex/notes.tex:1148: Missing $ inserted.
<inserted text> 
                $
l.1148 \text{max } \xi
                       = -2 + x_1 + 2x_2 - w_2 \\
I've inserted a begin-math/end-math symbol since I think
you left one out. Proceed, with fingers crossed.

/Users/ashoksaravanan/Coding/ScribeLec/server/output/MA 421/lectures/2024-08-27
-ExSimplex/notes.tex:1156: Missing $ inserted.
<inserted text> 
                $
l.1156 \subsection
                  {Description}%
I've inserted a begin-math/end-math symbol since I think
you left one out. Proceed, with fingers crossed.

</Users/ashoksaravanan/Coding/ScribeLec/server/output/MA 421/lectures/2024-08-2
7-ExSimplex/figures/37.1.png, id=1110, 471.7625pt x 873.2625pt>
File: /Users/ashoksaravanan/Coding/ScribeLec/server/output/MA 421/lectures/2024
-08-27-ExSimplex/figures/37.1.png Graphic file (type png)
<use /Users/ashoksaravanan/Coding/ScribeLec/server/output/MA 421/lectures/2024-
08-27-ExSimplex/figures/37.1.png>
Package pdftex.def Info: /Users/ashoksaravanan/Coding/ScribeLec/server/output/M
A 421/lectures/2024-08-27-ExSimplex/figures/37.1.png  used on input line 1163.
(pdftex.def)             Requested size: 70.46037pt x 130.42407pt.

Underfull \hbox (badness 10000) in paragraph at lines 1164--1164
[]\T1/lmr/bx/n/8 (a) |\T1/lmr/m/n/8 Hand-writ-ten
 []


Underfull \hbox (badness 3895) in paragraph at lines 1164--1164
\T1/lmr/m/n/8 aux-il-iary prob-lem
 []


Underfull \hbox (badness 10000) in paragraph at lines 1164--1164
\T1/lmr/m/n/8 and sub-se-quent
 []


Underfull \hbox (badness 3895) in paragraph at lines 1164--1164
\T1/lmr/m/n/8 aux-il-iary prob-lem
 []


Underfull \hbox (badness 10000) in paragraph at lines 1164--1164
\T1/lmr/m/n/8 is de-fined, and
 []


Underfull \hbox (badness 1215) in paragraph at lines 1164--1164
\T1/lmr/m/n/8 then sub-sti-tu-tions
 []


Underfull \hbox (badness 2318) in paragraph at lines 1164--1164
\T1/lmr/m/n/8 are made to ex-
 []


Underfull \hbox (badness 7907) in paragraph at lines 1164--1164
\OML/lmm/m/it/8 x[]$ \T1/lmr/m/n/8 in terms of
 []


Underfull \hbox (badness 10000) in paragraph at lines 1164--1164
\T1/lmr/m/n/8 other vari-ables.
 []


Underfull \hbox (badness 10000) in paragraph at lines 1164--1164
\T1/lmr/m/n/8 The num-bers
 []


Underfull \hbox (badness 1769) in paragraph at lines 1164--1164
\T1/lmr/m/n/8 1, 2, and 3 are
 []


Underfull \hbox (badness 10000) in paragraph at lines 1164--1164
\T1/lmr/m/n/8 high-lighted in
 []


Underfull \hbox (badness 10000) in paragraph at lines 1164--1164
\T1/lmr/m/n/8 the sub-se-quent
 []

[77] [78 </Users/ashoksaravanan/Coding/ScribeLec/server/output/MA 421/lectures/
2024-08-27-ExSimplex/figures/37.1.png (PNG copy)>]
/Users/ashoksaravanan/Coding/ScribeLec/server/output/MA 421/lectures/2024-08-27
-ExSimplex/notes.tex:1175: Missing $ inserted.
<inserted text> 
                $
l.1175 \text{max } \xi
                       = -2 + x_1 + 2x_2 - w_2 \\
I've inserted a begin-math/end-math symbol since I think
you left one out. Proceed, with fingers crossed.

/Users/ashoksaravanan/Coding/ScribeLec/server/output/MA 421/lectures/2024-08-27
-ExSimplex/notes.tex:1182: Missing $ inserted.
<inserted text> 
                $
l.1182 \subsection
                  {Description}%
I've inserted a begin-math/end-math symbol since I think
you left one out. Proceed, with fingers crossed.

</Users/ashoksaravanan/Coding/ScribeLec/server/output/MA 421/lectures/2024-08-2
7-ExSimplex/figures/38.1.png, id=1120, 471.7625pt x 873.2625pt>
File: /Users/ashoksaravanan/Coding/ScribeLec/server/output/MA 421/lectures/2024
-08-27-ExSimplex/figures/38.1.png Graphic file (type png)
<use /Users/ashoksaravanan/Coding/ScribeLec/server/output/MA 421/lectures/2024-
08-27-ExSimplex/figures/38.1.png>
Package pdftex.def Info: /Users/ashoksaravanan/Coding/ScribeLec/server/output/M
A 421/lectures/2024-08-27-ExSimplex/figures/38.1.png  used on input line 1189.
(pdftex.def)             Requested size: 70.46037pt x 130.42407pt.

Underfull \hbox (badness 10000) in paragraph at lines 1190--1190
[]\T1/lmr/bx/n/8 (a) |\T1/lmr/m/n/8 Hand-writ-ten
 []


Underfull \hbox (badness 3895) in paragraph at lines 1190--1190
\T1/lmr/m/n/8 aux-il-iary prob-lem
 []


Underfull \hbox (badness 10000) in paragraph at lines 1190--1190
\T1/lmr/m/n/8 and sub-se-quent
 []


Underfull \hbox (badness 3895) in paragraph at lines 1190--1190
\T1/lmr/m/n/8 aux-il-iary prob-lem
 []


Underfull \hbox (badness 10000) in paragraph at lines 1190--1190
\T1/lmr/m/n/8 is de-fined, and
 []


Underfull \hbox (badness 1215) in paragraph at lines 1190--1190
\T1/lmr/m/n/8 then sub-sti-tu-tions
 []


Underfull \hbox (badness 2318) in paragraph at lines 1190--1190
\T1/lmr/m/n/8 are made to ex-
 []


Underfull \hbox (badness 6110) in paragraph at lines 1190--1190
\T1/lmr/m/n/8 press $\OML/lmm/m/it/8 x[]$ \T1/lmr/m/n/8 and $\OML/lmm/m/it/8 $

 []


Underfull \hbox (badness 6708) in paragraph at lines 1190--1190
\T1/lmr/m/n/8 vari-ables. The
 []


Underfull \hbox (badness 2150) in paragraph at lines 1190--1190
\T1/lmr/m/n/8 3 are high-lighted
 []


Underfull \hbox (badness 10000) in paragraph at lines 1190--1190
\T1/lmr/m/n/8 the con-straints.
 []


Underfull \hbox (badness 10000) in paragraph at lines 1190--1190
\T1/lmr/m/n/8 A red ar-row
 []


Underfull \hbox (badness 10000) in paragraph at lines 1190--1190
\T1/lmr/m/n/8 points from the
 []


Underfull \hbox (badness 1199) in paragraph at lines 1190--1190
\T1/lmr/m/n/8 cal-cu-la-tion of $\OML/lmm/m/it/8 x[]$\T1/lmr/m/n/8 .
 []


Underfull \hbox (badness 10000) in paragraph at lines 1190--1190
\T1/lmr/m/n/8 points from the
 []


Underfull \hbox (badness 3049) in paragraph at lines 1190--1190
\T1/lmr/m/n/8 cal-cu-la-tion of $\OML/lmm/m/it/8 x[]$
 []

[79] [80 </Users/ashoksaravanan/Coding/ScribeLec/server/output/MA 421/lectures/
2024-08-27-ExSimplex/figures/38.1.png (PNG copy)>]
/Users/ashoksaravanan/Coding/ScribeLec/server/output/MA 421/lectures/2024-08-27
-ExSimplex/notes.tex:1201: Missing $ inserted.
<inserted text> 
                $
l.1201 \text{max } \xi
                       = -\frac{4}{3} + x_1 - \frac{2}{3}w_1 - \frac{1}{3}w_...
I've inserted a begin-math/end-math symbol since I think
you left one out. Proceed, with fingers crossed.

/Users/ashoksaravanan/Coding/ScribeLec/server/output/MA 421/lectures/2024-08-27
-ExSimplex/notes.tex:1209: Missing $ inserted.
<inserted text> 
                $
l.1209 \subsection
                  {Description}%
I've inserted a begin-math/end-math symbol since I think
you left one out. Proceed, with fingers crossed.

</Users/ashoksaravanan/Coding/ScribeLec/server/output/MA 421/lectures/2024-08-2
7-ExSimplex/figures/39.1.png, id=1131, 471.7625pt x 873.2625pt>
File: /Users/ashoksaravanan/Coding/ScribeLec/server/output/MA 421/lectures/2024
-08-27-ExSimplex/figures/39.1.png Graphic file (type png)
<use /Users/ashoksaravanan/Coding/ScribeLec/server/output/MA 421/lectures/2024-
08-27-ExSimplex/figures/39.1.png>
Package pdftex.def Info: /Users/ashoksaravanan/Coding/ScribeLec/server/output/M
A 421/lectures/2024-08-27-ExSimplex/figures/39.1.png  used on input line 1216.
(pdftex.def)             Requested size: 70.46037pt x 130.42407pt.

Underfull \hbox (badness 10000) in paragraph at lines 1217--1217
[]\T1/lmr/bx/n/8 (a) |\T1/lmr/m/n/8 Hand-writ-ten
 []


Underfull \hbox (badness 3895) in paragraph at lines 1217--1217
\T1/lmr/m/n/8 aux-il-iary prob-lem
 []


Underfull \hbox (badness 10000) in paragraph at lines 1217--1217
\T1/lmr/m/n/8 and sub-se-quent
 []


Underfull \hbox (badness 3895) in paragraph at lines 1217--1217
\T1/lmr/m/n/8 aux-il-iary prob-lem
 []


Underfull \hbox (badness 10000) in paragraph at lines 1217--1217
\T1/lmr/m/n/8 is de-fined, and
 []


Underfull \hbox (badness 1215) in paragraph at lines 1217--1217
\T1/lmr/m/n/8 then sub-sti-tu-tions
 []


Underfull \hbox (badness 2318) in paragraph at lines 1217--1217
\T1/lmr/m/n/8 are made to ex-
 []


Underfull \hbox (badness 7907) in paragraph at lines 1217--1217
\OML/lmm/m/it/8 x[]$ \T1/lmr/m/n/8 in terms of
 []


Underfull \hbox (badness 10000) in paragraph at lines 1217--1217
\T1/lmr/m/n/8 other vari-ables.
 []


Underfull \hbox (badness 10000) in paragraph at lines 1217--1217
\T1/lmr/m/n/8 The num-bers
 []


Underfull \hbox (badness 1769) in paragraph at lines 1217--1217
\T1/lmr/m/n/8 1, 2, and 3 are
 []


Underfull \hbox (badness 10000) in paragraph at lines 1217--1217
\T1/lmr/m/n/8 high-lighted in
 []


Underfull \hbox (badness 10000) in paragraph at lines 1217--1217
\T1/lmr/m/n/8 the cal-cu-la-tion
 []


Underfull \hbox (badness 3460) in paragraph at lines 1217--1217
\T1/lmr/m/n/8 red ar-row points
 []


Underfull \hbox (badness 4582) in paragraph at lines 1217--1217
\T1/lmr/m/n/8 to "in-crease $\OML/lmm/m/it/8 x[]$\T1/lmr/m/n/8 ".
 []


Underfull \hbox (badness 10000) in paragraph at lines 1217--1217
\T1/lmr/m/n/8 are cal-cu-la-tions
 []


Underfull \hbox (badness 10000) in paragraph at lines 1217--1217
\T1/lmr/m/n/8 bounds on $\OML/lmm/m/it/8 x[]$
 []


Underfull \hbox (badness 10000) in paragraph at lines 1217--1217
\T1/lmr/m/n/8 based on the
 []


Underfull \hbox (badness 10000) in paragraph at lines 1217--1217
\T1/lmr/m/n/8 con-straints, and
 []


Underfull \hbox (badness 1968) in paragraph at lines 1217--1217
\T1/lmr/m/n/8 a note in-di-cat-ing
 []


Underfull \hbox (badness 4193) in paragraph at lines 1217--1217
\T1/lmr/m/n/8 that $\OML/lmm/m/it/8 x[]$ \T1/lmr/m/n/8 and $\OML/lmm/m/it/8 x[]
$
 []


Underfull \hbox (badness 7308) in paragraph at lines 1217--1217
\T1/lmr/m/n/8 should be in-ter-
 []

[81] [82 </Users/ashoksaravanan/Coding/ScribeLec/server/output/MA 421/lectures/
2024-08-27-ExSimplex/figures/39.1.png (PNG copy)>]
/Users/ashoksaravanan/Coding/ScribeLec/server/output/MA 421/lectures/2024-08-27
-ExSimplex/notes.tex:1229: Missing $ inserted.
<inserted text> 
                $
l.1229 \text{max } \xi
                       = -\frac{4}{3} + x_1 - \frac{2}{3}w_1 - \frac{1}{3}w_...
I've inserted a begin-math/end-math symbol since I think
you left one out. Proceed, with fingers crossed.

/Users/ashoksaravanan/Coding/ScribeLec/server/output/MA 421/lectures/2024-08-27
-ExSimplex/notes.tex:1237: Missing $ inserted.
<inserted text> 
                $
l.1237 \subsection
                  {Description}%
I've inserted a begin-math/end-math symbol since I think
you left one out. Proceed, with fingers crossed.

</Users/ashoksaravanan/Coding/ScribeLec/server/output/MA 421/lectures/2024-08-2
7-ExSimplex/figures/40.1.png, id=1141, 471.7625pt x 873.2625pt>
File: /Users/ashoksaravanan/Coding/ScribeLec/server/output/MA 421/lectures/2024
-08-27-ExSimplex/figures/40.1.png Graphic file (type png)
<use /Users/ashoksaravanan/Coding/ScribeLec/server/output/MA 421/lectures/2024-
08-27-ExSimplex/figures/40.1.png>
Package pdftex.def Info: /Users/ashoksaravanan/Coding/ScribeLec/server/output/M
A 421/lectures/2024-08-27-ExSimplex/figures/40.1.png  used on input line 1244.
(pdftex.def)             Requested size: 70.46037pt x 130.42407pt.

Underfull \hbox (badness 10000) in paragraph at lines 1245--1245
[]\T1/lmr/bx/n/8 (a) |\T1/lmr/m/n/8 Hand-writ-ten
 []


Underfull \hbox (badness 3895) in paragraph at lines 1245--1245
\T1/lmr/m/n/8 aux-il-iary prob-lem
 []


Underfull \hbox (badness 10000) in paragraph at lines 1245--1245
\T1/lmr/m/n/8 and sub-se-quent
 []


Underfull \hbox (badness 3895) in paragraph at lines 1245--1245
\T1/lmr/m/n/8 aux-il-iary prob-lem
 []


Underfull \hbox (badness 10000) in paragraph at lines 1245--1245
\T1/lmr/m/n/8 is de-fined, and
 []


Underfull \hbox (badness 1215) in paragraph at lines 1245--1245
\T1/lmr/m/n/8 then sub-sti-tu-tions
 []


Underfull \hbox (badness 2318) in paragraph at lines 1245--1245
\T1/lmr/m/n/8 are made to ex-
 []


Underfull \hbox (badness 7907) in paragraph at lines 1245--1245
\OML/lmm/m/it/8 x[]$ \T1/lmr/m/n/8 in terms of
 []


Underfull \hbox (badness 10000) in paragraph at lines 1245--1245
\T1/lmr/m/n/8 other vari-ables.
 []


Underfull \hbox (badness 10000) in paragraph at lines 1245--1245
\T1/lmr/m/n/8 The num-ber II
 []


Underfull \hbox (badness 10000) in paragraph at lines 1245--1245
\T1/lmr/m/n/8 is high-lighted
 []


Underfull \hbox (badness 10000) in paragraph at lines 1245--1245
\T1/lmr/m/n/8 in or-ange next
 []


Underfull \hbox (badness 10000) in paragraph at lines 1245--1245
\T1/lmr/m/n/8 to the prob-lem
 []


Underfull \hbox (badness 2809) in paragraph at lines 1245--1245
\T1/lmr/m/n/8 state-ment. Red
 []

[83] [84 </Users/ashoksaravanan/Coding/ScribeLec/server/output/MA 421/lectures/
2024-08-27-ExSimplex/figures/40.1.png (PNG copy)>]
/Users/ashoksaravanan/Coding/ScribeLec/server/output/MA 421/lectures/2024-08-27
-ExSimplex/notes.tex:1257: Missing $ inserted.
<inserted text> 
                $
l.1257 \text{max } \xi
                       = -\frac{4}{3} + x_1 - \frac{2}{3}w_1 - \frac{1}{3}w_...
I've inserted a begin-math/end-math symbol since I think
you left one out. Proceed, with fingers crossed.

/Users/ashoksaravanan/Coding/ScribeLec/server/output/MA 421/lectures/2024-08-27
-ExSimplex/notes.tex:1265: Missing $ inserted.
<inserted text> 
                $
l.1265 \subsection
                  {Description}%
I've inserted a begin-math/end-math symbol since I think
you left one out. Proceed, with fingers crossed.

</Users/ashoksaravanan/Coding/ScribeLec/server/output/MA 421/lectures/2024-08-2
7-ExSimplex/figures/41.1.png, id=1151, 471.7625pt x 873.2625pt>
File: /Users/ashoksaravanan/Coding/ScribeLec/server/output/MA 421/lectures/2024
-08-27-ExSimplex/figures/41.1.png Graphic file (type png)
<use /Users/ashoksaravanan/Coding/ScribeLec/server/output/MA 421/lectures/2024-
08-27-ExSimplex/figures/41.1.png>
Package pdftex.def Info: /Users/ashoksaravanan/Coding/ScribeLec/server/output/M
A 421/lectures/2024-08-27-ExSimplex/figures/41.1.png  used on input line 1272.
(pdftex.def)             Requested size: 70.46037pt x 130.42407pt.

Underfull \hbox (badness 10000) in paragraph at lines 1273--1273
[]\T1/lmr/bx/n/8 (a) |\T1/lmr/m/n/8 Hand-writ-ten
 []


Underfull \hbox (badness 3895) in paragraph at lines 1273--1273
\T1/lmr/m/n/8 aux-il-iary prob-lem
 []


Underfull \hbox (badness 10000) in paragraph at lines 1273--1273
\T1/lmr/m/n/8 and sub-se-quent
 []


Underfull \hbox (badness 3895) in paragraph at lines 1273--1273
\T1/lmr/m/n/8 aux-il-iary prob-lem
 []


Underfull \hbox (badness 10000) in paragraph at lines 1273--1273
\T1/lmr/m/n/8 is de-fined, and
 []


Underfull \hbox (badness 1215) in paragraph at lines 1273--1273
\T1/lmr/m/n/8 then sub-sti-tu-tions
 []


Underfull \hbox (badness 2318) in paragraph at lines 1273--1273
\T1/lmr/m/n/8 are made to ex-
 []


Underfull \hbox (badness 7907) in paragraph at lines 1273--1273
\OML/lmm/m/it/8 x[]$ \T1/lmr/m/n/8 in terms of
 []


Underfull \hbox (badness 10000) in paragraph at lines 1273--1273
\T1/lmr/m/n/8 other vari-ables.
 []


Underfull \hbox (badness 10000) in paragraph at lines 1273--1273
\T1/lmr/m/n/8 The num-ber II
 []


Underfull \hbox (badness 10000) in paragraph at lines 1273--1273
\T1/lmr/m/n/8 is high-lighted
 []


Underfull \hbox (badness 10000) in paragraph at lines 1273--1273
\T1/lmr/m/n/8 in or-ange next
 []


Underfull \hbox (badness 10000) in paragraph at lines 1273--1273
\T1/lmr/m/n/8 to the prob-lem
 []


Underfull \hbox (badness 2809) in paragraph at lines 1273--1273
\T1/lmr/m/n/8 state-ment. Red
 []

[85] [86 </Users/ashoksaravanan/Coding/ScribeLec/server/output/MA 421/lectures/
2024-08-27-ExSimplex/figures/41.1.png (PNG copy)>]

/Users/ashoksaravanan/Coding/ScribeLec/server/output/MA 421/lectures/2024-08-27
-ExSimplex/notes.tex:1284: LaTeX Error: Unicode character Ⅲ (U+2162)
               not set up for use with LaTeX.

See the LaTeX manual or LaTeX Companion for explanation.
Type  H <return>  for immediate help.
 ...                                              
                                                  
l.1284 \text{Ⅲ}
                  \\
You may provide a definition with
\DeclareUnicodeCharacter 

/Users/ashoksaravanan/Coding/ScribeLec/server/output/MA 421/lectures/2024-08-27
-ExSimplex/notes.tex:1285: Missing $ inserted.
<inserted text> 
                $
l.1285 \text{max } \xi
                       = -x_0 \\
I've inserted a begin-math/end-math symbol since I think
you left one out. Proceed, with fingers crossed.

/Users/ashoksaravanan/Coding/ScribeLec/server/output/MA 421/lectures/2024-08-27
-ExSimplex/notes.tex:1292: Missing $ inserted.
<inserted text> 
                $
l.1292 \subsection
                  {Description}%
I've inserted a begin-math/end-math symbol since I think
you left one out. Proceed, with fingers crossed.

</Users/ashoksaravanan/Coding/ScribeLec/server/output/MA 421/lectures/2024-08-2
7-ExSimplex/figures/42.1.png, id=1163, 471.7625pt x 873.2625pt>
File: /Users/ashoksaravanan/Coding/ScribeLec/server/output/MA 421/lectures/2024
-08-27-ExSimplex/figures/42.1.png Graphic file (type png)
<use /Users/ashoksaravanan/Coding/ScribeLec/server/output/MA 421/lectures/2024-
08-27-ExSimplex/figures/42.1.png>
Package pdftex.def Info: /Users/ashoksaravanan/Coding/ScribeLec/server/output/M
A 421/lectures/2024-08-27-ExSimplex/figures/42.1.png  used on input line 1299.
(pdftex.def)             Requested size: 70.46037pt x 130.42407pt.

Underfull \hbox (badness 10000) in paragraph at lines 1300--1300
[]\T1/lmr/bx/n/8 (a) |\T1/lmr/m/n/8 Hand-writ-ten
 []


Underfull \hbox (badness 3895) in paragraph at lines 1300--1300
\T1/lmr/m/n/8 aux-il-iary prob-lem
 []


Underfull \hbox (badness 4927) in paragraph at lines 1300--1300
\T1/lmr/m/n/8 and its so-lu-tion.
 []


Underfull \hbox (badness 10000) in paragraph at lines 1300--1300
\T1/lmr/m/n/8 The aux-il-iary
 []


Underfull \hbox (badness 4279) in paragraph at lines 1300--1300
\T1/lmr/m/n/8 and then sub-sti-
 []


Underfull \hbox (badness 1924) in paragraph at lines 1300--1300
\T1/lmr/m/n/8 tu-tions are made
 []


Underfull \hbox (badness 1924) in paragraph at lines 1300--1300
\T1/lmr/m/n/8 and $\OML/lmm/m/it/8 x[]$ \T1/lmr/m/n/8 in terms
 []


Underfull \hbox (badness 10000) in paragraph at lines 1300--1300
\T1/lmr/m/n/8 The num-ber III
 []


Underfull \hbox (badness 5345) in paragraph at lines 1300--1300
\T1/lmr/m/n/8 is high-lighted in
 []


Underfull \hbox (badness 10000) in paragraph at lines 1300--1300
\T1/lmr/m/n/8 or-ange next to
 []


Underfull \hbox (badness 10000) in paragraph at lines 1300--1300
\T1/lmr/m/n/8 points from the
 []


Underfull \hbox (badness 1199) in paragraph at lines 1300--1300
\T1/lmr/m/n/8 cal-cu-la-tion of $\OML/lmm/m/it/8 x[]$\T1/lmr/m/n/8 ,
 []

[87] [88 </Users/ashoksaravanan/Coding/ScribeLec/server/output/MA 421/lectures/
2024-08-27-ExSimplex/figures/42.1.png (PNG copy)>]
/Users/ashoksaravanan/Coding/ScribeLec/server/output/MA 421/lectures/2024-08-27
-ExSimplex/notes.tex:1311: Missing $ inserted.
<inserted text> 
                $
l.1311 \text{max } \xi
                       = -2x_1 - x_2 \\
I've inserted a begin-math/end-math symbol since I think
you left one out. Proceed, with fingers crossed.

/Users/ashoksaravanan/Coding/ScribeLec/server/output/MA 421/lectures/2024-08-27
-ExSimplex/notes.tex:1323: Missing $ inserted.
<inserted text> 
                $
l.1323 \subsection
                  {Description}%
I've inserted a begin-math/end-math symbol since I think
you left one out. Proceed, with fingers crossed.

</Users/ashoksaravanan/Coding/ScribeLec/server/output/MA 421/lectures/2024-08-2
7-ExSimplex/figures/43.1.png, id=1173, 471.7625pt x 873.2625pt>
File: /Users/ashoksaravanan/Coding/ScribeLec/server/output/MA 421/lectures/2024
-08-27-ExSimplex/figures/43.1.png Graphic file (type png)
<use /Users/ashoksaravanan/Coding/ScribeLec/server/output/MA 421/lectures/2024-
08-27-ExSimplex/figures/43.1.png>
Package pdftex.def Info: /Users/ashoksaravanan/Coding/ScribeLec/server/output/M
A 421/lectures/2024-08-27-ExSimplex/figures/43.1.png  used on input line 1330.
(pdftex.def)             Requested size: 70.46037pt x 130.42407pt.

Underfull \hbox (badness 10000) in paragraph at lines 1331--1331
[]\T1/lmr/bx/n/8 (a) |\T1/lmr/m/n/8 Hand-writ-ten
 []


Underfull \hbox (badness 10000) in paragraph at lines 1331--1331
\T1/lmr/m/n/8 orig-i-nal prob-lem
 []


Underfull \hbox (badness 4341) in paragraph at lines 1331--1331
\T1/lmr/m/n/8 and the so-lu-tion
 []


Underfull \hbox (badness 1394) in paragraph at lines 1331--1331
\OML/lmm/m/it/8  \OT1/lmr/m/n/8 = \OMS/lmsy/m/n/8  \OT1/lmr/m/n/8 2\OML/lmm/m/
it/8 x[] \OMS/lmsy/m/n/8   \OML/lmm/m/it/8 x[]$
 []


Underfull \hbox (badness 10000) in paragraph at lines 1331--1331
\T1/lmr/m/n/8 sub-ject to
 []


Underfull \hbox (badness 7203) in paragraph at lines 1331--1331
\OML/lmm/m/it/8 x[] \OMS/lmsy/m/n/8  \OT1/lmr/m/n/8 1$\T1/lmr/m/n/8 , and
 []


Underfull \hbox (badness 3557) in paragraph at lines 1331--1331
\T1/lmr/m/n/8 that, there is a
 []


Underfull \hbox (badness 8132) in paragraph at lines 1331--1331
\T1/lmr/m/n/8 set of equa-tions
 []


Underfull \hbox (badness 2326) in paragraph at lines 1331--1331
\T1/lmr/m/n/8 for $\OML/lmm/m/it/8 x[]$\T1/lmr/m/n/8 , $\OML/lmm/m/it/8 w[]$\T1
/lmr/m/n/8 , and
 []


Underfull \hbox (badness 7907) in paragraph at lines 1331--1331
\OML/lmm/m/it/8 x[]$ \T1/lmr/m/n/8 in terms of
 []


Underfull \hbox (badness 1308) in paragraph at lines 1331--1331
\OML/lmm/m/it/8 w[]$\T1/lmr/m/n/8 , $\OML/lmm/m/it/8 w[]$\T1/lmr/m/n/8 , and $\
OML/lmm/m/it/8 x[]$\T1/lmr/m/n/8 ,
 []


Underfull \hbox (badness 10000) in paragraph at lines 1331--1331
\T1/lmr/m/n/8 ob-tained from
 []


Underfull \hbox (badness 1038) in paragraph at lines 1331--1331
\T1/lmr/m/n/8 solv-ing the aux-il-
 []


Underfull \hbox (badness 10000) in paragraph at lines 1331--1331
\T1/lmr/m/n/8 the con-straints
 []


Underfull \hbox (badness 10000) in paragraph at lines 1331--1331
\T1/lmr/m/n/8 of the orig-i-nal
 []


Underfull \hbox (badness 1226) in paragraph at lines 1331--1331
\T1/lmr/m/n/8 prob-lem. A red
 []


Underfull \hbox (badness 1226) in paragraph at lines 1331--1331
\T1/lmr/m/n/8 prob-lem. A red
 []


Underfull \hbox (badness 10000) in paragraph at lines 1331--1331
\T1/lmr/m/n/8 strikethrough is
 []


Underfull \hbox (badness 1383) in paragraph at lines 1331--1331
\T1/lmr/m/n/8 present on $\OML/lmm/m/it/8 x[]$ \T1/lmr/m/n/8 in
 []


Underfull \hbox (badness 1924) in paragraph at lines 1331--1331
\T1/lmr/m/n/8 the equa-tions for
 []

[89] [90 </Users/ashoksaravanan/Coding/ScribeLec/server/output/MA 421/lectures/
2024-08-27-ExSimplex/figures/43.1.png (PNG copy)>]
/Users/ashoksaravanan/Coding/ScribeLec/server/output/MA 421/lectures/2024-08-27
-ExSimplex/notes.tex:1342: Missing $ inserted.
<inserted text> 
                $
l.1342 \text{max } \xi
                       = -2x_1 - x_2 \\
I've inserted a begin-math/end-math symbol since I think
you left one out. Proceed, with fingers crossed.

/Users/ashoksaravanan/Coding/ScribeLec/server/output/MA 421/lectures/2024-08-27
-ExSimplex/notes.tex:1354: Missing $ inserted.
<inserted text> 
                $
l.1354 \subsection
                  {Description}%
I've inserted a begin-math/end-math symbol since I think
you left one out. Proceed, with fingers crossed.

</Users/ashoksaravanan/Coding/ScribeLec/server/output/MA 421/lectures/2024-08-2
7-ExSimplex/figures/44.1.png, id=1183, 471.7625pt x 873.2625pt>
File: /Users/ashoksaravanan/Coding/ScribeLec/server/output/MA 421/lectures/2024
-08-27-ExSimplex/figures/44.1.png Graphic file (type png)
<use /Users/ashoksaravanan/Coding/ScribeLec/server/output/MA 421/lectures/2024-
08-27-ExSimplex/figures/44.1.png>
Package pdftex.def Info: /Users/ashoksaravanan/Coding/ScribeLec/server/output/M
A 421/lectures/2024-08-27-ExSimplex/figures/44.1.png  used on input line 1361.
(pdftex.def)             Requested size: 70.46037pt x 130.42407pt.

Underfull \hbox (badness 10000) in paragraph at lines 1362--1362
[]\T1/lmr/bx/n/8 (a) |\T1/lmr/m/n/8 Hand-writ-ten
 []


Underfull \hbox (badness 10000) in paragraph at lines 1362--1362
\T1/lmr/m/n/8 orig-i-nal prob-lem
 []


Underfull \hbox (badness 4341) in paragraph at lines 1362--1362
\T1/lmr/m/n/8 and the so-lu-tion
 []


Underfull \hbox (badness 1394) in paragraph at lines 1362--1362
\OML/lmm/m/it/8  \OT1/lmr/m/n/8 = \OMS/lmsy/m/n/8  \OT1/lmr/m/n/8 2\OML/lmm/m/
it/8 x[] \OMS/lmsy/m/n/8   \OML/lmm/m/it/8 x[]$
 []


Underfull \hbox (badness 10000) in paragraph at lines 1362--1362
\T1/lmr/m/n/8 sub-ject to con-
 []


Underfull \hbox (badness 10000) in paragraph at lines 1362--1362
\T1/lmr/m/n/8 straints (not
 []


Underfull \hbox (badness 10000) in paragraph at lines 1362--1362
\T1/lmr/m/n/8 ex-plic-itly writ-
 []


Underfull \hbox (badness 10000) in paragraph at lines 1362--1362
\T1/lmr/m/n/8 ten but im-plied
 []


Underfull \hbox (badness 10000) in paragraph at lines 1362--1362
\T1/lmr/m/n/8 from pre-vi-ous
 []


Underfull \hbox (badness 10000) in paragraph at lines 1362--1362
\T1/lmr/m/n/8 slides). Be-low
 []


Underfull \hbox (badness 3557) in paragraph at lines 1362--1362
\T1/lmr/m/n/8 that, there is a
 []


Underfull \hbox (badness 8132) in paragraph at lines 1362--1362
\T1/lmr/m/n/8 set of equa-tions
 []


Underfull \hbox (badness 2326) in paragraph at lines 1362--1362
\T1/lmr/m/n/8 for $\OML/lmm/m/it/8 x[]$\T1/lmr/m/n/8 , $\OML/lmm/m/it/8 w[]$\T1
/lmr/m/n/8 , and
 []


Underfull \hbox (badness 4341) in paragraph at lines 1362--1362
\T1/lmr/m/n/8 from solv-ing the
 []


Underfull \hbox (badness 3780) in paragraph at lines 1362--1362
\T1/lmr/m/n/8 The so-lu-tion $\OML/lmm/m/it/8 x[]$\T1/lmr/m/n/8 ,
 []


Underfull \hbox (badness 10000) in paragraph at lines 1362--1362
\OML/lmm/m/it/8 x[]$ \T1/lmr/m/n/8 are sub-sti-
 []


Underfull \hbox (badness 10000) in paragraph at lines 1362--1362
\T1/lmr/m/n/8 tuted into the
 []


Underfull \hbox (badness 2435) in paragraph at lines 1362--1362
\T1/lmr/m/n/8 ob-jec-tive func-tion
 []


Underfull \hbox (badness 10000) in paragraph at lines 1362--1362
\T1/lmr/m/n/8 re-sult-ing in
 []


Underfull \hbox (badness 10000) in paragraph at lines 1362--1362
\T1/lmr/m/n/8 A red ar-row
 []


Underfull \hbox (badness 10000) in paragraph at lines 1362--1362
\T1/lmr/m/n/8 points from the
 []


Underfull \hbox (badness 1199) in paragraph at lines 1362--1362
\T1/lmr/m/n/8 cal-cu-la-tion of $\OML/lmm/m/it/8 x[]$\T1/lmr/m/n/8 ,
 []


Underfull \hbox (badness 1194) in paragraph at lines 1362--1362
\OML/lmm/m/it/8 x[]$\T1/lmr/m/n/8 , and $\OML/lmm/m/it/8 w[]$\T1/lmr/m/n/8 . A
 []


Underfull \hbox (badness 3460) in paragraph at lines 1362--1362
\T1/lmr/m/n/8 red ar-row points
 []


Underfull \hbox (badness 10000) in paragraph at lines 1362--1362
\T1/lmr/m/n/8 for $\OML/lmm/m/it/8 x[]$ \T1/lmr/m/n/8 and $\OML/lmm/m/it/8 x[]$

 []


Underfull \hbox (badness 10000) in paragraph at lines 1362--1362
\T1/lmr/m/n/8 to the ob-jec-tive
 []


Underfull \hbox (badness 10000) in paragraph at lines 1362--1362
\T1/lmr/m/n/8 op-ti-mal when
 []

[91] [92 </Users/ashoksaravanan/Coding/ScribeLec/server/output/MA 421/lectures/
2024-08-27-ExSimplex/figures/44.1.png (PNG copy)>]

enddocument/afterlastpage: lastpage setting LastPage.
(_logs/notes.aux)
 ***********
LaTeX2e <2023-11-01> patch level 1
L3 programming layer <2024-02-20>
 ***********


LaTeX Warning: Label(s) may have changed. Rerun to get cross-references right.


Package rerunfilecheck Warning: File `notes.out' has changed.
(rerunfilecheck)                Rerun to get outlines right
(rerunfilecheck)                or use package `bookmark'.

Package rerunfilecheck Info: Checksums for `notes.out':
(rerunfilecheck)             Before: 4B3E3D06F39259F7836AB3C5A15D2448;16855
(rerunfilecheck)             After:  C28CCB6EB061BA2605639EFCA758995A;17252.
 )
(\end occurred inside a group at level 2)

### simple group (level 2) entered at line 958 ({)
### simple group (level 1) entered at line 958 ({)
### bottom level 
Here is how much of TeX's memory you used:
 15236 strings out of 474116
 273354 string characters out of 5743682
 1945187 words of memory out of 5000000
 37029 multiletter control sequences out of 15000+600000
 616079 words of font info for 79 fonts, out of 8000000 for 9000
 1141 hyphenation exceptions out of 8191
 83i,14n,131p,2090b,702s stack positions out of 10000i,1000n,20000p,200000b,200000s
</usr/local/texlive/2024/texmf-dist/fonts/type1/public/lm/lmbx1
2.pfb></usr/local/texlive/2024/texmf-dist/fonts/type1/public/lm/lmbx8.pfb></usr
/local/texlive/2024/texmf-dist/fonts/type1/public/lm/lmex10.pfb></usr/local/tex
live/2024/texmf-dist/fonts/type1/public/lm/lmmi10.pfb></usr/local/texlive/2024/
texmf-dist/fonts/type1/public/lm/lmmi5.pfb></usr/local/texlive/2024/texmf-dist/
fonts/type1/public/lm/lmmi6.pfb></usr/local/texlive/2024/texmf-dist/fonts/type1
/public/lm/lmmi7.pfb></usr/local/texlive/2024/texmf-dist/fonts/type1/public/lm/
lmmi8.pfb></usr/local/texlive/2024/texmf-dist/fonts/type1/public/lm/lmr10.pfb><
/usr/local/texlive/2024/texmf-dist/fonts/type1/public/lm/lmr12.pfb></usr/local/
texlive/2024/texmf-dist/fonts/type1/public/lm/lmr17.pfb></usr/local/texlive/202
4/texmf-dist/fonts/type1/public/lm/lmr5.pfb></usr/local/texlive/2024/texmf-dist
/fonts/type1/public/lm/lmr6.pfb></usr/local/texlive/2024/texmf-dist/fonts/type1
/public/lm/lmr7.pfb></usr/local/texlive/2024/texmf-dist/fonts/type1/public/lm/l
mr8.pfb></usr/local/texlive/2024/texmf-dist/fonts/type1/public/lm/lmsy10.pfb></
usr/local/texlive/2024/texmf-dist/fonts/type1/public/lm/lmsy7.pfb></usr/local/t
exlive/2024/texmf-dist/fonts/type1/public/lm/lmsy8.pfb></usr/local/texlive/2024
/texmf-dist/fonts/type1/public/amsfonts/symbols/msbm10.pfb>
Output written on _logs/notes.pdf (92 pages, 7106112 bytes).
PDF statistics:
 1361 PDF objects out of 1440 (max. 8388607)
 1170 compressed objects within 12 object streams
 313 named destinations out of 1000 (max. 500000)
 1597 words of extra memory for PDF output out of 10000 (max. 10000000)

