This is pdfTeX, Version 3.141592653-2.6-1.40.26 (TeX Live 2024) (preloaded format=pdflatex 2024.12.3)  31 DEC 2024 13:26
entering extended mode
 \write18 enabled.
 file:line:error style messages enabled.
 %&-line parsing enabled.
**"/Users/ashoksaravanan/Coding/ScribeLec/server/output/MA 421/lectures/2024-11
-05-NetFlows/notes.tex"

(/Users/ashoksaravanan/Coding/ScribeLec/server/output/MA 421/lectures/2024-11-0
5-NetFlows/notes.tex
LaTeX2e <2023-11-01> patch level 1
L3 programming layer <2024-02-20>
(/usr/local/texlive/2024/texmf-dist/tex/latex/base/article.cls
Document Class: article 2023/05/17 v1.4n Standard LaTeX document class
(/usr/local/texlive/2024/texmf-dist/tex/latex/base/size10.clo
File: size10.clo 2023/05/17 v1.4n Standard LaTeX file (size option)
)
\c@part=\count188
\c@section=\count189
\c@subsection=\count190
\c@subsubsection=\count191
\c@paragraph=\count192
\c@subparagraph=\count193
\c@figure=\count194
\c@table=\count195
\abovecaptionskip=\skip48
\belowcaptionskip=\skip49
\bibindent=\dimen140
)
(/usr/local/texlive/2024/texmf-dist/tex/latex/base/fontenc.sty
Package: fontenc 2021/04/29 v2.0v Standard LaTeX package
)
(/usr/local/texlive/2024/texmf-dist/tex/latex/base/inputenc.sty
Package: inputenc 2021/02/14 v1.3d Input encoding file
\inpenc@prehook=\toks17
\inpenc@posthook=\toks18
)
(/usr/local/texlive/2024/texmf-dist/tex/latex/lm/lmodern.sty
Package: lmodern 2015/05/01 v1.6.1 Latin Modern Fonts
LaTeX Font Info:    Overwriting symbol font `operators' in version `normal'
(Font)                  OT1/cmr/m/n --> OT1/lmr/m/n on input line 22.
LaTeX Font Info:    Overwriting symbol font `letters' in version `normal'
(Font)                  OML/cmm/m/it --> OML/lmm/m/it on input line 23.
LaTeX Font Info:    Overwriting symbol font `symbols' in version `normal'
(Font)                  OMS/cmsy/m/n --> OMS/lmsy/m/n on input line 24.
LaTeX Font Info:    Overwriting symbol font `largesymbols' in version `normal'
(Font)                  OMX/cmex/m/n --> OMX/lmex/m/n on input line 25.
LaTeX Font Info:    Overwriting symbol font `operators' in version `bold'
(Font)                  OT1/cmr/bx/n --> OT1/lmr/bx/n on input line 26.
LaTeX Font Info:    Overwriting symbol font `letters' in version `bold'
(Font)                  OML/cmm/b/it --> OML/lmm/b/it on input line 27.
LaTeX Font Info:    Overwriting symbol font `symbols' in version `bold'
(Font)                  OMS/cmsy/b/n --> OMS/lmsy/b/n on input line 28.
LaTeX Font Info:    Overwriting symbol font `largesymbols' in version `bold'
(Font)                  OMX/cmex/m/n --> OMX/lmex/m/n on input line 29.
LaTeX Font Info:    Overwriting math alphabet `\mathbf' in version `normal'
(Font)                  OT1/cmr/bx/n --> OT1/lmr/bx/n on input line 31.
LaTeX Font Info:    Overwriting math alphabet `\mathsf' in version `normal'
(Font)                  OT1/cmss/m/n --> OT1/lmss/m/n on input line 32.
LaTeX Font Info:    Overwriting math alphabet `\mathit' in version `normal'
(Font)                  OT1/cmr/m/it --> OT1/lmr/m/it on input line 33.
LaTeX Font Info:    Overwriting math alphabet `\mathtt' in version `normal'
(Font)                  OT1/cmtt/m/n --> OT1/lmtt/m/n on input line 34.
LaTeX Font Info:    Overwriting math alphabet `\mathbf' in version `bold'
(Font)                  OT1/cmr/bx/n --> OT1/lmr/bx/n on input line 35.
LaTeX Font Info:    Overwriting math alphabet `\mathsf' in version `bold'
(Font)                  OT1/cmss/bx/n --> OT1/lmss/bx/n on input line 36.
LaTeX Font Info:    Overwriting math alphabet `\mathit' in version `bold'
(Font)                  OT1/cmr/bx/it --> OT1/lmr/bx/it on input line 37.
LaTeX Font Info:    Overwriting math alphabet `\mathtt' in version `bold'
(Font)                  OT1/cmtt/m/n --> OT1/lmtt/m/n on input line 38.
)
(/usr/local/texlive/2024/texmf-dist/tex/latex/base/textcomp.sty
Package: textcomp 2020/02/02 v2.0n Standard LaTeX package
)
(/usr/local/texlive/2024/texmf-dist/tex/latex/lastpage/lastpage.sty
Package: lastpage 2023/10/14 v2.0e lastpage: 2.09 or 2e? (HMM)

(/usr/local/texlive/2024/texmf-dist/tex/latex/lastpage/lastpage2e.sty
Package: lastpage2e 2023/10/14 v2.0e Decide which 2e lastpage version to use (H
MM)

(/usr/local/texlive/2024/texmf-dist/tex/latex/lastpage/lastpagemodern.sty
Package: lastpagemodern 2023-10-14 v2.0e Refers to last page's name (HMM; JPG)
\c@lastpagecount=\count196
) 
)) (/usr/local/texlive/2024/texmf-dist/tex/latex/geometry/geometry.sty
Package: geometry 2020/01/02 v5.9 Page Geometry

(/usr/local/texlive/2024/texmf-dist/tex/latex/graphics/keyval.sty
Package: keyval 2022/05/29 v1.15 key=value parser (DPC)
\KV@toks@=\toks19
)
(/usr/local/texlive/2024/texmf-dist/tex/generic/iftex/ifvtex.sty
Package: ifvtex 2019/10/25 v1.7 ifvtex legacy package. Use iftex instead.

(/usr/local/texlive/2024/texmf-dist/tex/generic/iftex/iftex.sty
Package: iftex 2022/02/03 v1.0f TeX engine tests
))
\Gm@cnth=\count197
\Gm@cntv=\count198
\c@Gm@tempcnt=\count199
\Gm@bindingoffset=\dimen141
\Gm@wd@mp=\dimen142
\Gm@odd@mp=\dimen143
\Gm@even@mp=\dimen144
\Gm@layoutwidth=\dimen145
\Gm@layoutheight=\dimen146
\Gm@layouthoffset=\dimen147
\Gm@layoutvoffset=\dimen148
\Gm@dimlist=\toks20
)
(/usr/local/texlive/2024/texmf-dist/tex/latex/hyperref/hyperref.sty
Package: hyperref 2024-01-20 v7.01h Hypertext links for LaTeX

(/usr/local/texlive/2024/texmf-dist/tex/latex/kvsetkeys/kvsetkeys.sty
Package: kvsetkeys 2022-10-05 v1.19 Key value parser (HO)
)
(/usr/local/texlive/2024/texmf-dist/tex/generic/kvdefinekeys/kvdefinekeys.sty
Package: kvdefinekeys 2019-12-19 v1.6 Define keys (HO)
)
(/usr/local/texlive/2024/texmf-dist/tex/generic/pdfescape/pdfescape.sty
Package: pdfescape 2019/12/09 v1.15 Implements pdfTeX's escape features (HO)

(/usr/local/texlive/2024/texmf-dist/tex/generic/ltxcmds/ltxcmds.sty
Package: ltxcmds 2023-12-04 v1.26 LaTeX kernel commands for general use (HO)
)
(/usr/local/texlive/2024/texmf-dist/tex/generic/pdftexcmds/pdftexcmds.sty
Package: pdftexcmds 2020-06-27 v0.33 Utility functions of pdfTeX for LuaTeX (HO
)

(/usr/local/texlive/2024/texmf-dist/tex/generic/infwarerr/infwarerr.sty
Package: infwarerr 2019/12/03 v1.5 Providing info/warning/error messages (HO)
)
Package pdftexcmds Info: \pdf@primitive is available.
Package pdftexcmds Info: \pdf@ifprimitive is available.
Package pdftexcmds Info: \pdfdraftmode found.
))
(/usr/local/texlive/2024/texmf-dist/tex/latex/hycolor/hycolor.sty
Package: hycolor 2020-01-27 v1.10 Color options for hyperref/bookmark (HO)
)
(/usr/local/texlive/2024/texmf-dist/tex/latex/auxhook/auxhook.sty
Package: auxhook 2019-12-17 v1.6 Hooks for auxiliary files (HO)
)
(/usr/local/texlive/2024/texmf-dist/tex/latex/hyperref/nameref.sty
Package: nameref 2023-11-26 v2.56 Cross-referencing by name of section

(/usr/local/texlive/2024/texmf-dist/tex/latex/refcount/refcount.sty
Package: refcount 2019/12/15 v3.6 Data extraction from label references (HO)
)
(/usr/local/texlive/2024/texmf-dist/tex/generic/gettitlestring/gettitlestring.s
ty
Package: gettitlestring 2019/12/15 v1.6 Cleanup title references (HO)
 (/usr/local/texlive/2024/texmf-dist/tex/latex/kvoptions/kvoptions.sty
Package: kvoptions 2022-06-15 v3.15 Key value format for package options (HO)
))
\c@section@level=\count266
)
(/usr/local/texlive/2024/texmf-dist/tex/latex/etoolbox/etoolbox.sty
Package: etoolbox 2020/10/05 v2.5k e-TeX tools for LaTeX (JAW)
\etb@tempcnta=\count267
)
\@linkdim=\dimen149
\Hy@linkcounter=\count268
\Hy@pagecounter=\count269

(/usr/local/texlive/2024/texmf-dist/tex/latex/hyperref/pd1enc.def
File: pd1enc.def 2024-01-20 v7.01h Hyperref: PDFDocEncoding definition (HO)
Now handling font encoding PD1 ...
... no UTF-8 mapping file for font encoding PD1
)
(/usr/local/texlive/2024/texmf-dist/tex/generic/intcalc/intcalc.sty
Package: intcalc 2019/12/15 v1.3 Expandable calculations with integers (HO)
)
\Hy@SavedSpaceFactor=\count270

(/usr/local/texlive/2024/texmf-dist/tex/latex/hyperref/puenc.def
File: puenc.def 2024-01-20 v7.01h Hyperref: PDF Unicode definition (HO)
Now handling font encoding PU ...
... no UTF-8 mapping file for font encoding PU
)
Package hyperref Info: Hyper figures OFF on input line 4179.
Package hyperref Info: Link nesting OFF on input line 4184.
Package hyperref Info: Hyper index ON on input line 4187.
Package hyperref Info: Plain pages OFF on input line 4194.
Package hyperref Info: Backreferencing OFF on input line 4199.
Package hyperref Info: Implicit mode ON; LaTeX internals redefined.
Package hyperref Info: Bookmarks ON on input line 4446.
\c@Hy@tempcnt=\count271

(/usr/local/texlive/2024/texmf-dist/tex/latex/url/url.sty
\Urlmuskip=\muskip16
Package: url 2013/09/16  ver 3.4  Verb mode for urls, etc.
)
LaTeX Info: Redefining \url on input line 4784.
\XeTeXLinkMargin=\dimen150

(/usr/local/texlive/2024/texmf-dist/tex/generic/bitset/bitset.sty
Package: bitset 2019/12/09 v1.3 Handle bit-vector datatype (HO)

(/usr/local/texlive/2024/texmf-dist/tex/generic/bigintcalc/bigintcalc.sty
Package: bigintcalc 2019/12/15 v1.5 Expandable calculations on big integers (HO
)
))
\Fld@menulength=\count272
\Field@Width=\dimen151
\Fld@charsize=\dimen152
Package hyperref Info: Hyper figures OFF on input line 6063.
Package hyperref Info: Link nesting OFF on input line 6068.
Package hyperref Info: Hyper index ON on input line 6071.
Package hyperref Info: backreferencing OFF on input line 6078.
Package hyperref Info: Link coloring OFF on input line 6083.
Package hyperref Info: Link coloring with OCG OFF on input line 6088.
Package hyperref Info: PDF/A mode OFF on input line 6093.

(/usr/local/texlive/2024/texmf-dist/tex/latex/base/atbegshi-ltx.sty
Package: atbegshi-ltx 2021/01/10 v1.0c Emulation of the original atbegshi
package with kernel methods
)
\Hy@abspage=\count273
\c@Item=\count274
\c@Hfootnote=\count275
)
Package hyperref Info: Driver (autodetected): hpdftex.

(/usr/local/texlive/2024/texmf-dist/tex/latex/hyperref/hpdftex.def
File: hpdftex.def 2024-01-20 v7.01h Hyperref driver for pdfTeX

(/usr/local/texlive/2024/texmf-dist/tex/latex/base/atveryend-ltx.sty
Package: atveryend-ltx 2020/08/19 v1.0a Emulation of the original atveryend pac
kage
with kernel methods
)
\Fld@listcount=\count276
\c@bookmark@seq@number=\count277

(/usr/local/texlive/2024/texmf-dist/tex/latex/rerunfilecheck/rerunfilecheck.sty
Package: rerunfilecheck 2022-07-10 v1.10 Rerun checks for auxiliary files (HO)

(/usr/local/texlive/2024/texmf-dist/tex/generic/uniquecounter/uniquecounter.sty
Package: uniquecounter 2019/12/15 v1.4 Provide unlimited unique counter (HO)
)
Package uniquecounter Info: New unique counter `rerunfilecheck' on input line 2
85.
)
\Hy@SectionHShift=\skip50
) (/usr/local/texlive/2024/texmf-dist/tex/latex/enumitem/enumitem.sty
Package: enumitem 2019/06/20 v3.9 Customized lists
\labelindent=\skip51
\enit@outerparindent=\dimen153
\enit@toks=\toks21
\enit@inbox=\box51
\enit@count@id=\count278
\enitdp@description=\count279
)
(/usr/local/texlive/2024/texmf-dist/tex/latex/fancyhdr/fancyhdr.sty
Package: fancyhdr 2022/11/09 v4.1 Extensive control of page headers and footers

\f@nch@headwidth=\skip52
\f@nch@O@elh=\skip53
\f@nch@O@erh=\skip54
\f@nch@O@olh=\skip55
\f@nch@O@orh=\skip56
\f@nch@O@elf=\skip57
\f@nch@O@erf=\skip58
\f@nch@O@olf=\skip59
\f@nch@O@orf=\skip60
)
(/usr/local/texlive/2024/texmf-dist/tex/latex/xcolor/xcolor.sty
Package: xcolor 2023/11/15 v3.01 LaTeX color extensions (UK)

(/usr/local/texlive/2024/texmf-dist/tex/latex/graphics-cfg/color.cfg
File: color.cfg 2016/01/02 v1.6 sample color configuration
)
Package xcolor Info: Driver file: pdftex.def on input line 274.

(/usr/local/texlive/2024/texmf-dist/tex/latex/graphics-def/pdftex.def
File: pdftex.def 2022/09/22 v1.2b Graphics/color driver for pdftex
)
(/usr/local/texlive/2024/texmf-dist/tex/latex/graphics/mathcolor.ltx)
Package xcolor Info: Model `cmy' substituted by `cmy0' on input line 1350.
Package xcolor Info: Model `hsb' substituted by `rgb' on input line 1354.
Package xcolor Info: Model `RGB' extended on input line 1366.
Package xcolor Info: Model `HTML' substituted by `rgb' on input line 1368.
Package xcolor Info: Model `Hsb' substituted by `hsb' on input line 1369.
Package xcolor Info: Model `tHsb' substituted by `hsb' on input line 1370.
Package xcolor Info: Model `HSB' substituted by `hsb' on input line 1371.
Package xcolor Info: Model `Gray' substituted by `gray' on input line 1372.
Package xcolor Info: Model `wave' substituted by `hsb' on input line 1373.
)
(/usr/local/texlive/2024/texmf-dist/tex/latex/breakurl/breakurl.sty
Package: breakurl 2013/04/10 v1.40 Breakable hyperref URLs

(/usr/local/texlive/2024/texmf-dist/tex/latex/xkeyval/xkeyval.sty
Package: xkeyval 2022/06/16 v2.9 package option processing (HA)

(/usr/local/texlive/2024/texmf-dist/tex/generic/xkeyval/xkeyval.tex
(/usr/local/texlive/2024/texmf-dist/tex/generic/xkeyval/xkvutils.tex
\XKV@toks=\toks22
\XKV@tempa@toks=\toks23
)
\XKV@depth=\count280
File: xkeyval.tex 2014/12/03 v2.7a key=value parser (HA)
))
(/usr/local/texlive/2024/texmf-dist/tex/generic/iftex/ifpdf.sty
Package: ifpdf 2019/10/25 v3.4 ifpdf legacy package. Use iftex instead.
)

Package breakurl Warning: You are using breakurl while processing via pdflatex.

(breakurl)                \burl will be just a synonym of \url.
(breakurl)                 on input line 48.

) (/usr/local/texlive/2024/texmf-dist/tex/latex/amsmath/amsmath.sty
Package: amsmath 2023/05/13 v2.17o AMS math features
\@mathmargin=\skip61

For additional information on amsmath, use the `?' option.
(/usr/local/texlive/2024/texmf-dist/tex/latex/amsmath/amstext.sty
Package: amstext 2021/08/26 v2.01 AMS text

(/usr/local/texlive/2024/texmf-dist/tex/latex/amsmath/amsgen.sty
File: amsgen.sty 1999/11/30 v2.0 generic functions
\@emptytoks=\toks24
\ex@=\dimen154
))
(/usr/local/texlive/2024/texmf-dist/tex/latex/amsmath/amsbsy.sty
Package: amsbsy 1999/11/29 v1.2d Bold Symbols
\pmbraise@=\dimen155
)
(/usr/local/texlive/2024/texmf-dist/tex/latex/amsmath/amsopn.sty
Package: amsopn 2022/04/08 v2.04 operator names
)
\inf@bad=\count281
LaTeX Info: Redefining \frac on input line 234.
\uproot@=\count282
\leftroot@=\count283
LaTeX Info: Redefining \overline on input line 399.
LaTeX Info: Redefining \colon on input line 410.
\classnum@=\count284
\DOTSCASE@=\count285
LaTeX Info: Redefining \ldots on input line 496.
LaTeX Info: Redefining \dots on input line 499.
LaTeX Info: Redefining \cdots on input line 620.
\Mathstrutbox@=\box52
\strutbox@=\box53
LaTeX Info: Redefining \big on input line 722.
LaTeX Info: Redefining \Big on input line 723.
LaTeX Info: Redefining \bigg on input line 724.
LaTeX Info: Redefining \Bigg on input line 725.
\big@size=\dimen156
LaTeX Font Info:    Redeclaring font encoding OML on input line 743.
LaTeX Font Info:    Redeclaring font encoding OMS on input line 744.
\macc@depth=\count286
LaTeX Info: Redefining \bmod on input line 905.
LaTeX Info: Redefining \pmod on input line 910.
LaTeX Info: Redefining \smash on input line 940.
LaTeX Info: Redefining \relbar on input line 970.
LaTeX Info: Redefining \Relbar on input line 971.
\c@MaxMatrixCols=\count287
\dotsspace@=\muskip17
\c@parentequation=\count288
\dspbrk@lvl=\count289
\tag@help=\toks25
\row@=\count290
\column@=\count291
\maxfields@=\count292
\andhelp@=\toks26
\eqnshift@=\dimen157
\alignsep@=\dimen158
\tagshift@=\dimen159
\tagwidth@=\dimen160
\totwidth@=\dimen161
\lineht@=\dimen162
\@envbody=\toks27
\multlinegap=\skip62
\multlinetaggap=\skip63
\mathdisplay@stack=\toks28
LaTeX Info: Redefining \[ on input line 2953.
LaTeX Info: Redefining \] on input line 2954.
)
(/usr/local/texlive/2024/texmf-dist/tex/latex/amsfonts/amssymb.sty
Package: amssymb 2013/01/14 v3.01 AMS font symbols

(/usr/local/texlive/2024/texmf-dist/tex/latex/amsfonts/amsfonts.sty
Package: amsfonts 2013/01/14 v3.01 Basic AMSFonts support
\symAMSa=\mathgroup4
\symAMSb=\mathgroup5
LaTeX Font Info:    Redeclaring math symbol \hbar on input line 98.
LaTeX Font Info:    Overwriting math alphabet `\mathfrak' in version `bold'
(Font)                  U/euf/m/n --> U/euf/b/n on input line 106.
))
(/usr/local/texlive/2024/texmf-dist/tex/latex/mathtools/mathtools.sty
Package: mathtools 2024/03/11 v1.30 mathematical typesetting tools

(/usr/local/texlive/2024/texmf-dist/tex/latex/tools/calc.sty
Package: calc 2023/07/08 v4.3 Infix arithmetic (KKT,FJ)
\calc@Acount=\count293
\calc@Bcount=\count294
\calc@Adimen=\dimen163
\calc@Bdimen=\dimen164
\calc@Askip=\skip64
\calc@Bskip=\skip65
LaTeX Info: Redefining \setlength on input line 80.
LaTeX Info: Redefining \addtolength on input line 81.
\calc@Ccount=\count295
\calc@Cskip=\skip66
)
(/usr/local/texlive/2024/texmf-dist/tex/latex/mathtools/mhsetup.sty
Package: mhsetup 2021/03/18 v1.4 programming setup (MH)
)
\g_MT_multlinerow_int=\count296
\l_MT_multwidth_dim=\dimen165
\origjot=\skip67
\l_MT_shortvdotswithinadjustabove_dim=\dimen166
\l_MT_shortvdotswithinadjustbelow_dim=\dimen167
\l_MT_above_intertext_sep=\dimen168
\l_MT_below_intertext_sep=\dimen169
\l_MT_above_shortintertext_sep=\dimen170
\l_MT_below_shortintertext_sep=\dimen171
\xmathstrut@box=\box54
\xmathstrut@dim=\dimen172
)
(/usr/local/texlive/2024/texmf-dist/tex/latex/amscls/amsthm.sty
Package: amsthm 2020/05/29 v2.20.6
\thm@style=\toks29
\thm@bodyfont=\toks30
\thm@headfont=\toks31
\thm@notefont=\toks32
\thm@headpunct=\toks33
\thm@preskip=\skip68
\thm@postskip=\skip69
\thm@headsep=\skip70
\dth@everypar=\toks34
)
(/usr/local/texlive/2024/texmf-dist/tex/latex/thmtools/thmtools.sty
Package: thmtools 2023/05/04 v0.76
\thmt@toks=\toks35
\c@thmt@dummyctr=\count297

(/usr/local/texlive/2024/texmf-dist/tex/latex/thmtools/thm-patch.sty
Package: thm-patch 2023/05/04 v0.76

(/usr/local/texlive/2024/texmf-dist/tex/latex/thmtools/parseargs.sty
Package: parseargs 2023/05/04 v0.76
\@parsespec=\toks36
))
(/usr/local/texlive/2024/texmf-dist/tex/latex/thmtools/thm-kv.sty
Package: thm-kv 2023/05/04 v0.76
Package thm-kv Info: Theorem names will be uppercased on input line 42.
Package thm-kv Info: kvsetkeys patch (v1.16 or later) on input line 158.
)
(/usr/local/texlive/2024/texmf-dist/tex/latex/thmtools/thm-autoref.sty
Package: thm-autoref 2023/05/04 v0.76

(/usr/local/texlive/2024/texmf-dist/tex/latex/thmtools/aliasctr.sty
Package: aliasctr 2023/05/04 v0.76
))
(/usr/local/texlive/2024/texmf-dist/tex/latex/thmtools/thm-listof.sty
Package: thm-listof 2023/05/04 v0.76
)
(/usr/local/texlive/2024/texmf-dist/tex/latex/thmtools/thm-restate.sty
Package: thm-restate 2023/05/04 v0.76
)
(/usr/local/texlive/2024/texmf-dist/tex/latex/thmtools/thm-amsthm.sty
Package: thm-amsthm 2023/05/04 v0.76
\thmt@style@headstyle=\toks37
))
(/usr/local/texlive/2024/texmf-dist/tex/latex/float/float.sty
Package: float 2001/11/08 v1.3d Float enhancements (AL)
\c@float@type=\count298
\float@exts=\toks38
\float@box=\box55
\@float@everytoks=\toks39
\@floatcapt=\box56
)
(/usr/local/texlive/2024/texmf-dist/tex/latex/caption/subcaption.sty
Package: subcaption 2023/07/28 v1.6b Sub-captions (AR)

(/usr/local/texlive/2024/texmf-dist/tex/latex/caption/caption.sty
Package: caption 2023/08/05 v3.6o Customizing captions (AR)

(/usr/local/texlive/2024/texmf-dist/tex/latex/caption/caption3.sty
Package: caption3 2023/07/31 v2.4d caption3 kernel (AR)
\caption@tempdima=\dimen173
\captionmargin=\dimen174
\caption@leftmargin=\dimen175
\caption@rightmargin=\dimen176
\caption@width=\dimen177
\caption@indent=\dimen178
\caption@parindent=\dimen179
\caption@hangindent=\dimen180
Package caption Info: Standard document class detected.
)
\c@caption@flags=\count299
\c@continuedfloat=\count300
Package caption Info: float package is loaded.
Package caption Info: hyperref package is loaded.
)
Package caption Info: New subtype `subfigure' on input line 238.
\c@subfigure=\count301
Package caption Info: New subtype `subtable' on input line 238.
\c@subtable=\count302
)
Package hyperref Info: Option `colorlinks' set `true' on input line 33.
Package hyperref Info: Option `breaklinks' set `true' on input line 33.


Package hyperref Warning: Option `bookmarks' has already been used,
(hyperref)                setting the option has no effect on input line 33.


(/usr/local/texlive/2024/texmf-dist/tex/latex/newunicodechar/newunicodechar.sty
Package: newunicodechar 2018/04/08 v1.2 Defining Unicode characters
)
LaTeX Font Info:    Trying to load font information for T1+lmr on input line 68
.
 (/usr/local/texlive/2024/texmf-dist/tex/latex/lm/t1lmr.fd
File: t1lmr.fd 2015/05/01 v1.6.1 Font defs for Latin Modern
)
(/usr/local/texlive/2024/texmf-dist/tex/latex/l3backend/l3backend-pdftex.def
File: l3backend-pdftex.def 2024-02-20 L3 backend support: PDF output (pdfTeX)
\l__color_backend_stack_int=\count303
\l__pdf_internal_box=\box57
)
(_logs/notes.aux)
\openout1 = `notes.aux'.

LaTeX Font Info:    Checking defaults for OML/cmm/m/it on input line 68.
LaTeX Font Info:    ... okay on input line 68.
LaTeX Font Info:    Checking defaults for OMS/cmsy/m/n on input line 68.
LaTeX Font Info:    ... okay on input line 68.
LaTeX Font Info:    Checking defaults for OT1/cmr/m/n on input line 68.
LaTeX Font Info:    ... okay on input line 68.
LaTeX Font Info:    Checking defaults for T1/cmr/m/n on input line 68.
LaTeX Font Info:    ... okay on input line 68.
LaTeX Font Info:    Checking defaults for TS1/cmr/m/n on input line 68.
LaTeX Font Info:    ... okay on input line 68.
LaTeX Font Info:    Checking defaults for OMX/cmex/m/n on input line 68.
LaTeX Font Info:    ... okay on input line 68.
LaTeX Font Info:    Checking defaults for U/cmr/m/n on input line 68.
LaTeX Font Info:    ... okay on input line 68.
LaTeX Font Info:    Checking defaults for PD1/pdf/m/n on input line 68.
LaTeX Font Info:    ... okay on input line 68.
LaTeX Font Info:    Checking defaults for PU/pdf/m/n on input line 68.
LaTeX Font Info:    ... okay on input line 68.

*geometry* driver: auto-detecting
*geometry* detected driver: pdftex
*geometry* verbose mode - [ preamble ] result:
* driver: pdftex
* paper: <default>
* layout: <same size as paper>
* layoutoffset:(h,v)=(0.0pt,0.0pt)
* modes: 
* h-part:(L,W,R)=(72.26999pt, 469.75502pt, 72.26999pt)
* v-part:(T,H,B)=(72.26999pt, 650.43001pt, 72.26999pt)
* \paperwidth=614.295pt
* \paperheight=794.96999pt
* \textwidth=469.75502pt
* \textheight=650.43001pt
* \oddsidemargin=0.0pt
* \evensidemargin=0.0pt
* \topmargin=-39.0pt
* \headheight=14.0pt
* \headsep=25.0pt
* \topskip=10.0pt
* \footskip=30.0pt
* \marginparwidth=65.0pt
* \marginparsep=11.0pt
* \columnsep=10.0pt
* \skip\footins=9.0pt plus 4.0pt minus 2.0pt
* \hoffset=0.0pt
* \voffset=0.0pt
* \mag=1000
* \@twocolumnfalse
* \@twosidefalse
* \@mparswitchfalse
* \@reversemarginfalse
* (1in=72.27pt=25.4mm, 1cm=28.453pt)

Package hyperref Info: Link coloring ON on input line 68.
(_logs/notes.out) (_logs/notes.out)
\@outlinefile=\write3
\openout3 = `notes.out'.


(/usr/local/texlive/2024/texmf-dist/tex/context/base/mkii/supp-pdf.mkii
[Loading MPS to PDF converter (version 2006.09.02).]
\scratchcounter=\count304
\scratchdimen=\dimen181
\scratchbox=\box58
\nofMPsegments=\count305
\nofMParguments=\count306
\everyMPshowfont=\toks40
\MPscratchCnt=\count307
\MPscratchDim=\dimen182
\MPnumerator=\count308
\makeMPintoPDFobject=\count309
\everyMPtoPDFconversion=\toks41
) (/usr/local/texlive/2024/texmf-dist/tex/latex/graphics/graphicx.sty
Package: graphicx 2021/09/16 v1.2d Enhanced LaTeX Graphics (DPC,SPQR)

(/usr/local/texlive/2024/texmf-dist/tex/latex/graphics/graphics.sty
Package: graphics 2022/03/10 v1.4e Standard LaTeX Graphics (DPC,SPQR)

(/usr/local/texlive/2024/texmf-dist/tex/latex/graphics/trig.sty
Package: trig 2021/08/11 v1.11 sin cos tan (DPC)
)
(/usr/local/texlive/2024/texmf-dist/tex/latex/graphics-cfg/graphics.cfg
File: graphics.cfg 2016/06/04 v1.11 sample graphics configuration
)
Package graphics Info: Driver file: pdftex.def on input line 107.
)
\Gin@req@height=\dimen183
\Gin@req@width=\dimen184
)
Package caption Info: Begin \AtBeginDocument code.
Package caption Info: End \AtBeginDocument code.
LaTeX Font Info:    Trying to load font information for OT1+lmr on input line 7
1.

(/usr/local/texlive/2024/texmf-dist/tex/latex/lm/ot1lmr.fd
File: ot1lmr.fd 2015/05/01 v1.6.1 Font defs for Latin Modern
)
LaTeX Font Info:    Trying to load font information for OML+lmm on input line 7
1.

(/usr/local/texlive/2024/texmf-dist/tex/latex/lm/omllmm.fd
File: omllmm.fd 2015/05/01 v1.6.1 Font defs for Latin Modern
)
LaTeX Font Info:    Trying to load font information for OMS+lmsy on input line 
71.

(/usr/local/texlive/2024/texmf-dist/tex/latex/lm/omslmsy.fd
File: omslmsy.fd 2015/05/01 v1.6.1 Font defs for Latin Modern
)
LaTeX Font Info:    Trying to load font information for OMX+lmex on input line 
71.

(/usr/local/texlive/2024/texmf-dist/tex/latex/lm/omxlmex.fd
File: omxlmex.fd 2015/05/01 v1.6.1 Font defs for Latin Modern
)
LaTeX Font Info:    External font `lmex10' loaded for size
(Font)              <12> on input line 71.
LaTeX Font Info:    External font `lmex10' loaded for size
(Font)              <8> on input line 71.
LaTeX Font Info:    External font `lmex10' loaded for size
(Font)              <6> on input line 71.
LaTeX Font Info:    Trying to load font information for U+msa on input line 71.


(/usr/local/texlive/2024/texmf-dist/tex/latex/amsfonts/umsa.fd
File: umsa.fd 2013/01/14 v3.01 AMS symbols A
)
LaTeX Font Info:    Trying to load font information for U+msb on input line 71.


(/usr/local/texlive/2024/texmf-dist/tex/latex/amsfonts/umsb.fd
File: umsb.fd 2013/01/14 v3.01 AMS symbols B
)
LaTeX Font Info:    External font `lmex10' loaded for size
(Font)              <10> on input line 76.
LaTeX Font Info:    External font `lmex10' loaded for size
(Font)              <7> on input line 76.
LaTeX Font Info:    External font `lmex10' loaded for size
(Font)              <5> on input line 76.


/Users/ashoksaravanan/Coding/ScribeLec/server/output/MA 421/lectures/2024-11-05
-NetFlows/notes.tex:79: LaTeX Error: \mathcal allowed only in math mode.

See the LaTeX manual or LaTeX Companion for explanation.
Type  H <return>  for immediate help.
 ...                                              
                                                  
l.79 \text{Network} = (N, \mathcal
                                  {A}) \\
You're in trouble here.  Try typing  <return>  to proceed.
If that doesn't work, type  X <return>  to quit.

</Users/ashoksaravanan/Coding/ScribeLec/server/output/MA 421/lectures/2024-11-0
5-NetFlows/figures/1.1.png, id=341, 371.3875pt x 291.0875pt>
File: /Users/ashoksaravanan/Coding/ScribeLec/server/output/MA 421/lectures/2024
-11-05-NetFlows/figures/1.1.png Graphic file (type png)
<use /Users/ashoksaravanan/Coding/ScribeLec/server/output/MA 421/lectures/2024-
11-05-NetFlows/figures/1.1.png>
Package pdftex.def Info: /Users/ashoksaravanan/Coding/ScribeLec/server/output/M
A 421/lectures/2024-11-05-NetFlows/figures/1.1.png  used on input line 89.
(pdftex.def)             Requested size: 70.46037pt x 55.2228pt.

Underfull \hbox (badness 2726) in paragraph at lines 90--90
[]\T1/lmr/bx/n/8 (a) |\T1/lmr/m/n/8 A small di-
 []

[1

{/usr/local/texlive/2024/texmf-var/fonts/map/pdftex/updmap/pdftex.map}{/usr/loc
al/texlive/2024/texmf-dist/fonts/enc/dvips/lm/lm-ec.enc}{/usr/local/texlive/202
4/texmf-dist/fonts/enc/dvips/lm/lm-mathit.enc}{/usr/local/texlive/2024/texmf-di
st/fonts/enc/dvips/lm/lm-rm.enc}{/usr/local/texlive/2024/texmf-dist/fonts/enc/d
vips/lm/lm-mathsy.enc} </Users/ashoksaravanan/Coding/ScribeLec/server/output/MA
 421/lectures/2024-11-05-NetFlows/figures/1.1.png (PNG copy)>]

/Users/ashoksaravanan/Coding/ScribeLec/server/output/MA 421/lectures/2024-11-05
-NetFlows/notes.tex:102: LaTeX Error: Environment tikzpicture undefined.

See the LaTeX manual or LaTeX Companion for explanation.
Type  H <return>  for immediate help.
 ...                                              
                                                  
l.102 \begin{tikzpicture}
                         [scale=0.8]
Your command was ignored.
Type  I <command> <return>  to replace it with another command,
or  <return>  to continue without it.

/Users/ashoksaravanan/Coding/ScribeLec/server/output/MA 421/lectures/2024-11-05
-NetFlows/notes.tex:103: Undefined control sequence.
l.103 \node
           [circle,draw] (a) at (0,2) {a};
The control sequence at the end of the top line
of your error message was never \def'ed. If you have
misspelled it (e.g., `\hobx'), type `I' and the correct
spelling (e.g., `I\hbox'). Otherwise just continue,
and I'll forget about whatever was undefined.

/Users/ashoksaravanan/Coding/ScribeLec/server/output/MA 421/lectures/2024-11-05
-NetFlows/notes.tex:104: Undefined control sequence.
l.104 \node
           [circle,draw] (b) at (2,2) {b};
The control sequence at the end of the top line
of your error message was never \def'ed. If you have
misspelled it (e.g., `\hobx'), type `I' and the correct
spelling (e.g., `I\hbox'). Otherwise just continue,
and I'll forget about whatever was undefined.

/Users/ashoksaravanan/Coding/ScribeLec/server/output/MA 421/lectures/2024-11-05
-NetFlows/notes.tex:105: Undefined control sequence.
l.105 \node
           [circle,draw] (c) at (4,2) {c};
The control sequence at the end of the top line
of your error message was never \def'ed. If you have
misspelled it (e.g., `\hobx'), type `I' and the correct
spelling (e.g., `I\hbox'). Otherwise just continue,
and I'll forget about whatever was undefined.

/Users/ashoksaravanan/Coding/ScribeLec/server/output/MA 421/lectures/2024-11-05
-NetFlows/notes.tex:106: Undefined control sequence.
l.106 \node
           [circle,draw] (d) at (3,0) {d};
The control sequence at the end of the top line
of your error message was never \def'ed. If you have
misspelled it (e.g., `\hobx'), type `I' and the correct
spelling (e.g., `I\hbox'). Otherwise just continue,
and I'll forget about whatever was undefined.

/Users/ashoksaravanan/Coding/ScribeLec/server/output/MA 421/lectures/2024-11-05
-NetFlows/notes.tex:107: Undefined control sequence.
l.107 \node
           [circle,draw] (e) at (1,0) {e};
The control sequence at the end of the top line
of your error message was never \def'ed. If you have
misspelled it (e.g., `\hobx'), type `I' and the correct
spelling (e.g., `I\hbox'). Otherwise just continue,
and I'll forget about whatever was undefined.

/Users/ashoksaravanan/Coding/ScribeLec/server/output/MA 421/lectures/2024-11-05
-NetFlows/notes.tex:108: Undefined control sequence.
l.108 \node
           [circle,draw] (f) at (0,-2) {f};
The control sequence at the end of the top line
of your error message was never \def'ed. If you have
misspelled it (e.g., `\hobx'), type `I' and the correct
spelling (e.g., `I\hbox'). Otherwise just continue,
and I'll forget about whatever was undefined.

/Users/ashoksaravanan/Coding/ScribeLec/server/output/MA 421/lectures/2024-11-05
-NetFlows/notes.tex:109: Undefined control sequence.
l.109 \node
           [circle,draw] (g) at (4,-2) {g};
The control sequence at the end of the top line
of your error message was never \def'ed. If you have
misspelled it (e.g., `\hobx'), type `I' and the correct
spelling (e.g., `I\hbox'). Otherwise just continue,
and I'll forget about whatever was undefined.

/Users/ashoksaravanan/Coding/ScribeLec/server/output/MA 421/lectures/2024-11-05
-NetFlows/notes.tex:111: Undefined control sequence.
l.111 \draw
           [->] (a) -- node[above] {8} (b);
The control sequence at the end of the top line
of your error message was never \def'ed. If you have
misspelled it (e.g., `\hobx'), type `I' and the correct
spelling (e.g., `I\hbox'). Otherwise just continue,
and I'll forget about whatever was undefined.

/Users/ashoksaravanan/Coding/ScribeLec/server/output/MA 421/lectures/2024-11-05
-NetFlows/notes.tex:112: Undefined control sequence.
l.112 \draw
           [->] (b) -- node[above] {-2} (c);
The control sequence at the end of the top line
of your error message was never \def'ed. If you have
misspelled it (e.g., `\hobx'), type `I' and the correct
spelling (e.g., `I\hbox'). Otherwise just continue,
and I'll forget about whatever was undefined.

/Users/ashoksaravanan/Coding/ScribeLec/server/output/MA 421/lectures/2024-11-05
-NetFlows/notes.tex:113: Undefined control sequence.
l.113 \draw
           [->] (b) -- node[right] {-6} (d);
The control sequence at the end of the top line
of your error message was never \def'ed. If you have
misspelled it (e.g., `\hobx'), type `I' and the correct
spelling (e.g., `I\hbox'). Otherwise just continue,
and I'll forget about whatever was undefined.

/Users/ashoksaravanan/Coding/ScribeLec/server/output/MA 421/lectures/2024-11-05
-NetFlows/notes.tex:114: Undefined control sequence.
l.114 \draw
           [->] (d) -- node[below] {5} (e);
The control sequence at the end of the top line
of your error message was never \def'ed. If you have
misspelled it (e.g., `\hobx'), type `I' and the correct
spelling (e.g., `I\hbox'). Otherwise just continue,
and I'll forget about whatever was undefined.

/Users/ashoksaravanan/Coding/ScribeLec/server/output/MA 421/lectures/2024-11-05
-NetFlows/notes.tex:115: Undefined control sequence.
l.115 \draw
           [->] (e) -- node[below] {9} (f);
The control sequence at the end of the top line
of your error message was never \def'ed. If you have
misspelled it (e.g., `\hobx'), type `I' and the correct
spelling (e.g., `I\hbox'). Otherwise just continue,
and I'll forget about whatever was undefined.

/Users/ashoksaravanan/Coding/ScribeLec/server/output/MA 421/lectures/2024-11-05
-NetFlows/notes.tex:116: Undefined control sequence.
l.116 \draw
           [->] (f) -- node[left] {4} (a);
The control sequence at the end of the top line
of your error message was never \def'ed. If you have
misspelled it (e.g., `\hobx'), type `I' and the correct
spelling (e.g., `I\hbox'). Otherwise just continue,
and I'll forget about whatever was undefined.

/Users/ashoksaravanan/Coding/ScribeLec/server/output/MA 421/lectures/2024-11-05
-NetFlows/notes.tex:117: Undefined control sequence.
l.117 \draw
           [->] (f) -- node[below] {7} (e);
The control sequence at the end of the top line
of your error message was never \def'ed. If you have
misspelled it (e.g., `\hobx'), type `I' and the correct
spelling (e.g., `I\hbox'). Otherwise just continue,
and I'll forget about whatever was undefined.

/Users/ashoksaravanan/Coding/ScribeLec/server/output/MA 421/lectures/2024-11-05
-NetFlows/notes.tex:118: Undefined control sequence.
l.118 \draw
           [->] (e) -- node[left] {-4} (a);
The control sequence at the end of the top line
of your error message was never \def'ed. If you have
misspelled it (e.g., `\hobx'), type `I' and the correct
spelling (e.g., `I\hbox'). Otherwise just continue,
and I'll forget about whatever was undefined.

/Users/ashoksaravanan/Coding/ScribeLec/server/output/MA 421/lectures/2024-11-05
-NetFlows/notes.tex:119: Undefined control sequence.
l.119 \draw
           [->] (a) -- node[left] {3} (f);
The control sequence at the end of the top line
of your error message was never \def'ed. If you have
misspelled it (e.g., `\hobx'), type `I' and the correct
spelling (e.g., `I\hbox'). Otherwise just continue,
and I'll forget about whatever was undefined.

/Users/ashoksaravanan/Coding/ScribeLec/server/output/MA 421/lectures/2024-11-05
-NetFlows/notes.tex:120: Undefined control sequence.
l.120 \draw
           [->] (c) -- node[right] {2} (b);
The control sequence at the end of the top line
of your error message was never \def'ed. If you have
misspelled it (e.g., `\hobx'), type `I' and the correct
spelling (e.g., `I\hbox'). Otherwise just continue,
and I'll forget about whatever was undefined.

/Users/ashoksaravanan/Coding/ScribeLec/server/output/MA 421/lectures/2024-11-05
-NetFlows/notes.tex:121: Undefined control sequence.
l.121 \draw
           [->] (c) -- node[right] {2} (g);
The control sequence at the end of the top line
of your error message was never \def'ed. If you have
misspelled it (e.g., `\hobx'), type `I' and the correct
spelling (e.g., `I\hbox'). Otherwise just continue,
and I'll forget about whatever was undefined.

/Users/ashoksaravanan/Coding/ScribeLec/server/output/MA 421/lectures/2024-11-05
-NetFlows/notes.tex:122: Undefined control sequence.
l.122 \draw
           [->] (d) -- node[right] {1} (g);
The control sequence at the end of the top line
of your error message was never \def'ed. If you have
misspelled it (e.g., `\hobx'), type `I' and the correct
spelling (e.g., `I\hbox'). Otherwise just continue,
and I'll forget about whatever was undefined.

/Users/ashoksaravanan/Coding/ScribeLec/server/output/MA 421/lectures/2024-11-05
-NetFlows/notes.tex:123: Undefined control sequence.
l.123 \draw
           [->] (g) -- node[below] {5} (d);
The control sequence at the end of the top line
of your error message was never \def'ed. If you have
misspelled it (e.g., `\hobx'), type `I' and the correct
spelling (e.g., `I\hbox'). Otherwise just continue,
and I'll forget about whatever was undefined.


/Users/ashoksaravanan/Coding/ScribeLec/server/output/MA 421/lectures/2024-11-05
-NetFlows/notes.tex:124: LaTeX Error: \begin{document} ended by \end{tikzpictur
e}.

See the LaTeX manual or LaTeX Companion for explanation.
Type  H <return>  for immediate help.
 ...                                              
                                                  
l.124 \end{tikzpicture}
                        \\
Your command was ignored.
Type  I <command> <return>  to replace it with another command,
or  <return>  to continue without it.


/Users/ashoksaravanan/Coding/ScribeLec/server/output/MA 421/lectures/2024-11-05
-NetFlows/notes.tex:126: LaTeX Error: Environment tikzpicture undefined.

See the LaTeX manual or LaTeX Companion for explanation.
Type  H <return>  for immediate help.
 ...                                              
                                                  
l.126 \begin{tikzpicture}
                         [scale=0.8]
Your command was ignored.
Type  I <command> <return>  to replace it with another command,
or  <return>  to continue without it.

/Users/ashoksaravanan/Coding/ScribeLec/server/output/MA 421/lectures/2024-11-05
-NetFlows/notes.tex:127: Undefined control sequence.
l.127 \node
           [circle,draw] (a) at (0,2) {a};
The control sequence at the end of the top line
of your error message was never \def'ed. If you have
misspelled it (e.g., `\hobx'), type `I' and the correct
spelling (e.g., `I\hbox'). Otherwise just continue,
and I'll forget about whatever was undefined.

/Users/ashoksaravanan/Coding/ScribeLec/server/output/MA 421/lectures/2024-11-05
-NetFlows/notes.tex:128: Undefined control sequence.
l.128 \node
           [circle,draw] (b) at (2,0) {b};
The control sequence at the end of the top line
of your error message was never \def'ed. If you have
misspelled it (e.g., `\hobx'), type `I' and the correct
spelling (e.g., `I\hbox'). Otherwise just continue,
and I'll forget about whatever was undefined.

/Users/ashoksaravanan/Coding/ScribeLec/server/output/MA 421/lectures/2024-11-05
-NetFlows/notes.tex:129: Undefined control sequence.
l.129 \node
           [circle,draw] (c) at (4,2) {c};
The control sequence at the end of the top line
of your error message was never \def'ed. If you have
misspelled it (e.g., `\hobx'), type `I' and the correct
spelling (e.g., `I\hbox'). Otherwise just continue,
and I'll forget about whatever was undefined.

/Users/ashoksaravanan/Coding/ScribeLec/server/output/MA 421/lectures/2024-11-05
-NetFlows/notes.tex:130: Undefined control sequence.
l.130 \node
           [circle,draw] (d) at (3,1) {d};
The control sequence at the end of the top line
of your error message was never \def'ed. If you have
misspelled it (e.g., `\hobx'), type `I' and the correct
spelling (e.g., `I\hbox'). Otherwise just continue,
and I'll forget about whatever was undefined.

/Users/ashoksaravanan/Coding/ScribeLec/server/output/MA 421/lectures/2024-11-05
-NetFlows/notes.tex:131: Undefined control sequence.
l.131 \node
           [circle,draw] (e) at (1,1) {e};
The control sequence at the end of the top line
of your error message was never \def'ed. If you have
misspelled it (e.g., `\hobx'), type `I' and the correct
spelling (e.g., `I\hbox'). Otherwise just continue,
and I'll forget about whatever was undefined.

/Users/ashoksaravanan/Coding/ScribeLec/server/output/MA 421/lectures/2024-11-05
-NetFlows/notes.tex:132: Undefined control sequence.
l.132 \node
           [circle,draw] (f) at (0,-2) {f};
The control sequence at the end of the top line
of your error message was never \def'ed. If you have
misspelled it (e.g., `\hobx'), type `I' and the correct
spelling (e.g., `I\hbox'). Otherwise just continue,
and I'll forget about whatever was undefined.

/Users/ashoksaravanan/Coding/ScribeLec/server/output/MA 421/lectures/2024-11-05
-NetFlows/notes.tex:133: Undefined control sequence.
l.133 \node
           [circle,draw] (g) at (4,-2) {g};
The control sequence at the end of the top line
of your error message was never \def'ed. If you have
misspelled it (e.g., `\hobx'), type `I' and the correct
spelling (e.g., `I\hbox'). Otherwise just continue,
and I'll forget about whatever was undefined.

/Users/ashoksaravanan/Coding/ScribeLec/server/output/MA 421/lectures/2024-11-05
-NetFlows/notes.tex:135: Undefined control sequence.
l.135 \draw
           [->] (a) -- node[left] {56} (e);
The control sequence at the end of the top line
of your error message was never \def'ed. If you have
misspelled it (e.g., `\hobx'), type `I' and the correct
spelling (e.g., `I\hbox'). Otherwise just continue,
and I'll forget about whatever was undefined.

/Users/ashoksaravanan/Coding/ScribeLec/server/output/MA 421/lectures/2024-11-05
-NetFlows/notes.tex:136: Undefined control sequence.
l.136 \draw
           [->] (e) -- node[left] {108} (f);
The control sequence at the end of the top line
of your error message was never \def'ed. If you have
misspelled it (e.g., `\hobx'), type `I' and the correct
spelling (e.g., `I\hbox'). Otherwise just continue,
and I'll forget about whatever was undefined.

/Users/ashoksaravanan/Coding/ScribeLec/server/output/MA 421/lectures/2024-11-05
-NetFlows/notes.tex:137: Undefined control sequence.
l.137 \draw
           [->] (f) -- node[below] {48} (g);
The control sequence at the end of the top line
of your error message was never \def'ed. If you have
misspelled it (e.g., `\hobx'), type `I' and the correct
spelling (e.g., `I\hbox'). Otherwise just continue,
and I'll forget about whatever was undefined.

/Users/ashoksaravanan/Coding/ScribeLec/server/output/MA 421/lectures/2024-11-05
-NetFlows/notes.tex:138: Undefined control sequence.
l.138 \draw
           [->] (g) -- node[right] {33} (d);
The control sequence at the end of the top line
of your error message was never \def'ed. If you have
misspelled it (e.g., `\hobx'), type `I' and the correct
spelling (e.g., `I\hbox'). Otherwise just continue,
and I'll forget about whatever was undefined.

/Users/ashoksaravanan/Coding/ScribeLec/server/output/MA 421/lectures/2024-11-05
-NetFlows/notes.tex:139: Undefined control sequence.
l.139 \draw
           [->] (d) -- node[right] {19} (c);
The control sequence at the end of the top line
of your error message was never \def'ed. If you have
misspelled it (e.g., `\hobx'), type `I' and the correct
spelling (e.g., `I\hbox'). Otherwise just continue,
and I'll forget about whatever was undefined.

/Users/ashoksaravanan/Coding/ScribeLec/server/output/MA 421/lectures/2024-11-05
-NetFlows/notes.tex:140: Undefined control sequence.
l.140 \draw
           [->] (c) -- node[above] {15} (d);
The control sequence at the end of the top line
of your error message was never \def'ed. If you have
misspelled it (e.g., `\hobx'), type `I' and the correct
spelling (e.g., `I\hbox'). Otherwise just continue,
and I'll forget about whatever was undefined.

/Users/ashoksaravanan/Coding/ScribeLec/server/output/MA 421/lectures/2024-11-05
-NetFlows/notes.tex:141: Undefined control sequence.
l.141 \draw
           [->] (d) -- node[above] {38} (b);
The control sequence at the end of the top line
of your error message was never \def'ed. If you have
misspelled it (e.g., `\hobx'), type `I' and the correct
spelling (e.g., `I\hbox'). Otherwise just continue,
and I'll forget about whatever was undefined.

/Users/ashoksaravanan/Coding/ScribeLec/server/output/MA 421/lectures/2024-11-05
-NetFlows/notes.tex:142: Undefined control sequence.
l.142 \draw
           [->] (b) -- node[above] {7} (d);
The control sequence at the end of the top line
of your error message was never \def'ed. If you have
misspelled it (e.g., `\hobx'), type `I' and the correct
spelling (e.g., `I\hbox'). Otherwise just continue,
and I'll forget about whatever was undefined.

/Users/ashoksaravanan/Coding/ScribeLec/server/output/MA 421/lectures/2024-11-05
-NetFlows/notes.tex:143: Undefined control sequence.
l.143 \draw
           [->] (b) -- node[above] {28} (a);
The control sequence at the end of the top line
of your error message was never \def'ed. If you have
misspelled it (e.g., `\hobx'), type `I' and the correct
spelling (e.g., `I\hbox'). Otherwise just continue,
and I'll forget about whatever was undefined.

/Users/ashoksaravanan/Coding/ScribeLec/server/output/MA 421/lectures/2024-11-05
-NetFlows/notes.tex:144: Undefined control sequence.
l.144 \draw
           [->] (a) -- node[above] {10} (c);
The control sequence at the end of the top line
of your error message was never \def'ed. If you have
misspelled it (e.g., `\hobx'), type `I' and the correct
spelling (e.g., `I\hbox'). Otherwise just continue,
and I'll forget about whatever was undefined.

/Users/ashoksaravanan/Coding/ScribeLec/server/output/MA 421/lectures/2024-11-05
-NetFlows/notes.tex:145: Undefined control sequence.
l.145 \draw
           [->] (e) -- node[below] {48} (b);
The control sequence at the end of the top line
of your error message was never \def'ed. If you have
misspelled it (e.g., `\hobx'), type `I' and the correct
spelling (e.g., `I\hbox'). Otherwise just continue,
and I'll forget about whatever was undefined.

/Users/ashoksaravanan/Coding/ScribeLec/server/output/MA 421/lectures/2024-11-05
-NetFlows/notes.tex:146: Undefined control sequence.
l.146 \draw
           [->] (f) -- node[below] {24} (g);
The control sequence at the end of the top line
of your error message was never \def'ed. If you have
misspelled it (e.g., `\hobx'), type `I' and the correct
spelling (e.g., `I\hbox'). Otherwise just continue,
and I'll forget about whatever was undefined.


/Users/ashoksaravanan/Coding/ScribeLec/server/output/MA 421/lectures/2024-11-05
-NetFlows/notes.tex:147: LaTeX Error: \begin{document} ended by \end{tikzpictur
e}.

See the LaTeX manual or LaTeX Companion for explanation.
Type  H <return>  for immediate help.
 ...                                              
                                                  
l.147 \end{tikzpicture}
                        \\
Your command was ignored.
Type  I <command> <return>  to replace it with another command,
or  <return>  to continue without it.

</Users/ashoksaravanan/Coding/ScribeLec/server/output/MA 421/lectures/2024-11-0
5-NetFlows/figures/2.1.png, id=358, 371.3875pt x 371.3875pt>
File: /Users/ashoksaravanan/Coding/ScribeLec/server/output/MA 421/lectures/2024
-11-05-NetFlows/figures/2.1.png Graphic file (type png)
<use /Users/ashoksaravanan/Coding/ScribeLec/server/output/MA 421/lectures/2024-
11-05-NetFlows/figures/2.1.png>
Package pdftex.def Info: /Users/ashoksaravanan/Coding/ScribeLec/server/output/M
A 421/lectures/2024-11-05-NetFlows/figures/2.1.png  used on input line 160.
(pdftex.def)             Requested size: 70.46037pt x 70.45668pt.

Underfull \hbox (badness 10000) in paragraph at lines 161--161
[]\T1/lmr/bx/n/8 (a) |\T1/lmr/m/n/8 A net-work
 []


Underfull \hbox (badness 7832) in paragraph at lines 161--161
\T1/lmr/m/n/8 flow graph with
 []


Underfull \hbox (badness 3930) in paragraph at lines 161--161
\T1/lmr/m/n/8 7 nodes and 14
 []


Underfull \hbox (badness 10000) in paragraph at lines 161--161
\T1/lmr/m/n/8 nodes rep-re-sent
 []

</Users/ashoksaravanan/Coding/ScribeLec/server/output/MA 421/lectures/2024-11-0
5-NetFlows/figures/2.2.png, id=359, 371.3875pt x 371.3875pt>
File: /Users/ashoksaravanan/Coding/ScribeLec/server/output/MA 421/lectures/2024
-11-05-NetFlows/figures/2.2.png Graphic file (type png)
<use /Users/ashoksaravanan/Coding/ScribeLec/server/output/MA 421/lectures/2024-
11-05-NetFlows/figures/2.2.png>
Package pdftex.def Info: /Users/ashoksaravanan/Coding/ScribeLec/server/output/M
A 421/lectures/2024-11-05-NetFlows/figures/2.2.png  used on input line 166.
(pdftex.def)             Requested size: 70.46037pt x 70.45668pt.

Underfull \hbox (badness 4647) in paragraph at lines 167--167
\T1/lmr/m/n/8 and arcs la-beled
 []

[2{/usr/local/texlive/2024/texmf-dist/fonts/enc/dvips/lm/lm-mathex.enc} </Users
/ashoksaravanan/Coding/ScribeLec/server/output/MA 421/lectures/2024-11-05-NetFl
ows/figures/2.1.png (PNG copy)> </Users/ashoksaravanan/Coding/ScribeLec/server/
output/MA 421/lectures/2024-11-05-NetFlows/figures/2.2.png (PNG copy)>]

/Users/ashoksaravanan/Coding/ScribeLec/server/output/MA 421/lectures/2024-11-05
-NetFlows/notes.tex:178: LaTeX Error: Environment tikzpicture undefined.

See the LaTeX manual or LaTeX Companion for explanation.
Type  H <return>  for immediate help.
 ...                                              
                                                  
l.178 \begin{tikzpicture}
                         [scale=0.8]
Your command was ignored.
Type  I <command> <return>  to replace it with another command,
or  <return>  to continue without it.

/Users/ashoksaravanan/Coding/ScribeLec/server/output/MA 421/lectures/2024-11-05
-NetFlows/notes.tex:179: Undefined control sequence.
l.179 \node
           [circle,draw] (i) at (0,2) {$i$};
The control sequence at the end of the top line
of your error message was never \def'ed. If you have
misspelled it (e.g., `\hobx'), type `I' and the correct
spelling (e.g., `I\hbox'). Otherwise just continue,
and I'll forget about whatever was undefined.

/Users/ashoksaravanan/Coding/ScribeLec/server/output/MA 421/lectures/2024-11-05
-NetFlows/notes.tex:180: Undefined control sequence.
l.180 \node
           [circle,draw] (k) at (2,1) {$k$};
The control sequence at the end of the top line
of your error message was never \def'ed. If you have
misspelled it (e.g., `\hobx'), type `I' and the correct
spelling (e.g., `I\hbox'). Otherwise just continue,
and I'll forget about whatever was undefined.

/Users/ashoksaravanan/Coding/ScribeLec/server/output/MA 421/lectures/2024-11-05
-NetFlows/notes.tex:181: Undefined control sequence.
l.181 \node
           [circle,draw] (j) at (4,2) {$j$};
The control sequence at the end of the top line
of your error message was never \def'ed. If you have
misspelled it (e.g., `\hobx'), type `I' and the correct
spelling (e.g., `I\hbox'). Otherwise just continue,
and I'll forget about whatever was undefined.

/Users/ashoksaravanan/Coding/ScribeLec/server/output/MA 421/lectures/2024-11-05
-NetFlows/notes.tex:182: Undefined control sequence.
l.182 \draw
           [->] (i) -- (k);
The control sequence at the end of the top line
of your error message was never \def'ed. If you have
misspelled it (e.g., `\hobx'), type `I' and the correct
spelling (e.g., `I\hbox'). Otherwise just continue,
and I'll forget about whatever was undefined.

/Users/ashoksaravanan/Coding/ScribeLec/server/output/MA 421/lectures/2024-11-05
-NetFlows/notes.tex:183: Undefined control sequence.
l.183 \draw
           [->] (k) -- node[above] {$b_k$} (j);
The control sequence at the end of the top line
of your error message was never \def'ed. If you have
misspelled it (e.g., `\hobx'), type `I' and the correct
spelling (e.g., `I\hbox'). Otherwise just continue,
and I'll forget about whatever was undefined.


/Users/ashoksaravanan/Coding/ScribeLec/server/output/MA 421/lectures/2024-11-05
-NetFlows/notes.tex:184: LaTeX Error: \begin{document} ended by \end{tikzpictur
e}.

See the LaTeX manual or LaTeX Companion for explanation.
Type  H <return>  for immediate help.
 ...                                              
                                                  
l.184 \end{tikzpicture}
                        \\
Your command was ignored.
Type  I <command> <return>  to replace it with another command,
or  <return>  to continue without it.

</Users/ashoksaravanan/Coding/ScribeLec/server/output/MA 421/lectures/2024-11-0
5-NetFlows/figures/3.1.png, id=369, 371.3875pt x 371.3875pt>
File: /Users/ashoksaravanan/Coding/ScribeLec/server/output/MA 421/lectures/2024
-11-05-NetFlows/figures/3.1.png Graphic file (type png)
<use /Users/ashoksaravanan/Coding/ScribeLec/server/output/MA 421/lectures/2024-
11-05-NetFlows/figures/3.1.png>
Package pdftex.def Info: /Users/ashoksaravanan/Coding/ScribeLec/server/output/M
A 421/lectures/2024-11-05-NetFlows/figures/3.1.png  used on input line 197.
(pdftex.def)             Requested size: 70.46037pt x 70.45668pt.

Underfull \hbox (badness 2726) in paragraph at lines 198--198
[]\T1/lmr/bx/n/8 (a) |\T1/lmr/m/n/8 A small di-
 []


Underfull \hbox (badness 6063) in paragraph at lines 198--198
\T1/lmr/m/n/8 three nodes and
 []


Underfull \hbox (badness 1424) in paragraph at lines 198--198
\T1/lmr/m/n/8 two edges. The
 []


Underfull \hbox (badness 1038) in paragraph at lines 198--198
\T1/lmr/m/n/8 nodes are la-beled
 []


Underfull \hbox (badness 5475) in paragraph at lines 198--198
\T1/lmr/m/n/8 edge from k to
 []


Underfull \hbox (badness 1688) in paragraph at lines 198--198
\T1/lmr/m/n/8 j is la-beled with
 []

[3 </Users/ashoksaravanan/Coding/ScribeLec/server/output/MA 421/lectures/2024-1
1-05-NetFlows/figures/3.1.png (PNG copy)>]

/Users/ashoksaravanan/Coding/ScribeLec/server/output/MA 421/lectures/2024-11-05
-NetFlows/notes.tex:209: LaTeX Error: Environment tikzpicture undefined.

See the LaTeX manual or LaTeX Companion for explanation.
Type  H <return>  for immediate help.
 ...                                              
                                                  
l.209 \begin{tikzpicture}
                         [scale=0.8]
Your command was ignored.
Type  I <command> <return>  to replace it with another command,
or  <return>  to continue without it.

/Users/ashoksaravanan/Coding/ScribeLec/server/output/MA 421/lectures/2024-11-05
-NetFlows/notes.tex:210: Undefined control sequence.
l.210 \node
           [circle,draw] (a) at (0,2) {a};
The control sequence at the end of the top line
of your error message was never \def'ed. If you have
misspelled it (e.g., `\hobx'), type `I' and the correct
spelling (e.g., `I\hbox'). Otherwise just continue,
and I'll forget about whatever was undefined.

/Users/ashoksaravanan/Coding/ScribeLec/server/output/MA 421/lectures/2024-11-05
-NetFlows/notes.tex:211: Undefined control sequence.
l.211 \node
           [circle,draw] (b) at (2,2) {b};
The control sequence at the end of the top line
of your error message was never \def'ed. If you have
misspelled it (e.g., `\hobx'), type `I' and the correct
spelling (e.g., `I\hbox'). Otherwise just continue,
and I'll forget about whatever was undefined.

/Users/ashoksaravanan/Coding/ScribeLec/server/output/MA 421/lectures/2024-11-05
-NetFlows/notes.tex:212: Undefined control sequence.
l.212 \node
           [circle,draw] (c) at (4,2) {c};
The control sequence at the end of the top line
of your error message was never \def'ed. If you have
misspelled it (e.g., `\hobx'), type `I' and the correct
spelling (e.g., `I\hbox'). Otherwise just continue,
and I'll forget about whatever was undefined.

/Users/ashoksaravanan/Coding/ScribeLec/server/output/MA 421/lectures/2024-11-05
-NetFlows/notes.tex:213: Undefined control sequence.
l.213 \node
           [circle,draw] (d) at (3,0) {d};
The control sequence at the end of the top line
of your error message was never \def'ed. If you have
misspelled it (e.g., `\hobx'), type `I' and the correct
spelling (e.g., `I\hbox'). Otherwise just continue,
and I'll forget about whatever was undefined.

/Users/ashoksaravanan/Coding/ScribeLec/server/output/MA 421/lectures/2024-11-05
-NetFlows/notes.tex:214: Undefined control sequence.
l.214 \node
           [circle,draw] (e) at (1,0) {e};
The control sequence at the end of the top line
of your error message was never \def'ed. If you have
misspelled it (e.g., `\hobx'), type `I' and the correct
spelling (e.g., `I\hbox'). Otherwise just continue,
and I'll forget about whatever was undefined.

/Users/ashoksaravanan/Coding/ScribeLec/server/output/MA 421/lectures/2024-11-05
-NetFlows/notes.tex:215: Undefined control sequence.
l.215 \node
           [circle,draw] (f) at (0,-2) {f};
The control sequence at the end of the top line
of your error message was never \def'ed. If you have
misspelled it (e.g., `\hobx'), type `I' and the correct
spelling (e.g., `I\hbox'). Otherwise just continue,
and I'll forget about whatever was undefined.

/Users/ashoksaravanan/Coding/ScribeLec/server/output/MA 421/lectures/2024-11-05
-NetFlows/notes.tex:216: Undefined control sequence.
l.216 \node
           [circle,draw] (g) at (4,-2) {g};
The control sequence at the end of the top line
of your error message was never \def'ed. If you have
misspelled it (e.g., `\hobx'), type `I' and the correct
spelling (e.g., `I\hbox'). Otherwise just continue,
and I'll forget about whatever was undefined.

/Users/ashoksaravanan/Coding/ScribeLec/server/output/MA 421/lectures/2024-11-05
-NetFlows/notes.tex:218: Undefined control sequence.
l.218 \draw
           [->] (a) -- node[above] {8} (b);
The control sequence at the end of the top line
of your error message was never \def'ed. If you have
misspelled it (e.g., `\hobx'), type `I' and the correct
spelling (e.g., `I\hbox'). Otherwise just continue,
and I'll forget about whatever was undefined.

/Users/ashoksaravanan/Coding/ScribeLec/server/output/MA 421/lectures/2024-11-05
-NetFlows/notes.tex:219: Undefined control sequence.
l.219 \draw
           [->] (b) -- node[above] {-2} (c);
The control sequence at the end of the top line
of your error message was never \def'ed. If you have
misspelled it (e.g., `\hobx'), type `I' and the correct
spelling (e.g., `I\hbox'). Otherwise just continue,
and I'll forget about whatever was undefined.

/Users/ashoksaravanan/Coding/ScribeLec/server/output/MA 421/lectures/2024-11-05
-NetFlows/notes.tex:220: Undefined control sequence.
l.220 \draw
           [->] (b) -- node[right] {-6} (d);
The control sequence at the end of the top line
of your error message was never \def'ed. If you have
misspelled it (e.g., `\hobx'), type `I' and the correct
spelling (e.g., `I\hbox'). Otherwise just continue,
and I'll forget about whatever was undefined.

/Users/ashoksaravanan/Coding/ScribeLec/server/output/MA 421/lectures/2024-11-05
-NetFlows/notes.tex:221: Undefined control sequence.
l.221 \draw
           [->] (d) -- node[below] {5} (e);
The control sequence at the end of the top line
of your error message was never \def'ed. If you have
misspelled it (e.g., `\hobx'), type `I' and the correct
spelling (e.g., `I\hbox'). Otherwise just continue,
and I'll forget about whatever was undefined.

/Users/ashoksaravanan/Coding/ScribeLec/server/output/MA 421/lectures/2024-11-05
-NetFlows/notes.tex:222: Undefined control sequence.
l.222 \draw
           [->] (e) -- node[below] {9} (f);
The control sequence at the end of the top line
of your error message was never \def'ed. If you have
misspelled it (e.g., `\hobx'), type `I' and the correct
spelling (e.g., `I\hbox'). Otherwise just continue,
and I'll forget about whatever was undefined.

/Users/ashoksaravanan/Coding/ScribeLec/server/output/MA 421/lectures/2024-11-05
-NetFlows/notes.tex:223: Undefined control sequence.
l.223 \draw
           [->] (f) -- node[left] {4} (a);
The control sequence at the end of the top line
of your error message was never \def'ed. If you have
misspelled it (e.g., `\hobx'), type `I' and the correct
spelling (e.g., `I\hbox'). Otherwise just continue,
and I'll forget about whatever was undefined.

/Users/ashoksaravanan/Coding/ScribeLec/server/output/MA 421/lectures/2024-11-05
-NetFlows/notes.tex:224: Undefined control sequence.
l.224 \draw
           [->] (f) -- node[below] {7} (e);
The control sequence at the end of the top line
of your error message was never \def'ed. If you have
misspelled it (e.g., `\hobx'), type `I' and the correct
spelling (e.g., `I\hbox'). Otherwise just continue,
and I'll forget about whatever was undefined.

/Users/ashoksaravanan/Coding/ScribeLec/server/output/MA 421/lectures/2024-11-05
-NetFlows/notes.tex:225: Undefined control sequence.
l.225 \draw
           [->] (e) -- node[left] {-4} (a);
The control sequence at the end of the top line
of your error message was never \def'ed. If you have
misspelled it (e.g., `\hobx'), type `I' and the correct
spelling (e.g., `I\hbox'). Otherwise just continue,
and I'll forget about whatever was undefined.

/Users/ashoksaravanan/Coding/ScribeLec/server/output/MA 421/lectures/2024-11-05
-NetFlows/notes.tex:226: Undefined control sequence.
l.226 \draw
           [->] (a) -- node[left] {3} (f);
The control sequence at the end of the top line
of your error message was never \def'ed. If you have
misspelled it (e.g., `\hobx'), type `I' and the correct
spelling (e.g., `I\hbox'). Otherwise just continue,
and I'll forget about whatever was undefined.

/Users/ashoksaravanan/Coding/ScribeLec/server/output/MA 421/lectures/2024-11-05
-NetFlows/notes.tex:227: Undefined control sequence.
l.227 \draw
           [->] (c) -- node[right] {2} (b);
The control sequence at the end of the top line
of your error message was never \def'ed. If you have
misspelled it (e.g., `\hobx'), type `I' and the correct
spelling (e.g., `I\hbox'). Otherwise just continue,
and I'll forget about whatever was undefined.

/Users/ashoksaravanan/Coding/ScribeLec/server/output/MA 421/lectures/2024-11-05
-NetFlows/notes.tex:228: Undefined control sequence.
l.228 \draw
           [->] (c) -- node[right] {2} (g);
The control sequence at the end of the top line
of your error message was never \def'ed. If you have
misspelled it (e.g., `\hobx'), type `I' and the correct
spelling (e.g., `I\hbox'). Otherwise just continue,
and I'll forget about whatever was undefined.

/Users/ashoksaravanan/Coding/ScribeLec/server/output/MA 421/lectures/2024-11-05
-NetFlows/notes.tex:229: Undefined control sequence.
l.229 \draw
           [->] (d) -- node[right] {1} (g);
The control sequence at the end of the top line
of your error message was never \def'ed. If you have
misspelled it (e.g., `\hobx'), type `I' and the correct
spelling (e.g., `I\hbox'). Otherwise just continue,
and I'll forget about whatever was undefined.

/Users/ashoksaravanan/Coding/ScribeLec/server/output/MA 421/lectures/2024-11-05
-NetFlows/notes.tex:230: Undefined control sequence.
l.230 \draw
           [->] (g) -- node[below] {5} (d);
The control sequence at the end of the top line
of your error message was never \def'ed. If you have
misspelled it (e.g., `\hobx'), type `I' and the correct
spelling (e.g., `I\hbox'). Otherwise just continue,
and I'll forget about whatever was undefined.


/Users/ashoksaravanan/Coding/ScribeLec/server/output/MA 421/lectures/2024-11-05
-NetFlows/notes.tex:231: LaTeX Error: \begin{document} ended by \end{tikzpictur
e}.

See the LaTeX manual or LaTeX Companion for explanation.
Type  H <return>  for immediate help.
 ...                                              
                                                  
l.231 \end{tikzpicture}
                       
Your command was ignored.
Type  I <command> <return>  to replace it with another command,
or  <return>  to continue without it.

/Users/ashoksaravanan/Coding/ScribeLec/server/output/MA 421/lectures/2024-11-05
-NetFlows/notes.tex:232: Missing $ inserted.
<inserted text> 
                $
l.232 \quad b_
              i \\
I've inserted a begin-math/end-math symbol since I think
you left one out. Proceed, with fingers crossed.


/Users/ashoksaravanan/Coding/ScribeLec/server/output/MA 421/lectures/2024-11-05
-NetFlows/notes.tex:233: LaTeX Error: Environment tikzpicture undefined.

See the LaTeX manual or LaTeX Companion for explanation.
Type  H <return>  for immediate help.
 ...                                              
                                                  
l.233 \begin{tikzpicture}
                         [scale=0.8]
Your command was ignored.
Type  I <command> <return>  to replace it with another command,
or  <return>  to continue without it.

/Users/ashoksaravanan/Coding/ScribeLec/server/output/MA 421/lectures/2024-11-05
-NetFlows/notes.tex:234: Undefined control sequence.
l.234 \node
           [circle,draw] (a) at (0,2) {a};
The control sequence at the end of the top line
of your error message was never \def'ed. If you have
misspelled it (e.g., `\hobx'), type `I' and the correct
spelling (e.g., `I\hbox'). Otherwise just continue,
and I'll forget about whatever was undefined.

/Users/ashoksaravanan/Coding/ScribeLec/server/output/MA 421/lectures/2024-11-05
-NetFlows/notes.tex:235: Undefined control sequence.
l.235 \node
           [circle,draw] (b) at (2,0) {b};
The control sequence at the end of the top line
of your error message was never \def'ed. If you have
misspelled it (e.g., `\hobx'), type `I' and the correct
spelling (e.g., `I\hbox'). Otherwise just continue,
and I'll forget about whatever was undefined.

/Users/ashoksaravanan/Coding/ScribeLec/server/output/MA 421/lectures/2024-11-05
-NetFlows/notes.tex:236: Undefined control sequence.
l.236 \node
           [circle,draw] (c) at (4,2) {c};
The control sequence at the end of the top line
of your error message was never \def'ed. If you have
misspelled it (e.g., `\hobx'), type `I' and the correct
spelling (e.g., `I\hbox'). Otherwise just continue,
and I'll forget about whatever was undefined.

/Users/ashoksaravanan/Coding/ScribeLec/server/output/MA 421/lectures/2024-11-05
-NetFlows/notes.tex:237: Undefined control sequence.
l.237 \node
           [circle,draw] (d) at (3,1) {d};
The control sequence at the end of the top line
of your error message was never \def'ed. If you have
misspelled it (e.g., `\hobx'), type `I' and the correct
spelling (e.g., `I\hbox'). Otherwise just continue,
and I'll forget about whatever was undefined.

/Users/ashoksaravanan/Coding/ScribeLec/server/output/MA 421/lectures/2024-11-05
-NetFlows/notes.tex:238: Undefined control sequence.
l.238 \node
           [circle,draw] (e) at (1,1) {e};
The control sequence at the end of the top line
of your error message was never \def'ed. If you have
misspelled it (e.g., `\hobx'), type `I' and the correct
spelling (e.g., `I\hbox'). Otherwise just continue,
and I'll forget about whatever was undefined.

/Users/ashoksaravanan/Coding/ScribeLec/server/output/MA 421/lectures/2024-11-05
-NetFlows/notes.tex:239: Undefined control sequence.
l.239 \node
           [circle,draw] (f) at (0,-2) {f};
The control sequence at the end of the top line
of your error message was never \def'ed. If you have
misspelled it (e.g., `\hobx'), type `I' and the correct
spelling (e.g., `I\hbox'). Otherwise just continue,
and I'll forget about whatever was undefined.

/Users/ashoksaravanan/Coding/ScribeLec/server/output/MA 421/lectures/2024-11-05
-NetFlows/notes.tex:240: Undefined control sequence.
l.240 \node
           [circle,draw] (g) at (4,-2) {g};
The control sequence at the end of the top line
of your error message was never \def'ed. If you have
misspelled it (e.g., `\hobx'), type `I' and the correct
spelling (e.g., `I\hbox'). Otherwise just continue,
and I'll forget about whatever was undefined.

/Users/ashoksaravanan/Coding/ScribeLec/server/output/MA 421/lectures/2024-11-05
-NetFlows/notes.tex:241: Missing $ inserted.
<inserted text> 
                $
l.241 
      
I've inserted a begin-math/end-math symbol since I think
you left one out. Proceed, with fingers crossed.

/Users/ashoksaravanan/Coding/ScribeLec/server/output/MA 421/lectures/2024-11-05
-NetFlows/notes.tex:241: Missing \endgroup inserted.
<inserted text> 
                \endgroup 
l.241 
      
I've inserted something that you may have forgotten.
(See the <inserted text> above.)
With luck, this will get me unwedged. But if you
really didn't forget anything, try typing `2' now; then
my insertion and my current dilemma will both disappear.


Overfull \hbox (373.50833pt too wide) in paragraph at lines 218--241
\OT1/lmr/m/n/10 [\OML/lmm/m/it/10 scale \OT1/lmr/m/n/10 = 0\OML/lmm/m/it/10 :\O
T1/lmr/m/n/10 8][\OML/lmm/m/it/10 circle; draw\OT1/lmr/m/n/10 ](\OML/lmm/m/it/1
0 a\OT1/lmr/m/n/10 )\OML/lmm/m/it/10 at\OT1/lmr/m/n/10 (0\OML/lmm/m/it/10 ; \OT
1/lmr/m/n/10 2)\OML/lmm/m/it/10 a\OT1/lmr/m/n/10 ; [\OML/lmm/m/it/10 circle; dr
aw\OT1/lmr/m/n/10 ](\OML/lmm/m/it/10 b\OT1/lmr/m/n/10 )\OML/lmm/m/it/10 at\OT1/
lmr/m/n/10 (2\OML/lmm/m/it/10 ; \OT1/lmr/m/n/10 0)\OML/lmm/m/it/10 b\OT1/lmr/m/
n/10 ; [\OML/lmm/m/it/10 circle; draw\OT1/lmr/m/n/10 ](\OML/lmm/m/it/10 c\OT1/l
mr/m/n/10 )\OML/lmm/m/it/10 at\OT1/lmr/m/n/10 (4\OML/lmm/m/it/10 ; \OT1/lmr/m/n
/10 2)\OML/lmm/m/it/10 c\OT1/lmr/m/n/10 ; [\OML/lmm/m/it/10 circle; draw\OT1/lm
r/m/n/10 ](\OML/lmm/m/it/10 d\OT1/lmr/m/n/10 )\OML/lmm/m/it/10 at\OT1/lmr/m/n/1
0 (3\OML/lmm/m/it/10 ; \OT1/lmr/m/n/10 1)\OML/lmm/m/it/10 d\OT1/lmr/m/n/10 ; [\
OML/lmm/m/it/10 circle; draw\OT1/lmr/m/n/10 ](\OML/lmm/m/it/10 e\OT1/lmr/m/n/10
 )\OML/lmm/m/it/10 at\OT1/lmr/m/n/10 (1\OML/lmm/m/it/10 ; \OT1/lmr/m/n/10 1)\OM
L/lmm/m/it/10 e\OT1/lmr/m/n/10 ; [\OML/lmm/m/it/10 circle; draw\OT1/lmr/m/n/10 
](\OML/lmm/m/it/10 f\OT1/lmr/m/n/10 )\OML/lmm/m/it/10 at\OT1/lmr/m/n/10 (0\OML/
lmm/m/it/10 ; \OMS/lmsy/m/n/10  \OT1/lmr/m/n/10 2)\OML/lmm/m/it/10 f\OT1/lmr/m/
n/10 ; [\OML/lmm/m/it/10 circle; draw\OT1/lmr/m/n/10 ](\OML/lmm/m/it/10 g\OT1/l
mr/m/n/10 )\OML/lmm/m/it/10 at\OT1/lmr/m/n/10 (4\OML/lmm/m/it/10 ; \OMS/lmsy/m/
n/10  \OT1/lmr/m/n/10 2)\OML/lmm/m/it/10 g\OT1/lmr/m/n/10 ;$ 
 []

/Users/ashoksaravanan/Coding/ScribeLec/server/output/MA 421/lectures/2024-11-05
-NetFlows/notes.tex:242: Undefined control sequence.
l.242 \draw
           [->] (a) -- node[left] {56} (e);
The control sequence at the end of the top line
of your error message was never \def'ed. If you have
misspelled it (e.g., `\hobx'), type `I' and the correct
spelling (e.g., `I\hbox'). Otherwise just continue,
and I'll forget about whatever was undefined.

/Users/ashoksaravanan/Coding/ScribeLec/server/output/MA 421/lectures/2024-11-05
-NetFlows/notes.tex:243: Undefined control sequence.
l.243 \draw
           [->] (e) -- node[left] {108} (f);
The control sequence at the end of the top line
of your error message was never \def'ed. If you have
misspelled it (e.g., `\hobx'), type `I' and the correct
spelling (e.g., `I\hbox'). Otherwise just continue,
and I'll forget about whatever was undefined.

/Users/ashoksaravanan/Coding/ScribeLec/server/output/MA 421/lectures/2024-11-05
-NetFlows/notes.tex:244: Undefined control sequence.
l.244 \draw
           [->] (f) -- node[below] {48} (g);
The control sequence at the end of the top line
of your error message was never \def'ed. If you have
misspelled it (e.g., `\hobx'), type `I' and the correct
spelling (e.g., `I\hbox'). Otherwise just continue,
and I'll forget about whatever was undefined.

/Users/ashoksaravanan/Coding/ScribeLec/server/output/MA 421/lectures/2024-11-05
-NetFlows/notes.tex:245: Undefined control sequence.
l.245 \draw
           [->] (g) -- node[right] {33} (d);
The control sequence at the end of the top line
of your error message was never \def'ed. If you have
misspelled it (e.g., `\hobx'), type `I' and the correct
spelling (e.g., `I\hbox'). Otherwise just continue,
and I'll forget about whatever was undefined.

/Users/ashoksaravanan/Coding/ScribeLec/server/output/MA 421/lectures/2024-11-05
-NetFlows/notes.tex:246: Undefined control sequence.
l.246 \draw
           [->] (d) -- node[right] {19} (c);
The control sequence at the end of the top line
of your error message was never \def'ed. If you have
misspelled it (e.g., `\hobx'), type `I' and the correct
spelling (e.g., `I\hbox'). Otherwise just continue,
and I'll forget about whatever was undefined.

/Users/ashoksaravanan/Coding/ScribeLec/server/output/MA 421/lectures/2024-11-05
-NetFlows/notes.tex:247: Undefined control sequence.
l.247 \draw
           [->] (c) -- node[above] {15} (d);
The control sequence at the end of the top line
of your error message was never \def'ed. If you have
misspelled it (e.g., `\hobx'), type `I' and the correct
spelling (e.g., `I\hbox'). Otherwise just continue,
and I'll forget about whatever was undefined.

/Users/ashoksaravanan/Coding/ScribeLec/server/output/MA 421/lectures/2024-11-05
-NetFlows/notes.tex:248: Undefined control sequence.
l.248 \draw
           [->] (d) -- node[above] {38} (b);
The control sequence at the end of the top line
of your error message was never \def'ed. If you have
misspelled it (e.g., `\hobx'), type `I' and the correct
spelling (e.g., `I\hbox'). Otherwise just continue,
and I'll forget about whatever was undefined.

/Users/ashoksaravanan/Coding/ScribeLec/server/output/MA 421/lectures/2024-11-05
-NetFlows/notes.tex:249: Undefined control sequence.
l.249 \draw
           [->] (b) -- node[above] {7} (d);
The control sequence at the end of the top line
of your error message was never \def'ed. If you have
misspelled it (e.g., `\hobx'), type `I' and the correct
spelling (e.g., `I\hbox'). Otherwise just continue,
and I'll forget about whatever was undefined.

/Users/ashoksaravanan/Coding/ScribeLec/server/output/MA 421/lectures/2024-11-05
-NetFlows/notes.tex:250: Undefined control sequence.
l.250 \draw
           [->] (b) -- node[above] {28} (a);
The control sequence at the end of the top line
of your error message was never \def'ed. If you have
misspelled it (e.g., `\hobx'), type `I' and the correct
spelling (e.g., `I\hbox'). Otherwise just continue,
and I'll forget about whatever was undefined.

/Users/ashoksaravanan/Coding/ScribeLec/server/output/MA 421/lectures/2024-11-05
-NetFlows/notes.tex:251: Undefined control sequence.
l.251 \draw
           [->] (a) -- node[above] {10} (c);
The control sequence at the end of the top line
of your error message was never \def'ed. If you have
misspelled it (e.g., `\hobx'), type `I' and the correct
spelling (e.g., `I\hbox'). Otherwise just continue,
and I'll forget about whatever was undefined.

/Users/ashoksaravanan/Coding/ScribeLec/server/output/MA 421/lectures/2024-11-05
-NetFlows/notes.tex:252: Undefined control sequence.
l.252 \draw
           [->] (e) -- node[below] {48} (b);
The control sequence at the end of the top line
of your error message was never \def'ed. If you have
misspelled it (e.g., `\hobx'), type `I' and the correct
spelling (e.g., `I\hbox'). Otherwise just continue,
and I'll forget about whatever was undefined.

/Users/ashoksaravanan/Coding/ScribeLec/server/output/MA 421/lectures/2024-11-05
-NetFlows/notes.tex:253: Undefined control sequence.
l.253 \draw
           [->] (f) -- node[below] {24} (g);
The control sequence at the end of the top line
of your error message was never \def'ed. If you have
misspelled it (e.g., `\hobx'), type `I' and the correct
spelling (e.g., `I\hbox'). Otherwise just continue,
and I'll forget about whatever was undefined.


/Users/ashoksaravanan/Coding/ScribeLec/server/output/MA 421/lectures/2024-11-05
-NetFlows/notes.tex:254: LaTeX Error: \begin{document} ended by \end{tikzpictur
e}.

See the LaTeX manual or LaTeX Companion for explanation.
Type  H <return>  for immediate help.
 ...                                              
                                                  
l.254 \end{tikzpicture}
                       
Your command was ignored.
Type  I <command> <return>  to replace it with another command,
or  <return>  to continue without it.

/Users/ashoksaravanan/Coding/ScribeLec/server/output/MA 421/lectures/2024-11-05
-NetFlows/notes.tex:254: Extra \endgroup.
<recently read> \endgroup 
                          
l.254 \end{tikzpicture}
                       
Things are pretty mixed up, but I think the worst is over.

/Users/ashoksaravanan/Coding/ScribeLec/server/output/MA 421/lectures/2024-11-05
-NetFlows/notes.tex:255: Missing $ inserted.
<inserted text> 
                $
l.255 \quad c_
              {ij} \\
I've inserted a begin-math/end-math symbol since I think
you left one out. Proceed, with fingers crossed.

/Users/ashoksaravanan/Coding/ScribeLec/server/output/MA 421/lectures/2024-11-05
-NetFlows/notes.tex:257: Extra alignment tab has been changed to \cr.
<recently read> \endtemplate 
                             
l.257 ...bd} & x_{be} & x_{df} & x_{dg} & x_{ef} &
                                                   x_{eg} & x_{fh} & x_{fg} ...
You have given more \span or & marks than there were
in the preamble to the \halign or \valign now in progress.
So I'll assume that you meant to type \cr instead.

/Users/ashoksaravanan/Coding/ScribeLec/server/output/MA 421/lectures/2024-11-05
-NetFlows/notes.tex:260: Extra alignment tab has been changed to \cr.
<recently read> \endtemplate 
                             
l.260 -1 & -1 & -1 & 1 &  &  &  &  &  &  &
                                            &  &  \\
You have given more \span or & marks than there were
in the preamble to the \halign or \valign now in progress.
So I'll assume that you meant to type \cr instead.

/Users/ashoksaravanan/Coding/ScribeLec/server/output/MA 421/lectures/2024-11-05
-NetFlows/notes.tex:261: Extra alignment tab has been changed to \cr.
<recently read> \endtemplate 
                             
l.261  &  &  &  & -1 & -1 & -1 & 1 &  &  &
                                            &  &  \\
You have given more \span or & marks than there were
in the preamble to the \halign or \valign now in progress.
So I'll assume that you meant to type \cr instead.

/Users/ashoksaravanan/Coding/ScribeLec/server/output/MA 421/lectures/2024-11-05
-NetFlows/notes.tex:262: Extra alignment tab has been changed to \cr.
<recently read> \endtemplate 
                             
l.262  &  &  &  &  &  &  &  & -1 & -1 &
                                        -1 & 1 &  \\
You have given more \span or & marks than there were
in the preamble to the \halign or \valign now in progress.
So I'll assume that you meant to type \cr instead.

/Users/ashoksaravanan/Coding/ScribeLec/server/output/MA 421/lectures/2024-11-05
-NetFlows/notes.tex:263: Extra alignment tab has been changed to \cr.
<recently read> \endtemplate 
                             
l.263 1 &  &  &  & 1 &  &  &  &  &  &
                                       &  &  \\
You have given more \span or & marks than there were
in the preamble to the \halign or \valign now in progress.
So I'll assume that you meant to type \cr instead.

/Users/ashoksaravanan/Coding/ScribeLec/server/output/MA 421/lectures/2024-11-05
-NetFlows/notes.tex:264: Extra alignment tab has been changed to \cr.
<recently read> \endtemplate 
                             
l.264  & 1 &  &  &  & 1 &  &  &  &  &
                                       &  &  \\
You have given more \span or & marks than there were
in the preamble to the \halign or \valign now in progress.
So I'll assume that you meant to type \cr instead.

/Users/ashoksaravanan/Coding/ScribeLec/server/output/MA 421/lectures/2024-11-05
-NetFlows/notes.tex:265: Extra alignment tab has been changed to \cr.
<recently read> \endtemplate 
                             
l.265  &  & 1 &  &  &  & 1 &  &  &  &
                                       &  &  \\
You have given more \span or & marks than there were
in the preamble to the \halign or \valign now in progress.
So I'll assume that you meant to type \cr instead.

/Users/ashoksaravanan/Coding/ScribeLec/server/output/MA 421/lectures/2024-11-05
-NetFlows/notes.tex:266: Extra alignment tab has been changed to \cr.
<recently read> \endtemplate 
                             
l.266  &  &  &  &  &  &  & 1 & 1 &  &
                                       &  & -1 \\
You have given more \span or & marks than there were
in the preamble to the \halign or \valign now in progress.
So I'll assume that you meant to type \cr instead.

/Users/ashoksaravanan/Coding/ScribeLec/server/output/MA 421/lectures/2024-11-05
-NetFlows/notes.tex:267: Extra alignment tab has been changed to \cr.
<recently read> \endtemplate 
                             
l.267  &  &  &  &  &  &  &  &  & 1 &
                                     1 &  & 1
You have given more \span or & marks than there were
in the preamble to the \halign or \valign now in progress.
So I'll assume that you meant to type \cr instead.

/Users/ashoksaravanan/Coding/ScribeLec/server/output/MA 421/lectures/2024-11-05
-NetFlows/notes.tex:270: Extra alignment tab has been changed to \cr.
<recently read> \endtemplate 
                             
l.270 ...8 & 10 & 7 & 65 & 7 & 38 & 15 & 56 & 48 &
                                                   108 & 24 & 33 & 19 \end{p...
You have given more \span or & marks than there were
in the preamble to the \halign or \valign now in progress.
So I'll assume that you meant to type \cr instead.

/Users/ashoksaravanan/Coding/ScribeLec/server/output/MA 421/lectures/2024-11-05
-NetFlows/notes.tex:272: Missing $ inserted.
<inserted text> 
                $
l.272 \subsection
                 {Description}%
I've inserted a begin-math/end-math symbol since I think
you left one out. Proceed, with fingers crossed.

</Users/ashoksaravanan/Coding/ScribeLec/server/output/MA 421/lectures/2024-11-0
5-NetFlows/figures/4.1.png, id=375, 271.0125pt x 271.0125pt>
File: /Users/ashoksaravanan/Coding/ScribeLec/server/output/MA 421/lectures/2024
-11-05-NetFlows/figures/4.1.png Graphic file (type png)
<use /Users/ashoksaravanan/Coding/ScribeLec/server/output/MA 421/lectures/2024-
11-05-NetFlows/figures/4.1.png>
Package pdftex.def Info: /Users/ashoksaravanan/Coding/ScribeLec/server/output/M
A 421/lectures/2024-11-05-NetFlows/figures/4.1.png  used on input line 279.
(pdftex.def)             Requested size: 70.46037pt x 70.45744pt.

Underfull \hbox (badness 10000) in paragraph at lines 280--280
[]\T1/lmr/bx/n/8 (a) |\T1/lmr/m/n/8 A net-work
 []


Underfull \hbox (badness 7832) in paragraph at lines 280--280
\T1/lmr/m/n/8 flow graph with
 []


Underfull \hbox (badness 3930) in paragraph at lines 280--280
\T1/lmr/m/n/8 7 nodes and 14
 []


Underfull \hbox (badness 10000) in paragraph at lines 280--280
\T1/lmr/m/n/8 nodes rep-re-sent
 []

</Users/ashoksaravanan/Coding/ScribeLec/server/output/MA 421/lectures/2024-11-0
5-NetFlows/figures/4.2.png, id=376, 271.0125pt x 271.0125pt>
File: /Users/ashoksaravanan/Coding/ScribeLec/server/output/MA 421/lectures/2024
-11-05-NetFlows/figures/4.2.png Graphic file (type png)
<use /Users/ashoksaravanan/Coding/ScribeLec/server/output/MA 421/lectures/2024-
11-05-NetFlows/figures/4.2.png>
Package pdftex.def Info: /Users/ashoksaravanan/Coding/ScribeLec/server/output/M
A 421/lectures/2024-11-05-NetFlows/figures/4.2.png  used on input line 285.
(pdftex.def)             Requested size: 70.46037pt x 70.45744pt.

Underfull \hbox (badness 4647) in paragraph at lines 286--286
\T1/lmr/m/n/8 and arcs la-beled
 []

</Users/ashoksaravanan/Coding/ScribeLec/server/output/MA 421/lectures/2024-11-0
5-NetFlows/figures/4.3.png, id=377, 271.0125pt x 371.3875pt>
File: /Users/ashoksaravanan/Coding/ScribeLec/server/output/MA 421/lectures/2024
-11-05-NetFlows/figures/4.3.png Graphic file (type png)
<use /Users/ashoksaravanan/Coding/ScribeLec/server/output/MA 421/lectures/2024-
11-05-NetFlows/figures/4.3.png>
Package pdftex.def Info: /Users/ashoksaravanan/Coding/ScribeLec/server/output/M
A 421/lectures/2024-11-05-NetFlows/figures/4.3.png  used on input line 291.
(pdftex.def)             Requested size: 70.46037pt x 96.5528pt.

Underfull \hbox (badness 10000) in paragraph at lines 292--292
[]\T1/lmr/bx/n/8 (c) |\T1/lmr/m/n/8 In-ci-dence
 []


Underfull \hbox (badness 5331) in paragraph at lines 292--292
\T1/lmr/m/n/8 ma-trix and sup-
 []


Underfull \hbox (badness 10000) in paragraph at lines 292--292
\T1/lmr/m/n/8 ply/demand
 []

[4] [5 </Users/ashoksaravanan/Coding/ScribeLec/server/output/MA 421/lectures/20
24-11-05-NetFlows/figures/4.1.png (PNG copy)> </Users/ashoksaravanan/Coding/Scr
ibeLec/server/output/MA 421/lectures/2024-11-05-NetFlows/figures/4.2.png (PNG c
opy)> </Users/ashoksaravanan/Coding/ScribeLec/server/output/MA 421/lectures/202
4-11-05-NetFlows/figures/4.3.png (PNG copy)>]

/Users/ashoksaravanan/Coding/ScribeLec/server/output/MA 421/lectures/2024-11-05
-NetFlows/notes.tex:303: LaTeX Error: Environment tikzpicture undefined.

See the LaTeX manual or LaTeX Companion for explanation.
Type  H <return>  for immediate help.
 ...                                              
                                                  
l.303 \begin{tikzpicture}
                         [scale=0.8]
Your command was ignored.
Type  I <command> <return>  to replace it with another command,
or  <return>  to continue without it.

/Users/ashoksaravanan/Coding/ScribeLec/server/output/MA 421/lectures/2024-11-05
-NetFlows/notes.tex:304: Undefined control sequence.
l.304 \node
           [circle,draw] (a) at (0,2) {8};
The control sequence at the end of the top line
of your error message was never \def'ed. If you have
misspelled it (e.g., `\hobx'), type `I' and the correct
spelling (e.g., `I\hbox'). Otherwise just continue,
and I'll forget about whatever was undefined.

/Users/ashoksaravanan/Coding/ScribeLec/server/output/MA 421/lectures/2024-11-05
-NetFlows/notes.tex:305: Undefined control sequence.
l.305 \node
           [circle,draw] (b) at (2,2) {0};
The control sequence at the end of the top line
of your error message was never \def'ed. If you have
misspelled it (e.g., `\hobx'), type `I' and the correct
spelling (e.g., `I\hbox'). Otherwise just continue,
and I'll forget about whatever was undefined.

/Users/ashoksaravanan/Coding/ScribeLec/server/output/MA 421/lectures/2024-11-05
-NetFlows/notes.tex:306: Undefined control sequence.
l.306 \node
           [circle,draw] (c) at (4,2) {-2};
The control sequence at the end of the top line
of your error message was never \def'ed. If you have
misspelled it (e.g., `\hobx'), type `I' and the correct
spelling (e.g., `I\hbox'). Otherwise just continue,
and I'll forget about whatever was undefined.

/Users/ashoksaravanan/Coding/ScribeLec/server/output/MA 421/lectures/2024-11-05
-NetFlows/notes.tex:307: Undefined control sequence.
l.307 \node
           [circle,draw] (d) at (3,0) {-6};
The control sequence at the end of the top line
of your error message was never \def'ed. If you have
misspelled it (e.g., `\hobx'), type `I' and the correct
spelling (e.g., `I\hbox'). Otherwise just continue,
and I'll forget about whatever was undefined.

/Users/ashoksaravanan/Coding/ScribeLec/server/output/MA 421/lectures/2024-11-05
-NetFlows/notes.tex:308: Undefined control sequence.
l.308 \node
           [circle,draw] (e) at (1,0) {0};
The control sequence at the end of the top line
of your error message was never \def'ed. If you have
misspelled it (e.g., `\hobx'), type `I' and the correct
spelling (e.g., `I\hbox'). Otherwise just continue,
and I'll forget about whatever was undefined.

/Users/ashoksaravanan/Coding/ScribeLec/server/output/MA 421/lectures/2024-11-05
-NetFlows/notes.tex:309: Undefined control sequence.
l.309 \node
           [circle,draw] (f) at (0,-2) {4};
The control sequence at the end of the top line
of your error message was never \def'ed. If you have
misspelled it (e.g., `\hobx'), type `I' and the correct
spelling (e.g., `I\hbox'). Otherwise just continue,
and I'll forget about whatever was undefined.

/Users/ashoksaravanan/Coding/ScribeLec/server/output/MA 421/lectures/2024-11-05
-NetFlows/notes.tex:310: Undefined control sequence.
l.310 \node
           [circle,draw] (g) at (4,-2) {5};
The control sequence at the end of the top line
of your error message was never \def'ed. If you have
misspelled it (e.g., `\hobx'), type `I' and the correct
spelling (e.g., `I\hbox'). Otherwise just continue,
and I'll forget about whatever was undefined.

/Users/ashoksaravanan/Coding/ScribeLec/server/output/MA 421/lectures/2024-11-05
-NetFlows/notes.tex:312: Undefined control sequence.
l.312 \draw
           [->] (a) -- node[above] {8} (b);
The control sequence at the end of the top line
of your error message was never \def'ed. If you have
misspelled it (e.g., `\hobx'), type `I' and the correct
spelling (e.g., `I\hbox'). Otherwise just continue,
and I'll forget about whatever was undefined.

/Users/ashoksaravanan/Coding/ScribeLec/server/output/MA 421/lectures/2024-11-05
-NetFlows/notes.tex:313: Undefined control sequence.
l.313 \draw
           [->] (b) -- node[above] {-2} (c);
The control sequence at the end of the top line
of your error message was never \def'ed. If you have
misspelled it (e.g., `\hobx'), type `I' and the correct
spelling (e.g., `I\hbox'). Otherwise just continue,
and I'll forget about whatever was undefined.

/Users/ashoksaravanan/Coding/ScribeLec/server/output/MA 421/lectures/2024-11-05
-NetFlows/notes.tex:314: Undefined control sequence.
l.314 \draw
           [->] (b) -- node[right] {-6} (d);
The control sequence at the end of the top line
of your error message was never \def'ed. If you have
misspelled it (e.g., `\hobx'), type `I' and the correct
spelling (e.g., `I\hbox'). Otherwise just continue,
and I'll forget about whatever was undefined.

/Users/ashoksaravanan/Coding/ScribeLec/server/output/MA 421/lectures/2024-11-05
-NetFlows/notes.tex:315: Undefined control sequence.
l.315 \draw
           [->] (d) -- node[below] {5} (e);
The control sequence at the end of the top line
of your error message was never \def'ed. If you have
misspelled it (e.g., `\hobx'), type `I' and the correct
spelling (e.g., `I\hbox'). Otherwise just continue,
and I'll forget about whatever was undefined.

/Users/ashoksaravanan/Coding/ScribeLec/server/output/MA 421/lectures/2024-11-05
-NetFlows/notes.tex:316: Undefined control sequence.
l.316 \draw
           [->] (e) -- node[below] {9} (f);
The control sequence at the end of the top line
of your error message was never \def'ed. If you have
misspelled it (e.g., `\hobx'), type `I' and the correct
spelling (e.g., `I\hbox'). Otherwise just continue,
and I'll forget about whatever was undefined.

/Users/ashoksaravanan/Coding/ScribeLec/server/output/MA 421/lectures/2024-11-05
-NetFlows/notes.tex:317: Undefined control sequence.
l.317 \draw
           [->] (f) -- node[left] {4} (a);
The control sequence at the end of the top line
of your error message was never \def'ed. If you have
misspelled it (e.g., `\hobx'), type `I' and the correct
spelling (e.g., `I\hbox'). Otherwise just continue,
and I'll forget about whatever was undefined.

/Users/ashoksaravanan/Coding/ScribeLec/server/output/MA 421/lectures/2024-11-05
-NetFlows/notes.tex:318: Undefined control sequence.
l.318 \draw
           [->] (f) -- node[below] {7} (e);
The control sequence at the end of the top line
of your error message was never \def'ed. If you have
misspelled it (e.g., `\hobx'), type `I' and the correct
spelling (e.g., `I\hbox'). Otherwise just continue,
and I'll forget about whatever was undefined.

/Users/ashoksaravanan/Coding/ScribeLec/server/output/MA 421/lectures/2024-11-05
-NetFlows/notes.tex:319: Undefined control sequence.
l.319 \draw
           [->] (e) -- node[left] {-4} (a);
The control sequence at the end of the top line
of your error message was never \def'ed. If you have
misspelled it (e.g., `\hobx'), type `I' and the correct
spelling (e.g., `I\hbox'). Otherwise just continue,
and I'll forget about whatever was undefined.

/Users/ashoksaravanan/Coding/ScribeLec/server/output/MA 421/lectures/2024-11-05
-NetFlows/notes.tex:320: Undefined control sequence.
l.320 \draw
           [->] (a) -- node[left] {3} (f);
The control sequence at the end of the top line
of your error message was never \def'ed. If you have
misspelled it (e.g., `\hobx'), type `I' and the correct
spelling (e.g., `I\hbox'). Otherwise just continue,
and I'll forget about whatever was undefined.

/Users/ashoksaravanan/Coding/ScribeLec/server/output/MA 421/lectures/2024-11-05
-NetFlows/notes.tex:321: Undefined control sequence.
l.321 \draw
           [->] (c) -- node[right] {2} (b);
The control sequence at the end of the top line
of your error message was never \def'ed. If you have
misspelled it (e.g., `\hobx'), type `I' and the correct
spelling (e.g., `I\hbox'). Otherwise just continue,
and I'll forget about whatever was undefined.

/Users/ashoksaravanan/Coding/ScribeLec/server/output/MA 421/lectures/2024-11-05
-NetFlows/notes.tex:322: Undefined control sequence.
l.322 \draw
           [->] (c) -- node[right] {2} (g);
The control sequence at the end of the top line
of your error message was never \def'ed. If you have
misspelled it (e.g., `\hobx'), type `I' and the correct
spelling (e.g., `I\hbox'). Otherwise just continue,
and I'll forget about whatever was undefined.

/Users/ashoksaravanan/Coding/ScribeLec/server/output/MA 421/lectures/2024-11-05
-NetFlows/notes.tex:323: Undefined control sequence.
l.323 \draw
           [->] (d) -- node[right] {1} (g);
The control sequence at the end of the top line
of your error message was never \def'ed. If you have
misspelled it (e.g., `\hobx'), type `I' and the correct
spelling (e.g., `I\hbox'). Otherwise just continue,
and I'll forget about whatever was undefined.

/Users/ashoksaravanan/Coding/ScribeLec/server/output/MA 421/lectures/2024-11-05
-NetFlows/notes.tex:324: Undefined control sequence.
l.324 \draw
           [->] (g) -- node[below] {5} (d);
The control sequence at the end of the top line
of your error message was never \def'ed. If you have
misspelled it (e.g., `\hobx'), type `I' and the correct
spelling (e.g., `I\hbox'). Otherwise just continue,
and I'll forget about whatever was undefined.


/Users/ashoksaravanan/Coding/ScribeLec/server/output/MA 421/lectures/2024-11-05
-NetFlows/notes.tex:325: LaTeX Error: \begin{document} ended by \end{tikzpictur
e}.

See the LaTeX manual or LaTeX Companion for explanation.
Type  H <return>  for immediate help.
 ...                                              
                                                  
l.325 \end{tikzpicture}
                       
Your command was ignored.
Type  I <command> <return>  to replace it with another command,
or  <return>  to continue without it.


/Users/ashoksaravanan/Coding/ScribeLec/server/output/MA 421/lectures/2024-11-05
-NetFlows/notes.tex:326: LaTeX Error: Environment tikzpicture undefined.

See the LaTeX manual or LaTeX Companion for explanation.
Type  H <return>  for immediate help.
 ...                                              
                                                  
l.326 \begin{tikzpicture}
                         [scale=0.8]
Your command was ignored.
Type  I <command> <return>  to replace it with another command,
or  <return>  to continue without it.

/Users/ashoksaravanan/Coding/ScribeLec/server/output/MA 421/lectures/2024-11-05
-NetFlows/notes.tex:327: Undefined control sequence.
l.327 \node
           [circle,draw] (a) at (0,2) {};
The control sequence at the end of the top line
of your error message was never \def'ed. If you have
misspelled it (e.g., `\hobx'), type `I' and the correct
spelling (e.g., `I\hbox'). Otherwise just continue,
and I'll forget about whatever was undefined.

/Users/ashoksaravanan/Coding/ScribeLec/server/output/MA 421/lectures/2024-11-05
-NetFlows/notes.tex:328: Undefined control sequence.
l.328 \node
           [circle,draw] (b) at (2,0) {};
The control sequence at the end of the top line
of your error message was never \def'ed. If you have
misspelled it (e.g., `\hobx'), type `I' and the correct
spelling (e.g., `I\hbox'). Otherwise just continue,
and I'll forget about whatever was undefined.

/Users/ashoksaravanan/Coding/ScribeLec/server/output/MA 421/lectures/2024-11-05
-NetFlows/notes.tex:329: Undefined control sequence.
l.329 \node
           [circle,draw] (c) at (4,2) {};
The control sequence at the end of the top line
of your error message was never \def'ed. If you have
misspelled it (e.g., `\hobx'), type `I' and the correct
spelling (e.g., `I\hbox'). Otherwise just continue,
and I'll forget about whatever was undefined.

/Users/ashoksaravanan/Coding/ScribeLec/server/output/MA 421/lectures/2024-11-05
-NetFlows/notes.tex:330: Undefined control sequence.
l.330 \node
           [circle,draw] (d) at (3,1) {};
The control sequence at the end of the top line
of your error message was never \def'ed. If you have
misspelled it (e.g., `\hobx'), type `I' and the correct
spelling (e.g., `I\hbox'). Otherwise just continue,
and I'll forget about whatever was undefined.

/Users/ashoksaravanan/Coding/ScribeLec/server/output/MA 421/lectures/2024-11-05
-NetFlows/notes.tex:331: Undefined control sequence.
l.331 \node
           [circle,draw] (e) at (1,1) {};
The control sequence at the end of the top line
of your error message was never \def'ed. If you have
misspelled it (e.g., `\hobx'), type `I' and the correct
spelling (e.g., `I\hbox'). Otherwise just continue,
and I'll forget about whatever was undefined.

/Users/ashoksaravanan/Coding/ScribeLec/server/output/MA 421/lectures/2024-11-05
-NetFlows/notes.tex:332: Undefined control sequence.
l.332 \node
           [circle,draw] (f) at (0,-2) {};
The control sequence at the end of the top line
of your error message was never \def'ed. If you have
misspelled it (e.g., `\hobx'), type `I' and the correct
spelling (e.g., `I\hbox'). Otherwise just continue,
and I'll forget about whatever was undefined.

/Users/ashoksaravanan/Coding/ScribeLec/server/output/MA 421/lectures/2024-11-05
-NetFlows/notes.tex:333: Undefined control sequence.
l.333 \node
           [circle,draw] (g) at (4,-2) {};
The control sequence at the end of the top line
of your error message was never \def'ed. If you have
misspelled it (e.g., `\hobx'), type `I' and the correct
spelling (e.g., `I\hbox'). Otherwise just continue,
and I'll forget about whatever was undefined.

/Users/ashoksaravanan/Coding/ScribeLec/server/output/MA 421/lectures/2024-11-05
-NetFlows/notes.tex:335: Undefined control sequence.
l.335 \draw
           [->] (a) -- node[left] {56} (e);
The control sequence at the end of the top line
of your error message was never \def'ed. If you have
misspelled it (e.g., `\hobx'), type `I' and the correct
spelling (e.g., `I\hbox'). Otherwise just continue,
and I'll forget about whatever was undefined.

/Users/ashoksaravanan/Coding/ScribeLec/server/output/MA 421/lectures/2024-11-05
-NetFlows/notes.tex:336: Undefined control sequence.
l.336 \draw
           [->] (e) -- node[left] {108} (f);
The control sequence at the end of the top line
of your error message was never \def'ed. If you have
misspelled it (e.g., `\hobx'), type `I' and the correct
spelling (e.g., `I\hbox'). Otherwise just continue,
and I'll forget about whatever was undefined.

/Users/ashoksaravanan/Coding/ScribeLec/server/output/MA 421/lectures/2024-11-05
-NetFlows/notes.tex:337: Undefined control sequence.
l.337 \draw
           [->] (f) -- node[below] {48} (g);
The control sequence at the end of the top line
of your error message was never \def'ed. If you have
misspelled it (e.g., `\hobx'), type `I' and the correct
spelling (e.g., `I\hbox'). Otherwise just continue,
and I'll forget about whatever was undefined.

/Users/ashoksaravanan/Coding/ScribeLec/server/output/MA 421/lectures/2024-11-05
-NetFlows/notes.tex:338: Undefined control sequence.
l.338 \draw
           [->] (g) -- node[right] {33} (d);
The control sequence at the end of the top line
of your error message was never \def'ed. If you have
misspelled it (e.g., `\hobx'), type `I' and the correct
spelling (e.g., `I\hbox'). Otherwise just continue,
and I'll forget about whatever was undefined.

/Users/ashoksaravanan/Coding/ScribeLec/server/output/MA 421/lectures/2024-11-05
-NetFlows/notes.tex:339: Undefined control sequence.
l.339 \draw
           [->] (d) -- node[right] {19} (c);
The control sequence at the end of the top line
of your error message was never \def'ed. If you have
misspelled it (e.g., `\hobx'), type `I' and the correct
spelling (e.g., `I\hbox'). Otherwise just continue,
and I'll forget about whatever was undefined.

/Users/ashoksaravanan/Coding/ScribeLec/server/output/MA 421/lectures/2024-11-05
-NetFlows/notes.tex:340: Undefined control sequence.
l.340 \draw
           [->] (c) -- node[above] {15} (d);
The control sequence at the end of the top line
of your error message was never \def'ed. If you have
misspelled it (e.g., `\hobx'), type `I' and the correct
spelling (e.g., `I\hbox'). Otherwise just continue,
and I'll forget about whatever was undefined.

/Users/ashoksaravanan/Coding/ScribeLec/server/output/MA 421/lectures/2024-11-05
-NetFlows/notes.tex:341: Undefined control sequence.
l.341 \draw
           [->] (d) -- node[above] {38} (b);
The control sequence at the end of the top line
of your error message was never \def'ed. If you have
misspelled it (e.g., `\hobx'), type `I' and the correct
spelling (e.g., `I\hbox'). Otherwise just continue,
and I'll forget about whatever was undefined.

/Users/ashoksaravanan/Coding/ScribeLec/server/output/MA 421/lectures/2024-11-05
-NetFlows/notes.tex:342: Undefined control sequence.
l.342 \draw
           [->] (b) -- node[above] {7} (d);
The control sequence at the end of the top line
of your error message was never \def'ed. If you have
misspelled it (e.g., `\hobx'), type `I' and the correct
spelling (e.g., `I\hbox'). Otherwise just continue,
and I'll forget about whatever was undefined.

/Users/ashoksaravanan/Coding/ScribeLec/server/output/MA 421/lectures/2024-11-05
-NetFlows/notes.tex:343: Undefined control sequence.
l.343 \draw
           [->] (b) -- node[above] {28} (a);
The control sequence at the end of the top line
of your error message was never \def'ed. If you have
misspelled it (e.g., `\hobx'), type `I' and the correct
spelling (e.g., `I\hbox'). Otherwise just continue,
and I'll forget about whatever was undefined.

/Users/ashoksaravanan/Coding/ScribeLec/server/output/MA 421/lectures/2024-11-05
-NetFlows/notes.tex:344: Undefined control sequence.
l.344 \draw
           [->] (a) -- node[above] {10} (c);
The control sequence at the end of the top line
of your error message was never \def'ed. If you have
misspelled it (e.g., `\hobx'), type `I' and the correct
spelling (e.g., `I\hbox'). Otherwise just continue,
and I'll forget about whatever was undefined.

/Users/ashoksaravanan/Coding/ScribeLec/server/output/MA 421/lectures/2024-11-05
-NetFlows/notes.tex:345: Undefined control sequence.
l.345 \draw
           [->] (e) -- node[below] {48} (b);
The control sequence at the end of the top line
of your error message was never \def'ed. If you have
misspelled it (e.g., `\hobx'), type `I' and the correct
spelling (e.g., `I\hbox'). Otherwise just continue,
and I'll forget about whatever was undefined.

/Users/ashoksaravanan/Coding/ScribeLec/server/output/MA 421/lectures/2024-11-05
-NetFlows/notes.tex:346: Undefined control sequence.
l.346 \draw
           [->] (f) -- node[below] {24} (g);
The control sequence at the end of the top line
of your error message was never \def'ed. If you have
misspelled it (e.g., `\hobx'), type `I' and the correct
spelling (e.g., `I\hbox'). Otherwise just continue,
and I'll forget about whatever was undefined.


/Users/ashoksaravanan/Coding/ScribeLec/server/output/MA 421/lectures/2024-11-05
-NetFlows/notes.tex:347: LaTeX Error: \begin{document} ended by \end{tikzpictur
e}.

See the LaTeX manual or LaTeX Companion for explanation.
Type  H <return>  for immediate help.
 ...                                              
                                                  
l.347 \end{tikzpicture}
                        \\
Your command was ignored.
Type  I <command> <return>  to replace it with another command,
or  <return>  to continue without it.

</Users/ashoksaravanan/Coding/ScribeLec/server/output/MA 421/lectures/2024-11-0
5-NetFlows/figures/5.1.png, id=388, 271.0125pt x 220.825pt>
File: /Users/ashoksaravanan/Coding/ScribeLec/server/output/MA 421/lectures/2024
-11-05-NetFlows/figures/5.1.png Graphic file (type png)
<use /Users/ashoksaravanan/Coding/ScribeLec/server/output/MA 421/lectures/2024-
11-05-NetFlows/figures/5.1.png>
Package pdftex.def Info: /Users/ashoksaravanan/Coding/ScribeLec/server/output/M
A 421/lectures/2024-11-05-NetFlows/figures/5.1.png  used on input line 357.
(pdftex.def)             Requested size: 70.46037pt x 57.40976pt.

Underfull \hbox (badness 10000) in paragraph at lines 358--358
[]\T1/lmr/bx/n/8 (a) |\T1/lmr/m/n/8 A net-work
 []


Underfull \hbox (badness 7832) in paragraph at lines 358--358
\T1/lmr/m/n/8 flow graph with
 []


Underfull \hbox (badness 3930) in paragraph at lines 358--358
\T1/lmr/m/n/8 7 nodes and 14
 []


Underfull \hbox (badness 10000) in paragraph at lines 358--358
\T1/lmr/m/n/8 nodes rep-re-sent
 []

</Users/ashoksaravanan/Coding/ScribeLec/server/output/MA 421/lectures/2024-11-0
5-NetFlows/figures/5.2.png, id=389, 220.825pt x 220.825pt>
File: /Users/ashoksaravanan/Coding/ScribeLec/server/output/MA 421/lectures/2024
-11-05-NetFlows/figures/5.2.png Graphic file (type png)
<use /Users/ashoksaravanan/Coding/ScribeLec/server/output/MA 421/lectures/2024-
11-05-NetFlows/figures/5.2.png>
Package pdftex.def Info: /Users/ashoksaravanan/Coding/ScribeLec/server/output/M
A 421/lectures/2024-11-05-NetFlows/figures/5.2.png  used on input line 363.
(pdftex.def)             Requested size: 70.46037pt x 70.4599pt.

Underfull \hbox (badness 4647) in paragraph at lines 364--364
\T1/lmr/m/n/8 and arcs la-beled
 []

[6 </Users/ashoksaravanan/Coding/ScribeLec/server/output/MA 421/lectures/2024-1
1-05-NetFlows/figures/5.1.png (PNG copy)> </Users/ashoksaravanan/Coding/ScribeL
ec/server/output/MA 421/lectures/2024-11-05-NetFlows/figures/5.2.png (PNG copy)
>]

/Users/ashoksaravanan/Coding/ScribeLec/server/output/MA 421/lectures/2024-11-05
-NetFlows/notes.tex:375: LaTeX Error: Environment tikzpicture undefined.

See the LaTeX manual or LaTeX Companion for explanation.
Type  H <return>  for immediate help.
 ...                                              
                                                  
l.375 \begin{tikzpicture}
                         [scale=0.8]
Your command was ignored.
Type  I <command> <return>  to replace it with another command,
or  <return>  to continue without it.

/Users/ashoksaravanan/Coding/ScribeLec/server/output/MA 421/lectures/2024-11-05
-NetFlows/notes.tex:376: Undefined control sequence.
l.376 \node
           [circle,draw] (a) at (0,2) {};
The control sequence at the end of the top line
of your error message was never \def'ed. If you have
misspelled it (e.g., `\hobx'), type `I' and the correct
spelling (e.g., `I\hbox'). Otherwise just continue,
and I'll forget about whatever was undefined.

/Users/ashoksaravanan/Coding/ScribeLec/server/output/MA 421/lectures/2024-11-05
-NetFlows/notes.tex:377: Undefined control sequence.
l.377 \node
           [circle,draw] (b) at (2,0) {};
The control sequence at the end of the top line
of your error message was never \def'ed. If you have
misspelled it (e.g., `\hobx'), type `I' and the correct
spelling (e.g., `I\hbox'). Otherwise just continue,
and I'll forget about whatever was undefined.

/Users/ashoksaravanan/Coding/ScribeLec/server/output/MA 421/lectures/2024-11-05
-NetFlows/notes.tex:378: Undefined control sequence.
l.378 \node
           [circle,draw] (c) at (4,2) {};
The control sequence at the end of the top line
of your error message was never \def'ed. If you have
misspelled it (e.g., `\hobx'), type `I' and the correct
spelling (e.g., `I\hbox'). Otherwise just continue,
and I'll forget about whatever was undefined.

/Users/ashoksaravanan/Coding/ScribeLec/server/output/MA 421/lectures/2024-11-05
-NetFlows/notes.tex:379: Undefined control sequence.
l.379 \node
           [circle,draw] (d) at (3,1) {};
The control sequence at the end of the top line
of your error message was never \def'ed. If you have
misspelled it (e.g., `\hobx'), type `I' and the correct
spelling (e.g., `I\hbox'). Otherwise just continue,
and I'll forget about whatever was undefined.

/Users/ashoksaravanan/Coding/ScribeLec/server/output/MA 421/lectures/2024-11-05
-NetFlows/notes.tex:380: Undefined control sequence.
l.380 \node
           [circle,draw] (e) at (1,1) {};
The control sequence at the end of the top line
of your error message was never \def'ed. If you have
misspelled it (e.g., `\hobx'), type `I' and the correct
spelling (e.g., `I\hbox'). Otherwise just continue,
and I'll forget about whatever was undefined.

/Users/ashoksaravanan/Coding/ScribeLec/server/output/MA 421/lectures/2024-11-05
-NetFlows/notes.tex:381: Undefined control sequence.
l.381 \node
           [circle,draw] (f) at (0,-2) {};
The control sequence at the end of the top line
of your error message was never \def'ed. If you have
misspelled it (e.g., `\hobx'), type `I' and the correct
spelling (e.g., `I\hbox'). Otherwise just continue,
and I'll forget about whatever was undefined.

/Users/ashoksaravanan/Coding/ScribeLec/server/output/MA 421/lectures/2024-11-05
-NetFlows/notes.tex:382: Undefined control sequence.
l.382 \node
           [circle,draw] (g) at (4,-2) {};
The control sequence at the end of the top line
of your error message was never \def'ed. If you have
misspelled it (e.g., `\hobx'), type `I' and the correct
spelling (e.g., `I\hbox'). Otherwise just continue,
and I'll forget about whatever was undefined.

/Users/ashoksaravanan/Coding/ScribeLec/server/output/MA 421/lectures/2024-11-05
-NetFlows/notes.tex:384: Undefined control sequence.
l.384 \draw
           [->] (a) -- node[left] {56} (e);
The control sequence at the end of the top line
of your error message was never \def'ed. If you have
misspelled it (e.g., `\hobx'), type `I' and the correct
spelling (e.g., `I\hbox'). Otherwise just continue,
and I'll forget about whatever was undefined.

/Users/ashoksaravanan/Coding/ScribeLec/server/output/MA 421/lectures/2024-11-05
-NetFlows/notes.tex:385: Undefined control sequence.
l.385 \draw
           [->] (e) -- node[left] {108} (f);
The control sequence at the end of the top line
of your error message was never \def'ed. If you have
misspelled it (e.g., `\hobx'), type `I' and the correct
spelling (e.g., `I\hbox'). Otherwise just continue,
and I'll forget about whatever was undefined.

/Users/ashoksaravanan/Coding/ScribeLec/server/output/MA 421/lectures/2024-11-05
-NetFlows/notes.tex:386: Undefined control sequence.
l.386 \draw
           [->] (f) -- node[below] {48} (g);
The control sequence at the end of the top line
of your error message was never \def'ed. If you have
misspelled it (e.g., `\hobx'), type `I' and the correct
spelling (e.g., `I\hbox'). Otherwise just continue,
and I'll forget about whatever was undefined.

/Users/ashoksaravanan/Coding/ScribeLec/server/output/MA 421/lectures/2024-11-05
-NetFlows/notes.tex:387: Undefined control sequence.
l.387 \draw
           [->] (g) -- node[right] {33} (d);
The control sequence at the end of the top line
of your error message was never \def'ed. If you have
misspelled it (e.g., `\hobx'), type `I' and the correct
spelling (e.g., `I\hbox'). Otherwise just continue,
and I'll forget about whatever was undefined.

/Users/ashoksaravanan/Coding/ScribeLec/server/output/MA 421/lectures/2024-11-05
-NetFlows/notes.tex:388: Undefined control sequence.
l.388 \draw
           [->] (d) -- node[right] {19} (c);
The control sequence at the end of the top line
of your error message was never \def'ed. If you have
misspelled it (e.g., `\hobx'), type `I' and the correct
spelling (e.g., `I\hbox'). Otherwise just continue,
and I'll forget about whatever was undefined.

/Users/ashoksaravanan/Coding/ScribeLec/server/output/MA 421/lectures/2024-11-05
-NetFlows/notes.tex:389: Undefined control sequence.
l.389 \draw
           [->] (c) -- node[above] {15} (d);
The control sequence at the end of the top line
of your error message was never \def'ed. If you have
misspelled it (e.g., `\hobx'), type `I' and the correct
spelling (e.g., `I\hbox'). Otherwise just continue,
and I'll forget about whatever was undefined.

/Users/ashoksaravanan/Coding/ScribeLec/server/output/MA 421/lectures/2024-11-05
-NetFlows/notes.tex:390: Undefined control sequence.
l.390 \draw
           [->] (d) -- node[above] {38} (b);
The control sequence at the end of the top line
of your error message was never \def'ed. If you have
misspelled it (e.g., `\hobx'), type `I' and the correct
spelling (e.g., `I\hbox'). Otherwise just continue,
and I'll forget about whatever was undefined.

/Users/ashoksaravanan/Coding/ScribeLec/server/output/MA 421/lectures/2024-11-05
-NetFlows/notes.tex:391: Undefined control sequence.
l.391 \draw
           [->] (b) -- node[above] {7} (d);
The control sequence at the end of the top line
of your error message was never \def'ed. If you have
misspelled it (e.g., `\hobx'), type `I' and the correct
spelling (e.g., `I\hbox'). Otherwise just continue,
and I'll forget about whatever was undefined.

/Users/ashoksaravanan/Coding/ScribeLec/server/output/MA 421/lectures/2024-11-05
-NetFlows/notes.tex:392: Undefined control sequence.
l.392 \draw
           [->] (b) -- node[above] {28} (a);
The control sequence at the end of the top line
of your error message was never \def'ed. If you have
misspelled it (e.g., `\hobx'), type `I' and the correct
spelling (e.g., `I\hbox'). Otherwise just continue,
and I'll forget about whatever was undefined.

/Users/ashoksaravanan/Coding/ScribeLec/server/output/MA 421/lectures/2024-11-05
-NetFlows/notes.tex:393: Undefined control sequence.
l.393 \draw
           [->] (a) -- node[above] {10} (c);
The control sequence at the end of the top line
of your error message was never \def'ed. If you have
misspelled it (e.g., `\hobx'), type `I' and the correct
spelling (e.g., `I\hbox'). Otherwise just continue,
and I'll forget about whatever was undefined.

/Users/ashoksaravanan/Coding/ScribeLec/server/output/MA 421/lectures/2024-11-05
-NetFlows/notes.tex:394: Undefined control sequence.
l.394 \draw
           [->] (e) -- node[below] {48} (b);
The control sequence at the end of the top line
of your error message was never \def'ed. If you have
misspelled it (e.g., `\hobx'), type `I' and the correct
spelling (e.g., `I\hbox'). Otherwise just continue,
and I'll forget about whatever was undefined.

/Users/ashoksaravanan/Coding/ScribeLec/server/output/MA 421/lectures/2024-11-05
-NetFlows/notes.tex:395: Undefined control sequence.
l.395 \draw
           [->] (f) -- node[below] {24} (g);
The control sequence at the end of the top line
of your error message was never \def'ed. If you have
misspelled it (e.g., `\hobx'), type `I' and the correct
spelling (e.g., `I\hbox'). Otherwise just continue,
and I'll forget about whatever was undefined.


/Users/ashoksaravanan/Coding/ScribeLec/server/output/MA 421/lectures/2024-11-05
-NetFlows/notes.tex:396: LaTeX Error: \begin{document} ended by \end{tikzpictur
e}.

See the LaTeX manual or LaTeX Companion for explanation.
Type  H <return>  for immediate help.
 ...                                              
                                                  
l.396 \end{tikzpicture}
                       
Your command was ignored.
Type  I <command> <return>  to replace it with another command,
or  <return>  to continue without it.

/Users/ashoksaravanan/Coding/ScribeLec/server/output/MA 421/lectures/2024-11-05
-NetFlows/notes.tex:397: Missing $ inserted.
<inserted text> 
                $
l.397 \quad b_
              i \\
I've inserted a begin-math/end-math symbol since I think
you left one out. Proceed, with fingers crossed.


/Users/ashoksaravanan/Coding/ScribeLec/server/output/MA 421/lectures/2024-11-05
-NetFlows/notes.tex:398: LaTeX Error: Environment tikzpicture undefined.

See the LaTeX manual or LaTeX Companion for explanation.
Type  H <return>  for immediate help.
 ...                                              
                                                  
l.398 \begin{tikzpicture}
                         [scale=0.8]
Your command was ignored.
Type  I <command> <return>  to replace it with another command,
or  <return>  to continue without it.

/Users/ashoksaravanan/Coding/ScribeLec/server/output/MA 421/lectures/2024-11-05
-NetFlows/notes.tex:399: Undefined control sequence.
l.399 \node
           [circle,draw] (a) at (0,2) {};
The control sequence at the end of the top line
of your error message was never \def'ed. If you have
misspelled it (e.g., `\hobx'), type `I' and the correct
spelling (e.g., `I\hbox'). Otherwise just continue,
and I'll forget about whatever was undefined.

/Users/ashoksaravanan/Coding/ScribeLec/server/output/MA 421/lectures/2024-11-05
-NetFlows/notes.tex:400: Undefined control sequence.
l.400 \node
           [circle,draw] (b) at (2,0) {};
The control sequence at the end of the top line
of your error message was never \def'ed. If you have
misspelled it (e.g., `\hobx'), type `I' and the correct
spelling (e.g., `I\hbox'). Otherwise just continue,
and I'll forget about whatever was undefined.

/Users/ashoksaravanan/Coding/ScribeLec/server/output/MA 421/lectures/2024-11-05
-NetFlows/notes.tex:401: Undefined control sequence.
l.401 \node
           [circle,draw] (c) at (4,2) {};
The control sequence at the end of the top line
of your error message was never \def'ed. If you have
misspelled it (e.g., `\hobx'), type `I' and the correct
spelling (e.g., `I\hbox'). Otherwise just continue,
and I'll forget about whatever was undefined.

/Users/ashoksaravanan/Coding/ScribeLec/server/output/MA 421/lectures/2024-11-05
-NetFlows/notes.tex:402: Undefined control sequence.
l.402 \node
           [circle,draw] (d) at (3,1) {};
The control sequence at the end of the top line
of your error message was never \def'ed. If you have
misspelled it (e.g., `\hobx'), type `I' and the correct
spelling (e.g., `I\hbox'). Otherwise just continue,
and I'll forget about whatever was undefined.

/Users/ashoksaravanan/Coding/ScribeLec/server/output/MA 421/lectures/2024-11-05
-NetFlows/notes.tex:403: Undefined control sequence.
l.403 \node
           [circle,draw] (e) at (1,1) {};
The control sequence at the end of the top line
of your error message was never \def'ed. If you have
misspelled it (e.g., `\hobx'), type `I' and the correct
spelling (e.g., `I\hbox'). Otherwise just continue,
and I'll forget about whatever was undefined.

/Users/ashoksaravanan/Coding/ScribeLec/server/output/MA 421/lectures/2024-11-05
-NetFlows/notes.tex:404: Undefined control sequence.
l.404 \node
           [circle,draw] (f) at (0,-2) {};
The control sequence at the end of the top line
of your error message was never \def'ed. If you have
misspelled it (e.g., `\hobx'), type `I' and the correct
spelling (e.g., `I\hbox'). Otherwise just continue,
and I'll forget about whatever was undefined.

/Users/ashoksaravanan/Coding/ScribeLec/server/output/MA 421/lectures/2024-11-05
-NetFlows/notes.tex:405: Undefined control sequence.
l.405 \node
           [circle,draw] (g) at (4,-2) {};
The control sequence at the end of the top line
of your error message was never \def'ed. If you have
misspelled it (e.g., `\hobx'), type `I' and the correct
spelling (e.g., `I\hbox'). Otherwise just continue,
and I'll forget about whatever was undefined.

/Users/ashoksaravanan/Coding/ScribeLec/server/output/MA 421/lectures/2024-11-05
-NetFlows/notes.tex:406: Missing $ inserted.
<inserted text> 
                $
l.406 
      
I've inserted a begin-math/end-math symbol since I think
you left one out. Proceed, with fingers crossed.

/Users/ashoksaravanan/Coding/ScribeLec/server/output/MA 421/lectures/2024-11-05
-NetFlows/notes.tex:406: Missing \endgroup inserted.
<inserted text> 
                \endgroup 
l.406 
      
I've inserted something that you may have forgotten.
(See the <inserted text> above.)
With luck, this will get me unwedged. But if you
really didn't forget anything, try typing `2' now; then
my insertion and my current dilemma will both disappear.


Overfull \hbox (338.64137pt too wide) in paragraph at lines 384--406
\OT1/lmr/m/n/10 [\OML/lmm/m/it/10 scale \OT1/lmr/m/n/10 = 0\OML/lmm/m/it/10 :\O
T1/lmr/m/n/10 8][\OML/lmm/m/it/10 circle; draw\OT1/lmr/m/n/10 ](\OML/lmm/m/it/1
0 a\OT1/lmr/m/n/10 )\OML/lmm/m/it/10 at\OT1/lmr/m/n/10 (0\OML/lmm/m/it/10 ; \OT
1/lmr/m/n/10 2)[]; [\OML/lmm/m/it/10 circle; draw\OT1/lmr/m/n/10 ](\OML/lmm/m/i
t/10 b\OT1/lmr/m/n/10 )\OML/lmm/m/it/10 at\OT1/lmr/m/n/10 (2\OML/lmm/m/it/10 ; 
\OT1/lmr/m/n/10 0)[]; [\OML/lmm/m/it/10 circle; draw\OT1/lmr/m/n/10 ](\OML/lmm/
m/it/10 c\OT1/lmr/m/n/10 )\OML/lmm/m/it/10 at\OT1/lmr/m/n/10 (4\OML/lmm/m/it/10
 ; \OT1/lmr/m/n/10 2)[]; [\OML/lmm/m/it/10 circle; draw\OT1/lmr/m/n/10 ](\OML/l
mm/m/it/10 d\OT1/lmr/m/n/10 )\OML/lmm/m/it/10 at\OT1/lmr/m/n/10 (3\OML/lmm/m/it
/10 ; \OT1/lmr/m/n/10 1)[]; [\OML/lmm/m/it/10 circle; draw\OT1/lmr/m/n/10 ](\OM
L/lmm/m/it/10 e\OT1/lmr/m/n/10 )\OML/lmm/m/it/10 at\OT1/lmr/m/n/10 (1\OML/lmm/m
/it/10 ; \OT1/lmr/m/n/10 1)[]; [\OML/lmm/m/it/10 circle; draw\OT1/lmr/m/n/10 ](
\OML/lmm/m/it/10 f\OT1/lmr/m/n/10 )\OML/lmm/m/it/10 at\OT1/lmr/m/n/10 (0\OML/lm
m/m/it/10 ; \OMS/lmsy/m/n/10  \OT1/lmr/m/n/10 2)[]; [\OML/lmm/m/it/10 circle; d
raw\OT1/lmr/m/n/10 ](\OML/lmm/m/it/10 g\OT1/lmr/m/n/10 )\OML/lmm/m/it/10 at\OT1
/lmr/m/n/10 (4\OML/lmm/m/it/10 ; \OMS/lmsy/m/n/10  \OT1/lmr/m/n/10 2)[];$ 
 []

/Users/ashoksaravanan/Coding/ScribeLec/server/output/MA 421/lectures/2024-11-05
-NetFlows/notes.tex:407: Undefined control sequence.
l.407 \draw
           [->] (a) -- node[left] {56} (e);
The control sequence at the end of the top line
of your error message was never \def'ed. If you have
misspelled it (e.g., `\hobx'), type `I' and the correct
spelling (e.g., `I\hbox'). Otherwise just continue,
and I'll forget about whatever was undefined.

/Users/ashoksaravanan/Coding/ScribeLec/server/output/MA 421/lectures/2024-11-05
-NetFlows/notes.tex:408: Undefined control sequence.
l.408 \draw
           [->] (e) -- node[left] {108} (f);
The control sequence at the end of the top line
of your error message was never \def'ed. If you have
misspelled it (e.g., `\hobx'), type `I' and the correct
spelling (e.g., `I\hbox'). Otherwise just continue,
and I'll forget about whatever was undefined.

/Users/ashoksaravanan/Coding/ScribeLec/server/output/MA 421/lectures/2024-11-05
-NetFlows/notes.tex:409: Undefined control sequence.
l.409 \draw
           [->] (f) -- node[below] {48} (g);
The control sequence at the end of the top line
of your error message was never \def'ed. If you have
misspelled it (e.g., `\hobx'), type `I' and the correct
spelling (e.g., `I\hbox'). Otherwise just continue,
and I'll forget about whatever was undefined.

/Users/ashoksaravanan/Coding/ScribeLec/server/output/MA 421/lectures/2024-11-05
-NetFlows/notes.tex:410: Undefined control sequence.
l.410 \draw
           [->] (g) -- node[right] {33} (d);
The control sequence at the end of the top line
of your error message was never \def'ed. If you have
misspelled it (e.g., `\hobx'), type `I' and the correct
spelling (e.g., `I\hbox'). Otherwise just continue,
and I'll forget about whatever was undefined.

/Users/ashoksaravanan/Coding/ScribeLec/server/output/MA 421/lectures/2024-11-05
-NetFlows/notes.tex:411: Undefined control sequence.
l.411 \draw
           [->] (d) -- node[right] {19} (c);
The control sequence at the end of the top line
of your error message was never \def'ed. If you have
misspelled it (e.g., `\hobx'), type `I' and the correct
spelling (e.g., `I\hbox'). Otherwise just continue,
and I'll forget about whatever was undefined.

/Users/ashoksaravanan/Coding/ScribeLec/server/output/MA 421/lectures/2024-11-05
-NetFlows/notes.tex:412: Undefined control sequence.
l.412 \draw
           [->] (c) -- node[above] {15} (d);
The control sequence at the end of the top line
of your error message was never \def'ed. If you have
misspelled it (e.g., `\hobx'), type `I' and the correct
spelling (e.g., `I\hbox'). Otherwise just continue,
and I'll forget about whatever was undefined.

/Users/ashoksaravanan/Coding/ScribeLec/server/output/MA 421/lectures/2024-11-05
-NetFlows/notes.tex:413: Undefined control sequence.
l.413 \draw
           [->] (d) -- node[above] {38} (b);
The control sequence at the end of the top line
of your error message was never \def'ed. If you have
misspelled it (e.g., `\hobx'), type `I' and the correct
spelling (e.g., `I\hbox'). Otherwise just continue,
and I'll forget about whatever was undefined.

/Users/ashoksaravanan/Coding/ScribeLec/server/output/MA 421/lectures/2024-11-05
-NetFlows/notes.tex:414: Undefined control sequence.
l.414 \draw
           [->] (b) -- node[above] {7} (d);
The control sequence at the end of the top line
of your error message was never \def'ed. If you have
misspelled it (e.g., `\hobx'), type `I' and the correct
spelling (e.g., `I\hbox'). Otherwise just continue,
and I'll forget about whatever was undefined.

/Users/ashoksaravanan/Coding/ScribeLec/server/output/MA 421/lectures/2024-11-05
-NetFlows/notes.tex:415: Undefined control sequence.
l.415 \draw
           [->] (b) -- node[above] {28} (a);
The control sequence at the end of the top line
of your error message was never \def'ed. If you have
misspelled it (e.g., `\hobx'), type `I' and the correct
spelling (e.g., `I\hbox'). Otherwise just continue,
and I'll forget about whatever was undefined.

/Users/ashoksaravanan/Coding/ScribeLec/server/output/MA 421/lectures/2024-11-05
-NetFlows/notes.tex:416: Undefined control sequence.
l.416 \draw
           [->] (a) -- node[above] {10} (c);
The control sequence at the end of the top line
of your error message was never \def'ed. If you have
misspelled it (e.g., `\hobx'), type `I' and the correct
spelling (e.g., `I\hbox'). Otherwise just continue,
and I'll forget about whatever was undefined.

/Users/ashoksaravanan/Coding/ScribeLec/server/output/MA 421/lectures/2024-11-05
-NetFlows/notes.tex:417: Undefined control sequence.
l.417 \draw
           [->] (e) -- node[below] {48} (b);
The control sequence at the end of the top line
of your error message was never \def'ed. If you have
misspelled it (e.g., `\hobx'), type `I' and the correct
spelling (e.g., `I\hbox'). Otherwise just continue,
and I'll forget about whatever was undefined.

/Users/ashoksaravanan/Coding/ScribeLec/server/output/MA 421/lectures/2024-11-05
-NetFlows/notes.tex:418: Undefined control sequence.
l.418 \draw
           [->] (f) -- node[below] {24} (g);
The control sequence at the end of the top line
of your error message was never \def'ed. If you have
misspelled it (e.g., `\hobx'), type `I' and the correct
spelling (e.g., `I\hbox'). Otherwise just continue,
and I'll forget about whatever was undefined.


/Users/ashoksaravanan/Coding/ScribeLec/server/output/MA 421/lectures/2024-11-05
-NetFlows/notes.tex:419: LaTeX Error: \begin{document} ended by \end{tikzpictur
e}.

See the LaTeX manual or LaTeX Companion for explanation.
Type  H <return>  for immediate help.
 ...                                              
                                                  
l.419 \end{tikzpicture}
                       
Your command was ignored.
Type  I <command> <return>  to replace it with another command,
or  <return>  to continue without it.

/Users/ashoksaravanan/Coding/ScribeLec/server/output/MA 421/lectures/2024-11-05
-NetFlows/notes.tex:419: Extra \endgroup.
<recently read> \endgroup 
                          
l.419 \end{tikzpicture}
                       
Things are pretty mixed up, but I think the worst is over.

/Users/ashoksaravanan/Coding/ScribeLec/server/output/MA 421/lectures/2024-11-05
-NetFlows/notes.tex:420: Missing $ inserted.
<inserted text> 
                $
l.420 \quad c_
              {ij} \\
I've inserted a begin-math/end-math symbol since I think
you left one out. Proceed, with fingers crossed.

/Users/ashoksaravanan/Coding/ScribeLec/server/output/MA 421/lectures/2024-11-05
-NetFlows/notes.tex:425: Missing $ inserted.
<inserted text> 
                $
l.425 \subsection
                 {Description}%
I've inserted a begin-math/end-math symbol since I think
you left one out. Proceed, with fingers crossed.

</Users/ashoksaravanan/Coding/ScribeLec/server/output/MA 421/lectures/2024-11-0
5-NetFlows/figures/6.1.png, id=395, 321.2pt x 170.6375pt>
File: /Users/ashoksaravanan/Coding/ScribeLec/server/output/MA 421/lectures/2024
-11-05-NetFlows/figures/6.1.png Graphic file (type png)
<use /Users/ashoksaravanan/Coding/ScribeLec/server/output/MA 421/lectures/2024-
11-05-NetFlows/figures/6.1.png>
Package pdftex.def Info: /Users/ashoksaravanan/Coding/ScribeLec/server/output/M
A 421/lectures/2024-11-05-NetFlows/figures/6.1.png  used on input line 432.
(pdftex.def)             Requested size: 70.46037pt x 37.431pt.

Underfull \hbox (badness 4647) in paragraph at lines 433--433
\T1/lmr/m/n/8 and arcs la-beled
 []

</Users/ashoksaravanan/Coding/ScribeLec/server/output/MA 421/lectures/2024-11-0
5-NetFlows/figures/6.2.png, id=396, 220.825pt x 170.6375pt>
File: /Users/ashoksaravanan/Coding/ScribeLec/server/output/MA 421/lectures/2024
-11-05-NetFlows/figures/6.2.png Graphic file (type png)
<use /Users/ashoksaravanan/Coding/ScribeLec/server/output/MA 421/lectures/2024-
11-05-NetFlows/figures/6.2.png>
Package pdftex.def Info: /Users/ashoksaravanan/Coding/ScribeLec/server/output/M
A 421/lectures/2024-11-05-NetFlows/figures/6.2.png  used on input line 438.
(pdftex.def)             Requested size: 70.46037pt x 54.44627pt.

Underfull \hbox (badness 4647) in paragraph at lines 439--439
\T1/lmr/m/n/8 and arcs la-beled
 []

[7 </Users/ashoksaravanan/Coding/ScribeLec/server/output/MA 421/lectures/2024-1
1-05-NetFlows/figures/6.1.png (PNG copy)> </Users/ashoksaravanan/Coding/ScribeL
ec/server/output/MA 421/lectures/2024-11-05-NetFlows/figures/6.2.png (PNG copy)
>]
</Users/ashoksaravanan/Coding/ScribeLec/server/output/MA 421/lectures/2024-11-0
5-NetFlows/figures/7.1.png, id=405, 1003.75pt x 1003.75pt>
File: /Users/ashoksaravanan/Coding/ScribeLec/server/output/MA 421/lectures/2024
-11-05-NetFlows/figures/7.1.png Graphic file (type png)
<use /Users/ashoksaravanan/Coding/ScribeLec/server/output/MA 421/lectures/2024-
11-05-NetFlows/figures/7.1.png>
Package pdftex.def Info: /Users/ashoksaravanan/Coding/ScribeLec/server/output/M
A 421/lectures/2024-11-05-NetFlows/figures/7.1.png  used on input line 461.
(pdftex.def)             Requested size: 70.46037pt x 70.45346pt.
 [8 </Users/ashoksaravanan/Coding/ScribeLec/server/output/MA 421/lectures/2024-
11-05-NetFlows/figures/7.1.png (PNG copy)>]
</Users/ashoksaravanan/Coding/ScribeLec/server/output/MA 421/lectures/2024-11-0
5-NetFlows/figures/8.1.png, id=411, 1003.75pt x 1003.75pt>
File: /Users/ashoksaravanan/Coding/ScribeLec/server/output/MA 421/lectures/2024
-11-05-NetFlows/figures/8.1.png Graphic file (type png)
<use /Users/ashoksaravanan/Coding/ScribeLec/server/output/MA 421/lectures/2024-
11-05-NetFlows/figures/8.1.png>
Package pdftex.def Info: /Users/ashoksaravanan/Coding/ScribeLec/server/output/M
A 421/lectures/2024-11-05-NetFlows/figures/8.1.png  used on input line 486.
(pdftex.def)             Requested size: 70.46037pt x 70.45346pt.
 [9 </Users/ashoksaravanan/Coding/ScribeLec/server/output/MA 421/lectures/2024-
11-05-NetFlows/figures/8.1.png (PNG copy)>]
</Users/ashoksaravanan/Coding/ScribeLec/server/output/MA 421/lectures/2024-11-0
5-NetFlows/figures/9.1.png, id=417, 1003.75pt x 1003.75pt>
File: /Users/ashoksaravanan/Coding/ScribeLec/server/output/MA 421/lectures/2024
-11-05-NetFlows/figures/9.1.png Graphic file (type png)
<use /Users/ashoksaravanan/Coding/ScribeLec/server/output/MA 421/lectures/2024-
11-05-NetFlows/figures/9.1.png>
Package pdftex.def Info: /Users/ashoksaravanan/Coding/ScribeLec/server/output/M
A 421/lectures/2024-11-05-NetFlows/figures/9.1.png  used on input line 512.
(pdftex.def)             Requested size: 70.46037pt x 70.45346pt.
 [10 </Users/ashoksaravanan/Coding/ScribeLec/server/output/MA 421/lectures/2024
-11-05-NetFlows/figures/9.1.png (PNG copy)>]

/Users/ashoksaravanan/Coding/ScribeLec/server/output/MA 421/lectures/2024-11-05
-NetFlows/notes.tex:526: LaTeX Error: Environment tikzpicture undefined.

See the LaTeX manual or LaTeX Companion for explanation.
Type  H <return>  for immediate help.
 ...                                              
                                                  
l.526 \begin{tikzpicture}
                         [scale=0.7]
Your command was ignored.
Type  I <command> <return>  to replace it with another command,
or  <return>  to continue without it.

/Users/ashoksaravanan/Coding/ScribeLec/server/output/MA 421/lectures/2024-11-05
-NetFlows/notes.tex:527: Undefined control sequence.
l.527 \node
           [circle,draw,fill=blue!50] (1) at (0,0) {};
The control sequence at the end of the top line
of your error message was never \def'ed. If you have
misspelled it (e.g., `\hobx'), type `I' and the correct
spelling (e.g., `I\hbox'). Otherwise just continue,
and I'll forget about whatever was undefined.

/Users/ashoksaravanan/Coding/ScribeLec/server/output/MA 421/lectures/2024-11-05
-NetFlows/notes.tex:528: Undefined control sequence.
l.528 \node
           [circle,draw,fill=blue!50] (2) at (1,1) {};
The control sequence at the end of the top line
of your error message was never \def'ed. If you have
misspelled it (e.g., `\hobx'), type `I' and the correct
spelling (e.g., `I\hbox'). Otherwise just continue,
and I'll forget about whatever was undefined.

/Users/ashoksaravanan/Coding/ScribeLec/server/output/MA 421/lectures/2024-11-05
-NetFlows/notes.tex:529: Undefined control sequence.
l.529 \node
           [circle,draw,fill=blue!50] (3) at (2,0) {};
The control sequence at the end of the top line
of your error message was never \def'ed. If you have
misspelled it (e.g., `\hobx'), type `I' and the correct
spelling (e.g., `I\hbox'). Otherwise just continue,
and I'll forget about whatever was undefined.

/Users/ashoksaravanan/Coding/ScribeLec/server/output/MA 421/lectures/2024-11-05
-NetFlows/notes.tex:530: Undefined control sequence.
l.530 \node
           [circle,draw,fill=blue!50] (4) at (1,-1) {};
The control sequence at the end of the top line
of your error message was never \def'ed. If you have
misspelled it (e.g., `\hobx'), type `I' and the correct
spelling (e.g., `I\hbox'). Otherwise just continue,
and I'll forget about whatever was undefined.

/Users/ashoksaravanan/Coding/ScribeLec/server/output/MA 421/lectures/2024-11-05
-NetFlows/notes.tex:531: Undefined control sequence.
l.531 \node
           [circle,draw,fill=blue!50] (5) at (3,1) {};
The control sequence at the end of the top line
of your error message was never \def'ed. If you have
misspelled it (e.g., `\hobx'), type `I' and the correct
spelling (e.g., `I\hbox'). Otherwise just continue,
and I'll forget about whatever was undefined.

/Users/ashoksaravanan/Coding/ScribeLec/server/output/MA 421/lectures/2024-11-05
-NetFlows/notes.tex:532: Undefined control sequence.
l.532 \draw
            (1)--(2)--(3)--(4)--(1);
The control sequence at the end of the top line
of your error message was never \def'ed. If you have
misspelled it (e.g., `\hobx'), type `I' and the correct
spelling (e.g., `I\hbox'). Otherwise just continue,
and I'll forget about whatever was undefined.

/Users/ashoksaravanan/Coding/ScribeLec/server/output/MA 421/lectures/2024-11-05
-NetFlows/notes.tex:533: Undefined control sequence.
l.533 \draw
            (2)--(4);
The control sequence at the end of the top line
of your error message was never \def'ed. If you have
misspelled it (e.g., `\hobx'), type `I' and the correct
spelling (e.g., `I\hbox'). Otherwise just continue,
and I'll forget about whatever was undefined.


/Users/ashoksaravanan/Coding/ScribeLec/server/output/MA 421/lectures/2024-11-05
-NetFlows/notes.tex:534: LaTeX Error: \begin{minipage} on input line 524 ended 
by \end{tikzpicture}.

See the LaTeX manual or LaTeX Companion for explanation.
Type  H <return>  for immediate help.
 ...                                              
                                                  
l.534 \end{tikzpicture}
                       
Your command was ignored.
Type  I <command> <return>  to replace it with another command,
or  <return>  to continue without it.


/Users/ashoksaravanan/Coding/ScribeLec/server/output/MA 421/lectures/2024-11-05
-NetFlows/notes.tex:535: LaTeX Error: Environment tikzpicture undefined.

See the LaTeX manual or LaTeX Companion for explanation.
Type  H <return>  for immediate help.
 ...                                              
                                                  
l.535 \begin{tikzpicture}
                         [scale=0.7]
Your command was ignored.
Type  I <command> <return>  to replace it with another command,
or  <return>  to continue without it.

/Users/ashoksaravanan/Coding/ScribeLec/server/output/MA 421/lectures/2024-11-05
-NetFlows/notes.tex:536: Undefined control sequence.
l.536 \node
           [circle,draw,fill=blue!50] (1) at (0,0) {};
The control sequence at the end of the top line
of your error message was never \def'ed. If you have
misspelled it (e.g., `\hobx'), type `I' and the correct
spelling (e.g., `I\hbox'). Otherwise just continue,
and I'll forget about whatever was undefined.

/Users/ashoksaravanan/Coding/ScribeLec/server/output/MA 421/lectures/2024-11-05
-NetFlows/notes.tex:537: Undefined control sequence.
l.537 \node
           [circle,draw,fill=blue!50] (2) at (1,1) {};
The control sequence at the end of the top line
of your error message was never \def'ed. If you have
misspelled it (e.g., `\hobx'), type `I' and the correct
spelling (e.g., `I\hbox'). Otherwise just continue,
and I'll forget about whatever was undefined.

/Users/ashoksaravanan/Coding/ScribeLec/server/output/MA 421/lectures/2024-11-05
-NetFlows/notes.tex:538: Undefined control sequence.
l.538 \node
           [circle,draw,fill=blue!50] (3) at (2,0) {};
The control sequence at the end of the top line
of your error message was never \def'ed. If you have
misspelled it (e.g., `\hobx'), type `I' and the correct
spelling (e.g., `I\hbox'). Otherwise just continue,
and I'll forget about whatever was undefined.

/Users/ashoksaravanan/Coding/ScribeLec/server/output/MA 421/lectures/2024-11-05
-NetFlows/notes.tex:539: Undefined control sequence.
l.539 \node
           [circle,draw,fill=blue!50] (4) at (1,-1) {};
The control sequence at the end of the top line
of your error message was never \def'ed. If you have
misspelled it (e.g., `\hobx'), type `I' and the correct
spelling (e.g., `I\hbox'). Otherwise just continue,
and I'll forget about whatever was undefined.

/Users/ashoksaravanan/Coding/ScribeLec/server/output/MA 421/lectures/2024-11-05
-NetFlows/notes.tex:540: Undefined control sequence.
l.540 \node
           [circle,draw,fill=blue!50] (5) at (3,1) {};
The control sequence at the end of the top line
of your error message was never \def'ed. If you have
misspelled it (e.g., `\hobx'), type `I' and the correct
spelling (e.g., `I\hbox'). Otherwise just continue,
and I'll forget about whatever was undefined.

/Users/ashoksaravanan/Coding/ScribeLec/server/output/MA 421/lectures/2024-11-05
-NetFlows/notes.tex:541: Undefined control sequence.
l.541 \draw
            (1)--(2)--(3)--(4)--(1);
The control sequence at the end of the top line
of your error message was never \def'ed. If you have
misspelled it (e.g., `\hobx'), type `I' and the correct
spelling (e.g., `I\hbox'). Otherwise just continue,
and I'll forget about whatever was undefined.


/Users/ashoksaravanan/Coding/ScribeLec/server/output/MA 421/lectures/2024-11-05
-NetFlows/notes.tex:542: LaTeX Error: \begin{minipage} on input line 524 ended 
by \end{tikzpicture}.

See the LaTeX manual or LaTeX Companion for explanation.
Type  H <return>  for immediate help.
 ...                                              
                                                  
l.542 \end{tikzpicture}
                       
Your command was ignored.
Type  I <command> <return>  to replace it with another command,
or  <return>  to continue without it.


/Users/ashoksaravanan/Coding/ScribeLec/server/output/MA 421/lectures/2024-11-05
-NetFlows/notes.tex:543: LaTeX Error: Environment tikzpicture undefined.

See the LaTeX manual or LaTeX Companion for explanation.
Type  H <return>  for immediate help.
 ...                                              
                                                  
l.543 \begin{tikzpicture}
                         [scale=0.7]
Your command was ignored.
Type  I <command> <return>  to replace it with another command,
or  <return>  to continue without it.

/Users/ashoksaravanan/Coding/ScribeLec/server/output/MA 421/lectures/2024-11-05
-NetFlows/notes.tex:544: Undefined control sequence.
l.544 \node
           [circle,draw,fill=blue!50] (1) at (0,0) {};
The control sequence at the end of the top line
of your error message was never \def'ed. If you have
misspelled it (e.g., `\hobx'), type `I' and the correct
spelling (e.g., `I\hbox'). Otherwise just continue,
and I'll forget about whatever was undefined.

/Users/ashoksaravanan/Coding/ScribeLec/server/output/MA 421/lectures/2024-11-05
-NetFlows/notes.tex:545: Undefined control sequence.
l.545 \node
           [circle,draw,fill=blue!50] (2) at (1,1) {};
The control sequence at the end of the top line
of your error message was never \def'ed. If you have
misspelled it (e.g., `\hobx'), type `I' and the correct
spelling (e.g., `I\hbox'). Otherwise just continue,
and I'll forget about whatever was undefined.

/Users/ashoksaravanan/Coding/ScribeLec/server/output/MA 421/lectures/2024-11-05
-NetFlows/notes.tex:546: Undefined control sequence.
l.546 \node
           [circle,draw,fill=blue!50] (3) at (2,0) {};
The control sequence at the end of the top line
of your error message was never \def'ed. If you have
misspelled it (e.g., `\hobx'), type `I' and the correct
spelling (e.g., `I\hbox'). Otherwise just continue,
and I'll forget about whatever was undefined.

/Users/ashoksaravanan/Coding/ScribeLec/server/output/MA 421/lectures/2024-11-05
-NetFlows/notes.tex:547: Undefined control sequence.
l.547 \node
           [circle,draw,fill=blue!50] (4) at (1,-1) {};
The control sequence at the end of the top line
of your error message was never \def'ed. If you have
misspelled it (e.g., `\hobx'), type `I' and the correct
spelling (e.g., `I\hbox'). Otherwise just continue,
and I'll forget about whatever was undefined.

/Users/ashoksaravanan/Coding/ScribeLec/server/output/MA 421/lectures/2024-11-05
-NetFlows/notes.tex:548: Undefined control sequence.
l.548 \node
           [circle,draw,fill=blue!50] (5) at (3,1) {};
The control sequence at the end of the top line
of your error message was never \def'ed. If you have
misspelled it (e.g., `\hobx'), type `I' and the correct
spelling (e.g., `I\hbox'). Otherwise just continue,
and I'll forget about whatever was undefined.

/Users/ashoksaravanan/Coding/ScribeLec/server/output/MA 421/lectures/2024-11-05
-NetFlows/notes.tex:549: Undefined control sequence.
l.549 \draw
            (1)--(2)--(3)--(4)--(1);
The control sequence at the end of the top line
of your error message was never \def'ed. If you have
misspelled it (e.g., `\hobx'), type `I' and the correct
spelling (e.g., `I\hbox'). Otherwise just continue,
and I'll forget about whatever was undefined.


/Users/ashoksaravanan/Coding/ScribeLec/server/output/MA 421/lectures/2024-11-05
-NetFlows/notes.tex:550: LaTeX Error: \begin{minipage} on input line 524 ended 
by \end{tikzpicture}.

See the LaTeX manual or LaTeX Companion for explanation.
Type  H <return>  for immediate help.
 ...                                              
                                                  
l.550 \end{tikzpicture}
                       
Your command was ignored.
Type  I <command> <return>  to replace it with another command,
or  <return>  to continue without it.


/Users/ashoksaravanan/Coding/ScribeLec/server/output/MA 421/lectures/2024-11-05
-NetFlows/notes.tex:551: Package caption Error: \caption outside float.

See the caption package documentation for explanation.
Type  H <return>  for immediate help.
 ...                                              
                                                  
l.551 \caption
              {FIGURE 14.3. The network on the left is connected, whereas th...

If you do not understand this error, please take a closer look
at the documentation of the `caption' package, especially the
section about errors.
Try typing  <return>  to proceed.
If that doesn't work, type  X <return>  to quit.


/Users/ashoksaravanan/Coding/ScribeLec/server/output/MA 421/lectures/2024-11-05
-NetFlows/notes.tex:555: LaTeX Error: Environment tikzpicture undefined.

See the LaTeX manual or LaTeX Companion for explanation.
Type  H <return>  for immediate help.
 ...                                              
                                                  
l.555 \begin{tikzpicture}
                         [scale=0.7]
Your command was ignored.
Type  I <command> <return>  to replace it with another command,
or  <return>  to continue without it.

/Users/ashoksaravanan/Coding/ScribeLec/server/output/MA 421/lectures/2024-11-05
-NetFlows/notes.tex:556: Undefined control sequence.
l.556 \node
           [circle,draw,fill=blue!50] (1) at (0,0) {};
The control sequence at the end of the top line
of your error message was never \def'ed. If you have
misspelled it (e.g., `\hobx'), type `I' and the correct
spelling (e.g., `I\hbox'). Otherwise just continue,
and I'll forget about whatever was undefined.

/Users/ashoksaravanan/Coding/ScribeLec/server/output/MA 421/lectures/2024-11-05
-NetFlows/notes.tex:557: Undefined control sequence.
l.557 \node
           [circle,draw,fill=blue!50] (2) at (1,1) {};
The control sequence at the end of the top line
of your error message was never \def'ed. If you have
misspelled it (e.g., `\hobx'), type `I' and the correct
spelling (e.g., `I\hbox'). Otherwise just continue,
and I'll forget about whatever was undefined.

/Users/ashoksaravanan/Coding/ScribeLec/server/output/MA 421/lectures/2024-11-05
-NetFlows/notes.tex:558: Undefined control sequence.
l.558 \node
           [circle,draw,fill=blue!50] (3) at (2,0) {};
The control sequence at the end of the top line
of your error message was never \def'ed. If you have
misspelled it (e.g., `\hobx'), type `I' and the correct
spelling (e.g., `I\hbox'). Otherwise just continue,
and I'll forget about whatever was undefined.

/Users/ashoksaravanan/Coding/ScribeLec/server/output/MA 421/lectures/2024-11-05
-NetFlows/notes.tex:559: Undefined control sequence.
l.559 \node
           [circle,draw,fill=blue!50] (4) at (1,-1) {};
The control sequence at the end of the top line
of your error message was never \def'ed. If you have
misspelled it (e.g., `\hobx'), type `I' and the correct
spelling (e.g., `I\hbox'). Otherwise just continue,
and I'll forget about whatever was undefined.

/Users/ashoksaravanan/Coding/ScribeLec/server/output/MA 421/lectures/2024-11-05
-NetFlows/notes.tex:560: Undefined control sequence.
l.560 \node
           [circle,draw,fill=blue!50] (5) at (3,1) {};
The control sequence at the end of the top line
of your error message was never \def'ed. If you have
misspelled it (e.g., `\hobx'), type `I' and the correct
spelling (e.g., `I\hbox'). Otherwise just continue,
and I'll forget about whatever was undefined.

/Users/ashoksaravanan/Coding/ScribeLec/server/output/MA 421/lectures/2024-11-05
-NetFlows/notes.tex:561: Undefined control sequence.
l.561 \draw
            (1)--(2)--(3)--(4)--(1);
The control sequence at the end of the top line
of your error message was never \def'ed. If you have
misspelled it (e.g., `\hobx'), type `I' and the correct
spelling (e.g., `I\hbox'). Otherwise just continue,
and I'll forget about whatever was undefined.

/Users/ashoksaravanan/Coding/ScribeLec/server/output/MA 421/lectures/2024-11-05
-NetFlows/notes.tex:562: Undefined control sequence.
l.562 \draw
            (2)--(4);
The control sequence at the end of the top line
of your error message was never \def'ed. If you have
misspelled it (e.g., `\hobx'), type `I' and the correct
spelling (e.g., `I\hbox'). Otherwise just continue,
and I'll forget about whatever was undefined.

/Users/ashoksaravanan/Coding/ScribeLec/server/output/MA 421/lectures/2024-11-05
-NetFlows/notes.tex:563: Undefined control sequence.
l.563 \draw
            (3)--(5);
The control sequence at the end of the top line
of your error message was never \def'ed. If you have
misspelled it (e.g., `\hobx'), type `I' and the correct
spelling (e.g., `I\hbox'). Otherwise just continue,
and I'll forget about whatever was undefined.


/Users/ashoksaravanan/Coding/ScribeLec/server/output/MA 421/lectures/2024-11-05
-NetFlows/notes.tex:564: LaTeX Error: \begin{minipage} on input line 553 ended 
by \end{tikzpicture}.

See the LaTeX manual or LaTeX Companion for explanation.
Type  H <return>  for immediate help.
 ...                                              
                                                  
l.564 \end{tikzpicture}
                       
Your command was ignored.
Type  I <command> <return>  to replace it with another command,
or  <return>  to continue without it.


/Users/ashoksaravanan/Coding/ScribeLec/server/output/MA 421/lectures/2024-11-05
-NetFlows/notes.tex:565: LaTeX Error: Environment tikzpicture undefined.

See the LaTeX manual or LaTeX Companion for explanation.
Type  H <return>  for immediate help.
 ...                                              
                                                  
l.565 \begin{tikzpicture}
                         [scale=0.7]
Your command was ignored.
Type  I <command> <return>  to replace it with another command,
or  <return>  to continue without it.

/Users/ashoksaravanan/Coding/ScribeLec/server/output/MA 421/lectures/2024-11-05
-NetFlows/notes.tex:566: Undefined control sequence.
l.566 \node
           [circle,draw,fill=blue!50] (1) at (0,0) {};
The control sequence at the end of the top line
of your error message was never \def'ed. If you have
misspelled it (e.g., `\hobx'), type `I' and the correct
spelling (e.g., `I\hbox'). Otherwise just continue,
and I'll forget about whatever was undefined.

/Users/ashoksaravanan/Coding/ScribeLec/server/output/MA 421/lectures/2024-11-05
-NetFlows/notes.tex:567: Undefined control sequence.
l.567 \node
           [circle,draw,fill=blue!50] (2) at (1,1) {};
The control sequence at the end of the top line
of your error message was never \def'ed. If you have
misspelled it (e.g., `\hobx'), type `I' and the correct
spelling (e.g., `I\hbox'). Otherwise just continue,
and I'll forget about whatever was undefined.

/Users/ashoksaravanan/Coding/ScribeLec/server/output/MA 421/lectures/2024-11-05
-NetFlows/notes.tex:568: Undefined control sequence.
l.568 \node
           [circle,draw,fill=blue!50] (3) at (2,0) {};
The control sequence at the end of the top line
of your error message was never \def'ed. If you have
misspelled it (e.g., `\hobx'), type `I' and the correct
spelling (e.g., `I\hbox'). Otherwise just continue,
and I'll forget about whatever was undefined.

/Users/ashoksaravanan/Coding/ScribeLec/server/output/MA 421/lectures/2024-11-05
-NetFlows/notes.tex:569: Undefined control sequence.
l.569 \node
           [circle,draw,fill=blue!50] (4) at (1,-1) {};
The control sequence at the end of the top line
of your error message was never \def'ed. If you have
misspelled it (e.g., `\hobx'), type `I' and the correct
spelling (e.g., `I\hbox'). Otherwise just continue,
and I'll forget about whatever was undefined.

/Users/ashoksaravanan/Coding/ScribeLec/server/output/MA 421/lectures/2024-11-05
-NetFlows/notes.tex:570: Undefined control sequence.
l.570 \node
           [circle,draw,fill=blue!50] (5) at (3,1) {};
The control sequence at the end of the top line
of your error message was never \def'ed. If you have
misspelled it (e.g., `\hobx'), type `I' and the correct
spelling (e.g., `I\hbox'). Otherwise just continue,
and I'll forget about whatever was undefined.

/Users/ashoksaravanan/Coding/ScribeLec/server/output/MA 421/lectures/2024-11-05
-NetFlows/notes.tex:571: Undefined control sequence.
l.571 \draw
            (1)--(2)--(3)--(4)--(1);
The control sequence at the end of the top line
of your error message was never \def'ed. If you have
misspelled it (e.g., `\hobx'), type `I' and the correct
spelling (e.g., `I\hbox'). Otherwise just continue,
and I'll forget about whatever was undefined.


/Users/ashoksaravanan/Coding/ScribeLec/server/output/MA 421/lectures/2024-11-05
-NetFlows/notes.tex:572: LaTeX Error: \begin{minipage} on input line 553 ended 
by \end{tikzpicture}.

See the LaTeX manual or LaTeX Companion for explanation.
Type  H <return>  for immediate help.
 ...                                              
                                                  
l.572 \end{tikzpicture}
                       
Your command was ignored.
Type  I <command> <return>  to replace it with another command,
or  <return>  to continue without it.


/Users/ashoksaravanan/Coding/ScribeLec/server/output/MA 421/lectures/2024-11-05
-NetFlows/notes.tex:573: Package caption Error: \caption outside float.

See the caption package documentation for explanation.
Type  H <return>  for immediate help.
 ...                                              
                                                  
l.573 \caption
              {FIGURE 14.4. The network on the left contains a cycle, wherea...

If you do not understand this error, please take a closer look
at the documentation of the `caption' package, especially the
section about errors.
Try typing  <return>  to proceed.
If that doesn't work, type  X <return>  to quit.

LaTeX Font Info:    Trying to load font information for TS1+lmr on input line 5
76.
(/usr/local/texlive/2024/texmf-dist/tex/latex/lm/ts1lmr.fd
File: ts1lmr.fd 2015/05/01 v1.6.1 Font defs for Latin Modern
)
Underfull \hbox (badness 10000) in paragraph at lines 523--576

 []

</Users/ashoksaravanan/Coding/ScribeLec/server/output/MA 421/lectures/2024-11-0
5-NetFlows/figures/10.1.png, id=423, 516.93124pt x 200.75pt>
File: /Users/ashoksaravanan/Coding/ScribeLec/server/output/MA 421/lectures/2024
-11-05-NetFlows/figures/10.1.png Graphic file (type png)
<use /Users/ashoksaravanan/Coding/ScribeLec/server/output/MA 421/lectures/2024-
11-05-NetFlows/figures/10.1.png>
Package pdftex.def Info: /Users/ashoksaravanan/Coding/ScribeLec/server/output/M
A 421/lectures/2024-11-05-NetFlows/figures/10.1.png  used on input line 597.
(pdftex.def)             Requested size: 70.46037pt x 27.36044pt.
</Users/ashoksaravanan/Coding/ScribeLec/server/output/MA 421/lectures/2024-11-0
5-NetFlows/figures/10.2.png, id=424, 331.2375pt x 200.75pt>
File: /Users/ashoksaravanan/Coding/ScribeLec/server/output/MA 421/lectures/2024
-11-05-NetFlows/figures/10.2.png Graphic file (type png)
<use /Users/ashoksaravanan/Coding/ScribeLec/server/output/MA 421/lectures/2024-
11-05-NetFlows/figures/10.2.png>
Package pdftex.def Info: /Users/ashoksaravanan/Coding/ScribeLec/server/output/M
A 421/lectures/2024-11-05-NetFlows/figures/10.2.png  used on input line 603.
(pdftex.def)             Requested size: 70.46037pt x 42.70091pt.
</Users/ashoksaravanan/Coding/ScribeLec/server/output/MA 421/lectures/2024-11-0
5-NetFlows/figures/10.3.png, id=425, 516.93124pt x 220.825pt>
File: /Users/ashoksaravanan/Coding/ScribeLec/server/output/MA 421/lectures/2024
-11-05-NetFlows/figures/10.3.png Graphic file (type png)
<use /Users/ashoksaravanan/Coding/ScribeLec/server/output/MA 421/lectures/2024-
11-05-NetFlows/figures/10.3.png>
Package pdftex.def Info: /Users/ashoksaravanan/Coding/ScribeLec/server/output/M
A 421/lectures/2024-11-05-NetFlows/figures/10.3.png  used on input line 609.
(pdftex.def)             Requested size: 70.46037pt x 30.09648pt.
</Users/ashoksaravanan/Coding/ScribeLec/server/output/MA 421/lectures/2024-11-0
5-NetFlows/figures/10.4.png, id=426, 331.2375pt x 220.825pt>
File: /Users/ashoksaravanan/Coding/ScribeLec/server/output/MA 421/lectures/2024
-11-05-NetFlows/figures/10.4.png Graphic file (type png)
<use /Users/ashoksaravanan/Coding/ScribeLec/server/output/MA 421/lectures/2024-
11-05-NetFlows/figures/10.4.png>
Package pdftex.def Info: /Users/ashoksaravanan/Coding/ScribeLec/server/output/M
A 421/lectures/2024-11-05-NetFlows/figures/10.4.png  used on input line 615.
(pdftex.def)             Requested size: 70.46037pt x 46.97101pt.
[11{/usr/local/texlive/2024/texmf-dist/fonts/enc/dvips/lm/lm-ts1.enc}] [12 </Us
ers/ashoksaravanan/Coding/ScribeLec/server/output/MA 421/lectures/2024-11-05-Ne
tFlows/figures/10.1.png (PNG copy)> </Users/ashoksaravanan/Coding/ScribeLec/ser
ver/output/MA 421/lectures/2024-11-05-NetFlows/figures/10.2.png (PNG copy)> </U
sers/ashoksaravanan/Coding/ScribeLec/server/output/MA 421/lectures/2024-11-05-N
etFlows/figures/10.3.png (PNG copy)> </Users/ashoksaravanan/Coding/ScribeLec/se
rver/output/MA 421/lectures/2024-11-05-NetFlows/figures/10.4.png (PNG copy)>]
</Users/ashoksaravanan/Coding/ScribeLec/server/output/MA 421/lectures/2024-11-0
5-NetFlows/figures/11.1.png, id=437, 331.2375pt x 331.2375pt>
File: /Users/ashoksaravanan/Coding/ScribeLec/server/output/MA 421/lectures/2024
-11-05-NetFlows/figures/11.1.png Graphic file (type png)
<use /Users/ashoksaravanan/Coding/ScribeLec/server/output/MA 421/lectures/2024-
11-05-NetFlows/figures/11.1.png>
Package pdftex.def Info: /Users/ashoksaravanan/Coding/ScribeLec/server/output/M
A 421/lectures/2024-11-05-NetFlows/figures/11.1.png  used on input line 644.
(pdftex.def)             Requested size: 70.46037pt x 70.45653pt.

[13 </Users/ashoksaravanan/Coding/ScribeLec/server/output/MA 421/lectures/2024-
11-05-NetFlows/figures/11.1.png (PNG copy)>]
</Users/ashoksaravanan/Coding/ScribeLec/server/output/MA 421/lectures/2024-11-0
5-NetFlows/figures/12.1.png, id=444, 321.2pt x 321.2pt>
File: /Users/ashoksaravanan/Coding/ScribeLec/server/output/MA 421/lectures/2024
-11-05-NetFlows/figures/12.1.png Graphic file (type png)
<use /Users/ashoksaravanan/Coding/ScribeLec/server/output/MA 421/lectures/2024-
11-05-NetFlows/figures/12.1.png>
Package pdftex.def Info: /Users/ashoksaravanan/Coding/ScribeLec/server/output/M
A 421/lectures/2024-11-05-NetFlows/figures/12.1.png  used on input line 674.
(pdftex.def)             Requested size: 70.46037pt x 70.45836pt.
 [14 </Users/ashoksaravanan/Coding/ScribeLec/server/output/MA 421/lectures/2024
-11-05-NetFlows/figures/12.1.png (PNG copy)>]

/Users/ashoksaravanan/Coding/ScribeLec/server/output/MA 421/lectures/2024-11-05
-NetFlows/notes.tex:686: LaTeX Error: Environment tikzpicture undefined.

See the LaTeX manual or LaTeX Companion for explanation.
Type  H <return>  for immediate help.
 ...                                              
                                                  
l.686 \begin{tikzpicture}
                         [scale=0.8]
Your command was ignored.
Type  I <command> <return>  to replace it with another command,
or  <return>  to continue without it.

/Users/ashoksaravanan/Coding/ScribeLec/server/output/MA 421/lectures/2024-11-05
-NetFlows/notes.tex:687: Undefined control sequence.
l.687 \node
           [circle,draw] (a) at (0,2) {a};
The control sequence at the end of the top line
of your error message was never \def'ed. If you have
misspelled it (e.g., `\hobx'), type `I' and the correct
spelling (e.g., `I\hbox'). Otherwise just continue,
and I'll forget about whatever was undefined.

/Users/ashoksaravanan/Coding/ScribeLec/server/output/MA 421/lectures/2024-11-05
-NetFlows/notes.tex:688: Undefined control sequence.
l.688 \node
           [circle,draw] (b) at (3,0) {b};
The control sequence at the end of the top line
of your error message was never \def'ed. If you have
misspelled it (e.g., `\hobx'), type `I' and the correct
spelling (e.g., `I\hbox'). Otherwise just continue,
and I'll forget about whatever was undefined.

/Users/ashoksaravanan/Coding/ScribeLec/server/output/MA 421/lectures/2024-11-05
-NetFlows/notes.tex:689: Undefined control sequence.
l.689 \node
           [circle,draw] (c) at (0,-1) {c};
The control sequence at the end of the top line
of your error message was never \def'ed. If you have
misspelled it (e.g., `\hobx'), type `I' and the correct
spelling (e.g., `I\hbox'). Otherwise just continue,
and I'll forget about whatever was undefined.

/Users/ashoksaravanan/Coding/ScribeLec/server/output/MA 421/lectures/2024-11-05
-NetFlows/notes.tex:690: Undefined control sequence.
l.690 \node
           [circle,draw] (d) at (2,1) {d};
The control sequence at the end of the top line
of your error message was never \def'ed. If you have
misspelled it (e.g., `\hobx'), type `I' and the correct
spelling (e.g., `I\hbox'). Otherwise just continue,
and I'll forget about whatever was undefined.

/Users/ashoksaravanan/Coding/ScribeLec/server/output/MA 421/lectures/2024-11-05
-NetFlows/notes.tex:691: Undefined control sequence.
l.691 \node
           [circle,draw] (e) at (4,2) {e};
The control sequence at the end of the top line
of your error message was never \def'ed. If you have
misspelled it (e.g., `\hobx'), type `I' and the correct
spelling (e.g., `I\hbox'). Otherwise just continue,
and I'll forget about whatever was undefined.

/Users/ashoksaravanan/Coding/ScribeLec/server/output/MA 421/lectures/2024-11-05
-NetFlows/notes.tex:692: Undefined control sequence.
l.692 \node
           [circle,draw] (f) at (0,-3) {f};
The control sequence at the end of the top line
of your error message was never \def'ed. If you have
misspelled it (e.g., `\hobx'), type `I' and the correct
spelling (e.g., `I\hbox'). Otherwise just continue,
and I'll forget about whatever was undefined.

/Users/ashoksaravanan/Coding/ScribeLec/server/output/MA 421/lectures/2024-11-05
-NetFlows/notes.tex:693: Undefined control sequence.
l.693 \node
           [circle,draw] (g) at (4,-2) {g};
The control sequence at the end of the top line
of your error message was never \def'ed. If you have
misspelled it (e.g., `\hobx'), type `I' and the correct
spelling (e.g., `I\hbox'). Otherwise just continue,
and I'll forget about whatever was undefined.

/Users/ashoksaravanan/Coding/ScribeLec/server/output/MA 421/lectures/2024-11-05
-NetFlows/notes.tex:695: Undefined control sequence.
l.695 \draw
           [->, very thick, red] (a) -- node[above] {32} (e);
The control sequence at the end of the top line
of your error message was never \def'ed. If you have
misspelled it (e.g., `\hobx'), type `I' and the correct
spelling (e.g., `I\hbox'). Otherwise just continue,
and I'll forget about whatever was undefined.

/Users/ashoksaravanan/Coding/ScribeLec/server/output/MA 421/lectures/2024-11-05
-NetFlows/notes.tex:696: Undefined control sequence.
l.696 \draw
           [->, very thick, red] (a) -- node[left] {41} (f);
The control sequence at the end of the top line
of your error message was never \def'ed. If you have
misspelled it (e.g., `\hobx'), type `I' and the correct
spelling (e.g., `I\hbox'). Otherwise just continue,
and I'll forget about whatever was undefined.

/Users/ashoksaravanan/Coding/ScribeLec/server/output/MA 421/lectures/2024-11-05
-NetFlows/notes.tex:697: Undefined control sequence.
l.697 \draw
           [->, very thick, red] (f) -- node[below] {3} (b);
The control sequence at the end of the top line
of your error message was never \def'ed. If you have
misspelled it (e.g., `\hobx'), type `I' and the correct
spelling (e.g., `I\hbox'). Otherwise just continue,
and I'll forget about whatever was undefined.

/Users/ashoksaravanan/Coding/ScribeLec/server/output/MA 421/lectures/2024-11-05
-NetFlows/notes.tex:698: Undefined control sequence.
l.698 \draw
           [->, very thick, red] (f) -- node[below] {9} (g);
The control sequence at the end of the top line
of your error message was never \def'ed. If you have
misspelled it (e.g., `\hobx'), type `I' and the correct
spelling (e.g., `I\hbox'). Otherwise just continue,
and I'll forget about whatever was undefined.

/Users/ashoksaravanan/Coding/ScribeLec/server/output/MA 421/lectures/2024-11-05
-NetFlows/notes.tex:699: Undefined control sequence.
l.699 \draw
           [->, very thick, red] (g) -- node[right] {2} (e);
The control sequence at the end of the top line
of your error message was never \def'ed. If you have
misspelled it (e.g., `\hobx'), type `I' and the correct
spelling (e.g., `I\hbox'). Otherwise just continue,
and I'll forget about whatever was undefined.

/Users/ashoksaravanan/Coding/ScribeLec/server/output/MA 421/lectures/2024-11-05
-NetFlows/notes.tex:700: Undefined control sequence.
l.700 \draw
           [->, very thick, red] (b) -- node[right] {3} (g);
The control sequence at the end of the top line
of your error message was never \def'ed. If you have
misspelled it (e.g., `\hobx'), type `I' and the correct
spelling (e.g., `I\hbox'). Otherwise just continue,
and I'll forget about whatever was undefined.

/Users/ashoksaravanan/Coding/ScribeLec/server/output/MA 421/lectures/2024-11-05
-NetFlows/notes.tex:701: Undefined control sequence.
l.701 \draw
           [->, very thick, red] (a) -- node[above] {6} (d);
The control sequence at the end of the top line
of your error message was never \def'ed. If you have
misspelled it (e.g., `\hobx'), type `I' and the correct
spelling (e.g., `I\hbox'). Otherwise just continue,
and I'll forget about whatever was undefined.

/Users/ashoksaravanan/Coding/ScribeLec/server/output/MA 421/lectures/2024-11-05
-NetFlows/notes.tex:702: Undefined control sequence.
l.702 \draw
           [->, very thick, red] (d) -- node[right] {21} (e);
The control sequence at the end of the top line
of your error message was never \def'ed. If you have
misspelled it (e.g., `\hobx'), type `I' and the correct
spelling (e.g., `I\hbox'). Otherwise just continue,
and I'll forget about whatever was undefined.

/Users/ashoksaravanan/Coding/ScribeLec/server/output/MA 421/lectures/2024-11-05
-NetFlows/notes.tex:703: Undefined control sequence.
l.703 \draw
           [->, very thick, red] (d) -- node[right] {74} (b);
The control sequence at the end of the top line
of your error message was never \def'ed. If you have
misspelled it (e.g., `\hobx'), type `I' and the correct
spelling (e.g., `I\hbox'). Otherwise just continue,
and I'll forget about whatever was undefined.

/Users/ashoksaravanan/Coding/ScribeLec/server/output/MA 421/lectures/2024-11-05
-NetFlows/notes.tex:704: Undefined control sequence.
l.704 \draw
           [->, very thick, red] (c) -- node[above] {6} (b);
The control sequence at the end of the top line
of your error message was never \def'ed. If you have
misspelled it (e.g., `\hobx'), type `I' and the correct
spelling (e.g., `I\hbox'). Otherwise just continue,
and I'll forget about whatever was undefined.

/Users/ashoksaravanan/Coding/ScribeLec/server/output/MA 421/lectures/2024-11-05
-NetFlows/notes.tex:705: Undefined control sequence.
l.705 \draw
           [->, very thick, red] (c) -- node[left] {6} (a);
The control sequence at the end of the top line
of your error message was never \def'ed. If you have
misspelled it (e.g., `\hobx'), type `I' and the correct
spelling (e.g., `I\hbox'). Otherwise just continue,
and I'll forget about whatever was undefined.

/Users/ashoksaravanan/Coding/ScribeLec/server/output/MA 421/lectures/2024-11-05
-NetFlows/notes.tex:706: Undefined control sequence.
l.706 \draw
           [->, very thick, red] (f) -- node[left] {6} (a);
The control sequence at the end of the top line
of your error message was never \def'ed. If you have
misspelled it (e.g., `\hobx'), type `I' and the correct
spelling (e.g., `I\hbox'). Otherwise just continue,
and I'll forget about whatever was undefined.

/Users/ashoksaravanan/Coding/ScribeLec/server/output/MA 421/lectures/2024-11-05
-NetFlows/notes.tex:707: Undefined control sequence.
l.707 \draw
           [->] (c) -- node[above] {1} (d);
The control sequence at the end of the top line
of your error message was never \def'ed. If you have
misspelled it (e.g., `\hobx'), type `I' and the correct
spelling (e.g., `I\hbox'). Otherwise just continue,
and I'll forget about whatever was undefined.

/Users/ashoksaravanan/Coding/ScribeLec/server/output/MA 421/lectures/2024-11-05
-NetFlows/notes.tex:708: Undefined control sequence.
l.708 \draw
           [->] (c) -- node[left] {-9} (a);
The control sequence at the end of the top line
of your error message was never \def'ed. If you have
misspelled it (e.g., `\hobx'), type `I' and the correct
spelling (e.g., `I\hbox'). Otherwise just continue,
and I'll forget about whatever was undefined.

/Users/ashoksaravanan/Coding/ScribeLec/server/output/MA 421/lectures/2024-11-05
-NetFlows/notes.tex:709: Undefined control sequence.
l.709 \draw
           [->] (f) -- node[below] {-5} (c);
The control sequence at the end of the top line
of your error message was never \def'ed. If you have
misspelled it (e.g., `\hobx'), type `I' and the correct
spelling (e.g., `I\hbox'). Otherwise just continue,
and I'll forget about whatever was undefined.

/Users/ashoksaravanan/Coding/ScribeLec/server/output/MA 421/lectures/2024-11-05
-NetFlows/notes.tex:710: Undefined control sequence.
l.710 \draw
           [->] (f) -- node[below] {9} (g);
The control sequence at the end of the top line
of your error message was never \def'ed. If you have
misspelled it (e.g., `\hobx'), type `I' and the correct
spelling (e.g., `I\hbox'). Otherwise just continue,
and I'll forget about whatever was undefined.

/Users/ashoksaravanan/Coding/ScribeLec/server/output/MA 421/lectures/2024-11-05
-NetFlows/notes.tex:712: Undefined control sequence.
l.712 \node
           [circle,draw,orange] at (0,-3) {4};
The control sequence at the end of the top line
of your error message was never \def'ed. If you have
misspelled it (e.g., `\hobx'), type `I' and the correct
spelling (e.g., `I\hbox'). Otherwise just continue,
and I'll forget about whatever was undefined.

/Users/ashoksaravanan/Coding/ScribeLec/server/output/MA 421/lectures/2024-11-05
-NetFlows/notes.tex:713: Undefined control sequence.
l.713 \node
           [circle,draw,orange] at (0,-1) {6};
The control sequence at the end of the top line
of your error message was never \def'ed. If you have
misspelled it (e.g., `\hobx'), type `I' and the correct
spelling (e.g., `I\hbox'). Otherwise just continue,
and I'll forget about whatever was undefined.

/Users/ashoksaravanan/Coding/ScribeLec/server/output/MA 421/lectures/2024-11-05
-NetFlows/notes.tex:714: Undefined control sequence.
l.714 \node
           [circle,draw,orange] at (2,1) {6};
The control sequence at the end of the top line
of your error message was never \def'ed. If you have
misspelled it (e.g., `\hobx'), type `I' and the correct
spelling (e.g., `I\hbox'). Otherwise just continue,
and I'll forget about whatever was undefined.

/Users/ashoksaravanan/Coding/ScribeLec/server/output/MA 421/lectures/2024-11-05
-NetFlows/notes.tex:715: Undefined control sequence.
l.715 \node
           [circle,draw,orange] at (4,2) {2};
The control sequence at the end of the top line
of your error message was never \def'ed. If you have
misspelled it (e.g., `\hobx'), type `I' and the correct
spelling (e.g., `I\hbox'). Otherwise just continue,
and I'll forget about whatever was undefined.

/Users/ashoksaravanan/Coding/ScribeLec/server/output/MA 421/lectures/2024-11-05
-NetFlows/notes.tex:716: Undefined control sequence.
l.716 \node
           [circle,draw,orange] at (4,-2) {5};
The control sequence at the end of the top line
of your error message was never \def'ed. If you have
misspelled it (e.g., `\hobx'), type `I' and the correct
spelling (e.g., `I\hbox'). Otherwise just continue,
and I'll forget about whatever was undefined.

/Users/ashoksaravanan/Coding/ScribeLec/server/output/MA 421/lectures/2024-11-05
-NetFlows/notes.tex:718: Undefined control sequence.
l.718 \node
           [blue] at (0,-3.5) {-15};
The control sequence at the end of the top line
of your error message was never \def'ed. If you have
misspelled it (e.g., `\hobx'), type `I' and the correct
spelling (e.g., `I\hbox'). Otherwise just continue,
and I'll forget about whatever was undefined.

/Users/ashoksaravanan/Coding/ScribeLec/server/output/MA 421/lectures/2024-11-05
-NetFlows/notes.tex:719: Undefined control sequence.
l.719 \node
           [blue] at (0,1.5) {41};
The control sequence at the end of the top line
of your error message was never \def'ed. If you have
misspelled it (e.g., `\hobx'), type `I' and the correct
spelling (e.g., `I\hbox'). Otherwise just continue,
and I'll forget about whatever was undefined.

/Users/ashoksaravanan/Coding/ScribeLec/server/output/MA 421/lectures/2024-11-05
-NetFlows/notes.tex:720: Undefined control sequence.
l.720 \node
           [blue] at (3, -0.5) {33};
The control sequence at the end of the top line
of your error message was never \def'ed. If you have
misspelled it (e.g., `\hobx'), type `I' and the correct
spelling (e.g., `I\hbox'). Otherwise just continue,
and I'll forget about whatever was undefined.

/Users/ashoksaravanan/Coding/ScribeLec/server/output/MA 421/lectures/2024-11-05
-NetFlows/notes.tex:721: Undefined control sequence.
l.721 \node
           [blue] at (2, 0.5) {69};
The control sequence at the end of the top line
of your error message was never \def'ed. If you have
misspelled it (e.g., `\hobx'), type `I' and the correct
spelling (e.g., `I\hbox'). Otherwise just continue,
and I'll forget about whatever was undefined.

/Users/ashoksaravanan/Coding/ScribeLec/server/output/MA 421/lectures/2024-11-05
-NetFlows/notes.tex:722: Undefined control sequence.
l.722 \node
           [blue] at (0, -1.5) {98};
The control sequence at the end of the top line
of your error message was never \def'ed. If you have
misspelled it (e.g., `\hobx'), type `I' and the correct
spelling (e.g., `I\hbox'). Otherwise just continue,
and I'll forget about whatever was undefined.

/Users/ashoksaravanan/Coding/ScribeLec/server/output/MA 421/lectures/2024-11-05
-NetFlows/notes.tex:723: Undefined control sequence.
l.723 \node
           [blue] at (4, 1.5) {19};
The control sequence at the end of the top line
of your error message was never \def'ed. If you have
misspelled it (e.g., `\hobx'), type `I' and the correct
spelling (e.g., `I\hbox'). Otherwise just continue,
and I'll forget about whatever was undefined.

/Users/ashoksaravanan/Coding/ScribeLec/server/output/MA 421/lectures/2024-11-05
-NetFlows/notes.tex:724: Undefined control sequence.
l.724 \node
           [blue] at (4, -2.5) {0};
The control sequence at the end of the top line
of your error message was never \def'ed. If you have
misspelled it (e.g., `\hobx'), type `I' and the correct
spelling (e.g., `I\hbox'). Otherwise just continue,
and I'll forget about whatever was undefined.


/Users/ashoksaravanan/Coding/ScribeLec/server/output/MA 421/lectures/2024-11-05
-NetFlows/notes.tex:725: LaTeX Error: \begin{document} ended by \end{tikzpictur
e}.

See the LaTeX manual or LaTeX Companion for explanation.
Type  H <return>  for immediate help.
 ...                                              
                                                  
l.725 \end{tikzpicture}
                       
Your command was ignored.
Type  I <command> <return>  to replace it with another command,
or  <return>  to continue without it.

</Users/ashoksaravanan/Coding/ScribeLec/server/output/MA 421/lectures/2024-11-0
5-NetFlows/figures/13.1.png, id=450, 722.7pt x 652.4375pt>
File: /Users/ashoksaravanan/Coding/ScribeLec/server/output/MA 421/lectures/2024
-11-05-NetFlows/figures/13.1.png Graphic file (type png)
<use /Users/ashoksaravanan/Coding/ScribeLec/server/output/MA 421/lectures/2024-
11-05-NetFlows/figures/13.1.png>
Package pdftex.def Info: /Users/ashoksaravanan/Coding/ScribeLec/server/output/M
A 421/lectures/2024-11-05-NetFlows/figures/13.1.png  used on input line 734.
(pdftex.def)             Requested size: 70.46037pt x 63.60492pt.
[15 </Users/ashoksaravanan/Coding/ScribeLec/server/output/MA 421/lectures/2024-
11-05-NetFlows/figures/13.1.png (PNG copy)>]
</Users/ashoksaravanan/Coding/ScribeLec/server/output/MA 421/lectures/2024-11-0
5-NetFlows/figures/14.1.png, id=456, 521.95pt x 873.2625pt>
File: /Users/ashoksaravanan/Coding/ScribeLec/server/output/MA 421/lectures/2024
-11-05-NetFlows/figures/14.1.png Graphic file (type png)
<use /Users/ashoksaravanan/Coding/ScribeLec/server/output/MA 421/lectures/2024-
11-05-NetFlows/figures/14.1.png>
Package pdftex.def Info: /Users/ashoksaravanan/Coding/ScribeLec/server/output/M
A 421/lectures/2024-11-05-NetFlows/figures/14.1.png  used on input line 765.
(pdftex.def)             Requested size: 70.46037pt x 117.88535pt.
 [16 </Users/ashoksaravanan/Coding/ScribeLec/server/output/MA 421/lectures/2024
-11-05-NetFlows/figures/14.1.png (PNG copy)>]
</Users/ashoksaravanan/Coding/ScribeLec/server/output/MA 421/lectures/2024-11-0
5-NetFlows/figures/15.1.png, id=462, 35.13126pt x 35.13126pt>
File: /Users/ashoksaravanan/Coding/ScribeLec/server/output/MA 421/lectures/2024
-11-05-NetFlows/figures/15.1.png Graphic file (type png)
<use /Users/ashoksaravanan/Coding/ScribeLec/server/output/MA 421/lectures/2024-
11-05-NetFlows/figures/15.1.png>
Package pdftex.def Info: /Users/ashoksaravanan/Coding/ScribeLec/server/output/M
A 421/lectures/2024-11-05-NetFlows/figures/15.1.png  used on input line 788.
(pdftex.def)             Requested size: 70.46037pt x 70.47243pt.
 [17 </Users/ashoksaravanan/Coding/ScribeLec/server/output/MA 421/lectures/2024
-11-05-NetFlows/figures/15.1.png (PNG copy)>]
</Users/ashoksaravanan/Coding/ScribeLec/server/output/MA 421/lectures/2024-11-0
5-NetFlows/figures/16.1.png, id=468, 35.13126pt x 35.13126pt>
File: /Users/ashoksaravanan/Coding/ScribeLec/server/output/MA 421/lectures/2024
-11-05-NetFlows/figures/16.1.png Graphic file (type png)
<use /Users/ashoksaravanan/Coding/ScribeLec/server/output/MA 421/lectures/2024-
11-05-NetFlows/figures/16.1.png>
Package pdftex.def Info: /Users/ashoksaravanan/Coding/ScribeLec/server/output/M
A 421/lectures/2024-11-05-NetFlows/figures/16.1.png  used on input line 812.
(pdftex.def)             Requested size: 70.46037pt x 70.47243pt.
 [18 </Users/ashoksaravanan/Coding/ScribeLec/server/output/MA 421/lectures/2024
-11-05-NetFlows/figures/16.1.png (PNG copy)>]
</Users/ashoksaravanan/Coding/ScribeLec/server/output/MA 421/lectures/2024-11-0
5-NetFlows/figures/17.1.png, id=475, 35.13126pt x 35.13126pt>
File: /Users/ashoksaravanan/Coding/ScribeLec/server/output/MA 421/lectures/2024
-11-05-NetFlows/figures/17.1.png Graphic file (type png)
<use /Users/ashoksaravanan/Coding/ScribeLec/server/output/MA 421/lectures/2024-
11-05-NetFlows/figures/17.1.png>
Package pdftex.def Info: /Users/ashoksaravanan/Coding/ScribeLec/server/output/M
A 421/lectures/2024-11-05-NetFlows/figures/17.1.png  used on input line 842.
(pdftex.def)             Requested size: 70.46037pt x 70.47243pt.
 [19 </Users/ashoksaravanan/Coding/ScribeLec/server/output/MA 421/lectures/2024
-11-05-NetFlows/figures/17.1.png (PNG copy)>]
</Users/ashoksaravanan/Coding/ScribeLec/server/output/MA 421/lectures/2024-11-0
5-NetFlows/figures/18.1.png, id=483, 35.13126pt x 35.13126pt>
File: /Users/ashoksaravanan/Coding/ScribeLec/server/output/MA 421/lectures/2024
-11-05-NetFlows/figures/18.1.png Graphic file (type png)
<use /Users/ashoksaravanan/Coding/ScribeLec/server/output/MA 421/lectures/2024-
11-05-NetFlows/figures/18.1.png>
Package pdftex.def Info: /Users/ashoksaravanan/Coding/ScribeLec/server/output/M
A 421/lectures/2024-11-05-NetFlows/figures/18.1.png  used on input line 870.
(pdftex.def)             Requested size: 70.46037pt x 70.47243pt.
 [20 </Users/ashoksaravanan/Coding/ScribeLec/server/output/MA 421/lectures/2024
-11-05-NetFlows/figures/18.1.png (PNG copy)>]
</Users/ashoksaravanan/Coding/ScribeLec/server/output/MA 421/lectures/2024-11-0
5-NetFlows/figures/19.1.png, id=489, 35.13126pt x 35.13126pt>
File: /Users/ashoksaravanan/Coding/ScribeLec/server/output/MA 421/lectures/2024
-11-05-NetFlows/figures/19.1.png Graphic file (type png)
<use /Users/ashoksaravanan/Coding/ScribeLec/server/output/MA 421/lectures/2024-
11-05-NetFlows/figures/19.1.png>
Package pdftex.def Info: /Users/ashoksaravanan/Coding/ScribeLec/server/output/M
A 421/lectures/2024-11-05-NetFlows/figures/19.1.png  used on input line 904.
(pdftex.def)             Requested size: 70.46037pt x 70.47243pt.
 [21 </Users/ashoksaravanan/Coding/ScribeLec/server/output/MA 421/lectures/2024
-11-05-NetFlows/figures/19.1.png (PNG copy)>]

/Users/ashoksaravanan/Coding/ScribeLec/server/output/MA 421/lectures/2024-11-05
-NetFlows/notes.tex:916: LaTeX Error: Environment tikzpicture undefined.

See the LaTeX manual or LaTeX Companion for explanation.
Type  H <return>  for immediate help.
 ...                                              
                                                  
l.916 \begin{tikzpicture}
                         [scale=0.8]
Your command was ignored.
Type  I <command> <return>  to replace it with another command,
or  <return>  to continue without it.

/Users/ashoksaravanan/Coding/ScribeLec/server/output/MA 421/lectures/2024-11-05
-NetFlows/notes.tex:917: Undefined control sequence.
l.917 \node
           [circle,draw,label=above:a] (a) at (0,3) {};
The control sequence at the end of the top line
of your error message was never \def'ed. If you have
misspelled it (e.g., `\hobx'), type `I' and the correct
spelling (e.g., `I\hbox'). Otherwise just continue,
and I'll forget about whatever was undefined.

/Users/ashoksaravanan/Coding/ScribeLec/server/output/MA 421/lectures/2024-11-05
-NetFlows/notes.tex:918: Undefined control sequence.
l.918 \node
           [circle,draw,label=right:b] (b) at (3,1.5) {};
The control sequence at the end of the top line
of your error message was never \def'ed. If you have
misspelled it (e.g., `\hobx'), type `I' and the correct
spelling (e.g., `I\hbox'). Otherwise just continue,
and I'll forget about whatever was undefined.

/Users/ashoksaravanan/Coding/ScribeLec/server/output/MA 421/lectures/2024-11-05
-NetFlows/notes.tex:919: Undefined control sequence.
l.919 \node
           [circle,draw,label=left:c] (c) at (1.5,1.5) {};
The control sequence at the end of the top line
of your error message was never \def'ed. If you have
misspelled it (e.g., `\hobx'), type `I' and the correct
spelling (e.g., `I\hbox'). Otherwise just continue,
and I'll forget about whatever was undefined.

/Users/ashoksaravanan/Coding/ScribeLec/server/output/MA 421/lectures/2024-11-05
-NetFlows/notes.tex:920: Undefined control sequence.
l.920 \node
           [circle,draw,label=right:d] (d) at (2,2.5) {};
The control sequence at the end of the top line
of your error message was never \def'ed. If you have
misspelled it (e.g., `\hobx'), type `I' and the correct
spelling (e.g., `I\hbox'). Otherwise just continue,
and I'll forget about whatever was undefined.

/Users/ashoksaravanan/Coding/ScribeLec/server/output/MA 421/lectures/2024-11-05
-NetFlows/notes.tex:921: Undefined control sequence.
l.921 \node
           [circle,draw,label=right:e] (e) at (4,3) {};
The control sequence at the end of the top line
of your error message was never \def'ed. If you have
misspelled it (e.g., `\hobx'), type `I' and the correct
spelling (e.g., `I\hbox'). Otherwise just continue,
and I'll forget about whatever was undefined.

/Users/ashoksaravanan/Coding/ScribeLec/server/output/MA 421/lectures/2024-11-05
-NetFlows/notes.tex:922: Undefined control sequence.
l.922 \node
           [circle,draw,label=left:f] (f) at (0,0) {};
The control sequence at the end of the top line
of your error message was never \def'ed. If you have
misspelled it (e.g., `\hobx'), type `I' and the correct
spelling (e.g., `I\hbox'). Otherwise just continue,
and I'll forget about whatever was undefined.

/Users/ashoksaravanan/Coding/ScribeLec/server/output/MA 421/lectures/2024-11-05
-NetFlows/notes.tex:923: Undefined control sequence.
l.923 \node
           [circle,draw,label=right:g] (g) at (4,0) {};
The control sequence at the end of the top line
of your error message was never \def'ed. If you have
misspelled it (e.g., `\hobx'), type `I' and the correct
spelling (e.g., `I\hbox'). Otherwise just continue,
and I'll forget about whatever was undefined.


Overfull \hbox (35.68146pt too wide) in paragraph at lines 915--924
\T1/lmr/m/n/10 [scale=0.8] [cir-cle,draw,label=above:a] (a) at (0,3) ; [cir-cle
,draw,label=right:b] (b) at (3,1.5) ; [cir-cle,draw,label=left:c]
 []

/Users/ashoksaravanan/Coding/ScribeLec/server/output/MA 421/lectures/2024-11-05
-NetFlows/notes.tex:925: Undefined control sequence.
l.925 \draw
           [->, very thick, red] (a) -- node[above]{32} (e);
The control sequence at the end of the top line
of your error message was never \def'ed. If you have
misspelled it (e.g., `\hobx'), type `I' and the correct
spelling (e.g., `I\hbox'). Otherwise just continue,
and I'll forget about whatever was undefined.

/Users/ashoksaravanan/Coding/ScribeLec/server/output/MA 421/lectures/2024-11-05
-NetFlows/notes.tex:926: Undefined control sequence.
l.926 \draw
           [->, very thick, red] (a) -- node[left]{41} (f);
The control sequence at the end of the top line
of your error message was never \def'ed. If you have
misspelled it (e.g., `\hobx'), type `I' and the correct
spelling (e.g., `I\hbox'). Otherwise just continue,
and I'll forget about whatever was undefined.

/Users/ashoksaravanan/Coding/ScribeLec/server/output/MA 421/lectures/2024-11-05
-NetFlows/notes.tex:927: Undefined control sequence.
l.927 \draw
           [->, very thick, red] (b) -- node[right]{33} (g);
The control sequence at the end of the top line
of your error message was never \def'ed. If you have
misspelled it (e.g., `\hobx'), type `I' and the correct
spelling (e.g., `I\hbox'). Otherwise just continue,
and I'll forget about whatever was undefined.

/Users/ashoksaravanan/Coding/ScribeLec/server/output/MA 421/lectures/2024-11-05
-NetFlows/notes.tex:928: Undefined control sequence.
l.928 \draw
           [->, very thick, red] (b) -- node[above]{6} (d);
The control sequence at the end of the top line
of your error message was never \def'ed. If you have
misspelled it (e.g., `\hobx'), type `I' and the correct
spelling (e.g., `I\hbox'). Otherwise just continue,
and I'll forget about whatever was undefined.

/Users/ashoksaravanan/Coding/ScribeLec/server/output/MA 421/lectures/2024-11-05
-NetFlows/notes.tex:929: Undefined control sequence.
l.929 \draw
           [->, very thick, red] (c) -- node[above]{6} (a);
The control sequence at the end of the top line
of your error message was never \def'ed. If you have
misspelled it (e.g., `\hobx'), type `I' and the correct
spelling (e.g., `I\hbox'). Otherwise just continue,
and I'll forget about whatever was undefined.

/Users/ashoksaravanan/Coding/ScribeLec/server/output/MA 421/lectures/2024-11-05
-NetFlows/notes.tex:930: Undefined control sequence.
l.930 \draw
           [->, very thick, red] (c) -- node[below]{-5} (f);
The control sequence at the end of the top line
of your error message was never \def'ed. If you have
misspelled it (e.g., `\hobx'), type `I' and the correct
spelling (e.g., `I\hbox'). Otherwise just continue,
and I'll forget about whatever was undefined.

/Users/ashoksaravanan/Coding/ScribeLec/server/output/MA 421/lectures/2024-11-05
-NetFlows/notes.tex:931: Undefined control sequence.
l.931 \draw
           [->, very thick, red] (d) -- node[left]{-1} (c);
The control sequence at the end of the top line
of your error message was never \def'ed. If you have
misspelled it (e.g., `\hobx'), type `I' and the correct
spelling (e.g., `I\hbox'). Otherwise just continue,
and I'll forget about whatever was undefined.

/Users/ashoksaravanan/Coding/ScribeLec/server/output/MA 421/lectures/2024-11-05
-NetFlows/notes.tex:932: Undefined control sequence.
l.932 \draw
           [->, very thick, red] (d) -- node[right]{21} (e);
The control sequence at the end of the top line
of your error message was never \def'ed. If you have
misspelled it (e.g., `\hobx'), type `I' and the correct
spelling (e.g., `I\hbox'). Otherwise just continue,
and I'll forget about whatever was undefined.

/Users/ashoksaravanan/Coding/ScribeLec/server/output/MA 421/lectures/2024-11-05
-NetFlows/notes.tex:933: Undefined control sequence.
l.933 \draw
           [->, very thick, red] (f) -- node[below]{9} (g);
The control sequence at the end of the top line
of your error message was never \def'ed. If you have
misspelled it (e.g., `\hobx'), type `I' and the correct
spelling (e.g., `I\hbox'). Otherwise just continue,
and I'll forget about whatever was undefined.

/Users/ashoksaravanan/Coding/ScribeLec/server/output/MA 421/lectures/2024-11-05
-NetFlows/notes.tex:935: Undefined control sequence.
l.935 \node
            at (0.75,2.25) {-9};
The control sequence at the end of the top line
of your error message was never \def'ed. If you have
misspelled it (e.g., `\hobx'), type `I' and the correct
spelling (e.g., `I\hbox'). Otherwise just continue,
and I'll forget about whatever was undefined.

/Users/ashoksaravanan/Coding/ScribeLec/server/output/MA 421/lectures/2024-11-05
-NetFlows/notes.tex:936: Undefined control sequence.
l.936 \node
            at (2.25,1.75) {3};
The control sequence at the end of the top line
of your error message was never \def'ed. If you have
misspelled it (e.g., `\hobx'), type `I' and the correct
spelling (e.g., `I\hbox'). Otherwise just continue,
and I'll forget about whatever was undefined.

/Users/ashoksaravanan/Coding/ScribeLec/server/output/MA 421/lectures/2024-11-05
-NetFlows/notes.tex:937: Undefined control sequence.
l.937 \node
            at (1.5,0.75) {-5};
The control sequence at the end of the top line
of your error message was never \def'ed. If you have
misspelled it (e.g., `\hobx'), type `I' and the correct
spelling (e.g., `I\hbox'). Otherwise just continue,
and I'll forget about whatever was undefined.

/Users/ashoksaravanan/Coding/ScribeLec/server/output/MA 421/lectures/2024-11-05
-NetFlows/notes.tex:938: Undefined control sequence.
l.938 \node
            at (3.5,0.75) {3};
The control sequence at the end of the top line
of your error message was never \def'ed. If you have
misspelled it (e.g., `\hobx'), type `I' and the correct
spelling (e.g., `I\hbox'). Otherwise just continue,
and I'll forget about whatever was undefined.

/Users/ashoksaravanan/Coding/ScribeLec/server/output/MA 421/lectures/2024-11-05
-NetFlows/notes.tex:939: Undefined control sequence.
l.939 \node
            at (3.75,2.25) {2};
The control sequence at the end of the top line
of your error message was never \def'ed. If you have
misspelled it (e.g., `\hobx'), type `I' and the correct
spelling (e.g., `I\hbox'). Otherwise just continue,
and I'll forget about whatever was undefined.

/Users/ashoksaravanan/Coding/ScribeLec/server/output/MA 421/lectures/2024-11-05
-NetFlows/notes.tex:940: Undefined control sequence.
l.940 \node
            at (0.75,0.75) {6};
The control sequence at the end of the top line
of your error message was never \def'ed. If you have
misspelled it (e.g., `\hobx'), type `I' and the correct
spelling (e.g., `I\hbox'). Otherwise just continue,
and I'll forget about whatever was undefined.

/Users/ashoksaravanan/Coding/ScribeLec/server/output/MA 421/lectures/2024-11-05
-NetFlows/notes.tex:941: Undefined control sequence.
l.941 \node
            at (2.25,0.75) {9};
The control sequence at the end of the top line
of your error message was never \def'ed. If you have
misspelled it (e.g., `\hobx'), type `I' and the correct
spelling (e.g., `I\hbox'). Otherwise just continue,
and I'll forget about whatever was undefined.

/Users/ashoksaravanan/Coding/ScribeLec/server/output/MA 421/lectures/2024-11-05
-NetFlows/notes.tex:942: Undefined control sequence.
l.942 \node
            at (1.5,1.5) {98};
The control sequence at the end of the top line
of your error message was never \def'ed. If you have
misspelled it (e.g., `\hobx'), type `I' and the correct
spelling (e.g., `I\hbox'). Otherwise just continue,
and I'll forget about whatever was undefined.

/Users/ashoksaravanan/Coding/ScribeLec/server/output/MA 421/lectures/2024-11-05
-NetFlows/notes.tex:943: Undefined control sequence.
l.943 \node
            at (2,2.5) {69};
The control sequence at the end of the top line
of your error message was never \def'ed. If you have
misspelled it (e.g., `\hobx'), type `I' and the correct
spelling (e.g., `I\hbox'). Otherwise just continue,
and I'll forget about whatever was undefined.

/Users/ashoksaravanan/Coding/ScribeLec/server/output/MA 421/lectures/2024-11-05
-NetFlows/notes.tex:944: Undefined control sequence.
l.944 \node
            at (0,3) {41};
The control sequence at the end of the top line
of your error message was never \def'ed. If you have
misspelled it (e.g., `\hobx'), type `I' and the correct
spelling (e.g., `I\hbox'). Otherwise just continue,
and I'll forget about whatever was undefined.

/Users/ashoksaravanan/Coding/ScribeLec/server/output/MA 421/lectures/2024-11-05
-NetFlows/notes.tex:945: Undefined control sequence.
l.945 \node
            at (3,1.5) {33};
The control sequence at the end of the top line
of your error message was never \def'ed. If you have
misspelled it (e.g., `\hobx'), type `I' and the correct
spelling (e.g., `I\hbox'). Otherwise just continue,
and I'll forget about whatever was undefined.

/Users/ashoksaravanan/Coding/ScribeLec/server/output/MA 421/lectures/2024-11-05
-NetFlows/notes.tex:946: Undefined control sequence.
l.946 \node
            at (1.5,1.5) {98};
The control sequence at the end of the top line
of your error message was never \def'ed. If you have
misspelled it (e.g., `\hobx'), type `I' and the correct
spelling (e.g., `I\hbox'). Otherwise just continue,
and I'll forget about whatever was undefined.

/Users/ashoksaravanan/Coding/ScribeLec/server/output/MA 421/lectures/2024-11-05
-NetFlows/notes.tex:947: Undefined control sequence.
l.947 \node
            at (2,2.5) {69};
The control sequence at the end of the top line
of your error message was never \def'ed. If you have
misspelled it (e.g., `\hobx'), type `I' and the correct
spelling (e.g., `I\hbox'). Otherwise just continue,
and I'll forget about whatever was undefined.

/Users/ashoksaravanan/Coding/ScribeLec/server/output/MA 421/lectures/2024-11-05
-NetFlows/notes.tex:948: Undefined control sequence.
l.948 \node
            at (4,3) {19};
The control sequence at the end of the top line
of your error message was never \def'ed. If you have
misspelled it (e.g., `\hobx'), type `I' and the correct
spelling (e.g., `I\hbox'). Otherwise just continue,
and I'll forget about whatever was undefined.

/Users/ashoksaravanan/Coding/ScribeLec/server/output/MA 421/lectures/2024-11-05
-NetFlows/notes.tex:949: Undefined control sequence.
l.949 \node
            at (0,0) {-15};
The control sequence at the end of the top line
of your error message was never \def'ed. If you have
misspelled it (e.g., `\hobx'), type `I' and the correct
spelling (e.g., `I\hbox'). Otherwise just continue,
and I'll forget about whatever was undefined.

/Users/ashoksaravanan/Coding/ScribeLec/server/output/MA 421/lectures/2024-11-05
-NetFlows/notes.tex:950: Undefined control sequence.
l.950 \node
            at (4,0) {0};
The control sequence at the end of the top line
of your error message was never \def'ed. If you have
misspelled it (e.g., `\hobx'), type `I' and the correct
spelling (e.g., `I\hbox'). Otherwise just continue,
and I'll forget about whatever was undefined.


/Users/ashoksaravanan/Coding/ScribeLec/server/output/MA 421/lectures/2024-11-05
-NetFlows/notes.tex:952: LaTeX Error: \begin{document} ended by \end{tikzpictur
e}.

See the LaTeX manual or LaTeX Companion for explanation.
Type  H <return>  for immediate help.
 ...                                              
                                                  
l.952 \end{tikzpicture}
                        \\
Your command was ignored.
Type  I <command> <return>  to replace it with another command,
or  <return>  to continue without it.


/Users/ashoksaravanan/Coding/ScribeLec/server/output/MA 421/lectures/2024-11-05
-NetFlows/notes.tex:953: LaTeX Error: There's no line here to end.

See the LaTeX manual or LaTeX Companion for explanation.
Type  H <return>  for immediate help.
 ...                                              
                                                  
l.953 F
       IGURE 14.6. The fat arcs show a spanning tree for the network in \\
Your command was ignored.
Type  I <command> <return>  to replace it with another command,
or  <return>  to continue without it.

</Users/ashoksaravanan/Coding/ScribeLec/server/output/MA 421/lectures/2024-11-0
5-NetFlows/figures/20.1.png, id=496, 401.5pt x 742.775pt>
File: /Users/ashoksaravanan/Coding/ScribeLec/server/output/MA 421/lectures/2024
-11-05-NetFlows/figures/20.1.png Graphic file (type png)
<use /Users/ashoksaravanan/Coding/ScribeLec/server/output/MA 421/lectures/2024-
11-05-NetFlows/figures/20.1.png>
Package pdftex.def Info: /Users/ashoksaravanan/Coding/ScribeLec/server/output/M
A 421/lectures/2024-11-05-NetFlows/figures/20.1.png  used on input line 966.
(pdftex.def)             Requested size: 70.46037pt x 130.35025pt.

Underfull \hbox (badness 10000) in paragraph at lines 967--967
\T1/lmr/m/n/8 di-a-gram show-ing
 []


Underfull \hbox (badness 5696) in paragraph at lines 967--967
\T1/lmr/m/n/8 a span-ning tree.
 []


Underfull \hbox (badness 10000) in paragraph at lines 967--967
\T1/lmr/m/n/8 The thick red
 []


Underfull \hbox (badness 10000) in paragraph at lines 967--967
\T1/lmr/m/n/8 span-ning tree.
 []


Underfull \hbox (badness 5345) in paragraph at lines 967--967
\T1/lmr/m/n/8 Num-bers on the
 []


Underfull \hbox (badness 10000) in paragraph at lines 967--967
\T1/lmr/m/n/8 in the span-ning
 []


Underfull \hbox (badness 10000) in paragraph at lines 967--967
\T1/lmr/m/n/8 tree) and dual
 []


Underfull \hbox (badness 10000) in paragraph at lines 967--967
\T1/lmr/m/n/8 in the span-ning
 []


Underfull \hbox (badness 3199) in paragraph at lines 967--967
\T1/lmr/m/n/8 tree). Num-bers
 []


Underfull \hbox (badness 10000) in paragraph at lines 967--967
\T1/lmr/m/n/8 next to nodes
 []


Underfull \hbox (badness 10000) in paragraph at lines 967--967
\T1/lmr/m/n/8 rep-re-sent dual
 []


Underfull \hbox (badness 6708) in paragraph at lines 967--967
\T1/lmr/m/n/8 vari-ables. The
 []

[22] [23 </Users/ashoksaravanan/Coding/ScribeLec/server/output/MA 421/lectures/
2024-11-05-NetFlows/figures/20.1.png (PNG copy)>]

/Users/ashoksaravanan/Coding/ScribeLec/server/output/MA 421/lectures/2024-11-05
-NetFlows/notes.tex:983: LaTeX Error: Environment tikzpicture undefined.

See the LaTeX manual or LaTeX Companion for explanation.
Type  H <return>  for immediate help.
 ...                                              
                                                  
l.983 \begin{tikzpicture}
                         [scale=0.8]
Your command was ignored.
Type  I <command> <return>  to replace it with another command,
or  <return>  to continue without it.

/Users/ashoksaravanan/Coding/ScribeLec/server/output/MA 421/lectures/2024-11-05
-NetFlows/notes.tex:984: Undefined control sequence.
l.984 \node
           [circle,draw,label=above:a] (a) at (0,3) {41};
The control sequence at the end of the top line
of your error message was never \def'ed. If you have
misspelled it (e.g., `\hobx'), type `I' and the correct
spelling (e.g., `I\hbox'). Otherwise just continue,
and I'll forget about whatever was undefined.

/Users/ashoksaravanan/Coding/ScribeLec/server/output/MA 421/lectures/2024-11-05
-NetFlows/notes.tex:985: Undefined control sequence.
l.985 \node
           [circle,draw,label=right:b] (b) at (3,1.5) {33};
The control sequence at the end of the top line
of your error message was never \def'ed. If you have
misspelled it (e.g., `\hobx'), type `I' and the correct
spelling (e.g., `I\hbox'). Otherwise just continue,
and I'll forget about whatever was undefined.

/Users/ashoksaravanan/Coding/ScribeLec/server/output/MA 421/lectures/2024-11-05
-NetFlows/notes.tex:986: Undefined control sequence.
l.986 \node
           [circle,draw,label=left:c] (c) at (1.5,1.5) {98};
The control sequence at the end of the top line
of your error message was never \def'ed. If you have
misspelled it (e.g., `\hobx'), type `I' and the correct
spelling (e.g., `I\hbox'). Otherwise just continue,
and I'll forget about whatever was undefined.

/Users/ashoksaravanan/Coding/ScribeLec/server/output/MA 421/lectures/2024-11-05
-NetFlows/notes.tex:987: Undefined control sequence.
l.987 \node
           [circle,draw,label=right:d] (d) at (2,2.5) {69};
The control sequence at the end of the top line
of your error message was never \def'ed. If you have
misspelled it (e.g., `\hobx'), type `I' and the correct
spelling (e.g., `I\hbox'). Otherwise just continue,
and I'll forget about whatever was undefined.

/Users/ashoksaravanan/Coding/ScribeLec/server/output/MA 421/lectures/2024-11-05
-NetFlows/notes.tex:988: Undefined control sequence.
l.988 \node
           [circle,draw,label=right:e] (e) at (4,3) {19};
The control sequence at the end of the top line
of your error message was never \def'ed. If you have
misspelled it (e.g., `\hobx'), type `I' and the correct
spelling (e.g., `I\hbox'). Otherwise just continue,
and I'll forget about whatever was undefined.

/Users/ashoksaravanan/Coding/ScribeLec/server/output/MA 421/lectures/2024-11-05
-NetFlows/notes.tex:989: Undefined control sequence.
l.989 \node
           [circle,draw,label=left:f] (f) at (0,0) {-15};
The control sequence at the end of the top line
of your error message was never \def'ed. If you have
misspelled it (e.g., `\hobx'), type `I' and the correct
spelling (e.g., `I\hbox'). Otherwise just continue,
and I'll forget about whatever was undefined.

/Users/ashoksaravanan/Coding/ScribeLec/server/output/MA 421/lectures/2024-11-05
-NetFlows/notes.tex:990: Undefined control sequence.
l.990 \node
           [circle,draw,label=right:g] (g) at (4,0) {0};
The control sequence at the end of the top line
of your error message was never \def'ed. If you have
misspelled it (e.g., `\hobx'), type `I' and the correct
spelling (e.g., `I\hbox'). Otherwise just continue,
and I'll forget about whatever was undefined.


Overfull \hbox (6.00583pt too wide) in paragraph at lines 977--991
\T1/lmr/m/n/10 this so-lu-tion to an op-ti-mal one. We take up this task in the
 next sec-tion. [scale=0.8] [cir-cle,draw,label=above:a]
 []

/Users/ashoksaravanan/Coding/ScribeLec/server/output/MA 421/lectures/2024-11-05
-NetFlows/notes.tex:992: Undefined control sequence.
l.992 \draw
           [->, very thick, red] (a) -- node[above]{32} (e);
The control sequence at the end of the top line
of your error message was never \def'ed. If you have
misspelled it (e.g., `\hobx'), type `I' and the correct
spelling (e.g., `I\hbox'). Otherwise just continue,
and I'll forget about whatever was undefined.

/Users/ashoksaravanan/Coding/ScribeLec/server/output/MA 421/lectures/2024-11-05
-NetFlows/notes.tex:993: Undefined control sequence.
l.993 \draw
           [->, very thick, red] (a) -- node[left]{41} (f);
The control sequence at the end of the top line
of your error message was never \def'ed. If you have
misspelled it (e.g., `\hobx'), type `I' and the correct
spelling (e.g., `I\hbox'). Otherwise just continue,
and I'll forget about whatever was undefined.

/Users/ashoksaravanan/Coding/ScribeLec/server/output/MA 421/lectures/2024-11-05
-NetFlows/notes.tex:994: Undefined control sequence.
l.994 \draw
           [->, very thick, red] (b) -- node[right]{33} (g);
The control sequence at the end of the top line
of your error message was never \def'ed. If you have
misspelled it (e.g., `\hobx'), type `I' and the correct
spelling (e.g., `I\hbox'). Otherwise just continue,
and I'll forget about whatever was undefined.

/Users/ashoksaravanan/Coding/ScribeLec/server/output/MA 421/lectures/2024-11-05
-NetFlows/notes.tex:995: Undefined control sequence.
l.995 \draw
           [->, very thick, red] (b) -- node[above]{6} (d);
The control sequence at the end of the top line
of your error message was never \def'ed. If you have
misspelled it (e.g., `\hobx'), type `I' and the correct
spelling (e.g., `I\hbox'). Otherwise just continue,
and I'll forget about whatever was undefined.

/Users/ashoksaravanan/Coding/ScribeLec/server/output/MA 421/lectures/2024-11-05
-NetFlows/notes.tex:996: Undefined control sequence.
l.996 \draw
           [->, very thick, red] (c) -- node[above]{6} (a);
The control sequence at the end of the top line
of your error message was never \def'ed. If you have
misspelled it (e.g., `\hobx'), type `I' and the correct
spelling (e.g., `I\hbox'). Otherwise just continue,
and I'll forget about whatever was undefined.

/Users/ashoksaravanan/Coding/ScribeLec/server/output/MA 421/lectures/2024-11-05
-NetFlows/notes.tex:997: Undefined control sequence.
l.997 \draw
           [->, very thick, red] (c) -- node[below]{-5} (f);
The control sequence at the end of the top line
of your error message was never \def'ed. If you have
misspelled it (e.g., `\hobx'), type `I' and the correct
spelling (e.g., `I\hbox'). Otherwise just continue,
and I'll forget about whatever was undefined.

/Users/ashoksaravanan/Coding/ScribeLec/server/output/MA 421/lectures/2024-11-05
-NetFlows/notes.tex:998: Undefined control sequence.
l.998 \draw
           [->, very thick, red] (d) -- node[left]{-1} (c);
The control sequence at the end of the top line
of your error message was never \def'ed. If you have
misspelled it (e.g., `\hobx'), type `I' and the correct
spelling (e.g., `I\hbox'). Otherwise just continue,
and I'll forget about whatever was undefined.

/Users/ashoksaravanan/Coding/ScribeLec/server/output/MA 421/lectures/2024-11-05
-NetFlows/notes.tex:999: Undefined control sequence.
l.999 \draw
           [->, very thick, red] (d) -- node[right]{21} (e);
The control sequence at the end of the top line
of your error message was never \def'ed. If you have
misspelled it (e.g., `\hobx'), type `I' and the correct
spelling (e.g., `I\hbox'). Otherwise just continue,
and I'll forget about whatever was undefined.

/Users/ashoksaravanan/Coding/ScribeLec/server/output/MA 421/lectures/2024-11-05
-NetFlows/notes.tex:1000: Undefined control sequence.
l.1000 \draw
            [->, very thick, red] (f) -- node[below]{9} (g);
The control sequence at the end of the top line
of your error message was never \def'ed. If you have
misspelled it (e.g., `\hobx'), type `I' and the correct
spelling (e.g., `I\hbox'). Otherwise just continue,
and I'll forget about whatever was undefined.

/Users/ashoksaravanan/Coding/ScribeLec/server/output/MA 421/lectures/2024-11-05
-NetFlows/notes.tex:1002: Undefined control sequence.
l.1002 \node
             at (0.75,2.25) {-9};
The control sequence at the end of the top line
of your error message was never \def'ed. If you have
misspelled it (e.g., `\hobx'), type `I' and the correct
spelling (e.g., `I\hbox'). Otherwise just continue,
and I'll forget about whatever was undefined.

/Users/ashoksaravanan/Coding/ScribeLec/server/output/MA 421/lectures/2024-11-05
-NetFlows/notes.tex:1003: Undefined control sequence.
l.1003 \node
             at (2.25,1.75) {3};
The control sequence at the end of the top line
of your error message was never \def'ed. If you have
misspelled it (e.g., `\hobx'), type `I' and the correct
spelling (e.g., `I\hbox'). Otherwise just continue,
and I'll forget about whatever was undefined.

/Users/ashoksaravanan/Coding/ScribeLec/server/output/MA 421/lectures/2024-11-05
-NetFlows/notes.tex:1004: Undefined control sequence.
l.1004 \node
             at (1.5,0.75) {-5};
The control sequence at the end of the top line
of your error message was never \def'ed. If you have
misspelled it (e.g., `\hobx'), type `I' and the correct
spelling (e.g., `I\hbox'). Otherwise just continue,
and I'll forget about whatever was undefined.

/Users/ashoksaravanan/Coding/ScribeLec/server/output/MA 421/lectures/2024-11-05
-NetFlows/notes.tex:1005: Undefined control sequence.
l.1005 \node
             at (3.5,0.75) {3};
The control sequence at the end of the top line
of your error message was never \def'ed. If you have
misspelled it (e.g., `\hobx'), type `I' and the correct
spelling (e.g., `I\hbox'). Otherwise just continue,
and I'll forget about whatever was undefined.

/Users/ashoksaravanan/Coding/ScribeLec/server/output/MA 421/lectures/2024-11-05
-NetFlows/notes.tex:1006: Undefined control sequence.
l.1006 \node
             at (3.75,2.25) {2};
The control sequence at the end of the top line
of your error message was never \def'ed. If you have
misspelled it (e.g., `\hobx'), type `I' and the correct
spelling (e.g., `I\hbox'). Otherwise just continue,
and I'll forget about whatever was undefined.

/Users/ashoksaravanan/Coding/ScribeLec/server/output/MA 421/lectures/2024-11-05
-NetFlows/notes.tex:1007: Undefined control sequence.
l.1007 \node
             at (0.75,0.75) {6};
The control sequence at the end of the top line
of your error message was never \def'ed. If you have
misspelled it (e.g., `\hobx'), type `I' and the correct
spelling (e.g., `I\hbox'). Otherwise just continue,
and I'll forget about whatever was undefined.

/Users/ashoksaravanan/Coding/ScribeLec/server/output/MA 421/lectures/2024-11-05
-NetFlows/notes.tex:1008: Undefined control sequence.
l.1008 \node
             at (2.25,0.75) {9};
The control sequence at the end of the top line
of your error message was never \def'ed. If you have
misspelled it (e.g., `\hobx'), type `I' and the correct
spelling (e.g., `I\hbox'). Otherwise just continue,
and I'll forget about whatever was undefined.

/Users/ashoksaravanan/Coding/ScribeLec/server/output/MA 421/lectures/2024-11-05
-NetFlows/notes.tex:1009: Undefined control sequence.
l.1009 \node
             at (1.5,1.5) {98};
The control sequence at the end of the top line
of your error message was never \def'ed. If you have
misspelled it (e.g., `\hobx'), type `I' and the correct
spelling (e.g., `I\hbox'). Otherwise just continue,
and I'll forget about whatever was undefined.

/Users/ashoksaravanan/Coding/ScribeLec/server/output/MA 421/lectures/2024-11-05
-NetFlows/notes.tex:1010: Undefined control sequence.
l.1010 \node
             at (2,2.5) {69};
The control sequence at the end of the top line
of your error message was never \def'ed. If you have
misspelled it (e.g., `\hobx'), type `I' and the correct
spelling (e.g., `I\hbox'). Otherwise just continue,
and I'll forget about whatever was undefined.

/Users/ashoksaravanan/Coding/ScribeLec/server/output/MA 421/lectures/2024-11-05
-NetFlows/notes.tex:1011: Undefined control sequence.
l.1011 \node
             at (0,3) {41};
The control sequence at the end of the top line
of your error message was never \def'ed. If you have
misspelled it (e.g., `\hobx'), type `I' and the correct
spelling (e.g., `I\hbox'). Otherwise just continue,
and I'll forget about whatever was undefined.

/Users/ashoksaravanan/Coding/ScribeLec/server/output/MA 421/lectures/2024-11-05
-NetFlows/notes.tex:1012: Undefined control sequence.
l.1012 \node
             at (3,1.5) {33};
The control sequence at the end of the top line
of your error message was never \def'ed. If you have
misspelled it (e.g., `\hobx'), type `I' and the correct
spelling (e.g., `I\hbox'). Otherwise just continue,
and I'll forget about whatever was undefined.

/Users/ashoksaravanan/Coding/ScribeLec/server/output/MA 421/lectures/2024-11-05
-NetFlows/notes.tex:1013: Undefined control sequence.
l.1013 \node
             at (1.5,1.5) {98};
The control sequence at the end of the top line
of your error message was never \def'ed. If you have
misspelled it (e.g., `\hobx'), type `I' and the correct
spelling (e.g., `I\hbox'). Otherwise just continue,
and I'll forget about whatever was undefined.

/Users/ashoksaravanan/Coding/ScribeLec/server/output/MA 421/lectures/2024-11-05
-NetFlows/notes.tex:1014: Undefined control sequence.
l.1014 \node
             at (2,2.5) {69};
The control sequence at the end of the top line
of your error message was never \def'ed. If you have
misspelled it (e.g., `\hobx'), type `I' and the correct
spelling (e.g., `I\hbox'). Otherwise just continue,
and I'll forget about whatever was undefined.

/Users/ashoksaravanan/Coding/ScribeLec/server/output/MA 421/lectures/2024-11-05
-NetFlows/notes.tex:1015: Undefined control sequence.
l.1015 \node
             at (4,3) {19};
The control sequence at the end of the top line
of your error message was never \def'ed. If you have
misspelled it (e.g., `\hobx'), type `I' and the correct
spelling (e.g., `I\hbox'). Otherwise just continue,
and I'll forget about whatever was undefined.

/Users/ashoksaravanan/Coding/ScribeLec/server/output/MA 421/lectures/2024-11-05
-NetFlows/notes.tex:1016: Undefined control sequence.
l.1016 \node
             at (0,0) {-15};
The control sequence at the end of the top line
of your error message was never \def'ed. If you have
misspelled it (e.g., `\hobx'), type `I' and the correct
spelling (e.g., `I\hbox'). Otherwise just continue,
and I'll forget about whatever was undefined.

/Users/ashoksaravanan/Coding/ScribeLec/server/output/MA 421/lectures/2024-11-05
-NetFlows/notes.tex:1017: Undefined control sequence.
l.1017 \node
             at (4,0) {0};
The control sequence at the end of the top line
of your error message was never \def'ed. If you have
misspelled it (e.g., `\hobx'), type `I' and the correct
spelling (e.g., `I\hbox'). Otherwise just continue,
and I'll forget about whatever was undefined.


/Users/ashoksaravanan/Coding/ScribeLec/server/output/MA 421/lectures/2024-11-05
-NetFlows/notes.tex:1019: LaTeX Error: \begin{document} ended by \end{tikzpictu
re}.

See the LaTeX manual or LaTeX Companion for explanation.
Type  H <return>  for immediate help.
 ...                                              
                                                  
l.1019 \end{tikzpicture}
                        
Your command was ignored.
Type  I <command> <return>  to replace it with another command,
or  <return>  to continue without it.

</Users/ashoksaravanan/Coding/ScribeLec/server/output/MA 421/lectures/2024-11-0
5-NetFlows/figures/21.1.png, id=506, 401.5pt x 742.775pt>
File: /Users/ashoksaravanan/Coding/ScribeLec/server/output/MA 421/lectures/2024
-11-05-NetFlows/figures/21.1.png Graphic file (type png)
<use /Users/ashoksaravanan/Coding/ScribeLec/server/output/MA 421/lectures/2024-
11-05-NetFlows/figures/21.1.png>
Package pdftex.def Info: /Users/ashoksaravanan/Coding/ScribeLec/server/output/M
A 421/lectures/2024-11-05-NetFlows/figures/21.1.png  used on input line 1028.
(pdftex.def)             Requested size: 70.46037pt x 130.35025pt.

Underfull \hbox (badness 10000) in paragraph at lines 1029--1029
\T1/lmr/m/n/8 di-a-gram show-ing
 []


Underfull \hbox (badness 5696) in paragraph at lines 1029--1029
\T1/lmr/m/n/8 a span-ning tree.
 []


Underfull \hbox (badness 10000) in paragraph at lines 1029--1029
\T1/lmr/m/n/8 The thick red
 []


Underfull \hbox (badness 10000) in paragraph at lines 1029--1029
\T1/lmr/m/n/8 span-ning tree.
 []


Underfull \hbox (badness 5345) in paragraph at lines 1029--1029
\T1/lmr/m/n/8 Num-bers on the
 []


Underfull \hbox (badness 10000) in paragraph at lines 1029--1029
\T1/lmr/m/n/8 in the span-ning
 []


Underfull \hbox (badness 10000) in paragraph at lines 1029--1029
\T1/lmr/m/n/8 tree) and dual
 []


Underfull \hbox (badness 10000) in paragraph at lines 1029--1029
\T1/lmr/m/n/8 in the span-ning
 []


Underfull \hbox (badness 3199) in paragraph at lines 1029--1029
\T1/lmr/m/n/8 tree). Num-bers
 []


Underfull \hbox (badness 10000) in paragraph at lines 1029--1029
\T1/lmr/m/n/8 next to nodes
 []


Underfull \hbox (badness 10000) in paragraph at lines 1029--1029
\T1/lmr/m/n/8 rep-re-sent dual
 []


Underfull \hbox (badness 6708) in paragraph at lines 1029--1029
\T1/lmr/m/n/8 vari-ables. The
 []

[24] [25 </Users/ashoksaravanan/Coding/ScribeLec/server/output/MA 421/lectures/
2024-11-05-NetFlows/figures/21.1.png (PNG copy)>]
</Users/ashoksaravanan/Coding/ScribeLec/server/output/MA 421/lectures/2024-11-0
5-NetFlows/figures/22.1.png, id=517, 35.13126pt x 35.13126pt>
File: /Users/ashoksaravanan/Coding/ScribeLec/server/output/MA 421/lectures/2024
-11-05-NetFlows/figures/22.1.png Graphic file (type png)
<use /Users/ashoksaravanan/Coding/ScribeLec/server/output/MA 421/lectures/2024-
11-05-NetFlows/figures/22.1.png>
Package pdftex.def Info: /Users/ashoksaravanan/Coding/ScribeLec/server/output/M
A 421/lectures/2024-11-05-NetFlows/figures/22.1.png  used on input line 1049.
(pdftex.def)             Requested size: 70.46037pt x 70.47243pt.
 [26 </Users/ashoksaravanan/Coding/ScribeLec/server/output/MA 421/lectures/2024
-11-05-NetFlows/figures/22.1.png (PNG copy)>] 
enddocument/afterlastpage: lastpage setting LastPage.
(_logs/notes.aux)
 ***********
LaTeX2e <2023-11-01> patch level 1
L3 programming layer <2024-02-20>
 ***********


LaTeX Warning: Label(s) may have changed. Rerun to get cross-references right.


Package rerunfilecheck Warning: File `notes.out' has changed.
(rerunfilecheck)                Rerun to get outlines right
(rerunfilecheck)                or use package `bookmark'.

Package rerunfilecheck Info: Checksums for `notes.out':
(rerunfilecheck)             Before: 392988E59AF721E7D1CE7BB0E15F561B;8136
(rerunfilecheck)             After:  C31C8ACCB23973E3CAA0C000FC15DB07;8529.
 ) 
Here is how much of TeX's memory you used:
 14897 strings out of 474116
 259493 string characters out of 5743682
 1953187 words of memory out of 5000000
 36858 multiletter control sequences out of 15000+600000
 627973 words of font info for 83 fonts, out of 8000000 for 9000
 1141 hyphenation exceptions out of 8191
 83i,11n,131p,1423b,681s stack positions out of 10000i,1000n,20000p,200000b,200000s
</usr/local/texlive/2024/texmf-dist/fonts/type1/public/lm/lmbx10.pfb></usr/lo
cal/texlive/2024/texmf-dist/fonts/type1/public/lm/lmbx12.pfb></usr/local/texliv
e/2024/texmf-dist/fonts/type1/public/lm/lmbx8.pfb></usr/local/texlive/2024/texm
f-dist/fonts/type1/public/lm/lmbxi10.pfb></usr/local/texlive/2024/texmf-dist/fo
nts/type1/public/lm/lmex10.pfb></usr/local/texlive/2024/texmf-dist/fonts/type1/
public/lm/lmmi10.pfb></usr/local/texlive/2024/texmf-dist/fonts/type1/public/lm/
lmmi6.pfb></usr/local/texlive/2024/texmf-dist/fonts/type1/public/lm/lmmi7.pfb><
/usr/local/texlive/2024/texmf-dist/fonts/type1/public/lm/lmmi8.pfb></usr/local/
texlive/2024/texmf-dist/fonts/type1/public/lm/lmr10.pfb></usr/local/texlive/202
4/texmf-dist/fonts/type1/public/lm/lmr12.pfb></usr/local/texlive/2024/texmf-dis
t/fonts/type1/public/lm/lmr17.pfb></usr/local/texlive/2024/texmf-dist/fonts/typ
e1/public/lm/lmr7.pfb></usr/local/texlive/2024/texmf-dist/fonts/type1/public/lm
/lmr8.pfb></usr/local/texlive/2024/texmf-dist/fonts/type1/public/lm/lmri10.pfb>
</usr/local/texlive/2024/texmf-dist/fonts/type1/public/lm/lmsy10.pfb></usr/loca
l/texlive/2024/texmf-dist/fonts/type1/public/lm/lmsy7.pfb>
Output written on _logs/notes.pdf (26 pages, 1854167 bytes).
PDF statistics:
 640 PDF objects out of 1000 (max. 8388607)
 540 compressed objects within 6 object streams
 137 named destinations out of 1000 (max. 500000)
 823 words of extra memory for PDF output out of 10000 (max. 10000000)

