This is pdfTeX, Version 3.141592653-2.6-1.40.26 (TeX Live 2024) (preloaded format=pdflatex 2024.12.3)  31 DEC 2024 15:20
entering extended mode
 \write18 enabled.
 file:line:error style messages enabled.
 %&-line parsing enabled.
**"/Users/ashoksaravanan/Coding/ScribeLec/server/output/MA 421/lectures/2024-12
-03-Duality/notes.tex"

(/Users/ashoksaravanan/Coding/ScribeLec/server/output/MA 421/lectures/2024-12-0
3-Duality/notes.tex
LaTeX2e <2023-11-01> patch level 1
L3 programming layer <2024-02-20>
(/usr/local/texlive/2024/texmf-dist/tex/latex/base/article.cls
Document Class: article 2023/05/17 v1.4n Standard LaTeX document class
(/usr/local/texlive/2024/texmf-dist/tex/latex/base/size10.clo
File: size10.clo 2023/05/17 v1.4n Standard LaTeX file (size option)
)
\c@part=\count188
\c@section=\count189
\c@subsection=\count190
\c@subsubsection=\count191
\c@paragraph=\count192
\c@subparagraph=\count193
\c@figure=\count194
\c@table=\count195
\abovecaptionskip=\skip48
\belowcaptionskip=\skip49
\bibindent=\dimen140
)
(/usr/local/texlive/2024/texmf-dist/tex/latex/base/fontenc.sty
Package: fontenc 2021/04/29 v2.0v Standard LaTeX package
)
(/usr/local/texlive/2024/texmf-dist/tex/latex/base/inputenc.sty
Package: inputenc 2021/02/14 v1.3d Input encoding file
\inpenc@prehook=\toks17
\inpenc@posthook=\toks18
)
(/usr/local/texlive/2024/texmf-dist/tex/latex/lm/lmodern.sty
Package: lmodern 2015/05/01 v1.6.1 Latin Modern Fonts
LaTeX Font Info:    Overwriting symbol font `operators' in version `normal'
(Font)                  OT1/cmr/m/n --> OT1/lmr/m/n on input line 22.
LaTeX Font Info:    Overwriting symbol font `letters' in version `normal'
(Font)                  OML/cmm/m/it --> OML/lmm/m/it on input line 23.
LaTeX Font Info:    Overwriting symbol font `symbols' in version `normal'
(Font)                  OMS/cmsy/m/n --> OMS/lmsy/m/n on input line 24.
LaTeX Font Info:    Overwriting symbol font `largesymbols' in version `normal'
(Font)                  OMX/cmex/m/n --> OMX/lmex/m/n on input line 25.
LaTeX Font Info:    Overwriting symbol font `operators' in version `bold'
(Font)                  OT1/cmr/bx/n --> OT1/lmr/bx/n on input line 26.
LaTeX Font Info:    Overwriting symbol font `letters' in version `bold'
(Font)                  OML/cmm/b/it --> OML/lmm/b/it on input line 27.
LaTeX Font Info:    Overwriting symbol font `symbols' in version `bold'
(Font)                  OMS/cmsy/b/n --> OMS/lmsy/b/n on input line 28.
LaTeX Font Info:    Overwriting symbol font `largesymbols' in version `bold'
(Font)                  OMX/cmex/m/n --> OMX/lmex/m/n on input line 29.
LaTeX Font Info:    Overwriting math alphabet `\mathbf' in version `normal'
(Font)                  OT1/cmr/bx/n --> OT1/lmr/bx/n on input line 31.
LaTeX Font Info:    Overwriting math alphabet `\mathsf' in version `normal'
(Font)                  OT1/cmss/m/n --> OT1/lmss/m/n on input line 32.
LaTeX Font Info:    Overwriting math alphabet `\mathit' in version `normal'
(Font)                  OT1/cmr/m/it --> OT1/lmr/m/it on input line 33.
LaTeX Font Info:    Overwriting math alphabet `\mathtt' in version `normal'
(Font)                  OT1/cmtt/m/n --> OT1/lmtt/m/n on input line 34.
LaTeX Font Info:    Overwriting math alphabet `\mathbf' in version `bold'
(Font)                  OT1/cmr/bx/n --> OT1/lmr/bx/n on input line 35.
LaTeX Font Info:    Overwriting math alphabet `\mathsf' in version `bold'
(Font)                  OT1/cmss/bx/n --> OT1/lmss/bx/n on input line 36.
LaTeX Font Info:    Overwriting math alphabet `\mathit' in version `bold'
(Font)                  OT1/cmr/bx/it --> OT1/lmr/bx/it on input line 37.
LaTeX Font Info:    Overwriting math alphabet `\mathtt' in version `bold'
(Font)                  OT1/cmtt/m/n --> OT1/lmtt/m/n on input line 38.
)
(/usr/local/texlive/2024/texmf-dist/tex/latex/base/textcomp.sty
Package: textcomp 2020/02/02 v2.0n Standard LaTeX package
)
(/usr/local/texlive/2024/texmf-dist/tex/latex/lastpage/lastpage.sty
Package: lastpage 2023/10/14 v2.0e lastpage: 2.09 or 2e? (HMM)

(/usr/local/texlive/2024/texmf-dist/tex/latex/lastpage/lastpage2e.sty
Package: lastpage2e 2023/10/14 v2.0e Decide which 2e lastpage version to use (H
MM)

(/usr/local/texlive/2024/texmf-dist/tex/latex/lastpage/lastpagemodern.sty
Package: lastpagemodern 2023-10-14 v2.0e Refers to last page's name (HMM; JPG)
\c@lastpagecount=\count196
) 
)) (/usr/local/texlive/2024/texmf-dist/tex/latex/geometry/geometry.sty
Package: geometry 2020/01/02 v5.9 Page Geometry

(/usr/local/texlive/2024/texmf-dist/tex/latex/graphics/keyval.sty
Package: keyval 2022/05/29 v1.15 key=value parser (DPC)
\KV@toks@=\toks19
)
(/usr/local/texlive/2024/texmf-dist/tex/generic/iftex/ifvtex.sty
Package: ifvtex 2019/10/25 v1.7 ifvtex legacy package. Use iftex instead.

(/usr/local/texlive/2024/texmf-dist/tex/generic/iftex/iftex.sty
Package: iftex 2022/02/03 v1.0f TeX engine tests
))
\Gm@cnth=\count197
\Gm@cntv=\count198
\c@Gm@tempcnt=\count199
\Gm@bindingoffset=\dimen141
\Gm@wd@mp=\dimen142
\Gm@odd@mp=\dimen143
\Gm@even@mp=\dimen144
\Gm@layoutwidth=\dimen145
\Gm@layoutheight=\dimen146
\Gm@layouthoffset=\dimen147
\Gm@layoutvoffset=\dimen148
\Gm@dimlist=\toks20
)
(/usr/local/texlive/2024/texmf-dist/tex/latex/hyperref/hyperref.sty
Package: hyperref 2024-01-20 v7.01h Hypertext links for LaTeX

(/usr/local/texlive/2024/texmf-dist/tex/latex/kvsetkeys/kvsetkeys.sty
Package: kvsetkeys 2022-10-05 v1.19 Key value parser (HO)
)
(/usr/local/texlive/2024/texmf-dist/tex/generic/kvdefinekeys/kvdefinekeys.sty
Package: kvdefinekeys 2019-12-19 v1.6 Define keys (HO)
)
(/usr/local/texlive/2024/texmf-dist/tex/generic/pdfescape/pdfescape.sty
Package: pdfescape 2019/12/09 v1.15 Implements pdfTeX's escape features (HO)

(/usr/local/texlive/2024/texmf-dist/tex/generic/ltxcmds/ltxcmds.sty
Package: ltxcmds 2023-12-04 v1.26 LaTeX kernel commands for general use (HO)
)
(/usr/local/texlive/2024/texmf-dist/tex/generic/pdftexcmds/pdftexcmds.sty
Package: pdftexcmds 2020-06-27 v0.33 Utility functions of pdfTeX for LuaTeX (HO
)

(/usr/local/texlive/2024/texmf-dist/tex/generic/infwarerr/infwarerr.sty
Package: infwarerr 2019/12/03 v1.5 Providing info/warning/error messages (HO)
)
Package pdftexcmds Info: \pdf@primitive is available.
Package pdftexcmds Info: \pdf@ifprimitive is available.
Package pdftexcmds Info: \pdfdraftmode found.
))
(/usr/local/texlive/2024/texmf-dist/tex/latex/hycolor/hycolor.sty
Package: hycolor 2020-01-27 v1.10 Color options for hyperref/bookmark (HO)
)
(/usr/local/texlive/2024/texmf-dist/tex/latex/auxhook/auxhook.sty
Package: auxhook 2019-12-17 v1.6 Hooks for auxiliary files (HO)
)
(/usr/local/texlive/2024/texmf-dist/tex/latex/hyperref/nameref.sty
Package: nameref 2023-11-26 v2.56 Cross-referencing by name of section

(/usr/local/texlive/2024/texmf-dist/tex/latex/refcount/refcount.sty
Package: refcount 2019/12/15 v3.6 Data extraction from label references (HO)
)
(/usr/local/texlive/2024/texmf-dist/tex/generic/gettitlestring/gettitlestring.s
ty
Package: gettitlestring 2019/12/15 v1.6 Cleanup title references (HO)
 (/usr/local/texlive/2024/texmf-dist/tex/latex/kvoptions/kvoptions.sty
Package: kvoptions 2022-06-15 v3.15 Key value format for package options (HO)
))
\c@section@level=\count266
)
(/usr/local/texlive/2024/texmf-dist/tex/latex/etoolbox/etoolbox.sty
Package: etoolbox 2020/10/05 v2.5k e-TeX tools for LaTeX (JAW)
\etb@tempcnta=\count267
)
\@linkdim=\dimen149
\Hy@linkcounter=\count268
\Hy@pagecounter=\count269

(/usr/local/texlive/2024/texmf-dist/tex/latex/hyperref/pd1enc.def
File: pd1enc.def 2024-01-20 v7.01h Hyperref: PDFDocEncoding definition (HO)
Now handling font encoding PD1 ...
... no UTF-8 mapping file for font encoding PD1
)
(/usr/local/texlive/2024/texmf-dist/tex/generic/intcalc/intcalc.sty
Package: intcalc 2019/12/15 v1.3 Expandable calculations with integers (HO)
)
\Hy@SavedSpaceFactor=\count270

(/usr/local/texlive/2024/texmf-dist/tex/latex/hyperref/puenc.def
File: puenc.def 2024-01-20 v7.01h Hyperref: PDF Unicode definition (HO)
Now handling font encoding PU ...
... no UTF-8 mapping file for font encoding PU
)
Package hyperref Info: Hyper figures OFF on input line 4179.
Package hyperref Info: Link nesting OFF on input line 4184.
Package hyperref Info: Hyper index ON on input line 4187.
Package hyperref Info: Plain pages OFF on input line 4194.
Package hyperref Info: Backreferencing OFF on input line 4199.
Package hyperref Info: Implicit mode ON; LaTeX internals redefined.
Package hyperref Info: Bookmarks ON on input line 4446.
\c@Hy@tempcnt=\count271

(/usr/local/texlive/2024/texmf-dist/tex/latex/url/url.sty
\Urlmuskip=\muskip16
Package: url 2013/09/16  ver 3.4  Verb mode for urls, etc.
)
LaTeX Info: Redefining \url on input line 4784.
\XeTeXLinkMargin=\dimen150

(/usr/local/texlive/2024/texmf-dist/tex/generic/bitset/bitset.sty
Package: bitset 2019/12/09 v1.3 Handle bit-vector datatype (HO)

(/usr/local/texlive/2024/texmf-dist/tex/generic/bigintcalc/bigintcalc.sty
Package: bigintcalc 2019/12/15 v1.5 Expandable calculations on big integers (HO
)
))
\Fld@menulength=\count272
\Field@Width=\dimen151
\Fld@charsize=\dimen152
Package hyperref Info: Hyper figures OFF on input line 6063.
Package hyperref Info: Link nesting OFF on input line 6068.
Package hyperref Info: Hyper index ON on input line 6071.
Package hyperref Info: backreferencing OFF on input line 6078.
Package hyperref Info: Link coloring OFF on input line 6083.
Package hyperref Info: Link coloring with OCG OFF on input line 6088.
Package hyperref Info: PDF/A mode OFF on input line 6093.

(/usr/local/texlive/2024/texmf-dist/tex/latex/base/atbegshi-ltx.sty
Package: atbegshi-ltx 2021/01/10 v1.0c Emulation of the original atbegshi
package with kernel methods
)
\Hy@abspage=\count273
\c@Item=\count274
\c@Hfootnote=\count275
)
Package hyperref Info: Driver (autodetected): hpdftex.

(/usr/local/texlive/2024/texmf-dist/tex/latex/hyperref/hpdftex.def
File: hpdftex.def 2024-01-20 v7.01h Hyperref driver for pdfTeX

(/usr/local/texlive/2024/texmf-dist/tex/latex/base/atveryend-ltx.sty
Package: atveryend-ltx 2020/08/19 v1.0a Emulation of the original atveryend pac
kage
with kernel methods
)
\Fld@listcount=\count276
\c@bookmark@seq@number=\count277

(/usr/local/texlive/2024/texmf-dist/tex/latex/rerunfilecheck/rerunfilecheck.sty
Package: rerunfilecheck 2022-07-10 v1.10 Rerun checks for auxiliary files (HO)

(/usr/local/texlive/2024/texmf-dist/tex/generic/uniquecounter/uniquecounter.sty
Package: uniquecounter 2019/12/15 v1.4 Provide unlimited unique counter (HO)
)
Package uniquecounter Info: New unique counter `rerunfilecheck' on input line 2
85.
)
\Hy@SectionHShift=\skip50
) (/usr/local/texlive/2024/texmf-dist/tex/latex/enumitem/enumitem.sty
Package: enumitem 2019/06/20 v3.9 Customized lists
\labelindent=\skip51
\enit@outerparindent=\dimen153
\enit@toks=\toks21
\enit@inbox=\box51
\enit@count@id=\count278
\enitdp@description=\count279
)
(/usr/local/texlive/2024/texmf-dist/tex/latex/fancyhdr/fancyhdr.sty
Package: fancyhdr 2022/11/09 v4.1 Extensive control of page headers and footers

\f@nch@headwidth=\skip52
\f@nch@O@elh=\skip53
\f@nch@O@erh=\skip54
\f@nch@O@olh=\skip55
\f@nch@O@orh=\skip56
\f@nch@O@elf=\skip57
\f@nch@O@erf=\skip58
\f@nch@O@olf=\skip59
\f@nch@O@orf=\skip60
)
(/usr/local/texlive/2024/texmf-dist/tex/latex/xcolor/xcolor.sty
Package: xcolor 2023/11/15 v3.01 LaTeX color extensions (UK)

(/usr/local/texlive/2024/texmf-dist/tex/latex/graphics-cfg/color.cfg
File: color.cfg 2016/01/02 v1.6 sample color configuration
)
Package xcolor Info: Driver file: pdftex.def on input line 274.

(/usr/local/texlive/2024/texmf-dist/tex/latex/graphics-def/pdftex.def
File: pdftex.def 2022/09/22 v1.2b Graphics/color driver for pdftex
)
(/usr/local/texlive/2024/texmf-dist/tex/latex/graphics/mathcolor.ltx)
Package xcolor Info: Model `cmy' substituted by `cmy0' on input line 1350.
Package xcolor Info: Model `hsb' substituted by `rgb' on input line 1354.
Package xcolor Info: Model `RGB' extended on input line 1366.
Package xcolor Info: Model `HTML' substituted by `rgb' on input line 1368.
Package xcolor Info: Model `Hsb' substituted by `hsb' on input line 1369.
Package xcolor Info: Model `tHsb' substituted by `hsb' on input line 1370.
Package xcolor Info: Model `HSB' substituted by `hsb' on input line 1371.
Package xcolor Info: Model `Gray' substituted by `gray' on input line 1372.
Package xcolor Info: Model `wave' substituted by `hsb' on input line 1373.
)
(/usr/local/texlive/2024/texmf-dist/tex/latex/breakurl/breakurl.sty
Package: breakurl 2013/04/10 v1.40 Breakable hyperref URLs

(/usr/local/texlive/2024/texmf-dist/tex/latex/xkeyval/xkeyval.sty
Package: xkeyval 2022/06/16 v2.9 package option processing (HA)

(/usr/local/texlive/2024/texmf-dist/tex/generic/xkeyval/xkeyval.tex
(/usr/local/texlive/2024/texmf-dist/tex/generic/xkeyval/xkvutils.tex
\XKV@toks=\toks22
\XKV@tempa@toks=\toks23
)
\XKV@depth=\count280
File: xkeyval.tex 2014/12/03 v2.7a key=value parser (HA)
))
(/usr/local/texlive/2024/texmf-dist/tex/generic/iftex/ifpdf.sty
Package: ifpdf 2019/10/25 v3.4 ifpdf legacy package. Use iftex instead.
)

Package breakurl Warning: You are using breakurl while processing via pdflatex.

(breakurl)                \burl will be just a synonym of \url.
(breakurl)                 on input line 48.

) (/usr/local/texlive/2024/texmf-dist/tex/latex/amsmath/amsmath.sty
Package: amsmath 2023/05/13 v2.17o AMS math features
\@mathmargin=\skip61

For additional information on amsmath, use the `?' option.
(/usr/local/texlive/2024/texmf-dist/tex/latex/amsmath/amstext.sty
Package: amstext 2021/08/26 v2.01 AMS text

(/usr/local/texlive/2024/texmf-dist/tex/latex/amsmath/amsgen.sty
File: amsgen.sty 1999/11/30 v2.0 generic functions
\@emptytoks=\toks24
\ex@=\dimen154
))
(/usr/local/texlive/2024/texmf-dist/tex/latex/amsmath/amsbsy.sty
Package: amsbsy 1999/11/29 v1.2d Bold Symbols
\pmbraise@=\dimen155
)
(/usr/local/texlive/2024/texmf-dist/tex/latex/amsmath/amsopn.sty
Package: amsopn 2022/04/08 v2.04 operator names
)
\inf@bad=\count281
LaTeX Info: Redefining \frac on input line 234.
\uproot@=\count282
\leftroot@=\count283
LaTeX Info: Redefining \overline on input line 399.
LaTeX Info: Redefining \colon on input line 410.
\classnum@=\count284
\DOTSCASE@=\count285
LaTeX Info: Redefining \ldots on input line 496.
LaTeX Info: Redefining \dots on input line 499.
LaTeX Info: Redefining \cdots on input line 620.
\Mathstrutbox@=\box52
\strutbox@=\box53
LaTeX Info: Redefining \big on input line 722.
LaTeX Info: Redefining \Big on input line 723.
LaTeX Info: Redefining \bigg on input line 724.
LaTeX Info: Redefining \Bigg on input line 725.
\big@size=\dimen156
LaTeX Font Info:    Redeclaring font encoding OML on input line 743.
LaTeX Font Info:    Redeclaring font encoding OMS on input line 744.
\macc@depth=\count286
LaTeX Info: Redefining \bmod on input line 905.
LaTeX Info: Redefining \pmod on input line 910.
LaTeX Info: Redefining \smash on input line 940.
LaTeX Info: Redefining \relbar on input line 970.
LaTeX Info: Redefining \Relbar on input line 971.
\c@MaxMatrixCols=\count287
\dotsspace@=\muskip17
\c@parentequation=\count288
\dspbrk@lvl=\count289
\tag@help=\toks25
\row@=\count290
\column@=\count291
\maxfields@=\count292
\andhelp@=\toks26
\eqnshift@=\dimen157
\alignsep@=\dimen158
\tagshift@=\dimen159
\tagwidth@=\dimen160
\totwidth@=\dimen161
\lineht@=\dimen162
\@envbody=\toks27
\multlinegap=\skip62
\multlinetaggap=\skip63
\mathdisplay@stack=\toks28
LaTeX Info: Redefining \[ on input line 2953.
LaTeX Info: Redefining \] on input line 2954.
)
(/usr/local/texlive/2024/texmf-dist/tex/latex/amsfonts/amssymb.sty
Package: amssymb 2013/01/14 v3.01 AMS font symbols

(/usr/local/texlive/2024/texmf-dist/tex/latex/amsfonts/amsfonts.sty
Package: amsfonts 2013/01/14 v3.01 Basic AMSFonts support
\symAMSa=\mathgroup4
\symAMSb=\mathgroup5
LaTeX Font Info:    Redeclaring math symbol \hbar on input line 98.
LaTeX Font Info:    Overwriting math alphabet `\mathfrak' in version `bold'
(Font)                  U/euf/m/n --> U/euf/b/n on input line 106.
))
(/usr/local/texlive/2024/texmf-dist/tex/latex/mathtools/mathtools.sty
Package: mathtools 2024/03/11 v1.30 mathematical typesetting tools

(/usr/local/texlive/2024/texmf-dist/tex/latex/tools/calc.sty
Package: calc 2023/07/08 v4.3 Infix arithmetic (KKT,FJ)
\calc@Acount=\count293
\calc@Bcount=\count294
\calc@Adimen=\dimen163
\calc@Bdimen=\dimen164
\calc@Askip=\skip64
\calc@Bskip=\skip65
LaTeX Info: Redefining \setlength on input line 80.
LaTeX Info: Redefining \addtolength on input line 81.
\calc@Ccount=\count295
\calc@Cskip=\skip66
)
(/usr/local/texlive/2024/texmf-dist/tex/latex/mathtools/mhsetup.sty
Package: mhsetup 2021/03/18 v1.4 programming setup (MH)
)
\g_MT_multlinerow_int=\count296
\l_MT_multwidth_dim=\dimen165
\origjot=\skip67
\l_MT_shortvdotswithinadjustabove_dim=\dimen166
\l_MT_shortvdotswithinadjustbelow_dim=\dimen167
\l_MT_above_intertext_sep=\dimen168
\l_MT_below_intertext_sep=\dimen169
\l_MT_above_shortintertext_sep=\dimen170
\l_MT_below_shortintertext_sep=\dimen171
\xmathstrut@box=\box54
\xmathstrut@dim=\dimen172
)
(/usr/local/texlive/2024/texmf-dist/tex/latex/amscls/amsthm.sty
Package: amsthm 2020/05/29 v2.20.6
\thm@style=\toks29
\thm@bodyfont=\toks30
\thm@headfont=\toks31
\thm@notefont=\toks32
\thm@headpunct=\toks33
\thm@preskip=\skip68
\thm@postskip=\skip69
\thm@headsep=\skip70
\dth@everypar=\toks34
)
(/usr/local/texlive/2024/texmf-dist/tex/latex/thmtools/thmtools.sty
Package: thmtools 2023/05/04 v0.76
\thmt@toks=\toks35
\c@thmt@dummyctr=\count297

(/usr/local/texlive/2024/texmf-dist/tex/latex/thmtools/thm-patch.sty
Package: thm-patch 2023/05/04 v0.76

(/usr/local/texlive/2024/texmf-dist/tex/latex/thmtools/parseargs.sty
Package: parseargs 2023/05/04 v0.76
\@parsespec=\toks36
))
(/usr/local/texlive/2024/texmf-dist/tex/latex/thmtools/thm-kv.sty
Package: thm-kv 2023/05/04 v0.76
Package thm-kv Info: Theorem names will be uppercased on input line 42.
Package thm-kv Info: kvsetkeys patch (v1.16 or later) on input line 158.
)
(/usr/local/texlive/2024/texmf-dist/tex/latex/thmtools/thm-autoref.sty
Package: thm-autoref 2023/05/04 v0.76

(/usr/local/texlive/2024/texmf-dist/tex/latex/thmtools/aliasctr.sty
Package: aliasctr 2023/05/04 v0.76
))
(/usr/local/texlive/2024/texmf-dist/tex/latex/thmtools/thm-listof.sty
Package: thm-listof 2023/05/04 v0.76
)
(/usr/local/texlive/2024/texmf-dist/tex/latex/thmtools/thm-restate.sty
Package: thm-restate 2023/05/04 v0.76
)
(/usr/local/texlive/2024/texmf-dist/tex/latex/thmtools/thm-amsthm.sty
Package: thm-amsthm 2023/05/04 v0.76
\thmt@style@headstyle=\toks37
))
(/usr/local/texlive/2024/texmf-dist/tex/latex/float/float.sty
Package: float 2001/11/08 v1.3d Float enhancements (AL)
\c@float@type=\count298
\float@exts=\toks38
\float@box=\box55
\@float@everytoks=\toks39
\@floatcapt=\box56
)
(/usr/local/texlive/2024/texmf-dist/tex/latex/caption/subcaption.sty
Package: subcaption 2023/07/28 v1.6b Sub-captions (AR)

(/usr/local/texlive/2024/texmf-dist/tex/latex/caption/caption.sty
Package: caption 2023/08/05 v3.6o Customizing captions (AR)

(/usr/local/texlive/2024/texmf-dist/tex/latex/caption/caption3.sty
Package: caption3 2023/07/31 v2.4d caption3 kernel (AR)
\caption@tempdima=\dimen173
\captionmargin=\dimen174
\caption@leftmargin=\dimen175
\caption@rightmargin=\dimen176
\caption@width=\dimen177
\caption@indent=\dimen178
\caption@parindent=\dimen179
\caption@hangindent=\dimen180
Package caption Info: Standard document class detected.
)
\c@caption@flags=\count299
\c@continuedfloat=\count300
Package caption Info: float package is loaded.
Package caption Info: hyperref package is loaded.
)
Package caption Info: New subtype `subfigure' on input line 238.
\c@subfigure=\count301
Package caption Info: New subtype `subtable' on input line 238.
\c@subtable=\count302
)
Package hyperref Info: Option `colorlinks' set `true' on input line 33.
Package hyperref Info: Option `breaklinks' set `true' on input line 33.


Package hyperref Warning: Option `bookmarks' has already been used,
(hyperref)                setting the option has no effect on input line 33.


(/usr/local/texlive/2024/texmf-dist/tex/latex/newunicodechar/newunicodechar.sty
Package: newunicodechar 2018/04/08 v1.2 Defining Unicode characters
)
LaTeX Font Info:    Trying to load font information for T1+lmr on input line 68
.
 (/usr/local/texlive/2024/texmf-dist/tex/latex/lm/t1lmr.fd
File: t1lmr.fd 2015/05/01 v1.6.1 Font defs for Latin Modern
)
(/usr/local/texlive/2024/texmf-dist/tex/latex/l3backend/l3backend-pdftex.def
File: l3backend-pdftex.def 2024-02-20 L3 backend support: PDF output (pdfTeX)
\l__color_backend_stack_int=\count303
\l__pdf_internal_box=\box57
)
(_logs/notes.aux)
\openout1 = `notes.aux'.

LaTeX Font Info:    Checking defaults for OML/cmm/m/it on input line 68.
LaTeX Font Info:    ... okay on input line 68.
LaTeX Font Info:    Checking defaults for OMS/cmsy/m/n on input line 68.
LaTeX Font Info:    ... okay on input line 68.
LaTeX Font Info:    Checking defaults for OT1/cmr/m/n on input line 68.
LaTeX Font Info:    ... okay on input line 68.
LaTeX Font Info:    Checking defaults for T1/cmr/m/n on input line 68.
LaTeX Font Info:    ... okay on input line 68.
LaTeX Font Info:    Checking defaults for TS1/cmr/m/n on input line 68.
LaTeX Font Info:    ... okay on input line 68.
LaTeX Font Info:    Checking defaults for OMX/cmex/m/n on input line 68.
LaTeX Font Info:    ... okay on input line 68.
LaTeX Font Info:    Checking defaults for U/cmr/m/n on input line 68.
LaTeX Font Info:    ... okay on input line 68.
LaTeX Font Info:    Checking defaults for PD1/pdf/m/n on input line 68.
LaTeX Font Info:    ... okay on input line 68.
LaTeX Font Info:    Checking defaults for PU/pdf/m/n on input line 68.
LaTeX Font Info:    ... okay on input line 68.

*geometry* driver: auto-detecting
*geometry* detected driver: pdftex
*geometry* verbose mode - [ preamble ] result:
* driver: pdftex
* paper: <default>
* layout: <same size as paper>
* layoutoffset:(h,v)=(0.0pt,0.0pt)
* modes: 
* h-part:(L,W,R)=(72.26999pt, 469.75502pt, 72.26999pt)
* v-part:(T,H,B)=(72.26999pt, 650.43001pt, 72.26999pt)
* \paperwidth=614.295pt
* \paperheight=794.96999pt
* \textwidth=469.75502pt
* \textheight=650.43001pt
* \oddsidemargin=0.0pt
* \evensidemargin=0.0pt
* \topmargin=-39.0pt
* \headheight=14.0pt
* \headsep=25.0pt
* \topskip=10.0pt
* \footskip=30.0pt
* \marginparwidth=65.0pt
* \marginparsep=11.0pt
* \columnsep=10.0pt
* \skip\footins=9.0pt plus 4.0pt minus 2.0pt
* \hoffset=0.0pt
* \voffset=0.0pt
* \mag=1000
* \@twocolumnfalse
* \@twosidefalse
* \@mparswitchfalse
* \@reversemarginfalse
* (1in=72.27pt=25.4mm, 1cm=28.453pt)

Package hyperref Info: Link coloring ON on input line 68.
\@outlinefile=\write3
\openout3 = `notes.out'.

(/usr/local/texlive/2024/texmf-dist/tex/context/base/mkii/supp-pdf.mkii
[Loading MPS to PDF converter (version 2006.09.02).]
\scratchcounter=\count304
\scratchdimen=\dimen181
\scratchbox=\box58
\nofMPsegments=\count305
\nofMParguments=\count306
\everyMPshowfont=\toks40
\MPscratchCnt=\count307
\MPscratchDim=\dimen182
\MPnumerator=\count308
\makeMPintoPDFobject=\count309
\everyMPtoPDFconversion=\toks41
) (/usr/local/texlive/2024/texmf-dist/tex/latex/graphics/graphicx.sty
Package: graphicx 2021/09/16 v1.2d Enhanced LaTeX Graphics (DPC,SPQR)

(/usr/local/texlive/2024/texmf-dist/tex/latex/graphics/graphics.sty
Package: graphics 2022/03/10 v1.4e Standard LaTeX Graphics (DPC,SPQR)

(/usr/local/texlive/2024/texmf-dist/tex/latex/graphics/trig.sty
Package: trig 2021/08/11 v1.11 sin cos tan (DPC)
)
(/usr/local/texlive/2024/texmf-dist/tex/latex/graphics-cfg/graphics.cfg
File: graphics.cfg 2016/06/04 v1.11 sample graphics configuration
)
Package graphics Info: Driver file: pdftex.def on input line 107.
)
\Gin@req@height=\dimen183
\Gin@req@width=\dimen184
)
Package caption Info: Begin \AtBeginDocument code.
Package caption Info: End \AtBeginDocument code.
LaTeX Font Info:    Trying to load font information for OT1+lmr on input line 7
1.

(/usr/local/texlive/2024/texmf-dist/tex/latex/lm/ot1lmr.fd
File: ot1lmr.fd 2015/05/01 v1.6.1 Font defs for Latin Modern
)
LaTeX Font Info:    Trying to load font information for OML+lmm on input line 7
1.

(/usr/local/texlive/2024/texmf-dist/tex/latex/lm/omllmm.fd
File: omllmm.fd 2015/05/01 v1.6.1 Font defs for Latin Modern
)
LaTeX Font Info:    Trying to load font information for OMS+lmsy on input line 
71.

(/usr/local/texlive/2024/texmf-dist/tex/latex/lm/omslmsy.fd
File: omslmsy.fd 2015/05/01 v1.6.1 Font defs for Latin Modern
)
LaTeX Font Info:    Trying to load font information for OMX+lmex on input line 
71.

(/usr/local/texlive/2024/texmf-dist/tex/latex/lm/omxlmex.fd
File: omxlmex.fd 2015/05/01 v1.6.1 Font defs for Latin Modern
)
LaTeX Font Info:    External font `lmex10' loaded for size
(Font)              <12> on input line 71.
LaTeX Font Info:    External font `lmex10' loaded for size
(Font)              <8> on input line 71.
LaTeX Font Info:    External font `lmex10' loaded for size
(Font)              <6> on input line 71.
LaTeX Font Info:    Trying to load font information for U+msa on input line 71.


(/usr/local/texlive/2024/texmf-dist/tex/latex/amsfonts/umsa.fd
File: umsa.fd 2013/01/14 v3.01 AMS symbols A
)
LaTeX Font Info:    Trying to load font information for U+msb on input line 71.


(/usr/local/texlive/2024/texmf-dist/tex/latex/amsfonts/umsb.fd
File: umsb.fd 2013/01/14 v3.01 AMS symbols B
)
/Users/ashoksaravanan/Coding/ScribeLec/server/output/MA 421/lectures/2024-12-03
-Duality/notes.tex:76: Missing $ inserted.
<inserted text> 
                $
l.76 (P) \quad \max
                    \quad c^T x \\
I've inserted a begin-math/end-math symbol since I think
you left one out. Proceed, with fingers crossed.

LaTeX Font Info:    External font `lmex10' loaded for size
(Font)              <10> on input line 76.
LaTeX Font Info:    External font `lmex10' loaded for size
(Font)              <7> on input line 76.
LaTeX Font Info:    External font `lmex10' loaded for size
(Font)              <5> on input line 76.
/Users/ashoksaravanan/Coding/ScribeLec/server/output/MA 421/lectures/2024-12-03
-Duality/notes.tex:86: Missing $ inserted.
<inserted text> 
                $
l.86 \subsection
                {Description}%
I've inserted a begin-math/end-math symbol since I think
you left one out. Proceed, with fingers crossed.

</Users/ashoksaravanan/Coding/ScribeLec/server/output/MA 421/lectures/2024-12-0
3-Duality/figures/1.1.png, id=4, 35.13126pt x 35.13126pt>
File: /Users/ashoksaravanan/Coding/ScribeLec/server/output/MA 421/lectures/2024
-12-03-Duality/figures/1.1.png Graphic file (type png)
<use /Users/ashoksaravanan/Coding/ScribeLec/server/output/MA 421/lectures/2024-
12-03-Duality/figures/1.1.png>
Package pdftex.def Info: /Users/ashoksaravanan/Coding/ScribeLec/server/output/M
A 421/lectures/2024-12-03-Duality/figures/1.1.png  used on input line 93.
(pdftex.def)             Requested size: 70.46037pt x 70.47243pt.
[1

{/usr/local/texlive/2024/texmf-var/fonts/map/pdftex/updmap/pdftex.map}{/usr/loc
al/texlive/2024/texmf-dist/fonts/enc/dvips/lm/lm-ec.enc}{/usr/local/texlive/202
4/texmf-dist/fonts/enc/dvips/lm/lm-rm.enc}{/usr/local/texlive/2024/texmf-dist/f
onts/enc/dvips/lm/lm-mathit.enc}{/usr/local/texlive/2024/texmf-dist/fonts/enc/d
vips/lm/lm-mathsy.enc} </Users/ashoksaravanan/Coding/ScribeLec/server/output/MA
 421/lectures/2024-12-03-Duality/figures/1.1.png (PNG copy)>]
/Users/ashoksaravanan/Coding/ScribeLec/server/output/MA 421/lectures/2024-12-03
-Duality/notes.tex:105: Missing $ inserted.
<inserted text> 
                $
l.105 c^
        T x = y^T A x = y^T b \\
I've inserted a begin-math/end-math symbol since I think
you left one out. Proceed, with fingers crossed.

/Users/ashoksaravanan/Coding/ScribeLec/server/output/MA 421/lectures/2024-12-03
-Duality/notes.tex:115: Missing $ inserted.
<inserted text> 
                $
l.115 \subsection
                 {Description}%
I've inserted a begin-math/end-math symbol since I think
you left one out. Proceed, with fingers crossed.

</Users/ashoksaravanan/Coding/ScribeLec/server/output/MA 421/lectures/2024-12-0
3-Duality/figures/2.1.png, id=24, 35.13126pt x 35.13126pt>
File: /Users/ashoksaravanan/Coding/ScribeLec/server/output/MA 421/lectures/2024
-12-03-Duality/figures/2.1.png Graphic file (type png)
<use /Users/ashoksaravanan/Coding/ScribeLec/server/output/MA 421/lectures/2024-
12-03-Duality/figures/2.1.png>
Package pdftex.def Info: /Users/ashoksaravanan/Coding/ScribeLec/server/output/M
A 421/lectures/2024-12-03-Duality/figures/2.1.png  used on input line 122.
(pdftex.def)             Requested size: 70.46037pt x 70.47243pt.
[2{/usr/local/texlive/2024/texmf-dist/fonts/enc/dvips/lm/lm-mathex.enc} </Users
/ashoksaravanan/Coding/ScribeLec/server/output/MA 421/lectures/2024-12-03-Duali
ty/figures/2.1.png (PNG copy)>]
/Users/ashoksaravanan/Coding/ScribeLec/server/output/MA 421/lectures/2024-12-03
-Duality/notes.tex:136: Missing $ inserted.
<inserted text> 
                $
l.136 \text{maximize} \quad x_
                              1 + x_2 \\
I've inserted a begin-math/end-math symbol since I think
you left one out. Proceed, with fingers crossed.

/Users/ashoksaravanan/Coding/ScribeLec/server/output/MA 421/lectures/2024-12-03
-Duality/notes.tex:143: Missing $ inserted.
<inserted text> 
                $
l.143 \subsection
                 {Description}%
I've inserted a begin-math/end-math symbol since I think
you left one out. Proceed, with fingers crossed.

</Users/ashoksaravanan/Coding/ScribeLec/server/output/MA 421/lectures/2024-12-0
3-Duality/figures/3.1.png, id=37, 397.485pt x 635.37375pt>
File: /Users/ashoksaravanan/Coding/ScribeLec/server/output/MA 421/lectures/2024
-12-03-Duality/figures/3.1.png Graphic file (type png)
<use /Users/ashoksaravanan/Coding/ScribeLec/server/output/MA 421/lectures/2024-
12-03-Duality/figures/3.1.png>
Package pdftex.def Info: /Users/ashoksaravanan/Coding/ScribeLec/server/output/M
A 421/lectures/2024-12-03-Duality/figures/3.1.png  used on input line 150.
(pdftex.def)             Requested size: 70.46037pt x 112.62692pt.

Underfull \hbox (badness 10000) in paragraph at lines 151--151
[]\T1/lmr/bx/n/8 (a) |\T1/lmr/m/n/8 A shaded
 []


Underfull \hbox (badness 2875) in paragraph at lines 151--151
\T1/lmr/m/n/8 pen-tag-o-nal re-gion
 []


Underfull \hbox (badness 10000) in paragraph at lines 151--151
\T1/lmr/m/n/8 rep-re-sent-ing the
 []


Underfull \hbox (badness 2310) in paragraph at lines 151--151
\T1/lmr/m/n/8 fea-si-ble re-gion of
 []


Underfull \hbox (badness 1448) in paragraph at lines 151--151
\T1/lmr/m/n/8 two vari-ables ($\OML/lmm/m/it/8 x[]$
 []


Underfull \hbox (badness 5008) in paragraph at lines 151--151
\T1/lmr/m/n/8 and $\OML/lmm/m/it/8 x[]$\T1/lmr/m/n/8 ). The
 []


Underfull \hbox (badness 10000) in paragraph at lines 151--151
\T1/lmr/m/n/8 ver-tices of the
 []


Underfull \hbox (badness 10000) in paragraph at lines 151--151
\T1/lmr/m/n/8 pen-tagon are
 []


Underfull \hbox (badness 10000) in paragraph at lines 151--151
\T1/lmr/m/n/8 line rep-re-sent-ing
 []


Underfull \hbox (badness 6493) in paragraph at lines 151--151
\OML/lmm/m/it/8 x[] \OT1/lmr/m/n/8 + \OML/lmm/m/it/8 x[] \OT1/lmr/m/n/8 = 2$
 []


Underfull \hbox (badness 10000) in paragraph at lines 151--151
\T1/lmr/m/n/8 in-ter-sects the
 []


Underfull \hbox (badness 10000) in paragraph at lines 151--151
\T1/lmr/m/n/8 fea-si-ble re-gion.
 []


Underfull \hbox (badness 10000) in paragraph at lines 151--151
\T1/lmr/m/n/8 The co-or-di-nates
 []


Underfull \hbox (badness 10000) in paragraph at lines 151--151
\T1/lmr/m/n/8 ex-plic-itly marked
 []

[3] [4 </Users/ashoksaravanan/Coding/ScribeLec/server/output/MA 421/lectures/20
24-12-03-Duality/figures/3.1.png (PNG copy)>]
/Users/ashoksaravanan/Coding/ScribeLec/server/output/MA 421/lectures/2024-12-03
-Duality/notes.tex:163: Missing $ inserted.
<inserted text> 
                $
l.163 \text{maximize} \quad x_
                              1 + x_2 \\
I've inserted a begin-math/end-math symbol since I think
you left one out. Proceed, with fingers crossed.

/Users/ashoksaravanan/Coding/ScribeLec/server/output/MA 421/lectures/2024-12-03
-Duality/notes.tex:170: Missing $ inserted.
<inserted text> 
                $
l.170 \subsection
                 {Description}%
I've inserted a begin-math/end-math symbol since I think
you left one out. Proceed, with fingers crossed.

</Users/ashoksaravanan/Coding/ScribeLec/server/output/MA 421/lectures/2024-12-0
3-Duality/figures/4.1.png, id=55, 716.6775pt x 493.845pt>
File: /Users/ashoksaravanan/Coding/ScribeLec/server/output/MA 421/lectures/2024
-12-03-Duality/figures/4.1.png Graphic file (type png)
<use /Users/ashoksaravanan/Coding/ScribeLec/server/output/MA 421/lectures/2024-
12-03-Duality/figures/4.1.png>
Package pdftex.def Info: /Users/ashoksaravanan/Coding/ScribeLec/server/output/M
A 421/lectures/2024-12-03-Duality/figures/4.1.png  used on input line 177.
(pdftex.def)             Requested size: 70.46037pt x 48.55095pt.

Underfull \hbox (badness 10000) in paragraph at lines 178--178
[]\T1/lmr/bx/n/8 (a) |\T1/lmr/m/n/8 A shaded
 []


Underfull \hbox (badness 2875) in paragraph at lines 178--178
\T1/lmr/m/n/8 pen-tag-o-nal re-gion
 []


Underfull \hbox (badness 10000) in paragraph at lines 178--178
\T1/lmr/m/n/8 rep-re-sent-ing the
 []


Underfull \hbox (badness 2310) in paragraph at lines 178--178
\T1/lmr/m/n/8 fea-si-ble re-gion of
 []


Underfull \hbox (badness 1448) in paragraph at lines 178--178
\T1/lmr/m/n/8 two vari-ables ($\OML/lmm/m/it/8 x[]$
 []


Underfull \hbox (badness 5008) in paragraph at lines 178--178
\T1/lmr/m/n/8 and $\OML/lmm/m/it/8 x[]$\T1/lmr/m/n/8 ). The
 []


Underfull \hbox (badness 10000) in paragraph at lines 178--178
\T1/lmr/m/n/8 ver-tices of the
 []


Underfull \hbox (badness 10000) in paragraph at lines 178--178
\T1/lmr/m/n/8 pen-tagon are
 []


Underfull \hbox (badness 10000) in paragraph at lines 178--178
\T1/lmr/m/n/8 line rep-re-sent-ing
 []


Underfull \hbox (badness 3849) in paragraph at lines 178--178
\OML/lmm/m/it/8 x[] \OT1/lmr/m/n/8 + \OML/lmm/m/it/8 x[] \OT1/lmr/m/n/8 = 10$
 []


Underfull \hbox (badness 10000) in paragraph at lines 178--178
\T1/lmr/m/n/8 in-ter-sects the
 []


Underfull \hbox (badness 10000) in paragraph at lines 178--178
\T1/lmr/m/n/8 fea-si-ble re-gion.
 []


Underfull \hbox (badness 10000) in paragraph at lines 178--178
\T1/lmr/m/n/8 The co-or-di-nates
 []


Underfull \hbox (badness 10000) in paragraph at lines 178--178
\T1/lmr/m/n/8 ex-plic-itly marked
 []

[5 </Users/ashoksaravanan/Coding/ScribeLec/server/output/MA 421/lectures/2024-1
2-03-Duality/figures/4.1.png (PNG copy)>]
/Users/ashoksaravanan/Coding/ScribeLec/server/output/MA 421/lectures/2024-12-03
-Duality/notes.tex:188: Missing $ inserted.
<inserted text> 
                $
l.188 \text{max} \quad x_
                         1 + x_2 \\
I've inserted a begin-math/end-math symbol since I think
you left one out. Proceed, with fingers crossed.

/Users/ashoksaravanan/Coding/ScribeLec/server/output/MA 421/lectures/2024-12-03
-Duality/notes.tex:193: Missing $ inserted.
<inserted text> 
                $
l.193 \subsection
                 {Description}%
I've inserted a begin-math/end-math symbol since I think
you left one out. Proceed, with fingers crossed.

</Users/ashoksaravanan/Coding/ScribeLec/server/output/MA 421/lectures/2024-12-0
3-Duality/figures/5.1.png, id=65, 35.13126pt x 35.13126pt>
File: /Users/ashoksaravanan/Coding/ScribeLec/server/output/MA 421/lectures/2024
-12-03-Duality/figures/5.1.png Graphic file (type png)
<use /Users/ashoksaravanan/Coding/ScribeLec/server/output/MA 421/lectures/2024-
12-03-Duality/figures/5.1.png>
Package pdftex.def Info: /Users/ashoksaravanan/Coding/ScribeLec/server/output/M
A 421/lectures/2024-12-03-Duality/figures/5.1.png  used on input line 200.
(pdftex.def)             Requested size: 70.46037pt x 70.47243pt.
[6 </Users/ashoksaravanan/Coding/ScribeLec/server/output/MA 421/lectures/2024-1
2-03-Duality/figures/5.1.png (PNG copy)>]
/Users/ashoksaravanan/Coding/ScribeLec/server/output/MA 421/lectures/2024-12-03
-Duality/notes.tex:211: Missing $ inserted.
<inserted text> 
                $
l.211 \text{max} \quad x_
                         1 + x_2 \\
I've inserted a begin-math/end-math symbol since I think
you left one out. Proceed, with fingers crossed.

/Users/ashoksaravanan/Coding/ScribeLec/server/output/MA 421/lectures/2024-12-03
-Duality/notes.tex:216: Missing $ inserted.
<inserted text> 
                $
l.216 \subsection
                 {Description}%
I've inserted a begin-math/end-math symbol since I think
you left one out. Proceed, with fingers crossed.

</Users/ashoksaravanan/Coding/ScribeLec/server/output/MA 421/lectures/2024-12-0
3-Duality/figures/6.1.png, id=75, 35.13126pt x 35.13126pt>
File: /Users/ashoksaravanan/Coding/ScribeLec/server/output/MA 421/lectures/2024
-12-03-Duality/figures/6.1.png Graphic file (type png)
<use /Users/ashoksaravanan/Coding/ScribeLec/server/output/MA 421/lectures/2024-
12-03-Duality/figures/6.1.png>
Package pdftex.def Info: /Users/ashoksaravanan/Coding/ScribeLec/server/output/M
A 421/lectures/2024-12-03-Duality/figures/6.1.png  used on input line 223.
(pdftex.def)             Requested size: 70.46037pt x 70.47243pt.
[7 </Users/ashoksaravanan/Coding/ScribeLec/server/output/MA 421/lectures/2024-1
2-03-Duality/figures/6.1.png (PNG copy)>]
/Users/ashoksaravanan/Coding/ScribeLec/server/output/MA 421/lectures/2024-12-03
-Duality/notes.tex:234: Missing $ inserted.
<inserted text> 
                $
l.234 \text{max} \quad x_
                         1 + x_2 \\
I've inserted a begin-math/end-math symbol since I think
you left one out. Proceed, with fingers crossed.

/Users/ashoksaravanan/Coding/ScribeLec/server/output/MA 421/lectures/2024-12-03
-Duality/notes.tex:240: Missing $ inserted.
<inserted text> 
                $
l.240 \subsection
                 {Description}%
I've inserted a begin-math/end-math symbol since I think
you left one out. Proceed, with fingers crossed.

</Users/ashoksaravanan/Coding/ScribeLec/server/output/MA 421/lectures/2024-12-0
3-Duality/figures/7.1.png, id=86, 35.13126pt x 35.13126pt>
File: /Users/ashoksaravanan/Coding/ScribeLec/server/output/MA 421/lectures/2024
-12-03-Duality/figures/7.1.png Graphic file (type png)
<use /Users/ashoksaravanan/Coding/ScribeLec/server/output/MA 421/lectures/2024-
12-03-Duality/figures/7.1.png>
Package pdftex.def Info: /Users/ashoksaravanan/Coding/ScribeLec/server/output/M
A 421/lectures/2024-12-03-Duality/figures/7.1.png  used on input line 247.
(pdftex.def)             Requested size: 70.46037pt x 70.47243pt.
[8 </Users/ashoksaravanan/Coding/ScribeLec/server/output/MA 421/lectures/2024-1
2-03-Duality/figures/7.1.png (PNG copy)>]
/Users/ashoksaravanan/Coding/ScribeLec/server/output/MA 421/lectures/2024-12-03
-Duality/notes.tex:258: Missing $ inserted.
<inserted text> 
                $
l.258 \text{max} \quad x_
                         1 + x_2 = 10 \\
I've inserted a begin-math/end-math symbol since I think
you left one out. Proceed, with fingers crossed.

/Users/ashoksaravanan/Coding/ScribeLec/server/output/MA 421/lectures/2024-12-03
-Duality/notes.tex:269: Missing $ inserted.
<inserted text> 
                $
l.269 \subsection
                 {Description}%
I've inserted a begin-math/end-math symbol since I think
you left one out. Proceed, with fingers crossed.

</Users/ashoksaravanan/Coding/ScribeLec/server/output/MA 421/lectures/2024-12-0
3-Duality/figures/8.1.png, id=96, 35.13126pt x 35.13126pt>
File: /Users/ashoksaravanan/Coding/ScribeLec/server/output/MA 421/lectures/2024
-12-03-Duality/figures/8.1.png Graphic file (type png)
<use /Users/ashoksaravanan/Coding/ScribeLec/server/output/MA 421/lectures/2024-
12-03-Duality/figures/8.1.png>
Package pdftex.def Info: /Users/ashoksaravanan/Coding/ScribeLec/server/output/M
A 421/lectures/2024-12-03-Duality/figures/8.1.png  used on input line 276.
(pdftex.def)             Requested size: 70.46037pt x 70.47243pt.
[9 </Users/ashoksaravanan/Coding/ScribeLec/server/output/MA 421/lectures/2024-1
2-03-Duality/figures/8.1.png (PNG copy)>]
/Users/ashoksaravanan/Coding/ScribeLec/server/output/MA 421/lectures/2024-12-03
-Duality/notes.tex:288: Missing $ inserted.
<inserted text> 
                $
l.288 ...- y_2 + 2y_3)x_1 + (y_1 + 2y_2 - y_3)x_2}
                                                   \le \underline{14y_1 + 8y...
I've inserted a begin-math/end-math symbol since I think
you left one out. Proceed, with fingers crossed.

/Users/ashoksaravanan/Coding/ScribeLec/server/output/MA 421/lectures/2024-12-03
-Duality/notes.tex:288: Extra }, or forgotten $.
\underline  ...{#1}\else $\@@underline {\hbox {#1}
                                                  }\m@th $\relax \fi 
l.288 ...- y_2 + 2y_3)x_1 + (y_1 + 2y_2 - y_3)x_2}
                                                   \le \underline{14y_1 + 8y...
I've deleted a group-closing symbol because it seems to be
spurious, as in `$x}$'. But perhaps the } is legitimate and
you forgot something else, as in `\hbox{$x}'. In such cases
the way to recover is to insert both the forgotten and the
deleted material, e.g., by typing `I$}'.

/Users/ashoksaravanan/Coding/ScribeLec/server/output/MA 421/lectures/2024-12-03
-Duality/notes.tex:288: Extra }, or forgotten $.
\underline  ...#1}\else $\@@underline {\hbox {#1}}
                                                  \m@th $\relax \fi 
l.288 ...- y_2 + 2y_3)x_1 + (y_1 + 2y_2 - y_3)x_2}
                                                   \le \underline{14y_1 + 8y...
I've deleted a group-closing symbol because it seems to be
spurious, as in `$x}$'. But perhaps the } is legitimate and
you forgot something else, as in `\hbox{$x}'. In such cases
the way to recover is to insert both the forgotten and the
deleted material, e.g., by typing `I$}'.

/Users/ashoksaravanan/Coding/ScribeLec/server/output/MA 421/lectures/2024-12-03
-Duality/notes.tex:288: Missing $ inserted.
<inserted text> 
                $
l.288 ...2 + 2y_3)x_1 + (y_1 + 2y_2 - y_3)x_2} \le
                                                   \underline{14y_1 + 8y_2 +...
I've inserted a begin-math/end-math symbol since I think
you left one out. Proceed, with fingers crossed.

/Users/ashoksaravanan/Coding/ScribeLec/server/output/MA 421/lectures/2024-12-03
-Duality/notes.tex:292: Missing $ inserted.
<inserted text> 
                $
l.292 \subsection
                 {Description}%
I've inserted a begin-math/end-math symbol since I think
you left one out. Proceed, with fingers crossed.


/Users/ashoksaravanan/Coding/ScribeLec/server/output/MA 421/lectures/2024-12-03
-Duality/notes.tex:292: LaTeX Error: Something's wrong--perhaps a missing \item
.

See the LaTeX manual or LaTeX Companion for explanation.
Type  H <return>  for immediate help.
 ...                                              
                                                  
l.292 \subsection
                 {Description}%
Try typing  <return>  to proceed.
If that doesn't work, type  X <return>  to quit.


/Users/ashoksaravanan/Coding/ScribeLec/server/output/MA 421/lectures/2024-12-03
-Duality/notes.tex:292: LaTeX Error: Something's wrong--perhaps a missing \item
.

See the LaTeX manual or LaTeX Companion for explanation.
Type  H <return>  for immediate help.
 ...                                              
                                                  
l.292 \subsection
                 {Description}%
Try typing  <return>  to proceed.
If that doesn't work, type  X <return>  to quit.

/Users/ashoksaravanan/Coding/ScribeLec/server/output/MA 421/lectures/2024-12-03
-Duality/notes.tex:292: Missing } inserted.
<inserted text> 
                }
l.292 \subsection{Description}
                              %
I've inserted something that you may have forgotten.
(See the <inserted text> above.)
With luck, this will get me unwedged. But if you
really didn't forget anything, try typing `2' now; then
my insertion and my current dilemma will both disappear.

/Users/ashoksaravanan/Coding/ScribeLec/server/output/MA 421/lectures/2024-12-03
-Duality/notes.tex:292: Missing $ inserted.
<inserted text> 
                $
l.292 \subsection{Description}
                              %
I've inserted a begin-math/end-math symbol since I think
you left one out. Proceed, with fingers crossed.

/Users/ashoksaravanan/Coding/ScribeLec/server/output/MA 421/lectures/2024-12-03
-Duality/notes.tex:292: Missing } inserted.
<inserted text> 
                }
l.292 \subsection{Description}
                              %
I've inserted something that you may have forgotten.
(See the <inserted text> above.)
With luck, this will get me unwedged. But if you
really didn't forget anything, try typing `2' now; then
my insertion and my current dilemma will both disappear.


Overfull \hbox (117.44307pt too wide) in paragraph at lines 287--292
[]$ 
 []

</Users/ashoksaravanan/Coding/ScribeLec/server/output/MA 421/lectures/2024-12-0
3-Duality/figures/9.1.png, id=106, 301.125pt x 391.4625pt>
File: /Users/ashoksaravanan/Coding/ScribeLec/server/output/MA 421/lectures/2024
-12-03-Duality/figures/9.1.png Graphic file (type png)
<use /Users/ashoksaravanan/Coding/ScribeLec/server/output/MA 421/lectures/2024-
12-03-Duality/figures/9.1.png>
Package pdftex.def Info: /Users/ashoksaravanan/Coding/ScribeLec/server/output/M
A 421/lectures/2024-12-03-Duality/figures/9.1.png  used on input line 299.
(pdftex.def)             Requested size: 70.46037pt x 91.59946pt.

Underfull \hbox (badness 4467) in paragraph at lines 300--300
\T1/lmr/m/n/8 the $\OML/lmm/m/it/8 x[]$\T1/lmr/m/n/8 -$\OML/lmm/m/it/8 x[]$ \T1
/lmr/m/n/8 plane.
 []


Underfull \hbox (badness 1831) in paragraph at lines 300--300
\T1/lmr/m/n/8 low the line, in-
 []


Underfull \hbox (badness 2269) in paragraph at lines 300--300
\T1/lmr/m/n/8 sat-is-fy-ing the in-
 []

[10 </Users/ashoksaravanan/Coding/ScribeLec/server/output/MA 421/lectures/2024-
12-03-Duality/figures/9.1.png (PNG copy)>]
/Users/ashoksaravanan/Coding/ScribeLec/server/output/MA 421/lectures/2024-12-03
-Duality/notes.tex:310: Missing $ inserted.
<inserted text> 
                $
l.310 (2y_
          1 - y_2)x_1 + (y_1 + 2y_2)x_2 \le 14y_1 + 8y_2 \\
I've inserted a begin-math/end-math symbol since I think
you left one out. Proceed, with fingers crossed.

/Users/ashoksaravanan/Coding/ScribeLec/server/output/MA 421/lectures/2024-12-03
-Duality/notes.tex:318: Missing $ inserted.
<inserted text> 
                $
l.318 \subsection
                 {Description}%
I've inserted a begin-math/end-math symbol since I think
you left one out. Proceed, with fingers crossed.

</Users/ashoksaravanan/Coding/ScribeLec/server/output/MA 421/lectures/2024-12-0
3-Duality/figures/10.1.png, id=117, 782.925pt x 782.925pt>
File: /Users/ashoksaravanan/Coding/ScribeLec/server/output/MA 421/lectures/2024
-12-03-Duality/figures/10.1.png Graphic file (type png)
<use /Users/ashoksaravanan/Coding/ScribeLec/server/output/MA 421/lectures/2024-
12-03-Duality/figures/10.1.png>
Package pdftex.def Info: /Users/ashoksaravanan/Coding/ScribeLec/server/output/M
A 421/lectures/2024-12-03-Duality/figures/10.1.png  used on input line 325.
(pdftex.def)             Requested size: 70.46037pt x 70.4602pt.

Underfull \hbox (badness 1226) in paragraph at lines 326--326
\T1/lmr/m/n/8 con-straints $\OT1/lmr/m/n/8 2\OML/lmm/m/it/8 x[] \OT1/lmr/m/n/8 
+
 []


Underfull \hbox (badness 1253) in paragraph at lines 326--326
\T1/lmr/m/n/8 as [0, 4], [4, 6],
 []

[11] [12 </Users/ashoksaravanan/Coding/ScribeLec/server/output/MA 421/lectures/
2024-12-03-Duality/figures/10.1.png (PNG copy)>]
/Users/ashoksaravanan/Coding/ScribeLec/server/output/MA 421/lectures/2024-12-03
-Duality/notes.tex:337: Missing $ inserted.
<inserted text> 
                $
l.337 (P) \quad \text{max} \quad \zeta
                                       = c^T x \\
I've inserted a begin-math/end-math symbol since I think
you left one out. Proceed, with fingers crossed.

/Users/ashoksaravanan/Coding/ScribeLec/server/output/MA 421/lectures/2024-12-03
-Duality/notes.tex:342: Missing $ inserted.
<inserted text> 
                $
l.342 \subsection
                 {Description}%
I've inserted a begin-math/end-math symbol since I think
you left one out. Proceed, with fingers crossed.

</Users/ashoksaravanan/Coding/ScribeLec/server/output/MA 421/lectures/2024-12-0
3-Duality/figures/11.1.png, id=132, 35.13126pt x 35.13126pt>
File: /Users/ashoksaravanan/Coding/ScribeLec/server/output/MA 421/lectures/2024
-12-03-Duality/figures/11.1.png Graphic file (type png)
<use /Users/ashoksaravanan/Coding/ScribeLec/server/output/MA 421/lectures/2024-
12-03-Duality/figures/11.1.png>
Package pdftex.def Info: /Users/ashoksaravanan/Coding/ScribeLec/server/output/M
A 421/lectures/2024-12-03-Duality/figures/11.1.png  used on input line 349.
(pdftex.def)             Requested size: 70.46037pt x 70.47243pt.
[13 </Users/ashoksaravanan/Coding/ScribeLec/server/output/MA 421/lectures/2024-
12-03-Duality/figures/11.1.png (PNG copy)>]
/Users/ashoksaravanan/Coding/ScribeLec/server/output/MA 421/lectures/2024-12-03
-Duality/notes.tex:361: Missing $ inserted.
<inserted text> 
                $
l.361 (P) \quad \text{max} \quad \zeta
                                       = c^T x \\
I've inserted a begin-math/end-math symbol since I think
you left one out. Proceed, with fingers crossed.

/Users/ashoksaravanan/Coding/ScribeLec/server/output/MA 421/lectures/2024-12-03
-Duality/notes.tex:371: Missing $ inserted.
<inserted text> 
                $
l.371 \subsection
                 {Description}%
I've inserted a begin-math/end-math symbol since I think
you left one out. Proceed, with fingers crossed.

</Users/ashoksaravanan/Coding/ScribeLec/server/output/MA 421/lectures/2024-12-0
3-Duality/figures/12.1.png, id=143, 35.13126pt x 35.13126pt>
File: /Users/ashoksaravanan/Coding/ScribeLec/server/output/MA 421/lectures/2024
-12-03-Duality/figures/12.1.png Graphic file (type png)
<use /Users/ashoksaravanan/Coding/ScribeLec/server/output/MA 421/lectures/2024-
12-03-Duality/figures/12.1.png>
Package pdftex.def Info: /Users/ashoksaravanan/Coding/ScribeLec/server/output/M
A 421/lectures/2024-12-03-Duality/figures/12.1.png  used on input line 378.
(pdftex.def)             Requested size: 70.46037pt x 70.47243pt.
[14 </Users/ashoksaravanan/Coding/ScribeLec/server/output/MA 421/lectures/2024-
12-03-Duality/figures/12.1.png (PNG copy)>]
/Users/ashoksaravanan/Coding/ScribeLec/server/output/MA 421/lectures/2024-12-03
-Duality/notes.tex:390: Missing $ inserted.
<inserted text> 
                $
l.390 (P) \quad \text{max} \quad \zeta
                                       = c^T x \\
I've inserted a begin-math/end-math symbol since I think
you left one out. Proceed, with fingers crossed.

/Users/ashoksaravanan/Coding/ScribeLec/server/output/MA 421/lectures/2024-12-03
-Duality/notes.tex:400: Missing $ inserted.
<inserted text> 
                $
l.400 \subsection
                 {Description}%
I've inserted a begin-math/end-math symbol since I think
you left one out. Proceed, with fingers crossed.

</Users/ashoksaravanan/Coding/ScribeLec/server/output/MA 421/lectures/2024-12-0
3-Duality/figures/13.1.png, id=155, 35.13126pt x 35.13126pt>
File: /Users/ashoksaravanan/Coding/ScribeLec/server/output/MA 421/lectures/2024
-12-03-Duality/figures/13.1.png Graphic file (type png)
<use /Users/ashoksaravanan/Coding/ScribeLec/server/output/MA 421/lectures/2024-
12-03-Duality/figures/13.1.png>
Package pdftex.def Info: /Users/ashoksaravanan/Coding/ScribeLec/server/output/M
A 421/lectures/2024-12-03-Duality/figures/13.1.png  used on input line 407.
(pdftex.def)             Requested size: 70.46037pt x 70.47243pt.
[15 </Users/ashoksaravanan/Coding/ScribeLec/server/output/MA 421/lectures/2024-
12-03-Duality/figures/13.1.png (PNG copy)>]
/Users/ashoksaravanan/Coding/ScribeLec/server/output/MA 421/lectures/2024-12-03
-Duality/notes.tex:419: Missing $ inserted.
<inserted text> 
                $
l.419 (P) \quad \text{max} \quad \zeta
                                       = c^T x \\
I've inserted a begin-math/end-math symbol since I think
you left one out. Proceed, with fingers crossed.

/Users/ashoksaravanan/Coding/ScribeLec/server/output/MA 421/lectures/2024-12-03
-Duality/notes.tex:427: Missing $ inserted.
<inserted text> 
                $
l.427 \subsection
                 {Description}%
I've inserted a begin-math/end-math symbol since I think
you left one out. Proceed, with fingers crossed.

</Users/ashoksaravanan/Coding/ScribeLec/server/output/MA 421/lectures/2024-12-0
3-Duality/figures/14.1.png, id=165, 35.13126pt x 35.13126pt>
File: /Users/ashoksaravanan/Coding/ScribeLec/server/output/MA 421/lectures/2024
-12-03-Duality/figures/14.1.png Graphic file (type png)
<use /Users/ashoksaravanan/Coding/ScribeLec/server/output/MA 421/lectures/2024-
12-03-Duality/figures/14.1.png>
Package pdftex.def Info: /Users/ashoksaravanan/Coding/ScribeLec/server/output/M
A 421/lectures/2024-12-03-Duality/figures/14.1.png  used on input line 434.
(pdftex.def)             Requested size: 70.46037pt x 70.47243pt.
[16 </Users/ashoksaravanan/Coding/ScribeLec/server/output/MA 421/lectures/2024-
12-03-Duality/figures/14.1.png (PNG copy)>]
/Users/ashoksaravanan/Coding/ScribeLec/server/output/MA 421/lectures/2024-12-03
-Duality/notes.tex:446: Missing $ inserted.
<inserted text> 
                $
l.446 (P) \quad \text{max} \quad \zeta
                                       = c^T x \\
I've inserted a begin-math/end-math symbol since I think
you left one out. Proceed, with fingers crossed.

/Users/ashoksaravanan/Coding/ScribeLec/server/output/MA 421/lectures/2024-12-03
-Duality/notes.tex:455: Missing $ inserted.
<inserted text> 
                $
l.455 \subsection
                 {Description}%
I've inserted a begin-math/end-math symbol since I think
you left one out. Proceed, with fingers crossed.

</Users/ashoksaravanan/Coding/ScribeLec/server/output/MA 421/lectures/2024-12-0
3-Duality/figures/15.1.png, id=175, 35.13126pt x 35.13126pt>
File: /Users/ashoksaravanan/Coding/ScribeLec/server/output/MA 421/lectures/2024
-12-03-Duality/figures/15.1.png Graphic file (type png)
<use /Users/ashoksaravanan/Coding/ScribeLec/server/output/MA 421/lectures/2024-
12-03-Duality/figures/15.1.png>
Package pdftex.def Info: /Users/ashoksaravanan/Coding/ScribeLec/server/output/M
A 421/lectures/2024-12-03-Duality/figures/15.1.png  used on input line 462.
(pdftex.def)             Requested size: 70.46037pt x 70.47243pt.
[17 </Users/ashoksaravanan/Coding/ScribeLec/server/output/MA 421/lectures/2024-
12-03-Duality/figures/15.1.png (PNG copy)>]
/Users/ashoksaravanan/Coding/ScribeLec/server/output/MA 421/lectures/2024-12-03
-Duality/notes.tex:474: Missing $ inserted.
<inserted text> 
                $
l.474 \text{maximize } x_
                         1 + 2x_2 \\
I've inserted a begin-math/end-math symbol since I think
you left one out. Proceed, with fingers crossed.

/Users/ashoksaravanan/Coding/ScribeLec/server/output/MA 421/lectures/2024-12-03
-Duality/notes.tex:482: Missing $ inserted.
<inserted text> 
                $
l.482 \subsection
                 {Description}%
I've inserted a begin-math/end-math symbol since I think
you left one out. Proceed, with fingers crossed.

</Users/ashoksaravanan/Coding/ScribeLec/server/output/MA 421/lectures/2024-12-0
3-Duality/figures/16.1.png, id=185, 35.13126pt x 35.13126pt>
File: /Users/ashoksaravanan/Coding/ScribeLec/server/output/MA 421/lectures/2024
-12-03-Duality/figures/16.1.png Graphic file (type png)
<use /Users/ashoksaravanan/Coding/ScribeLec/server/output/MA 421/lectures/2024-
12-03-Duality/figures/16.1.png>
Package pdftex.def Info: /Users/ashoksaravanan/Coding/ScribeLec/server/output/M
A 421/lectures/2024-12-03-Duality/figures/16.1.png  used on input line 489.
(pdftex.def)             Requested size: 70.46037pt x 70.47243pt.
[18 </Users/ashoksaravanan/Coding/ScribeLec/server/output/MA 421/lectures/2024-
12-03-Duality/figures/16.1.png (PNG copy)>]
/Users/ashoksaravanan/Coding/ScribeLec/server/output/MA 421/lectures/2024-12-03
-Duality/notes.tex:501: Missing $ inserted.
<inserted text> 
                $
l.501 \text{maximize } x_
                         1 + 2x_2 \\
I've inserted a begin-math/end-math symbol since I think
you left one out. Proceed, with fingers crossed.

/Users/ashoksaravanan/Coding/ScribeLec/server/output/MA 421/lectures/2024-12-03
-Duality/notes.tex:509: Missing $ inserted.
<inserted text> 
                $
l.509 \subsection
                 {Description}%
I've inserted a begin-math/end-math symbol since I think
you left one out. Proceed, with fingers crossed.

</Users/ashoksaravanan/Coding/ScribeLec/server/output/MA 421/lectures/2024-12-0
3-Duality/figures/17.1.png, id=195, 632.3625pt x 632.3625pt>
File: /Users/ashoksaravanan/Coding/ScribeLec/server/output/MA 421/lectures/2024
-12-03-Duality/figures/17.1.png Graphic file (type png)
<use /Users/ashoksaravanan/Coding/ScribeLec/server/output/MA 421/lectures/2024-
12-03-Duality/figures/17.1.png>
Package pdftex.def Info: /Users/ashoksaravanan/Coding/ScribeLec/server/output/M
A 421/lectures/2024-12-03-Duality/figures/17.1.png  used on input line 516.
(pdftex.def)             Requested size: 70.46037pt x 70.45744pt.

Underfull \hbox (badness 10000) in paragraph at lines 517--517
\T1/lmr/m/n/8 ing the fea-si-ble
 []


Underfull \hbox (badness 10000) in paragraph at lines 517--517
\T1/lmr/m/n/8 re-gion of the
 []


Underfull \hbox (badness 10000) in paragraph at lines 517--517
\T1/lmr/m/n/8 lin-ear pro-gram,
 []


Underfull \hbox (badness 10000) in paragraph at lines 517--517
\T1/lmr/m/n/8 with con-straints
 []


Underfull \hbox (badness 4913) in paragraph at lines 517--517
\OML/lmm/m/it/8 x[] \OT1/lmr/m/n/8 + \OML/lmm/m/it/8 x[] \OMS/lmsy/m/n/8  \OT1
/lmr/m/n/8 5$\T1/lmr/m/n/8 ,
 []


Underfull \hbox (badness 6477) in paragraph at lines 517--517
\T1/lmr/m/n/8 The op-ti-mal so-
 []


Underfull \hbox (badness 4341) in paragraph at lines 517--517
\T1/lmr/m/n/8 lu-tion is marked
 []


Underfull \hbox (badness 10000) in paragraph at lines 517--517
\T1/lmr/m/n/8 the in-ter-sec-tion
 []


Underfull \hbox (badness 6032) in paragraph at lines 517--517
\T1/lmr/m/n/8 is $\OT1/lmr/m/n/8 (2\OML/lmm/m/it/8 ; \OT1/lmr/m/n/8 3)$\T1/lmr/
m/n/8 . The
 []


Underfull \hbox (badness 2435) in paragraph at lines 517--517
\T1/lmr/m/n/8 ob-jec-tive func-tion
 []


Underfull \hbox (badness 2165) in paragraph at lines 517--517
\T1/lmr/m/n/8 plot-ted as a red
 []


Underfull \hbox (badness 5622) in paragraph at lines 517--517
\T1/lmr/m/n/8 re-gion is shaded
 []


Underfull \hbox (badness 10000) in paragraph at lines 517--517
\T1/lmr/m/n/8 rep-re-sent-ing the
 []

[19] [20 </Users/ashoksaravanan/Coding/ScribeLec/server/output/MA 421/lectures/
2024-12-03-Duality/figures/17.1.png (PNG copy)>]
</Users/ashoksaravanan/Coding/ScribeLec/server/output/MA 421/lectures/2024-12-0
3-Duality/figures/18.1.png, id=210, 632.3625pt x 632.3625pt>
File: /Users/ashoksaravanan/Coding/ScribeLec/server/output/MA 421/lectures/2024
-12-03-Duality/figures/18.1.png Graphic file (type png)
<use /Users/ashoksaravanan/Coding/ScribeLec/server/output/MA 421/lectures/2024-
12-03-Duality/figures/18.1.png>
Package pdftex.def Info: /Users/ashoksaravanan/Coding/ScribeLec/server/output/M
A 421/lectures/2024-12-03-Duality/figures/18.1.png  used on input line 535.
(pdftex.def)             Requested size: 70.46037pt x 70.45744pt.

Underfull \hbox (badness 10000) in paragraph at lines 536--536
\T1/lmr/m/n/8 ing the fea-si-ble
 []


Underfull \hbox (badness 10000) in paragraph at lines 536--536
\T1/lmr/m/n/8 pro-gram. The
 []


Underfull \hbox (badness 10000) in paragraph at lines 536--536
\T1/lmr/m/n/8 con-straints are
 []


Underfull \hbox (badness 4913) in paragraph at lines 536--536
\OML/lmm/m/it/8 x[] \OT1/lmr/m/n/8 + \OML/lmm/m/it/8 x[] \OMS/lmsy/m/n/8  \OT1
/lmr/m/n/8 5$\T1/lmr/m/n/8 ,
 []


Underfull \hbox (badness 10000) in paragraph at lines 536--536
\T1/lmr/m/n/8 blue. Sev-eral
 []


Underfull \hbox (badness 1033) in paragraph at lines 536--536
\T1/lmr/m/n/8 par-al-lel lines rep-
 []


Underfull \hbox (badness 1609) in paragraph at lines 536--536
\T1/lmr/m/n/8 re-sent-ing dif-fer-ent
 []


Underfull \hbox (badness 10000) in paragraph at lines 536--536
\T1/lmr/m/n/8 high-lighted in
 []


Underfull \hbox (badness 10000) in paragraph at lines 536--536
\T1/lmr/m/n/8 in-ter-sec-tion of
 []


Underfull \hbox (badness 10000) in paragraph at lines 536--536
\T1/lmr/m/n/8 of im-prove-ment
 []


Underfull \hbox (badness 10000) in paragraph at lines 536--536
\T1/lmr/m/n/8 of the ob-jec-tive
 []


Underfull \hbox (badness 10000) in paragraph at lines 536--536
\T1/lmr/m/n/8 func-tion. The
 []


Underfull \hbox (badness 10000) in paragraph at lines 536--536
\T1/lmr/m/n/8 rep-re-sent-ing the
 []

[21] [22 </Users/ashoksaravanan/Coding/ScribeLec/server/output/MA 421/lectures/
2024-12-03-Duality/figures/18.1.png (PNG copy)>]
</Users/ashoksaravanan/Coding/ScribeLec/server/output/MA 421/lectures/2024-12-0
3-Duality/figures/19.1.png, id=224, 632.3625pt x 632.3625pt>
File: /Users/ashoksaravanan/Coding/ScribeLec/server/output/MA 421/lectures/2024
-12-03-Duality/figures/19.1.png Graphic file (type png)
<use /Users/ashoksaravanan/Coding/ScribeLec/server/output/MA 421/lectures/2024-
12-03-Duality/figures/19.1.png>
Package pdftex.def Info: /Users/ashoksaravanan/Coding/ScribeLec/server/output/M
A 421/lectures/2024-12-03-Duality/figures/19.1.png  used on input line 554.
(pdftex.def)             Requested size: 70.46037pt x 70.45744pt.

Underfull \hbox (badness 10000) in paragraph at lines 555--555
\T1/lmr/m/n/8 ing the fea-si-ble
 []


Underfull \hbox (badness 10000) in paragraph at lines 555--555
\T1/lmr/m/n/8 pro-gram. The
 []


Underfull \hbox (badness 10000) in paragraph at lines 555--555
\T1/lmr/m/n/8 con-straints are
 []


Underfull \hbox (badness 4913) in paragraph at lines 555--555
\OML/lmm/m/it/8 x[] \OT1/lmr/m/n/8 + \OML/lmm/m/it/8 x[] \OMS/lmsy/m/n/8  \OT1
/lmr/m/n/8 5$\T1/lmr/m/n/8 ,
 []


Underfull \hbox (badness 10000) in paragraph at lines 555--555
\T1/lmr/m/n/8 is shaded with
 []


Underfull \hbox (badness 10000) in paragraph at lines 555--555
\T1/lmr/m/n/8 rep-re-sent-ing the
 []


Underfull \hbox (badness 2435) in paragraph at lines 555--555
\T1/lmr/m/n/8 ob-jec-tive func-tion
 []


Underfull \hbox (badness 3849) in paragraph at lines 555--555
\OML/lmm/m/it/8 x[] \OT1/lmr/m/n/8 + 2\OML/lmm/m/it/8 x[] \OT1/lmr/m/n/8 = 8$
 []


Underfull \hbox (badness 10000) in paragraph at lines 555--555
\T1/lmr/m/n/8 passes through
 []


Underfull \hbox (badness 10000) in paragraph at lines 555--555
\T1/lmr/m/n/8 the op-ti-mal so-
 []


Underfull \hbox (badness 10000) in paragraph at lines 555--555
\T1/lmr/m/n/8 lu-tion point (2,
 []


Underfull \hbox (badness 5862) in paragraph at lines 555--555
\T1/lmr/m/n/8 line, rep-re-sent-ing
 []


Underfull \hbox (badness 10000) in paragraph at lines 555--555
\T1/lmr/m/n/8 rep-re-sent-ing the
 []


Underfull \hbox (badness 2426) in paragraph at lines 555--555
\T1/lmr/m/n/8 beled ac-cord-ingly.
 []


Underfull \hbox (badness 10000) in paragraph at lines 555--555
\T1/lmr/m/n/8 Ar-rows in-di-cate
 []


Underfull \hbox (badness 10000) in paragraph at lines 555--555
\T1/lmr/m/n/8 the di-rec-tion of
 []


Underfull \hbox (badness 10000) in paragraph at lines 555--555
\T1/lmr/m/n/8 im-prove-ment of
 []

[23] [24 </Users/ashoksaravanan/Coding/ScribeLec/server/output/MA 421/lectures/
2024-12-03-Duality/figures/19.1.png (PNG copy)>]
/Users/ashoksaravanan/Coding/ScribeLec/server/output/MA 421/lectures/2024-12-03
-Duality/notes.tex:565: Undefined control sequence.
l.565 ...t{Sensitivity Analysis (what if } \cancel
                                                  {c} \text{, } b \text{ cha...
The control sequence at the end of the top line
of your error message was never \def'ed. If you have
misspelled it (e.g., `\hobx'), type `I' and the correct
spelling (e.g., `I\hbox'). Otherwise just continue,
and I'll forget about whatever was undefined.

/Users/ashoksaravanan/Coding/ScribeLec/server/output/MA 421/lectures/2024-12-03
-Duality/notes.tex:566: Missing $ inserted.
<inserted text> 
                $
l.566 S^
        * = c_B^T B^{-1} b = S^* \\
I've inserted a begin-math/end-math symbol since I think
you left one out. Proceed, with fingers crossed.

/Users/ashoksaravanan/Coding/ScribeLec/server/output/MA 421/lectures/2024-12-03
-Duality/notes.tex:572: Missing $ inserted.
<inserted text> 
                $
l.572 \subsection
                 {Description}%
I've inserted a begin-math/end-math symbol since I think
you left one out. Proceed, with fingers crossed.

</Users/ashoksaravanan/Coding/ScribeLec/server/output/MA 421/lectures/2024-12-0
3-Duality/figures/20.1.png, id=238, 632.3625pt x 632.3625pt>
File: /Users/ashoksaravanan/Coding/ScribeLec/server/output/MA 421/lectures/2024
-12-03-Duality/figures/20.1.png Graphic file (type png)
<use /Users/ashoksaravanan/Coding/ScribeLec/server/output/MA 421/lectures/2024-
12-03-Duality/figures/20.1.png>
Package pdftex.def Info: /Users/ashoksaravanan/Coding/ScribeLec/server/output/M
A 421/lectures/2024-12-03-Duality/figures/20.1.png  used on input line 579.
(pdftex.def)             Requested size: 70.46037pt x 70.45744pt.

Underfull \hbox (badness 10000) in paragraph at lines 580--580
[]\T1/lmr/bx/n/8 (a) |\T1/lmr/m/n/8 Hand-writ-ten
 []


Underfull \hbox (badness 2073) in paragraph at lines 580--580
\T1/lmr/m/n/8 anal-y-sis in lin-ear
 []


Underfull \hbox (badness 10000) in paragraph at lines 580--580
\T1/lmr/m/n/8 pro-gram-ming.
 []


Underfull \hbox (badness 10000) in paragraph at lines 580--580
\T1/lmr/m/n/8 equa-tions for
 []


Underfull \hbox (badness 10000) in paragraph at lines 580--580
\T1/lmr/m/n/8 cal-cu-lat-ing the
 []


Underfull \hbox (badness 10000) in paragraph at lines 580--580
\T1/lmr/m/n/8 change in the
 []


Underfull \hbox (badness 10000) in paragraph at lines 580--580
\T1/lmr/m/n/8 op-ti-mal ob-jec-tive
 []


Underfull \hbox (badness 10000) in paragraph at lines 580--580
\T1/lmr/m/n/8 func-tion value
 []


Underfull \hbox (badness 10000) in paragraph at lines 580--580
\T1/lmr/m/n/8 ($\OT1/lmr/m/n/8 \OML/lmm/m/it/8 S[]$\T1/lmr/m/n/8 ) when
 []


Underfull \hbox (badness 3219) in paragraph at lines 580--580
\T1/lmr/m/n/8 changes oc-cur in
 []


Underfull \hbox (badness 10000) in paragraph at lines 580--580
\T1/lmr/m/n/8 the con-straint
 []


Underfull \hbox (badness 10000) in paragraph at lines 580--580
\T1/lmr/m/n/8 equa-tions in-volve
 []


Underfull \hbox (badness 10000) in paragraph at lines 580--580
\T1/lmr/m/n/8 in-clud-ing ma-trix
 []


Underfull \hbox (badness 10000) in paragraph at lines 580--580
\T1/lmr/m/n/8 in-ver-sion ($\OML/lmm/m/it/8 B[]$\T1/lmr/m/n/8 )
 []


Underfull \hbox (badness 3803) in paragraph at lines 580--580
\T1/lmr/m/n/8 and ma-trix mul-
 []


Underfull \hbox (badness 10000) in paragraph at lines 580--580
\T1/lmr/m/n/8 ti-pli-ca-tion. A
 []


Underfull \hbox (badness 10000) in paragraph at lines 580--580
\T1/lmr/m/n/8 crossed-out 'c'
 []


Underfull \hbox (badness 10000) in paragraph at lines 580--580
\T1/lmr/m/n/8 anal-y-sis fo-cuses
 []

[25 </Users/ashoksaravanan/Coding/ScribeLec/server/output/MA 421/lectures/2024-
12-03-Duality/figures/20.1.png (PNG copy)>]
/Users/ashoksaravanan/Coding/ScribeLec/server/output/MA 421/lectures/2024-12-03
-Duality/notes.tex:590: Undefined control sequence.
<recently read> \cancel 
                        
l.590 Sensitivity Analysis (what if $\cancel
                                            {c}$, $b$ changes)
The control sequence at the end of the top line
of your error message was never \def'ed. If you have
misspelled it (e.g., `\hobx'), type `I' and the correct
spelling (e.g., `I\hbox'). Otherwise just continue,
and I'll forget about whatever was undefined.

</Users/ashoksaravanan/Coding/ScribeLec/server/output/MA 421/lectures/2024-12-0
3-Duality/figures/21.1.png, id=250, 632.3625pt x 632.3625pt>
File: /Users/ashoksaravanan/Coding/ScribeLec/server/output/MA 421/lectures/2024
-12-03-Duality/figures/21.1.png Graphic file (type png)
<use /Users/ashoksaravanan/Coding/ScribeLec/server/output/MA 421/lectures/2024-
12-03-Duality/figures/21.1.png>
Package pdftex.def Info: /Users/ashoksaravanan/Coding/ScribeLec/server/output/M
A 421/lectures/2024-12-03-Duality/figures/21.1.png  used on input line 604.
(pdftex.def)             Requested size: 70.46037pt x 70.45744pt.

Underfull \hbox (badness 10000) in paragraph at lines 605--605
[]\T1/lmr/bx/n/8 (a) |\T1/lmr/m/n/8 Hand-writ-ten
 []


Underfull \hbox (badness 2073) in paragraph at lines 605--605
\T1/lmr/m/n/8 anal-y-sis in lin-ear
 []


Underfull \hbox (badness 10000) in paragraph at lines 605--605
\T1/lmr/m/n/8 pro-gram-ming.
 []


Underfull \hbox (badness 10000) in paragraph at lines 605--605
\T1/lmr/m/n/8 equa-tions for
 []


Underfull \hbox (badness 10000) in paragraph at lines 605--605
\T1/lmr/m/n/8 cal-cu-lat-ing the
 []


Underfull \hbox (badness 10000) in paragraph at lines 605--605
\T1/lmr/m/n/8 change in the
 []


Underfull \hbox (badness 10000) in paragraph at lines 605--605
\T1/lmr/m/n/8 op-ti-mal ob-jec-tive
 []


Underfull \hbox (badness 10000) in paragraph at lines 605--605
\T1/lmr/m/n/8 func-tion value
 []


Underfull \hbox (badness 10000) in paragraph at lines 605--605
\T1/lmr/m/n/8 ($\OT1/lmr/m/n/8 \OML/lmm/m/it/8 S[]$\T1/lmr/m/n/8 ) when
 []


Underfull \hbox (badness 3219) in paragraph at lines 605--605
\T1/lmr/m/n/8 changes oc-cur in
 []


Underfull \hbox (badness 10000) in paragraph at lines 605--605
\T1/lmr/m/n/8 the con-straint
 []


Underfull \hbox (badness 10000) in paragraph at lines 605--605
\T1/lmr/m/n/8 equa-tions in-volve
 []


Underfull \hbox (badness 10000) in paragraph at lines 605--605
\T1/lmr/m/n/8 in-clud-ing ma-trix
 []


Underfull \hbox (badness 10000) in paragraph at lines 605--605
\T1/lmr/m/n/8 in-ver-sion ($\OML/lmm/m/it/8 B[]$\T1/lmr/m/n/8 )
 []


Underfull \hbox (badness 3803) in paragraph at lines 605--605
\T1/lmr/m/n/8 and ma-trix mul-
 []


Underfull \hbox (badness 10000) in paragraph at lines 605--605
\T1/lmr/m/n/8 ti-pli-ca-tion. A
 []


Underfull \hbox (badness 10000) in paragraph at lines 605--605
\T1/lmr/m/n/8 crossed-out 'c'
 []


Underfull \hbox (badness 10000) in paragraph at lines 605--605
\T1/lmr/m/n/8 anal-y-sis fo-cuses
 []


Underfull \hbox (badness 10000) in paragraph at lines 605--605
\T1/lmr/m/n/8 rather than 'c'.
 []


Underfull \hbox (badness 10000) in paragraph at lines 605--605
\T1/lmr/m/n/8 in-ner prod-uct
 []

[26] [27 </Users/ashoksaravanan/Coding/ScribeLec/server/output/MA 421/lectures/
2024-12-03-Duality/figures/21.1.png (PNG copy)>]
/Users/ashoksaravanan/Coding/ScribeLec/server/output/MA 421/lectures/2024-12-03
-Duality/notes.tex:616: You can't use `macro parameter character #' in horizont
al mode.
l.616 ...hod. The problem is labeled as "Midterm #
                                                  4," indicating its origin ...
Sorry, but I'm not programmed to handle this case;
I'll just pretend that you didn't ask for it.
If you're in the wrong mode, you might be able to
return to the right one by typing `I}' or `I$' or `I\par'.

</Users/ashoksaravanan/Coding/ScribeLec/server/output/MA 421/lectures/2024-12-0
3-Duality/figures/22.1.png, id=266, 250.9375pt x 190.7125pt>
File: /Users/ashoksaravanan/Coding/ScribeLec/server/output/MA 421/lectures/2024
-12-03-Duality/figures/22.1.png Graphic file (type png)
<use /Users/ashoksaravanan/Coding/ScribeLec/server/output/MA 421/lectures/2024-
12-03-Duality/figures/22.1.png>
Package pdftex.def Info: /Users/ashoksaravanan/Coding/ScribeLec/server/output/M
A 421/lectures/2024-12-03-Duality/figures/22.1.png  used on input line 622.
(pdftex.def)             Requested size: 70.46037pt x 53.55045pt.
[28 </Users/ashoksaravanan/Coding/ScribeLec/server/output/MA 421/lectures/2024-
12-03-Duality/figures/22.1.png (PNG copy)>]
/Users/ashoksaravanan/Coding/ScribeLec/server/output/MA 421/lectures/2024-12-03
-Duality/notes.tex:634: Missing $ inserted.
<inserted text> 
                $
l.634 \text{max } x_
                    1 + 2x_2 \\
I've inserted a begin-math/end-math symbol since I think
you left one out. Proceed, with fingers crossed.

/Users/ashoksaravanan/Coding/ScribeLec/server/output/MA 421/lectures/2024-12-03
-Duality/notes.tex:663: Missing $ inserted.
<inserted text> 
                $
l.663 \subsection
                 {Description}%
I've inserted a begin-math/end-math symbol since I think
you left one out. Proceed, with fingers crossed.

/Users/ashoksaravanan/Coding/ScribeLec/server/output/MA 421/lectures/2024-12-03
-Duality/notes.tex:664: You can't use `macro parameter character #' in horizont
al mode.
l.664 ...hod. The problem is labeled as "Midterm #
                                                  4," indicating its origin ...
Sorry, but I'm not programmed to handle this case;
I'll just pretend that you didn't ask for it.
If you're in the wrong mode, you might be able to
return to the right one by typing `I}' or `I$' or `I\par'.

</Users/ashoksaravanan/Coding/ScribeLec/server/output/MA 421/lectures/2024-12-0
3-Duality/figures/23.1.png, id=276, 250.9375pt x 190.7125pt>
File: /Users/ashoksaravanan/Coding/ScribeLec/server/output/MA 421/lectures/2024
-12-03-Duality/figures/23.1.png Graphic file (type png)
<use /Users/ashoksaravanan/Coding/ScribeLec/server/output/MA 421/lectures/2024-
12-03-Duality/figures/23.1.png>
Package pdftex.def Info: /Users/ashoksaravanan/Coding/ScribeLec/server/output/M
A 421/lectures/2024-12-03-Duality/figures/23.1.png  used on input line 670.
(pdftex.def)             Requested size: 70.46037pt x 53.55045pt.
[29 </Users/ashoksaravanan/Coding/ScribeLec/server/output/MA 421/lectures/2024-
12-03-Duality/figures/23.1.png (PNG copy)>]
/Users/ashoksaravanan/Coding/ScribeLec/server/output/MA 421/lectures/2024-12-03
-Duality/notes.tex:681: Missing $ inserted.
<inserted text> 
                $
l.681 B = \begin{bmatrix}
                         
I've inserted a begin-math/end-math symbol since I think
you left one out. Proceed, with fingers crossed.

/Users/ashoksaravanan/Coding/ScribeLec/server/output/MA 421/lectures/2024-12-03
-Duality/notes.tex:685: Missing $ inserted.
<inserted text> 
                $
l.685 \end{bmatrix}
                   ; \quad \mathcal{B} = \{1, 2, 4\} \\
I've inserted something that you may have forgotten.
(See the <inserted text> above.)
With luck, this will get me unwedged. But if you
really didn't forget anything, try typing `2' now; then
my insertion and my current dilemma will both disappear.


/Users/ashoksaravanan/Coding/ScribeLec/server/output/MA 421/lectures/2024-12-03
-Duality/notes.tex:685: LaTeX Error: \mathcal allowed only in math mode.

See the LaTeX manual or LaTeX Companion for explanation.
Type  H <return>  for immediate help.
 ...                                              
                                                  
l.685 \end{bmatrix}; \quad \mathcal
                                   {B} = \{1, 2, 4\} \\
You're in trouble here.  Try typing  <return>  to proceed.
If that doesn't work, type  X <return>  to quit.

/Users/ashoksaravanan/Coding/ScribeLec/server/output/MA 421/lectures/2024-12-03
-Duality/notes.tex:686: Missing $ inserted.
<inserted text> 
                $
l.686 x_
        B^* = B^{-1} b \\
I've inserted a begin-math/end-math symbol since I think
you left one out. Proceed, with fingers crossed.

/Users/ashoksaravanan/Coding/ScribeLec/server/output/MA 421/lectures/2024-12-03
-Duality/notes.tex:718: Missing $ inserted.
<inserted text> 
                $
l.718 \subsection
                 {Description}%
I've inserted a begin-math/end-math symbol since I think
you left one out. Proceed, with fingers crossed.

</Users/ashoksaravanan/Coding/ScribeLec/server/output/MA 421/lectures/2024-12-0
3-Duality/figures/24.1.png, id=287, 622.325pt x 622.325pt>
File: /Users/ashoksaravanan/Coding/ScribeLec/server/output/MA 421/lectures/2024
-12-03-Duality/figures/24.1.png Graphic file (type png)
<use /Users/ashoksaravanan/Coding/ScribeLec/server/output/MA 421/lectures/2024-
12-03-Duality/figures/24.1.png>
Package pdftex.def Info: /Users/ashoksaravanan/Coding/ScribeLec/server/output/M
A 421/lectures/2024-12-03-Duality/figures/24.1.png  used on input line 725.
(pdftex.def)             Requested size: 70.46037pt x 70.4596pt.

Underfull \hbox (badness 10000) in paragraph at lines 726--726
[]\T1/lmr/bx/n/8 (a) |\T1/lmr/m/n/8 Hand-writ-ten
 []


Underfull \hbox (badness 10000) in paragraph at lines 726--726
\T1/lmr/m/n/8 notes show-ing
 []


Underfull \hbox (badness 1038) in paragraph at lines 726--726
\T1/lmr/m/n/8 the op-ti-mal ba-sic
 []


Underfull \hbox (badness 1365) in paragraph at lines 726--726
\T1/lmr/m/n/8 so-lu-tion $\OML/lmm/m/it/8 x[]$ \T1/lmr/m/n/8 in a
 []


Underfull \hbox (badness 10000) in paragraph at lines 726--726
\T1/lmr/m/n/8 lin-ear pro-gram-
 []


Underfull \hbox (badness 10000) in paragraph at lines 726--726
\T1/lmr/m/n/8 ming prob-lem.
 []


Underfull \hbox (badness 6412) in paragraph at lines 726--726
\T1/lmr/m/n/8 its in-verse $\OML/lmm/m/it/8 B[]$\T1/lmr/m/n/8 ,
 []


Underfull \hbox (badness 10000) in paragraph at lines 726--726
\T1/lmr/m/n/8 4 in-di-cate the
 []


Underfull \hbox (badness 10000) in paragraph at lines 726--726
\T1/lmr/m/n/8 columns of the
 []


Underfull \hbox (badness 1616) in paragraph at lines 726--726
\T1/lmr/m/n/8 ma-trix that form
 []

[30] [31 </Users/ashoksaravanan/Coding/ScribeLec/server/output/MA 421/lectures/
2024-12-03-Duality/figures/24.1.png (PNG copy)>]
/Users/ashoksaravanan/Coding/ScribeLec/server/output/MA 421/lectures/2024-12-03
-Duality/notes.tex:736: Missing $ inserted.
<inserted text> 
                $
l.736 B = \begin{bmatrix}
                         
I've inserted a begin-math/end-math symbol since I think
you left one out. Proceed, with fingers crossed.

/Users/ashoksaravanan/Coding/ScribeLec/server/output/MA 421/lectures/2024-12-03
-Duality/notes.tex:740: Missing $ inserted.
<inserted text> 
                $
l.740 \end{bmatrix}
                   ; \quad \mathcal{B} = \{1, 2, 4\} \\
I've inserted something that you may have forgotten.
(See the <inserted text> above.)
With luck, this will get me unwedged. But if you
really didn't forget anything, try typing `2' now; then
my insertion and my current dilemma will both disappear.


/Users/ashoksaravanan/Coding/ScribeLec/server/output/MA 421/lectures/2024-12-03
-Duality/notes.tex:740: LaTeX Error: \mathcal allowed only in math mode.

See the LaTeX manual or LaTeX Companion for explanation.
Type  H <return>  for immediate help.
 ...                                              
                                                  
l.740 \end{bmatrix}; \quad \mathcal
                                   {B} = \{1, 2, 4\} \\
You're in trouble here.  Try typing  <return>  to proceed.
If that doesn't work, type  X <return>  to quit.

/Users/ashoksaravanan/Coding/ScribeLec/server/output/MA 421/lectures/2024-12-03
-Duality/notes.tex:741: Missing $ inserted.
<inserted text> 
                $
l.741 y^
        T = (B^{-1})^T c_B = \begin{bmatrix}
I've inserted a begin-math/end-math symbol since I think
you left one out. Proceed, with fingers crossed.

/Users/ashoksaravanan/Coding/ScribeLec/server/output/MA 421/lectures/2024-12-03
-Duality/notes.tex:768: Missing $ inserted.
<inserted text> 
                $
l.768 \subsection
                 {Description}%
I've inserted a begin-math/end-math symbol since I think
you left one out. Proceed, with fingers crossed.

</Users/ashoksaravanan/Coding/ScribeLec/server/output/MA 421/lectures/2024-12-0
3-Duality/figures/25.1.png, id=303, 622.325pt x 622.325pt>
File: /Users/ashoksaravanan/Coding/ScribeLec/server/output/MA 421/lectures/2024
-12-03-Duality/figures/25.1.png Graphic file (type png)
<use /Users/ashoksaravanan/Coding/ScribeLec/server/output/MA 421/lectures/2024-
12-03-Duality/figures/25.1.png>
Package pdftex.def Info: /Users/ashoksaravanan/Coding/ScribeLec/server/output/M
A 421/lectures/2024-12-03-Duality/figures/25.1.png  used on input line 775.
(pdftex.def)             Requested size: 70.46037pt x 70.4596pt.

Underfull \hbox (badness 10000) in paragraph at lines 776--776
[]\T1/lmr/bx/n/8 (a) |\T1/lmr/m/n/8 Hand-writ-ten
 []


Underfull \hbox (badness 10000) in paragraph at lines 776--776
\T1/lmr/m/n/8 notes show-ing
 []


Underfull \hbox (badness 2790) in paragraph at lines 776--776
\T1/lmr/m/n/8 the op-ti-mal dual
 []


Underfull \hbox (badness 1708) in paragraph at lines 776--776
\T1/lmr/m/n/8 so-lu-tion $\OML/lmm/m/it/8 y[]$ \T1/lmr/m/n/8 in a
 []


Underfull \hbox (badness 10000) in paragraph at lines 776--776
\T1/lmr/m/n/8 lin-ear pro-gram-
 []


Underfull \hbox (badness 10000) in paragraph at lines 776--776
\T1/lmr/m/n/8 ming prob-lem.
 []


Underfull \hbox (badness 6412) in paragraph at lines 776--776
\T1/lmr/m/n/8 its in-verse $\OML/lmm/m/it/8 B[]$\T1/lmr/m/n/8 ,
 []


Underfull \hbox (badness 10000) in paragraph at lines 776--776
\T1/lmr/m/n/8 dual so-lu-tion
 []


Underfull \hbox (badness 10000) in paragraph at lines 776--776
\T1/lmr/m/n/8 is ob-tained by
 []


Underfull \hbox (badness 10000) in paragraph at lines 776--776
\T1/lmr/m/n/8 mul-ti-ply-ing the
 []


Underfull \hbox (badness 5622) in paragraph at lines 776--776
\T1/lmr/m/n/8 trans-pose of the
 []


Underfull \hbox (badness 10000) in paragraph at lines 776--776
\T1/lmr/m/n/8 in-verse of the
 []


Underfull \hbox (badness 10000) in paragraph at lines 776--776
\T1/lmr/m/n/8 ba-sis ma-trix by
 []


Underfull \hbox (badness 10000) in paragraph at lines 776--776
\T1/lmr/m/n/8 the cost vec-tor.
 []


Underfull \hbox (badness 10000) in paragraph at lines 776--776
\T1/lmr/m/n/8 columns of the
 []


Underfull \hbox (badness 1616) in paragraph at lines 776--776
\T1/lmr/m/n/8 ma-trix that form
 []

[32] [33 </Users/ashoksaravanan/Coding/ScribeLec/server/output/MA 421/lectures/
2024-12-03-Duality/figures/25.1.png (PNG copy)>]
/Users/ashoksaravanan/Coding/ScribeLec/server/output/MA 421/lectures/2024-12-03
-Duality/notes.tex:786: Missing $ inserted.
<inserted text> 
                $
l.786 \zeta
            = c_B^T B^{-1} b \\
I've inserted a begin-math/end-math symbol since I think
you left one out. Proceed, with fingers crossed.

/Users/ashoksaravanan/Coding/ScribeLec/server/output/MA 421/lectures/2024-12-03
-Duality/notes.tex:793: Missing $ inserted.
<inserted text> 
                $
l.793 \subsection
                 {Description}%
I've inserted a begin-math/end-math symbol since I think
you left one out. Proceed, with fingers crossed.

</Users/ashoksaravanan/Coding/ScribeLec/server/output/MA 421/lectures/2024-12-0
3-Duality/figures/26.1.png, id=317, 622.325pt x 622.325pt>
File: /Users/ashoksaravanan/Coding/ScribeLec/server/output/MA 421/lectures/2024
-12-03-Duality/figures/26.1.png Graphic file (type png)
<use /Users/ashoksaravanan/Coding/ScribeLec/server/output/MA 421/lectures/2024-
12-03-Duality/figures/26.1.png>
Package pdftex.def Info: /Users/ashoksaravanan/Coding/ScribeLec/server/output/M
A 421/lectures/2024-12-03-Duality/figures/26.1.png  used on input line 800.
(pdftex.def)             Requested size: 70.46037pt x 70.4596pt.

Underfull \hbox (badness 10000) in paragraph at lines 801--801
[]\T1/lmr/bx/n/8 (a) |\T1/lmr/m/n/8 Hand-writ-ten
 []


Underfull \hbox (badness 10000) in paragraph at lines 801--801
\T1/lmr/m/n/8 notes show-ing
 []


Underfull \hbox (badness 2435) in paragraph at lines 801--801
\T1/lmr/m/n/8 ob-jec-tive func-tion
 []


Underfull \hbox (badness 3209) in paragraph at lines 801--801
\T1/lmr/m/n/8 value ($\OT1/lmr/m/n/8 \OML/lmm/m/it/8 $\T1/lmr/m/n/8 ) in a
 []


Underfull \hbox (badness 10000) in paragraph at lines 801--801
\T1/lmr/m/n/8 lin-ear pro-gram-
 []


Underfull \hbox (badness 10000) in paragraph at lines 801--801
\T1/lmr/m/n/8 ming prob-lem.
 []


Underfull \hbox (badness 2762) in paragraph at lines 801--801
\T1/lmr/m/n/8 ma-trix op-er-a-tions
 []


Underfull \hbox (badness 10000) in paragraph at lines 801--801
\T1/lmr/m/n/8 us-ing the cost
 []


Underfull \hbox (badness 4467) in paragraph at lines 801--801
\T1/lmr/m/n/8 vec-tor ($\OML/lmm/m/it/8 c[]$\T1/lmr/m/n/8 ), the
 []


Underfull \hbox (badness 10000) in paragraph at lines 801--801
\T1/lmr/m/n/8 ma-trix ($\OML/lmm/m/it/8 B[]$\T1/lmr/m/n/8 ),
 []


Underfull \hbox (badness 5771) in paragraph at lines 801--801
\T1/lmr/m/n/8 and the op-ti-mal
 []


Underfull \hbox (badness 10000) in paragraph at lines 801--801
\T1/lmr/m/n/8 so-lu-tion vec-tor
 []


Underfull \hbox (badness 10000) in paragraph at lines 801--801
\T1/lmr/m/n/8 dual so-lu-tion
 []


Underfull \hbox (badness 1577) in paragraph at lines 801--801
\T1/lmr/m/n/8 used. The fi-nal
 []


Underfull \hbox (badness 3792) in paragraph at lines 801--801
\T1/lmr/m/n/8 spe-cific nu-mer-i-cal
 []


Underfull \hbox (badness 10000) in paragraph at lines 801--801
\T1/lmr/m/n/8 cal-cu-la-tion us-ing
 []

[34] [35 </Users/ashoksaravanan/Coding/ScribeLec/server/output/MA 421/lectures/
2024-12-03-Duality/figures/26.1.png (PNG copy)>]
/Users/ashoksaravanan/Coding/ScribeLec/server/output/MA 421/lectures/2024-12-03
-Duality/notes.tex:811: Missing $ inserted.
<inserted text> 
                $
l.811 \Delta
             \zeta = -(1 \quad 0 \quad 1) \begin{pmatrix}
I've inserted a begin-math/end-math symbol since I think
you left one out. Proceed, with fingers crossed.

/Users/ashoksaravanan/Coding/ScribeLec/server/output/MA 421/lectures/2024-12-03
-Duality/notes.tex:827: Missing $ inserted.
<inserted text> 
                $
l.827 \subsection
                 {Description}%
I've inserted a begin-math/end-math symbol since I think
you left one out. Proceed, with fingers crossed.

</Users/ashoksaravanan/Coding/ScribeLec/server/output/MA 421/lectures/2024-12-0
3-Duality/figures/27.1.png, id=331, 622.325pt x 622.325pt>
File: /Users/ashoksaravanan/Coding/ScribeLec/server/output/MA 421/lectures/2024
-12-03-Duality/figures/27.1.png Graphic file (type png)
<use /Users/ashoksaravanan/Coding/ScribeLec/server/output/MA 421/lectures/2024-
12-03-Duality/figures/27.1.png>
Package pdftex.def Info: /Users/ashoksaravanan/Coding/ScribeLec/server/output/M
A 421/lectures/2024-12-03-Duality/figures/27.1.png  used on input line 834.
(pdftex.def)             Requested size: 70.46037pt x 70.4596pt.

Underfull \hbox (badness 10000) in paragraph at lines 835--835
[]\T1/lmr/bx/n/8 (a) |\T1/lmr/m/n/8 Hand-writ-ten
 []


Underfull \hbox (badness 6808) in paragraph at lines 835--835
\T1/lmr/m/n/8 notes show-ing a
 []


Underfull \hbox (badness 2781) in paragraph at lines 835--835
\T1/lmr/m/n/8 to de-ter-mine the
 []


Underfull \hbox (badness 10000) in paragraph at lines 835--835
\T1/lmr/m/n/8 change in the
 []


Underfull \hbox (badness 2435) in paragraph at lines 835--835
\T1/lmr/m/n/8 ob-jec-tive func-tion
 []


Underfull \hbox (badness 10000) in paragraph at lines 835--835
\T1/lmr/m/n/8 cal-cu-la-tion in-
 []


Underfull \hbox (badness 3417) in paragraph at lines 835--835
\T1/lmr/m/n/8 a row vec-tor, a
 []


Underfull \hbox (badness 6332) in paragraph at lines 835--835
\T1/lmr/m/n/8 ma-trix rep-re-sents
 []


Underfull \hbox (badness 10000) in paragraph at lines 835--835
\T1/lmr/m/n/8 changes in the
 []


Underfull \hbox (badness 6510) in paragraph at lines 835--835
\T1/lmr/m/n/8 con-straint ma-trix
 []


Underfull \hbox (badness 5504) in paragraph at lines 835--835
\T1/lmr/m/n/8 ($\OT1/lmr/m/n/8 \OML/lmm/m/it/8 a[]$\T1/lmr/m/n/8 ), and the
 []


Underfull \hbox (badness 10000) in paragraph at lines 835--835
\T1/lmr/m/n/8 vec-tors rep-re-sent
 []


Underfull \hbox (badness 10000) in paragraph at lines 835--835
\T1/lmr/m/n/8 The fi-nal re-sult
 []


Underfull \hbox (badness 2012) in paragraph at lines 835--835
\T1/lmr/m/n/8 is a scalar value
 []


Underfull \hbox (badness 10000) in paragraph at lines 835--835
\T1/lmr/m/n/8 rep-re-sent-ing the
 []

[36 </Users/ashoksaravanan/Coding/ScribeLec/server/output/MA 421/lectures/2024-
12-03-Duality/figures/27.1.png (PNG copy)>]
/Users/ashoksaravanan/Coding/ScribeLec/server/output/MA 421/lectures/2024-12-03
-Duality/notes.tex:845: Missing $ inserted.
<inserted text> 
                $
l.845 x_
        B^* = B^{-1} b \\
I've inserted a begin-math/end-math symbol since I think
you left one out. Proceed, with fingers crossed.

/Users/ashoksaravanan/Coding/ScribeLec/server/output/MA 421/lectures/2024-12-03
-Duality/notes.tex:852: Missing $ inserted.
<inserted text> 
                $
l.852 \subsection
                 {Description}%
I've inserted a begin-math/end-math symbol since I think
you left one out. Proceed, with fingers crossed.

</Users/ashoksaravanan/Coding/ScribeLec/server/output/MA 421/lectures/2024-12-0
3-Duality/figures/28.1.png, id=341, 622.325pt x 622.325pt>
File: /Users/ashoksaravanan/Coding/ScribeLec/server/output/MA 421/lectures/2024
-12-03-Duality/figures/28.1.png Graphic file (type png)
<use /Users/ashoksaravanan/Coding/ScribeLec/server/output/MA 421/lectures/2024-
12-03-Duality/figures/28.1.png>
Package pdftex.def Info: /Users/ashoksaravanan/Coding/ScribeLec/server/output/M
A 421/lectures/2024-12-03-Duality/figures/28.1.png  used on input line 859.
(pdftex.def)             Requested size: 70.46037pt x 70.4596pt.

Underfull \hbox (badness 10000) in paragraph at lines 860--860
[]\T1/lmr/bx/n/8 (a) |\T1/lmr/m/n/8 Hand-writ-ten
 []


Underfull \hbox (badness 10000) in paragraph at lines 860--860
\T1/lmr/m/n/8 notes show-ing
 []


Underfull \hbox (badness 10000) in paragraph at lines 860--860
\T1/lmr/m/n/8 the cal-cu-la-tion
 []


Underfull \hbox (badness 10000) in paragraph at lines 860--860
\T1/lmr/m/n/8 op-ti-mal pri-mal
 []


Underfull \hbox (badness 10000) in paragraph at lines 860--860
\T1/lmr/m/n/8 ming prob-lem.
 []


Underfull \hbox (badness 2762) in paragraph at lines 860--860
\T1/lmr/m/n/8 ma-trix op-er-a-tions
 []


Underfull \hbox (badness 2469) in paragraph at lines 860--860
\T1/lmr/m/n/8 us-ing the in-verse
 []


Underfull \hbox (badness 10000) in paragraph at lines 860--860
\T1/lmr/m/n/8 ($\OT1/lmr/m/n/8 \OML/lmm/m/it/8 B$\T1/lmr/m/n/8 ), the cost
 []


Underfull \hbox (badness 2582) in paragraph at lines 860--860
\T1/lmr/m/n/8 vec-tor ($\OML/lmm/m/it/8 c[]$\T1/lmr/m/n/8 ), and
 []


Underfull \hbox (badness 1478) in paragraph at lines 860--860
\T1/lmr/m/n/8 vec-tor ($\OML/lmm/m/it/8 b$\T1/lmr/m/n/8 ). The
 []


Underfull \hbox (badness 10000) in paragraph at lines 860--860
\T1/lmr/m/n/8 op-ti-mal pri-mal
 []


Underfull \hbox (badness 1448) in paragraph at lines 860--860
\T1/lmr/m/n/8 ($\OML/lmm/m/it/8 x[]$ \T1/lmr/m/n/8 and $\OML/lmm/m/it/8 y[]$\T1
/lmr/m/n/8 ) are
 []


Underfull \hbox (badness 10000) in paragraph at lines 860--860
\T1/lmr/m/n/8 equa-tions show
 []


Underfull \hbox (badness 10000) in paragraph at lines 860--860
\T1/lmr/m/n/8 how changes in
 []


Underfull \hbox (badness 4582) in paragraph at lines 860--860
\T1/lmr/m/n/8 the ba-sis ma-trix
 []

[37] [38 </Users/ashoksaravanan/Coding/ScribeLec/server/output/MA 421/lectures/
2024-12-03-Duality/figures/28.1.png (PNG copy)>]
/Users/ashoksaravanan/Coding/ScribeLec/server/output/MA 421/lectures/2024-12-03
-Duality/notes.tex:870: Missing $ inserted.
<inserted text> 
                $
l.870 y = \frac{1}{2}
                     x
I've inserted a begin-math/end-math symbol since I think
you left one out. Proceed, with fingers crossed.

/Users/ashoksaravanan/Coding/ScribeLec/server/output/MA 421/lectures/2024-12-03
-Duality/notes.tex:870: Extra }, or forgotten $.
\frac  #1#2->{\begingroup #1\endgroup \@@over #2}
                                                 
l.870 y = \frac{1}{2}
                     x
I've deleted a group-closing symbol because it seems to be
spurious, as in `$x}$'. But perhaps the } is legitimate and
you forgot something else, as in `\hbox{$x}'. In such cases
the way to recover is to insert both the forgotten and the
deleted material, e.g., by typing `I$}'.

/Users/ashoksaravanan/Coding/ScribeLec/server/output/MA 421/lectures/2024-12-03
-Duality/notes.tex:872: Missing $ inserted.
<inserted text> 
                $
l.872 \subsection
                 {Description}%
I've inserted a begin-math/end-math symbol since I think
you left one out. Proceed, with fingers crossed.

/Users/ashoksaravanan/Coding/ScribeLec/server/output/MA 421/lectures/2024-12-03
-Duality/notes.tex:873: You can't use `macro parameter character #' in horizont
al mode.
l.873 ...learly labeled x and y. The title "Hw 9 #
                                                  2" suggests this is part o...
Sorry, but I'm not programmed to handle this case;
I'll just pretend that you didn't ask for it.
If you're in the wrong mode, you might be able to
return to the right one by typing `I}' or `I$' or `I\par'.

</Users/ashoksaravanan/Coding/ScribeLec/server/output/MA 421/lectures/2024-12-0
3-Duality/figures/29.1.png, id=356, 622.325pt x 622.325pt>
File: /Users/ashoksaravanan/Coding/ScribeLec/server/output/MA 421/lectures/2024
-12-03-Duality/figures/29.1.png Graphic file (type png)
<use /Users/ashoksaravanan/Coding/ScribeLec/server/output/MA 421/lectures/2024-
12-03-Duality/figures/29.1.png>
Package pdftex.def Info: /Users/ashoksaravanan/Coding/ScribeLec/server/output/M
A 421/lectures/2024-12-03-Duality/figures/29.1.png  used on input line 879.
(pdftex.def)             Requested size: 70.46037pt x 70.4596pt.
/Users/ashoksaravanan/Coding/ScribeLec/server/output/MA 421/lectures/2024-12-03
-Duality/notes.tex:880: Illegal parameter number in definition of \GetTitleStri
ngResult.
<to be read again> 
                   2
l.880 ...2,1), and (4,2) are marked on the graph.}
                                                  %
You meant to type ## instead of #, right?
Or maybe a } was forgotten somewhere earlier, and things
are all screwed up? I'm going to assume that you meant ##.

/Users/ashoksaravanan/Coding/ScribeLec/server/output/MA 421/lectures/2024-12-03
-Duality/notes.tex:880: Illegal parameter number in definition of \GTS@GlobalSt
ring.
<to be read again> 
                   2
l.880 ...2,1), and (4,2) are marked on the graph.}
                                                  %
You meant to type ## instead of #, right?
Or maybe a } was forgotten somewhere earlier, and things
are all screwed up? I'm going to assume that you meant ##.

/Users/ashoksaravanan/Coding/ScribeLec/server/output/MA 421/lectures/2024-12-03
-Duality/notes.tex:880: Illegal parameter number in definition of \caption@temp
a.
<to be read again> 
                   2
l.880 ...2,1), and (4,2) are marked on the graph.}
                                                  %
You meant to type ## instead of #, right?
Or maybe a } was forgotten somewhere earlier, and things
are all screwed up? I'm going to assume that you meant ##.

/Users/ashoksaravanan/Coding/ScribeLec/server/output/MA 421/lectures/2024-12-03
-Duality/notes.tex:880: You can't use `macro parameter character #' in restrict
ed horizontal mode.
<argument> ... labeled x and y. The title "Hw 9 ##
                                                  2" is written in the upper...
l.880 ...2,1), and (4,2) are marked on the graph.}
                                                  %
Sorry, but I'm not programmed to handle this case;
I'll just pretend that you didn't ask for it.
If you're in the wrong mode, you might be able to
return to the right one by typing `I}' or `I$' or `I\par'.

/Users/ashoksaravanan/Coding/ScribeLec/server/output/MA 421/lectures/2024-12-03
-Duality/notes.tex:880: You can't use `macro parameter character #' in horizont
al mode.
<argument> ... labeled x and y. The title "Hw 9 ##
                                                  2" is written in the upper...
l.880 ...2,1), and (4,2) are marked on the graph.}
                                                  %
Sorry, but I'm not programmed to handle this case;
I'll just pretend that you didn't ask for it.
If you're in the wrong mode, you might be able to
return to the right one by typing `I}' or `I$' or `I\par'.


Underfull \hbox (badness 10000) in paragraph at lines 880--880
\T1/lmr/m/n/8 graph show-ing
 []


Underfull \hbox (badness 5475) in paragraph at lines 880--880
\T1/lmr/m/n/8 a line with the
 []


Underfull \hbox (badness 10000) in paragraph at lines 880--880
\T1/lmr/m/n/8 The line passes
 []


Underfull \hbox (badness 10000) in paragraph at lines 880--880
\T1/lmr/m/n/8 through points
 []


Underfull \hbox (badness 10000) in paragraph at lines 880--880
\T1/lmr/m/n/8 An-other point
 []


Underfull \hbox (badness 1127) in paragraph at lines 880--880
\T1/lmr/m/n/8 in the up-per left
 []


Underfull \hbox (badness 7415) in paragraph at lines 880--880
\T1/lmr/m/n/8 cor-ner. Points
 []


Underfull \hbox (badness 10000) in paragraph at lines 880--880
\T1/lmr/m/n/8 (0,0), (1,1/2),
 []


Underfull \hbox (badness 8094) in paragraph at lines 880--880
\T1/lmr/m/n/8 (2,1), and (4,2)
 []

[39 </Users/ashoksaravanan/Coding/ScribeLec/server/output/MA 421/lectures/2024-
12-03-Duality/figures/29.1.png (PNG copy)>]
/Users/ashoksaravanan/Coding/ScribeLec/server/output/MA 421/lectures/2024-12-03
-Duality/notes.tex:890: Missing $ inserted.
<inserted text> 
                $
l.890 y = ax + b \quad \left
                            ( a = \frac{1}{2}, b = 0 \right) \\
I've inserted a begin-math/end-math symbol since I think
you left one out. Proceed, with fingers crossed.

/Users/ashoksaravanan/Coding/ScribeLec/server/output/MA 421/lectures/2024-12-03
-Duality/notes.tex:897: Missing $ inserted.
<inserted text> 
                $
l.897 \subsection
                 {Description}%
I've inserted a begin-math/end-math symbol since I think
you left one out. Proceed, with fingers crossed.

</Users/ashoksaravanan/Coding/ScribeLec/server/output/MA 421/lectures/2024-12-0
3-Duality/figures/30.1.png, id=366, 622.325pt x 622.325pt>
File: /Users/ashoksaravanan/Coding/ScribeLec/server/output/MA 421/lectures/2024
-12-03-Duality/figures/30.1.png Graphic file (type png)
<use /Users/ashoksaravanan/Coding/ScribeLec/server/output/MA 421/lectures/2024-
12-03-Duality/figures/30.1.png>
Package pdftex.def Info: /Users/ashoksaravanan/Coding/ScribeLec/server/output/M
A 421/lectures/2024-12-03-Duality/figures/30.1.png  used on input line 904.
(pdftex.def)             Requested size: 70.46037pt x 70.4596pt.

Underfull \hbox (badness 10000) in paragraph at lines 905--905
[]\T1/lmr/bx/n/8 (a) |\T1/lmr/m/n/8 Hand-writ-ten
 []


Underfull \hbox (badness 6808) in paragraph at lines 905--905
\T1/lmr/m/n/8 notes show-ing a
 []


Underfull \hbox (badness 10000) in paragraph at lines 905--905
\T1/lmr/m/n/8 lin-ear pro-gram-
 []


Underfull \hbox (badness 10000) in paragraph at lines 905--905
\T1/lmr/m/n/8 ming prob-lem
 []


Underfull \hbox (badness 10000) in paragraph at lines 905--905
\T1/lmr/m/n/8 func-tion is to
 []


Underfull \hbox (badness 5316) in paragraph at lines 905--905
\T1/lmr/m/n/8 of four vari-ables
 []


Underfull \hbox (badness 10000) in paragraph at lines 905--905
\T1/lmr/m/n/8 ($\OML/lmm/m/it/8 x[]; x[]; x[]; x[]$\T1/lmr/m/n/8 ).
 []


Underfull \hbox (badness 10000) in paragraph at lines 905--905
\T1/lmr/m/n/8 The con-straints
 []


Underfull \hbox (badness 10000) in paragraph at lines 905--905
\T1/lmr/m/n/8 in-volve ab-so-lute
 []


Underfull \hbox (badness 10000) in paragraph at lines 905--905
\T1/lmr/m/n/8 val-ues of dif-fer-
 []


Underfull \hbox (badness 6078) in paragraph at lines 905--905
\T1/lmr/m/n/8 ences be-tween a
 []


Underfull \hbox (badness 10000) in paragraph at lines 905--905
\T1/lmr/m/n/8 lin-ear func-tion
 []


Underfull \hbox (badness 7012) in paragraph at lines 905--905
\OML/lmm/m/it/8 a \OT1/lmr/m/n/8 = 1\OML/lmm/m/it/8 =\OT1/lmr/m/n/8 2$ \T1/lmr/
m/n/8 and
 []


Underfull \hbox (badness 10000) in paragraph at lines 905--905
\T1/lmr/m/n/8 some con-stants
 []


Underfull \hbox (badness 10000) in paragraph at lines 905--905
\T1/lmr/m/n/8 Each ab-so-lute
 []

[40] [41 </Users/ashoksaravanan/Coding/ScribeLec/server/output/MA 421/lectures/
2024-12-03-Duality/figures/30.1.png (PNG copy)>]
/Users/ashoksaravanan/Coding/ScribeLec/server/output/MA 421/lectures/2024-12-03
-Duality/notes.tex:915: Missing $ inserted.
<inserted text> 
                $
l.915 y = ax + b \quad \left
                            ( a = \frac{1}{2}, b = 0 \right) \\
I've inserted a begin-math/end-math symbol since I think
you left one out. Proceed, with fingers crossed.

/Users/ashoksaravanan/Coding/ScribeLec/server/output/MA 421/lectures/2024-12-03
-Duality/notes.tex:922: Missing $ inserted.
<inserted text> 
                $
l.922 \subsection
                 {Description}%
I've inserted a begin-math/end-math symbol since I think
you left one out. Proceed, with fingers crossed.

</Users/ashoksaravanan/Coding/ScribeLec/server/output/MA 421/lectures/2024-12-0
3-Duality/figures/31.1.png, id=380, 436.63126pt x 296.10625pt>
File: /Users/ashoksaravanan/Coding/ScribeLec/server/output/MA 421/lectures/2024
-12-03-Duality/figures/31.1.png Graphic file (type png)
<use /Users/ashoksaravanan/Coding/ScribeLec/server/output/MA 421/lectures/2024-
12-03-Duality/figures/31.1.png>
Package pdftex.def Info: /Users/ashoksaravanan/Coding/ScribeLec/server/output/M
A 421/lectures/2024-12-03-Duality/figures/31.1.png  used on input line 929.
(pdftex.def)             Requested size: 70.46037pt x 47.78008pt.

Underfull \hbox (badness 10000) in paragraph at lines 930--930
[]\T1/lmr/bx/n/8 (a) |\T1/lmr/m/n/8 Hand-writ-ten
 []


Underfull \hbox (badness 6808) in paragraph at lines 930--930
\T1/lmr/m/n/8 notes show-ing a
 []


Underfull \hbox (badness 10000) in paragraph at lines 930--930
\T1/lmr/m/n/8 lin-ear pro-gram-
 []


Underfull \hbox (badness 10000) in paragraph at lines 930--930
\T1/lmr/m/n/8 ming prob-lem
 []


Underfull \hbox (badness 10000) in paragraph at lines 930--930
\T1/lmr/m/n/8 func-tion is to
 []


Underfull \hbox (badness 5316) in paragraph at lines 930--930
\T1/lmr/m/n/8 of four vari-ables
 []


Underfull \hbox (badness 10000) in paragraph at lines 930--930
\T1/lmr/m/n/8 ($\OML/lmm/m/it/8 x[]; x[]; x[]; x[]$\T1/lmr/m/n/8 ).
 []


Underfull \hbox (badness 10000) in paragraph at lines 930--930
\T1/lmr/m/n/8 The con-straints
 []


Underfull \hbox (badness 10000) in paragraph at lines 930--930
\T1/lmr/m/n/8 with ab-so-lute
 []


Underfull \hbox (badness 10000) in paragraph at lines 930--930
\T1/lmr/m/n/8 ab-so-lute value
 []


Underfull \hbox (badness 10000) in paragraph at lines 930--930
\T1/lmr/m/n/8 is less than or
 []


Underfull \hbox (badness 4569) in paragraph at lines 930--930
\T1/lmr/m/n/8 equal to one of
 []


Underfull \hbox (badness 10000) in paragraph at lines 930--930
\T1/lmr/m/n/8 the vari-ables to
 []


Underfull \hbox (badness 10000) in paragraph at lines 930--930
\T1/lmr/m/n/8 be min-i-mized.
 []


Underfull \hbox (badness 10000) in paragraph at lines 930--930
\T1/lmr/m/n/8 The con-straints
 []


Underfull \hbox (badness 3058) in paragraph at lines 930--930
\T1/lmr/m/n/8 are re-lated to a
 []


Underfull \hbox (badness 10000) in paragraph at lines 930--930
\T1/lmr/m/n/8 lin-ear func-tion
 []


Underfull \hbox (badness 7012) in paragraph at lines 930--930
\OML/lmm/m/it/8 a \OT1/lmr/m/n/8 = 1\OML/lmm/m/it/8 =\OT1/lmr/m/n/8 2$ \T1/lmr/
m/n/8 and
 []

[42] [43 </Users/ashoksaravanan/Coding/ScribeLec/server/output/MA 421/lectures/
2024-12-03-Duality/figures/31.1.png (PNG copy)>]
/Users/ashoksaravanan/Coding/ScribeLec/server/output/MA 421/lectures/2024-12-03
-Duality/notes.tex:940: Missing $ inserted.
<inserted text> 
                $
l.940 ...Proposed Solution}} \quad a = \frac{1}{2}
                                                  , \quad b = 0 \\
I've inserted a begin-math/end-math symbol since I think
you left one out. Proceed, with fingers crossed.

/Users/ashoksaravanan/Coding/ScribeLec/server/output/MA 421/lectures/2024-12-03
-Duality/notes.tex:940: Extra }, or forgotten $.
\frac  #1#2->{\begingroup #1\endgroup \@@over #2}
                                                 
l.940 ...Proposed Solution}} \quad a = \frac{1}{2}
                                                  , \quad b = 0 \\
I've deleted a group-closing symbol because it seems to be
spurious, as in `$x}$'. But perhaps the } is legitimate and
you forgot something else, as in `\hbox{$x}'. In such cases
the way to recover is to insert both the forgotten and the
deleted material, e.g., by typing `I$}'.

/Users/ashoksaravanan/Coding/ScribeLec/server/output/MA 421/lectures/2024-12-03
-Duality/notes.tex:949: Missing $ inserted.
<inserted text> 
                $
l.949 \subsection
                 {Description}%
I've inserted a begin-math/end-math symbol since I think
you left one out. Proceed, with fingers crossed.


Overfull \hbox (60.08417pt too wide) in paragraph at lines 940--949
$[]$  \T1/lmr/m/n/10 a = 1$[]$ 
 []

</Users/ashoksaravanan/Coding/ScribeLec/server/output/MA 421/lectures/2024-12-0
3-Duality/figures/32.1.png, id=395, 622.325pt x 622.325pt>
File: /Users/ashoksaravanan/Coding/ScribeLec/server/output/MA 421/lectures/2024
-12-03-Duality/figures/32.1.png Graphic file (type png)
<use /Users/ashoksaravanan/Coding/ScribeLec/server/output/MA 421/lectures/2024-
12-03-Duality/figures/32.1.png>
Package pdftex.def Info: /Users/ashoksaravanan/Coding/ScribeLec/server/output/M
A 421/lectures/2024-12-03-Duality/figures/32.1.png  used on input line 956.
(pdftex.def)             Requested size: 70.46037pt x 70.4596pt.

Underfull \hbox (badness 10000) in paragraph at lines 957--957
[]\T1/lmr/bx/n/8 (a) |\T1/lmr/m/n/8 Hand-writ-ten
 []


Underfull \hbox (badness 10000) in paragraph at lines 957--957
\T1/lmr/m/n/8 notes show-ing
 []


Underfull \hbox (badness 10000) in paragraph at lines 957--957
\T1/lmr/m/n/8 the pro-posed
 []


Underfull \hbox (badness 10000) in paragraph at lines 957--957
\T1/lmr/m/n/8 pro-gram-ming
 []


Underfull \hbox (badness 10000) in paragraph at lines 957--957
\T1/lmr/m/n/8 prob-lem. The
 []


Underfull \hbox (badness 10000) in paragraph at lines 957--957
\T1/lmr/m/n/8 so-lu-tion in-volves
 []


Underfull \hbox (badness 5316) in paragraph at lines 957--957
\T1/lmr/m/n/8 of four vari-ables
 []


Underfull \hbox (badness 10000) in paragraph at lines 957--957
\T1/lmr/m/n/8 ($\OML/lmm/m/it/8 x[]; x[]; x[]; x[]$\T1/lmr/m/n/8 )
 []


Underfull \hbox (badness 10000) in paragraph at lines 957--957
\T1/lmr/m/n/8 that min-i-mize
 []


Underfull \hbox (badness 10000) in paragraph at lines 957--957
\T1/lmr/m/n/8 the ob-jec-tive
 []


Underfull \hbox (badness 10000) in paragraph at lines 957--957
\T1/lmr/m/n/8 func-tion, given
 []


Underfull \hbox (badness 10000) in paragraph at lines 957--957
\T1/lmr/m/n/8 the con-straints
 []


Underfull \hbox (badness 10000) in paragraph at lines 957--957
\T1/lmr/m/n/8 from pre-vi-ous
 []


Underfull \hbox (badness 2452) in paragraph at lines 957--957
\T1/lmr/m/n/8 slides. The so-
 []


Underfull \hbox (badness 4981) in paragraph at lines 957--957
\T1/lmr/m/n/8 lu-tion is de-rived
 []


Underfull \hbox (badness 3029) in paragraph at lines 957--957
\T1/lmr/m/n/8 by an-a-lyz-ing the
 []


Underfull \hbox (badness 10000) in paragraph at lines 957--957
\T1/lmr/m/n/8 are in-equal-i-ties
 []


Underfull \hbox (badness 1325) in paragraph at lines 957--957
\T1/lmr/m/n/8 in-volv-ing ab-so-lute
 []


Underfull \hbox (badness 4927) in paragraph at lines 957--957
\T1/lmr/m/n/8 so-lu-tion is given
 []


Underfull \hbox (badness 10000) in paragraph at lines 957--957
\T1/lmr/m/n/8 pa-ram-e-ters from
 []


Underfull \hbox (badness 10000) in paragraph at lines 957--957
\T1/lmr/m/n/8 op-ti-mal ob-jec-tive
 []


Underfull \hbox (badness 3758) in paragraph at lines 957--957
\T1/lmr/m/n/8 func-tion value is
 []

[44 </Users/ashoksaravanan/Coding/ScribeLec/server/output/MA 421/lectures/2024-
12-03-Duality/figures/32.1.png (PNG copy)>]
/Users/ashoksaravanan/Coding/ScribeLec/server/output/MA 421/lectures/2024-12-03
-Duality/notes.tex:967: Missing $ inserted.
<inserted text> 
                $
l.967 u_
        1 (t_1 + b \ge 0) \\
I've inserted a begin-math/end-math symbol since I think
you left one out. Proceed, with fingers crossed.

/Users/ashoksaravanan/Coding/ScribeLec/server/output/MA 421/lectures/2024-12-03
-Duality/notes.tex:976: Missing $ inserted.
<inserted text> 
                $
l.976 \subsection
                 {Description}%
I've inserted a begin-math/end-math symbol since I think
you left one out. Proceed, with fingers crossed.

</Users/ashoksaravanan/Coding/ScribeLec/server/output/MA 421/lectures/2024-12-0
3-Duality/figures/33.1.png, id=405, 235.88126pt x 436.63126pt>
File: /Users/ashoksaravanan/Coding/ScribeLec/server/output/MA 421/lectures/2024
-12-03-Duality/figures/33.1.png Graphic file (type png)
<use /Users/ashoksaravanan/Coding/ScribeLec/server/output/MA 421/lectures/2024-
12-03-Duality/figures/33.1.png>
Package pdftex.def Info: /Users/ashoksaravanan/Coding/ScribeLec/server/output/M
A 421/lectures/2024-12-03-Duality/figures/33.1.png  used on input line 983.
(pdftex.def)             Requested size: 70.46037pt x 130.42407pt.

Underfull \hbox (badness 10000) in paragraph at lines 984--984
[]\T1/lmr/bx/n/8 (a) |\T1/lmr/m/n/8 Hand-writ-ten
 []


Underfull \hbox (badness 6808) in paragraph at lines 984--984
\T1/lmr/m/n/8 notes show-ing a
 []


Underfull \hbox (badness 10000) in paragraph at lines 984--984
\T1/lmr/m/n/8 in-volv-ing vari-
 []


Underfull \hbox (badness 10000) in paragraph at lines 984--984
\T1/lmr/m/n/8 ables $\OML/lmm/m/it/8 t[]; t[]; t[]; t[]$
 []


Underfull \hbox (badness 10000) in paragraph at lines 984--984
\T1/lmr/m/n/8 and pa-ram-e-ters
 []


Underfull \hbox (badness 2894) in paragraph at lines 984--984
\OML/lmm/m/it/8 a$\T1/lmr/m/n/8 , $\OML/lmm/m/it/8 b$\T1/lmr/m/n/8 , $\OML/lmm/
m/it/8 i$\T1/lmr/m/n/8 , and $\OML/lmm/m/it/8 p$\T1/lmr/m/n/8 .
 []


Underfull \hbox (badness 10000) in paragraph at lines 984--984
\T1/lmr/m/n/8 Each in-equal-ity
 []


Underfull \hbox (badness 10000) in paragraph at lines 984--984
\T1/lmr/m/n/8 is mul-ti-plied by
 []


Underfull \hbox (badness 10000) in paragraph at lines 984--984
\T1/lmr/m/n/8 a non-negative
 []

[45 </Users/ashoksaravanan/Coding/ScribeLec/server/output/MA 421/lectures/2024-
12-03-Duality/figures/33.1.png (PNG copy)>]
/Users/ashoksaravanan/Coding/ScribeLec/server/output/MA 421/lectures/2024-12-03
-Duality/notes.tex:994: Missing $ inserted.
<inserted text> 
                $
l.994 \max
           \quad (u_3 - u_4) + 2(u_5 - u_6) + p(u_7 - u_8) \\
I've inserted a begin-math/end-math symbol since I think
you left one out. Proceed, with fingers crossed.

/Users/ashoksaravanan/Coding/ScribeLec/server/output/MA 421/lectures/2024-12-03
-Duality/notes.tex:1003: Missing $ inserted.
<inserted text> 
                $
l.1003 \subsection
                  {Description}%
I've inserted a begin-math/end-math symbol since I think
you left one out. Proceed, with fingers crossed.

</Users/ashoksaravanan/Coding/ScribeLec/server/output/MA 421/lectures/2024-12-0
3-Duality/figures/34.1.png, id=416, 436.63126pt x 336.25626pt>
File: /Users/ashoksaravanan/Coding/ScribeLec/server/output/MA 421/lectures/2024
-12-03-Duality/figures/34.1.png Graphic file (type png)
<use /Users/ashoksaravanan/Coding/ScribeLec/server/output/MA 421/lectures/2024-
12-03-Duality/figures/34.1.png>
Package pdftex.def Info: /Users/ashoksaravanan/Coding/ScribeLec/server/output/M
A 421/lectures/2024-12-03-Duality/figures/34.1.png  used on input line 1010.
(pdftex.def)             Requested size: 70.46037pt x 54.25874pt.

Underfull \hbox (badness 10000) in paragraph at lines 1011--1011
[]\T1/lmr/bx/n/8 (a) |\T1/lmr/m/n/8 Hand-writ-ten
 []


Underfull \hbox (badness 6808) in paragraph at lines 1011--1011
\T1/lmr/m/n/8 notes show-ing a
 []


Underfull \hbox (badness 10000) in paragraph at lines 1011--1011
\T1/lmr/m/n/8 lin-ear pro-gram-
 []


Underfull \hbox (badness 10000) in paragraph at lines 1011--1011
\T1/lmr/m/n/8 ming prob-lem.
 []


Underfull \hbox (badness 10000) in paragraph at lines 1011--1011
\T1/lmr/m/n/8 The ob-jec-tive
 []


Underfull \hbox (badness 10000) in paragraph at lines 1011--1011
\T1/lmr/m/n/8 func-tion is to
 []


Underfull \hbox (badness 10000) in paragraph at lines 1011--1011
\T1/lmr/m/n/8 com-bi-na-tion of
 []


Underfull \hbox (badness 10000) in paragraph at lines 1011--1011
\T1/lmr/m/n/8 eight vari-ables
 []


Underfull \hbox (badness 10000) in paragraph at lines 1011--1011
\T1/lmr/m/n/8 ($\OML/lmm/m/it/8 u[]; u[]; [] ; u[]$\T1/lmr/m/n/8 ).
 []


Underfull \hbox (badness 10000) in paragraph at lines 1011--1011
\T1/lmr/m/n/8 The con-straints
 []


Underfull \hbox (badness 1552) in paragraph at lines 1011--1011
\T1/lmr/m/n/8 tions where pairs
 []


Underfull \hbox (badness 4913) in paragraph at lines 1011--1011
\T1/lmr/m/n/8 of vari-ables sum
 []


Underfull \hbox (badness 1924) in paragraph at lines 1011--1011
\T1/lmr/m/n/8 of the dif-fer-ences
 []


Underfull \hbox (badness 4341) in paragraph at lines 1011--1011
\T1/lmr/m/n/8 be-tween pairs of
 []


Underfull \hbox (badness 10000) in paragraph at lines 1011--1011
\T1/lmr/m/n/8 rep-re-sent-ing the
 []


Underfull \hbox (badness 10000) in paragraph at lines 1011--1011
\T1/lmr/m/n/8 and each term
 []


Underfull \hbox (badness 2111) in paragraph at lines 1011--1011
\T1/lmr/m/n/8 is la-beled $\OML/lmm/m/it/8 V[]$ \T1/lmr/m/n/8 for
 []

[46] [47 </Users/ashoksaravanan/Coding/ScribeLec/server/output/MA 421/lectures/
2024-12-03-Duality/figures/34.1.png (PNG copy)>]
/Users/ashoksaravanan/Coding/ScribeLec/server/output/MA 421/lectures/2024-12-03
-Duality/notes.tex:1021: Missing $ inserted.
<inserted text> 
                $
l.1021 \begin{cases}
                    
I've inserted a begin-math/end-math symbol since I think
you left one out. Proceed, with fingers crossed.

/Users/ashoksaravanan/Coding/ScribeLec/server/output/MA 421/lectures/2024-12-03
-Duality/notes.tex:1030: Missing $ inserted.
<inserted text> 
                $
l.1030 \end{cases}
                   \quad a = \frac{1}{2}, \quad b = 0 \quad u_i \ge 0
I've inserted something that you may have forgotten.
(See the <inserted text> above.)
With luck, this will get me unwedged. But if you
really didn't forget anything, try typing `2' now; then
my insertion and my current dilemma will both disappear.

/Users/ashoksaravanan/Coding/ScribeLec/server/output/MA 421/lectures/2024-12-03
-Duality/notes.tex:1030: Missing $ inserted.
<inserted text> 
                $
l.1030 \end{cases} \quad a = \frac{1}{2}
                                        , \quad b = 0 \quad u_i \ge 0
I've inserted a begin-math/end-math symbol since I think
you left one out. Proceed, with fingers crossed.

/Users/ashoksaravanan/Coding/ScribeLec/server/output/MA 421/lectures/2024-12-03
-Duality/notes.tex:1030: Extra }, or forgotten $.
\frac  #1#2->{\begingroup #1\endgroup \@@over #2}
                                                 
l.1030 \end{cases} \quad a = \frac{1}{2}
                                        , \quad b = 0 \quad u_i \ge 0
I've deleted a group-closing symbol because it seems to be
spurious, as in `$x}$'. But perhaps the } is legitimate and
you forgot something else, as in `\hbox{$x}'. In such cases
the way to recover is to insert both the forgotten and the
deleted material, e.g., by typing `I$}'.

/Users/ashoksaravanan/Coding/ScribeLec/server/output/MA 421/lectures/2024-12-03
-Duality/notes.tex:1032: Missing $ inserted.
<inserted text> 
                $
l.1032 \subsection
                  {Description}%
I've inserted a begin-math/end-math symbol since I think
you left one out. Proceed, with fingers crossed.

</Users/ashoksaravanan/Coding/ScribeLec/server/output/MA 421/lectures/2024-12-0
3-Duality/figures/35.1.png, id=430, 235.88126pt x 436.63126pt>
File: /Users/ashoksaravanan/Coding/ScribeLec/server/output/MA 421/lectures/2024
-12-03-Duality/figures/35.1.png Graphic file (type png)
<use /Users/ashoksaravanan/Coding/ScribeLec/server/output/MA 421/lectures/2024-
12-03-Duality/figures/35.1.png>
Package pdftex.def Info: /Users/ashoksaravanan/Coding/ScribeLec/server/output/M
A 421/lectures/2024-12-03-Duality/figures/35.1.png  used on input line 1039.
(pdftex.def)             Requested size: 70.46037pt x 130.42407pt.

Underfull \hbox (badness 10000) in paragraph at lines 1040--1040
[]\T1/lmr/bx/n/8 (a) |\T1/lmr/m/n/8 Hand-writ-ten
 []


Underfull \hbox (badness 6808) in paragraph at lines 1040--1040
\T1/lmr/m/n/8 notes show-ing a
 []


Underfull \hbox (badness 10000) in paragraph at lines 1040--1040
\T1/lmr/m/n/8 is mul-ti-plied by
 []


Underfull \hbox (badness 10000) in paragraph at lines 1040--1040
\T1/lmr/m/n/8 a non-negative
 []

[48 </Users/ashoksaravanan/Coding/ScribeLec/server/output/MA 421/lectures/2024-
12-03-Duality/figures/35.1.png (PNG copy)>]
/Users/ashoksaravanan/Coding/ScribeLec/server/output/MA 421/lectures/2024-12-03
-Duality/notes.tex:1052: Missing $ inserted.
<inserted text> 
                $
l.1052 \text{For } u_
                     7, u_8: \\
I've inserted a begin-math/end-math symbol since I think
you left one out. Proceed, with fingers crossed.

/Users/ashoksaravanan/Coding/ScribeLec/server/output/MA 421/lectures/2024-12-03
-Duality/notes.tex:1058: Missing $ inserted.
<inserted text> 
                $
l.1058 \subsection
                  {Description}%
I've inserted a begin-math/end-math symbol since I think
you left one out. Proceed, with fingers crossed.

</Users/ashoksaravanan/Coding/ScribeLec/server/output/MA 421/lectures/2024-12-0
3-Duality/figures/36.1.png, id=440, 235.88126pt x 436.63126pt>
File: /Users/ashoksaravanan/Coding/ScribeLec/server/output/MA 421/lectures/2024
-12-03-Duality/figures/36.1.png Graphic file (type png)
<use /Users/ashoksaravanan/Coding/ScribeLec/server/output/MA 421/lectures/2024-
12-03-Duality/figures/36.1.png>
Package pdftex.def Info: /Users/ashoksaravanan/Coding/ScribeLec/server/output/M
A 421/lectures/2024-12-03-Duality/figures/36.1.png  used on input line 1071.
(pdftex.def)             Requested size: 70.46037pt x 130.42407pt.

Underfull \hbox (badness 10000) in paragraph at lines 1072--1072
[]\T1/lmr/bx/n/8 (a) |\T1/lmr/m/n/8 Hand-writ-ten
 []


Underfull \hbox (badness 10000) in paragraph at lines 1072--1072
\T1/lmr/m/n/8 notes dis-cussing
 []


Underfull \hbox (badness 1838) in paragraph at lines 1072--1072
\T1/lmr/m/n/8 the val-ues of $\OML/lmm/m/it/8 t[]$\T1/lmr/m/n/8 ,
 []

[49 </Users/ashoksaravanan/Coding/ScribeLec/server/output/MA 421/lectures/2024-
12-03-Duality/figures/36.1.png (PNG copy)>]
/Users/ashoksaravanan/Coding/ScribeLec/server/output/MA 421/lectures/2024-12-03
-Duality/notes.tex:1082: Missing $ inserted.
<inserted text> 
                $
l.1082 \text{For } p \ge
                         \frac{1}{2}, \\
I've inserted a begin-math/end-math symbol since I think
you left one out. Proceed, with fingers crossed.

/Users/ashoksaravanan/Coding/ScribeLec/server/output/MA 421/lectures/2024-12-03
-Duality/notes.tex:1090: Missing $ inserted.
<inserted text> 
                $
l.1090 \subsection
                  {Description}%
I've inserted a begin-math/end-math symbol since I think
you left one out. Proceed, with fingers crossed.

</Users/ashoksaravanan/Coding/ScribeLec/server/output/MA 421/lectures/2024-12-0
3-Duality/figures/37.1.png, id=451, 436.63126pt x 436.63126pt>
File: /Users/ashoksaravanan/Coding/ScribeLec/server/output/MA 421/lectures/2024
-12-03-Duality/figures/37.1.png Graphic file (type png)
<use /Users/ashoksaravanan/Coding/ScribeLec/server/output/MA 421/lectures/2024-
12-03-Duality/figures/37.1.png>
Package pdftex.def Info: /Users/ashoksaravanan/Coding/ScribeLec/server/output/M
A 421/lectures/2024-12-03-Duality/figures/37.1.png  used on input line 1097.
(pdftex.def)             Requested size: 70.46037pt x 70.45538pt.

Underfull \hbox (badness 10000) in paragraph at lines 1098--1098
[]\T1/lmr/bx/n/8 (a) |\T1/lmr/m/n/8 Hand-writ-ten
 []


Underfull \hbox (badness 10000) in paragraph at lines 1098--1098
\T1/lmr/m/n/8 lin-ear pro-gram-
 []


Underfull \hbox (badness 10000) in paragraph at lines 1098--1098
\T1/lmr/m/n/8 ming prob-lems.
 []


Underfull \hbox (badness 10000) in paragraph at lines 1098--1098
\T1/lmr/m/n/8 com-bi-na-tion of
 []


Underfull \hbox (badness 5331) in paragraph at lines 1098--1098
\OML/lmm/m/it/8 V[]$\T1/lmr/m/n/8 , $\OML/lmm/m/it/8 V[]$\T1/lmr/m/n/8 , and $\
OML/lmm/m/it/8 p$\T1/lmr/m/n/8 ,
 []


Underfull \hbox (badness 10000) in paragraph at lines 1098--1098
\T1/lmr/m/n/8 sub-ject to two
 []


Underfull \hbox (badness 2253) in paragraph at lines 1098--1098
\T1/lmr/m/n/8 lin-ear con-straints.
 []


Underfull \hbox (badness 10000) in paragraph at lines 1098--1098
\T1/lmr/m/n/8 lem max-i-mizes
 []


Underfull \hbox (badness 6526) in paragraph at lines 1098--1098
\T1/lmr/m/n/8 two other lin-ear
 []


Underfull \hbox (badness 6944) in paragraph at lines 1098--1098
\T1/lmr/m/n/8 con-straints. A
 []


Underfull \hbox (badness 3460) in paragraph at lines 1098--1098
\T1/lmr/m/n/8 red ar-row points
 []


Underfull \hbox (badness 10000) in paragraph at lines 1098--1098
\T1/lmr/m/n/8 to the sec-ond
 []


Underfull \hbox (badness 10000) in paragraph at lines 1098--1098
\T1/lmr/m/n/8 prob-lem, and a
 []


Underfull \hbox (badness 4779) in paragraph at lines 1098--1098
\T1/lmr/m/n/8 note "Make sure
 []

[50] [51 </Users/ashoksaravanan/Coding/ScribeLec/server/output/MA 421/lectures/
2024-12-03-Duality/figures/37.1.png (PNG copy)>]
/Users/ashoksaravanan/Coding/ScribeLec/server/output/MA 421/lectures/2024-12-03
-Duality/notes.tex:1108: Missing $ inserted.
<inserted text> 
                $
l.1108 \text{For } p \le
                         \frac{1}{2}, \\
I've inserted a begin-math/end-math symbol since I think
you left one out. Proceed, with fingers crossed.

/Users/ashoksaravanan/Coding/ScribeLec/server/output/MA 421/lectures/2024-12-03
-Duality/notes.tex:1116: Missing $ inserted.
<inserted text> 
                $
l.1116 \subsection
                  {Description}%
I've inserted a begin-math/end-math symbol since I think
you left one out. Proceed, with fingers crossed.

</Users/ashoksaravanan/Coding/ScribeLec/server/output/MA 421/lectures/2024-12-0
3-Duality/figures/38.1.png, id=465, 436.63126pt x 436.63126pt>
File: /Users/ashoksaravanan/Coding/ScribeLec/server/output/MA 421/lectures/2024
-12-03-Duality/figures/38.1.png Graphic file (type png)
<use /Users/ashoksaravanan/Coding/ScribeLec/server/output/MA 421/lectures/2024-
12-03-Duality/figures/38.1.png>
Package pdftex.def Info: /Users/ashoksaravanan/Coding/ScribeLec/server/output/M
A 421/lectures/2024-12-03-Duality/figures/38.1.png  used on input line 1123.
(pdftex.def)             Requested size: 70.46037pt x 70.45538pt.

Underfull \hbox (badness 10000) in paragraph at lines 1124--1124
[]\T1/lmr/bx/n/8 (a) |\T1/lmr/m/n/8 Hand-writ-ten
 []


Underfull \hbox (badness 10000) in paragraph at lines 1124--1124
\T1/lmr/m/n/8 lin-ear pro-gram-
 []


Underfull \hbox (badness 10000) in paragraph at lines 1124--1124
\T1/lmr/m/n/8 ming prob-lems.
 []


Underfull \hbox (badness 10000) in paragraph at lines 1124--1124
\T1/lmr/m/n/8 com-bi-na-tion of
 []


Underfull \hbox (badness 5331) in paragraph at lines 1124--1124
\OML/lmm/m/it/8 V[]$\T1/lmr/m/n/8 , $\OML/lmm/m/it/8 V[]$\T1/lmr/m/n/8 , and $\
OML/lmm/m/it/8 p$\T1/lmr/m/n/8 ,
 []


Underfull \hbox (badness 10000) in paragraph at lines 1124--1124
\T1/lmr/m/n/8 sub-ject to two
 []


Underfull \hbox (badness 2253) in paragraph at lines 1124--1124
\T1/lmr/m/n/8 lin-ear con-straints.
 []


Underfull \hbox (badness 10000) in paragraph at lines 1124--1124
\T1/lmr/m/n/8 lem max-i-mizes
 []


Underfull \hbox (badness 6526) in paragraph at lines 1124--1124
\T1/lmr/m/n/8 two other lin-ear
 []


Underfull \hbox (badness 6944) in paragraph at lines 1124--1124
\T1/lmr/m/n/8 con-straints. A
 []


Underfull \hbox (badness 3460) in paragraph at lines 1124--1124
\T1/lmr/m/n/8 red ar-row points
 []


Underfull \hbox (badness 10000) in paragraph at lines 1124--1124
\T1/lmr/m/n/8 to the sec-ond
 []


Underfull \hbox (badness 10000) in paragraph at lines 1124--1124
\T1/lmr/m/n/8 prob-lem, and a
 []


Underfull \hbox (badness 4779) in paragraph at lines 1124--1124
\T1/lmr/m/n/8 note "Make sure
 []

[52 </Users/ashoksaravanan/Coding/ScribeLec/server/output/MA 421/lectures/2024-
12-03-Duality/figures/38.1.png (PNG copy)>]

enddocument/afterlastpage: lastpage setting LastPage.
(_logs/notes.aux)
 ***********
LaTeX2e <2023-11-01> patch level 1
L3 programming layer <2024-02-20>
 ***********


LaTeX Warning: Label(s) may have changed. Rerun to get cross-references right.


Package rerunfilecheck Warning: File `notes.out' has changed.
(rerunfilecheck)                Rerun to get outlines right
(rerunfilecheck)                or use package `bookmark'.

Package rerunfilecheck Info: Checksums for `notes.out':
(rerunfilecheck)             Before: <no file>
(rerunfilecheck)             After:  3A24261CD95902AC7011FDBD7547B4E3;14870.

Package lastpage Warning: Rerun to get the references right on input line 1130.


 )
(\end occurred inside a group at level 3)

### simple group (level 3) entered at line 1030 ({)
### simple group (level 2) entered at line 940 ({)
### simple group (level 1) entered at line 870 ({)
### bottom level 
Here is how much of TeX's memory you used:
 14939 strings out of 474116
 264570 string characters out of 5743682
 1940187 words of memory out of 5000000
 36806 multiletter control sequences out of 15000+600000
 616079 words of font info for 79 fonts, out of 8000000 for 9000
 1141 hyphenation exceptions out of 8191
 83i,15n,131p,1815b,796s stack positions out of 10000i,1000n,20000p,200000b,200000s
</usr/local/texlive/2024/texmf-dist/fonts/type1/public/lm/lmbx1
2.pfb></usr/local/texlive/2024/texmf-dist/fonts/type1/public/lm/lmbx8.pfb></usr
/local/texlive/2024/texmf-dist/fonts/type1/public/lm/lmex10.pfb></usr/local/tex
live/2024/texmf-dist/fonts/type1/public/lm/lmmi10.pfb></usr/local/texlive/2024/
texmf-dist/fonts/type1/public/lm/lmmi5.pfb></usr/local/texlive/2024/texmf-dist/
fonts/type1/public/lm/lmmi6.pfb></usr/local/texlive/2024/texmf-dist/fonts/type1
/public/lm/lmmi7.pfb></usr/local/texlive/2024/texmf-dist/fonts/type1/public/lm/
lmmi8.pfb></usr/local/texlive/2024/texmf-dist/fonts/type1/public/lm/lmr10.pfb><
/usr/local/texlive/2024/texmf-dist/fonts/type1/public/lm/lmr12.pfb></usr/local/
texlive/2024/texmf-dist/fonts/type1/public/lm/lmr17.pfb></usr/local/texlive/202
4/texmf-dist/fonts/type1/public/lm/lmr5.pfb></usr/local/texlive/2024/texmf-dist
/fonts/type1/public/lm/lmr6.pfb></usr/local/texlive/2024/texmf-dist/fonts/type1
/public/lm/lmr7.pfb></usr/local/texlive/2024/texmf-dist/fonts/type1/public/lm/l
mr8.pfb></usr/local/texlive/2024/texmf-dist/fonts/type1/public/lm/lmsy10.pfb></
usr/local/texlive/2024/texmf-dist/fonts/type1/public/lm/lmsy5.pfb></usr/local/t
exlive/2024/texmf-dist/fonts/type1/public/lm/lmsy6.pfb></usr/local/texlive/2024
/texmf-dist/fonts/type1/public/lm/lmsy7.pfb></usr/local/texlive/2024/texmf-dist
/fonts/type1/public/lm/lmsy8.pfb>
Output written on _logs/notes.pdf (52 pages, 2047805 bytes).
PDF statistics:
 624 PDF objects out of 1000 (max. 8388607)
 484 compressed objects within 5 object streams
 243 named destinations out of 1000 (max. 500000)
 191 words of extra memory for PDF output out of 10000 (max. 10000000)

